time,ego_speed,lead_speed,gap,desired_gap,command,acceleration,mode,lead_present,reference_speed,ttc
0,27.77777778,16.66666667,100,46.66666667,-0.3555555556,0,1,1,27.33333333,9
0.02,27.77720889,16.66666667,99.77778347,46.66581333,-0.4074774962,-0.02844444444,1,1,27.28906069,8.980460312
0.04,27.77603355,16.66666667,99.55558438,46.66405032,-0.4571381167,-0.05876708859,1,1,27.24497348,8.961409363
0.06,27.77422081,16.66666667,99.33341517,46.66133122,-0.5046433356,-0.09063677084,1,1,27.20108346,8.942870219
0.08,27.77174567,16.66666667,99.11128883,46.6576185,-0.5500948921,-0.123757296,1,1,27.15740073,8.924861214
0.1,27.76858838,16.66666667,98.88921883,46.65288257,-0.5935903498,-0.1578643037,1,1,27.11393392,8.90739652
0.12,27.76473393,16.66666667,98.66721894,46.6471009,-0.6352231251,-0.1927223874,1,1,27.07069027,8.890486657
0.14,27.76017148,16.66666667,98.44530322,46.64025722,-0.6750825381,-0.2281224464,1,1,27.02767587,8.874138953
0.16,27.7548939,16.66666667,98.2234859,46.63234085,-0.7132538804,-0.2638792537,1,1,26.98489568,8.858357955
0.18,27.74889731,16.66666667,98.00178132,46.62334597,-0.7498184981,-0.2998292239,1,1,26.94235374,8.843145793
0.2,27.74218075,16.66666667,97.78020387,46.61327112,-0.7848538875,-0.3358283658,1,1,26.90005322,8.828502512
0.22,27.73474574,16.66666667,97.55876794,46.60211861,-0.8184338004,-0.3717504075,1,1,26.85799653,8.814426362
0.24,27.72659604,16.66666667,97.33748785,46.58989405,-0.8506283567,-0.407485079,1,1,26.81618543,8.800914056
0.26,27.71773731,16.66666667,97.11637785,46.57660596,-0.8815041644,-0.4429365412,1,1,26.77462105,8.787961006
0.28,27.70817687,16.66666667,96.89545205,46.5622653,-0.9111244422,-0.478021951,1,1,26.73330402,8.775561521
0.3,27.69792346,16.66666667,96.67472438,46.5468852,-0.9395491466,-0.5126701503,1,1,26.6922345,8.763708991
0.32,27.68698705,16.66666667,96.4542086,46.53048058,-0.9668351,-0.54682047,1,1,26.65141227,8.752396048
0.34,27.67537862,16.66666667,96.23391828,46.51306793,-0.9930361193,-0.5804216404,1,1,26.61083674,8.741614703
0.36,27.66311001,16.66666667,96.01386673,46.49466501,-1.018203145,-0.6134307987,1,1,26.57050701,8.731356473
0.38,27.65019375,16.66666667,95.79406702,46.47529063,-1.04238437,-0.6458125865,1,1,26.53042195,8.72161249
0.4,27.63664299,16.66666667,95.57453199,46.45496448,-1.065625362,-0.6775383291,1,1,26.49058017,8.712373591
0.42,27.62247128,16.66666667,95.35527418,46.43370692,-1.087969194,-0.7085852918,1,1,26.45098012,8.703630407
0.44,27.60769256,16.66666667,95.13630587,46.41153884,-1.109456557,-0.7389360039,1,1,26.41162007,8.695373431
0.46,27.59232101,16.66666667,94.91763907,46.38848151,-1.130125888,-0.7685776482,1,1,26.37249818,8.687593082
0.48,27.57637098,16.66666667,94.69928549,46.36455647,-1.150013476,-0.7975015074,1,1,26.33361247,8.680279757
0.5,27.55985693,16.66666667,94.48125654,46.33978539,-1.169153579,-0.8257024648,1,1,26.2949609,8.673423879
0.52,27.54279336,16.66666667,94.26356337,46.31419004,-1.187578532,-0.853178554,1,1,26.25654133,8.667015938
0.54,27.52519475,16.66666667,94.04621682,46.28779212,-1.205318845,-0.8799305522,1,1,26.21835161,8.661046518
0.56,27.50707551,16.66666667,93.82922745,46.26061327,-1.222403311,-0.9059616157,1,1,26.1803895,8.655506335
0.58,27.48844998,16.66666667,93.61260553,46.23267496,-1.238859095,-0.9312769513,1,1,26.14265278,8.65038625
0.6,27.4693323,16.66666667,93.39636104,46.20399846,-1.254711829,-0.9558835228,1,1,26.10513918,8.645677296
0.62,27.44973651,16.66666667,93.18050369,46.17460476,-1.2699857,-0.9797897873,1,1,26.06784645,8.64137069
0.64,27.4296764,16.66666667,92.96504289,46.1445146,-1.284703532,-1.00300546,1,1,26.03077233,8.637457848
0.66,27.40916557,16.66666667,92.74998781,46.11374836,-1.298886867,-1.025541306,1,1,25.99391456,8.633930392
0.68,27.38821739,16.66666667,92.53534731,46.08232609,-1.312556043,-1.047408951,1,1,25.95727091,8.63078016
0.7,27.36684498,16.66666667,92.32113002,46.05026747,-1.325730263,-1.068620718,1,1,25.92083918,8.627999208
0.72,27.34506119,16.66666667,92.10734429,46.01759179,-1.338427663,-1.089189482,1,1,25.88461717,8.625579817
0.74,27.32287862,16.66666667,91.89399823,45.98431793,-1.350665382,-1.109128536,1,1,25.84860273,8.623514493
0.76,27.30030959,16.66666667,91.68109968,45.95046439,-1.362459618,-1.128451484,1,1,25.81279372,8.621795967
0.78,27.27736615,16.66666667,91.46865625,45.91604922,-1.373825689,-1.147172135,1,1,25.77718807,8.620417195
0.8,27.25406006,16.66666667,91.25667532,45.88109009,-1.384778088,-1.165304419,1,1,25.74178371,8.619371354
0.82,27.23040281,16.66666667,91.04516403,45.84560422,-1.395330533,-1.182862313,1,1,25.70657863,8.618651845
0.84,27.20640562,16.66666667,90.83412928,45.80960843,-1.405496018,-1.19985977,1,1,25.67157084,8.618252283
0.86,27.1820794,16.66666667,90.62357776,45.77311911,-1.415286859,-1.21631067,1,1,25.6367584,8.618166497
0.88,27.15743483,16.66666667,90.41351595,45.73615224,-1.424714736,-1.232228765,1,1,25.60213941,8.618388525
0.9,27.13248228,16.66666667,90.20395011,45.69872341,-1.433790731,-1.247627643,1,1,25.56771201,8.618912609
0.92,27.10723186,16.66666667,89.99488631,45.66084779,-1.442525375,-1.26252069,1,1,25.53347437,8.619733187
0.94,27.08169344,16.66666667,89.78633039,45.62254016,-1.450928674,-1.276921065,1,1,25.49942471,8.620844894
0.96,27.05587661,16.66666667,89.57828802,45.58381491,-1.459010148,-1.290841673,1,1,25.46556129,8.622242551
0.98,27.0297907,16.66666667,89.37076468,45.54468606,-1.466778863,-1.304295151,1,1,25.43188239,8.623921161
1,27.00344483,16.66666667,89.16376566,45.50516724,-1.474243458,-1.317293848,1,1,25.39838635,8.625875904
1.02,26.97684783,16.66666667,88.95729606,45.46527175,-1.481412172,-1.329849817,1,1,25.36507153,8.62810213
1.04,26.95000834,16.66666667,88.75136084,45.4250125,-1.488292873,-1.341974806,1,1,25.33193633,8.630595355
1.06,26.92293473,16.66666667,88.54596474,45.3844021,-1.494893082,-1.353680251,1,1,25.2989792,8.633351253
1.08,26.89563518,16.66666667,88.34111237,45.34345278,-1.501219993,-1.364977277,1,1,25.26619859,8.636365653
1.1,26.86811765,16.66666667,88.13680818,45.30217648,-1.507280493,-1.375876695,1,1,25.23359301,8.63963453
1.12,26.84038987,16.66666667,87.93305644,45.26058481,-1.513081187,-1.386388999,1,1,25.20116099,8.643154003
1.14,26.81245938,16.66666667,87.72986128,45.21868907,-1.518628412,-1.396524374,1,1,25.16890111,8.646920327
1.16,26.78433353,16.66666667,87.52722668,45.17650029,-1.523928255,-1.406292697,1,1,25.13681194,8.65092989
1.18,26.75601946,16.66666667,87.32515648,45.13402919,-1.52898657,-1.415703541,1,1,25.10489213,8.655179206
1.2,26.72752413,16.66666667,87.12365438,45.0912862,-1.53380899,-1.424766184,1,1,25.0731403,8.65966491
1.22,26.69885434,16.66666667,86.92272393,45.04828151,-1.538400944,-1.433489608,1,1,25.04155515,8.664383755
1.24,26.67001669,16.66666667,86.72236855,45.00502504,-1.542767668,-1.441882515,1,1,25.01013537,8.669332607
1.26,26.64101763,16.66666667,86.52259154,44.96152644,-1.546914217,-1.449953327,1,1,24.97887969,8.674508437
1.28,26.61186342,16.66666667,86.32339607,44.91779513,-1.550845478,-1.457710198,1,1,24.94778685,8.679908321
1.3,26.5825602,16.66666667,86.12478516,44.8738403,-1.554566176,-1.465161021,1,1,24.91685564,8.685529434
1.32,26.55311393,16.66666667,85.92676176,44.8296709,-1.558080887,-1.472313433,1,1,24.88608484,8.691369047
1.34,26.52353044,16.66666667,85.72932864,44.78529565,-1.561394048,-1.479174829,1,1,24.85547326,8.697424521
1.36,26.49381539,16.66666667,85.53248852,44.74072308,-1.564509959,-1.485752367,1,1,24.82501975,8.703693303
1.38,26.46397433,16.66666667,85.33624396,44.69596149,-1.5674328,-1.492052974,1,1,24.79472316,8.710172927
1.4,26.43401266,16.66666667,85.14059742,44.65101899,-1.570166627,-1.49808336,1,1,24.76458235,8.716861004
1.42,26.40393566,16.66666667,84.94555127,44.60590349,-1.57271539,-1.503850022,1,1,24.73459622,8.723755225
1.44,26.37374848,16.66666667,84.75110776,44.56062271,-1.575082929,-1.509359251,1,1,24.70476368,8.730853352
1.46,26.34345613,16.66666667,84.55726905,44.5151842,-1.577272985,-1.514617145,1,1,24.67508364,8.738153221
1.48,26.31306354,16.66666667,84.36403719,44.46959531,-1.579289207,-1.519629613,1,1,24.64555504,8.745652732
1.5,26.28257549,16.66666667,84.17141413,44.42386324,-1.581135151,-1.52440238,1,1,24.61617684,8.753349854
1.52,26.25199667,16.66666667,83.97940174,44.37799501,-1.582814289,-1.528941002,1,1,24.58694801,8.761242615
1.54,26.22133166,16.66666667,83.78800179,44.33199748,-1.584330011,-1.533250865,1,1,24.55786753,8.769329106
1.56,26.19058491,16.66666667,83.59721596,44.28587737,-1.58568563,-1.537337197,1,1,24.52893438,8.777607472
1.58,26.15976081,16.66666667,83.40704583,44.23964122,-1.586884384,-1.541205071,1,1,24.50014759,8.786075916
1.6,26.12886362,16.66666667,83.21749292,44.19329543,-1.587929442,-1.544859416,1,1,24.47150616,8.794732694
1.62,26.09789752,16.66666667,83.02855864,44.14684628,-1.588823906,-1.548305018,1,1,24.44300914,8.803576109
1.64,26.06686659,16.66666667,82.84024434,44.10029989,-1.58957081,-1.551546529,1,1,24.41465556,8.812604519
1.66,26.03577482,16.66666667,82.65255126,44.05366223,-1.59017313,-1.554588472,1,1,24.38644447,8.821816323
1.68,26.00462612,16.66666667,82.46548058,44.00693918,-1.59063378,-1.557435244,1,1,24.35837495,8.831209968
1.7,25.97342429,16.66666667,82.27903341,43.96013644,-1.590955616,-1.560091127,1,1,24.33044606,8.840783944
1.72,25.94217309,16.66666667,82.09321077,43.91325963,-1.591141442,-1.562560286,1,1,24.30265689,8.850536782
1.74,25.91087615,16.66666667,81.90801361,43.86631423,-1.591194005,-1.564846779,1,1,24.27500654,8.860467055
1.76,25.87953706,16.66666667,81.72344281,43.81930559,-1.591116003,-1.566954557,1,1,24.24749411,8.870573372
1.78,25.84815931,16.66666667,81.53949918,43.77223897,-1.590910085,-1.568887473,1,1,24.22011871,8.88085438
1.8,25.81674633,16.66666667,81.35618346,43.72511949,-1.590578849,-1.570649282,1,1,24.19287946,8.891308762
1.82,25.78530145,16.66666667,81.17349631,43.67795218,-1.590124849,-1.572243647,1,1,24.16577549,8.901935235
1.84,25.75382797,16.66666667,80.99143835,43.63074196,-1.589550592,-1.573674143,1,1,24.13880595,8.91273255
1.86,25.72232909,16.66666667,80.81001011,43.58349363,-1.588858542,-1.574944259,1,1,24.11196996,8.92369949
1.88,25.69080794,16.66666667,80.62921208,43.53621191,-1.58805112,-1.576057402,1,1,24.0852667,8.934834867
1.9,25.6592676,16.66666667,80.44904466,43.4889014,-1.587130707,-1.577016899,1,1,24.05869532,8.946137524
1.92,25.62771108,16.66666667,80.2695082,43.44156662,-1.586099641,-1.577826004,1,1,24.03225498,8.957606334
1.94,25.59614132,16.66666667,80.09060301,43.39421198,-1.584960221,-1.578487895,1,1,24.00594487,8.969240196
1.96,25.56456121,16.66666667,79.91232932,43.34684181,-1.58371471,-1.579005681,1,1,23.97976417,8.981038036
1.98,25.53297356,16.66666667,79.7346873,43.29946034,-1.582365329,-1.579382403,1,1,23.95371206,8.992998805
2,25.50138114,16.66666667,79.55767709,43.25207171,-1.580914267,-1.579621037,1,1,23.92778774,9.005121482
2.02,25.46978665,16.66666667,79.38129875,43.20467998,-1.579363673,-1.579724496,1,1,23.90199042,9.017405067
2.04,25.43819274,16.66666667,79.20555229,43.15728911,-1.577715662,-1.57969563,1,1,23.8763193,9.029848586
2.06,25.40660199,16.66666667,79.03043767,43.10990299,-1.575972317,-1.579537232,1,1,23.8507736,9.042451085
2.08,25.37501695,16.66666667,78.85595482,43.06252543,-1.574135683,-1.579252039,1,1,23.82535254,9.055211634
2.1,25.3434401,16.66666667,78.68210358,43.01516015,-1.572207774,-1.578842731,1,1,23.80005535,9.068129323
2.12,25.31187386,16.66666667,78.50888377,42.96781079,-1.570190573,-1.578311934,1,1,23.77488126,9.081203264
2.14,25.28032061,16.66666667,78.33629516,42.92048092,-1.568086027,-1.577662225,1,1,23.74982951,9.094432588
2.16,25.24878269,16.66666667,78.16433746,42.87317404,-1.565896056,-1.576896129,1,1,23.72489935,9.107816445
2.18,25.21726237,16.66666667,77.99301034,42.82589355,-1.563622545,-1.576016123,1,1,23.70009002,9.121354004
2.2,25.18576188,16.66666667,77.82231344,42.77864281,-1.561267353,-1.575024637,1,1,23.67540079,9.135044452
2.22,25.1542834,16.66666667,77.65224632,42.73142509,-1.558832306,-1.573924054,1,1,23.65083091,9.148886996
2.24,25.12282906,16.66666667,77.48280852,42.68424359,-1.556319201,-1.572716715,1,1,23.62637965,9.162880857
2.26,25.09140096,16.66666667,77.31399956,42.63710144,-1.553729807,-1.571404913,1,1,23.60204629,9.177025273
2.28,25.06000114,16.66666667,77.14581887,42.59000172,-1.551065866,-1.569990905,1,1,23.5778301,9.191319501
2.3,25.02863161,16.66666667,76.97826588,42.54294741,-1.548329089,-1.568476902,1,1,23.55373036,9.205762811
2.32,24.99729431,16.66666667,76.81133995,42.49594146,-1.545521161,-1.566865077,1,1,23.52974637,9.22035449
2.34,24.96599115,16.66666667,76.64504043,42.44898673,-1.542643741,-1.565157564,1,1,23.50587741,9.235093838
2.36,24.93472402,16.66666667,76.47936661,42.40208604,-1.53969846,-1.563356458,1,1,23.48212278,9.24998017
2.38,24.90349475,16.66666667,76.31431776,42.35524212,-1.536686923,-1.561463818,1,1,23.45848179,9.265012818
2.4,24.87230512,16.66666667,76.14989309,42.30845767,-1.533610708,-1.559481666,1,1,23.43495375,9.280191123
2.42,24.84115688,16.66666667,75.9860918,42.26173531,-1.530471371,-1.55741199,1,1,23.41153796,9.295514444
2.44,24.81005174,16.66666667,75.82291305,42.21507761,-1.52727044,-1.55525674,1,1,23.38823375,9.310982149
2.46,24.77899138,16.66666667,75.66035595,42.16848708,-1.524009417,-1.553017836,1,1,23.36504044,9.32659362
2.48,24.74797744,16.66666667,75.4984196,42.12196616,-1.520689784,-1.550697163,1,1,23.34195735,9.342348254
2.5,24.71701151,16.66666667,75.33710304,42.07551726,-1.517312995,-1.548296572,1,1,23.31898382,9.358245456
2.52,24.68609515,16.66666667,75.17640531,42.02914273,-1.513880482,-1.545817886,1,1,23.29611918,9.374284645
2.54,24.65522989,16.66666667,75.01632539,41.98284484,-1.510393654,-1.543262894,1,1,23.27336278,9.390465252
2.56,24.62441723,16.66666667,74.85686225,41.93662584,-1.506853896,-1.540633355,1,1,23.25071395,9.406786716
2.58,24.59365861,16.66666667,74.69801483,41.89048791,-1.503262571,-1.537930998,1,1,23.22817205,9.42324849
2.6,24.56295546,16.66666667,74.53978202,41.84443318,-1.499621019,-1.535157524,1,1,23.20573643,9.439850037
2.62,24.53230916,16.66666667,74.38216271,41.79846375,-1.495930559,-1.532314603,1,1,23.18340646,9.45659083
2.64,24.50172109,16.66666667,74.22515574,41.75258163,-1.492192487,-1.52940388,1,1,23.16118149,9.473470351
2.66,24.47119255,16.66666667,74.06875994,41.70678882,-1.488408078,-1.526426968,1,1,23.13906089,9.490488093
2.68,24.44072484,16.66666667,73.9129741,41.66108726,-1.484578587,-1.523385457,1,1,23.11704403,9.507643559
2.7,24.41031922,16.66666667,73.75779699,41.61547883,-1.480705247,-1.520280908,1,1,23.0951303,9.52493626
2.72,24.37997692,16.66666667,73.60322736,41.56996538,-1.47678927,-1.517114855,1,1,23.07331906,9.542365718
2.74,24.34969915,16.66666667,73.44926393,41.52454872,-1.472831849,-1.513888808,1,1,23.05160971,9.559931463
2.76,24.31948706,16.66666667,73.2959054,41.47923059,-1.468834157,-1.510604251,1,1,23.03000163,9.577633033
2.78,24.28934181,16.66666667,73.14315045,41.43401271,-1.464797346,-1.507262644,1,1,23.00849421,9.595469975
2.8,24.2592645,16.66666667,72.99099772,41.38889675,-1.46072255,-1.50386542,1,1,22.98708686,9.613441844
2.82,24.22925622,16.66666667,72.83944585,41.34388433,-1.456610884,-1.50041399,1,1,22.96577897,9.631548206
2.84,24.19931803,16.66666667,72.68849344,41.29897704,-1.452463443,-1.496909742,1,1,22.94456995,9.64978863
2.86,24.16945094,16.66666667,72.53813908,41.25417642,-1.448281303,-1.493354038,1,1,22.9234592,9.668162697
2.88,24.13965598,16.66666667,72.38838134,41.20948397,-1.444065525,-1.489748219,1,1,22.90244614,9.686669993
2.9,24.10993411,16.66666667,72.23921878,41.16490116,-1.439817148,-1.486093603,1,1,22.88153019,9.705310113
2.92,24.08028628,16.66666667,72.09064991,41.12042942,-1.435537195,-1.482391487,1,1,22.86071076,9.724082659
2.94,24.05071342,16.66666667,71.94267324,41.07607012,-1.431226673,-1.478643144,1,1,22.83998729,9.742987238
2.96,24.02121642,16.66666667,71.79528728,41.03182463,-1.426886568,-1.474849826,1,1,22.8193592,9.762023468
2.98,23.99179616,16.66666667,71.64849049,40.98769425,-1.422517852,-1.471012765,1,1,22.79882591,9.781190969
3,23.9624535,16.66666667,71.50228132,40.94368025,-1.418121479,-1.467133172,1,1,22.77838688,9.800489372
3.02,23.93318926,16.66666667,71.35665823,40.89978388,-1.413698387,-1.463212237,1,1,22.75804154,9.819918311
3.04,23.90400423,16.66666667,71.21161963,40.85600635,-1.409249499,-1.459251129,1,1,22.73778932,9.839477428
3.06,23.87489921,16.66666667,71.06716392,40.81234882,-1.404775718,-1.455250998,1,1,22.71762969,9.859166372
3.08,23.84587495,16.66666667,70.92328952,40.76881243,-1.400277934,-1.451212976,1,1,22.69756208,9.878984796
3.1,23.81693219,16.66666667,70.77999478,40.72539829,-1.395757023,-1.447138173,1,1,22.67758597,9.898932361
3.12,23.78807164,16.66666667,70.63727807,40.68210745,-1.391213842,-1.443027681,1,1,22.65770079,9.919008731
3.14,23.75929399,16.66666667,70.49513775,40.63894098,-1.386649234,-1.438882574,1,1,22.63790602,9.939213579
3.16,23.73059991,16.66666667,70.35357215,40.59589986,-1.382064029,-1.434703906,1,1,22.61820112,9.95954658
3.18,23.70199005,16.66666667,70.21257958,40.55298508,-1.377459041,-1.430492716,1,1,22.59858557,9.980007418
3.2,23.67346505,16.66666667,70.07215836,40.51019758,-1.372835068,-1.426250022,1,1,22.57905882,10.00059578
3.22,23.64502552,16.66666667,69.93230679,40.46753827,-1.368192897,-1.421976826,1,1,22.55962037,10.02131136
3.24,23.61667203,16.66666667,69.79302315,40.42500805,-1.363533298,-1.417674112,1,1,22.54026969,10.04215385
3.26,23.58840518,16.66666667,69.65430571,40.38260776,-1.358857028,-1.413342846,1,1,22.52100626,10.06312296
3.28,23.5602255,16.66666667,69.51615273,40.34033825,-1.354164831,-1.408983981,1,1,22.50182956,10.08421839
3.3,23.53213353,16.66666667,69.37856248,40.29820029,-1.349457437,-1.404598449,1,1,22.4827391,10.10543986
3.32,23.50412978,16.66666667,69.24153318,40.25619468,-1.344735563,-1.400187168,1,1,22.46373437,10.12678708
3.34,23.47621476,16.66666667,69.10506307,40.21432215,-1.339999914,-1.39575104,1,1,22.44481485,10.14825978
3.36,23.44838894,16.66666667,68.96915036,40.17258342,-1.335251179,-1.39129095,1,1,22.42598006,10.16985768
3.38,23.42065279,16.66666667,68.83379328,40.13097918,-1.330490038,-1.386807768,1,1,22.40722949,10.1915805
3.4,23.39300674,16.66666667,68.69899002,40.08951011,-1.325717157,-1.38230235,1,1,22.38856265,10.21342799
3.42,23.36545123,16.66666667,68.56473877,40.04817685,-1.320933188,-1.377775534,1,1,22.36997905,10.23539989
3.44,23.33798667,16.66666667,68.43103772,40.00698,-1.316138774,-1.373228146,1,1,22.35147821,10.25749592
3.46,23.31061345,16.66666667,68.29788506,39.96592017,-1.311334545,-1.368660997,1,1,22.33305964,10.27971585
3.48,23.28333195,16.66666667,68.16527894,39.92499793,-1.306521117,-1.364074881,1,1,22.31472287,10.30205942
3.5,23.25614254,16.66666667,68.03321752,39.88421381,-1.301699098,-1.359470579,1,1,22.29646741,10.32452639
3.52,23.22904556,16.66666667,67.90169898,39.84356834,-1.296869083,-1.354848861,1,1,22.27829279,10.3471165
3.54,23.20204135,16.66666667,67.77072144,39.80306203,-1.292031655,-1.350210479,1,1,22.26019855,10.36982953
3.56,23.17513023,16.66666667,67.64028306,39.76269534,-1.287187387,-1.345556173,1,1,22.24218421,10.39266524
3.58,23.1483125,16.66666667,67.51038196,39.72246874,-1.28233684,-1.34088667,1,1,22.22424931,10.4156234
3.6,23.12158844,16.66666667,67.38101629,39.68238266,-1.277480567,-1.336202684,1,1,22.20639339,10.43870377
3.62,23.09495834,16.66666667,67.25218415,39.64243752,-1.272619107,-1.331504914,1,1,22.18861599,10.46190614
3.64,23.06842246,16.66666667,67.12388368,39.60263369,-1.267752992,-1.32679405,1,1,22.17091666,10.48523027
3.66,23.04198105,16.66666667,66.99611298,39.56297157,-1.26288274,-1.322070765,1,1,22.15329495,10.50867596
3.68,23.01563433,16.66666667,66.86887016,39.5234515,-1.258008862,-1.317335723,1,1,22.1357504,10.53224298
3.7,22.98938254,16.66666667,66.74215332,39.48407381,-1.253131857,-1.312589574,1,1,22.11828257,10.55593113
3.72,22.96322588,16.66666667,66.61596057,39.44483882,-1.248252217,-1.307832957,1,1,22.10089102,10.57974019
3.74,22.93716455,16.66666667,66.49029,39.40574683,-1.243370422,-1.303066498,1,1,22.0835753,10.60366995
3.76,22.91119874,16.66666667,66.3651397,39.3667981,-1.238486943,-1.298290812,1,1,22.06633499,10.62772021
3.78,22.88532861,16.66666667,66.24050776,39.32799291,-1.233602241,-1.293506502,1,1,22.04916964,10.65189078
3.8,22.85955432,16.66666667,66.11639226,39.28933148,-1.228716771,-1.288714161,1,1,22.03207882,10.67618144
3.82,22.83387604,16.66666667,65.99279129,39.25081405,-1.223830974,-1.28391437,1,1,22.01506211,10.70059201
3.84,22.80829388,16.66666667,65.86970293,39.21244082,-1.218945287,-1.279107698,1,1,21.99811909,10.72512229
3.86,22.78280799,16.66666667,65.74712524,39.17421198,-1.214060135,-1.274294705,1,1,21.98124932,10.74977209
3.88,22.75741847,16.66666667,65.62505631,39.1361277,-1.209175936,-1.26947594,1,1,21.96445239,10.77454121
3.9,22.73212543,16.66666667,65.5034942,39.09818815,-1.204293099,-1.26465194,1,1,21.94772788,10.79942948
3.92,22.70692897,16.66666667,65.38243699,39.06039345,-1.199412024,-1.259823232,1,1,21.93107538,10.82443671
3.94,22.68182916,16.66666667,65.26188275,39.02274374,-1.194533104,-1.254990336,1,1,21.91449447,10.84956272
3.96,22.65682608,16.66666667,65.14182953,38.98523913,-1.189656723,-1.250153757,1,1,21.89798475,10.87480733
3.98,22.6319198,16.66666667,65.0222754,38.94787971,-1.184783257,-1.245313994,1,1,21.88154581,10.90017035
4,22.60711037,16.66666667,64.90321843,38.91066556,-1.179913075,-1.240471535,1,1,21.86517724,10.92565162
4.02,22.58239784,16.66666667,64.78465668,38.87359675,-1.175046538,-1.235626859,1,1,21.84887865,10.95125097
4.04,22.55778223,16.66666667,64.66658822,38.83667334,-1.170184,-1.230780433,1,1,21.83264964,10.97696821
4.06,22.53326357,16.66666667,64.54901109,38.79989536,-1.165325805,-1.225932718,1,1,21.81648981,11.00280318
4.08,22.50884189,16.66666667,64.43192337,38.76326283,-1.160472292,-1.221084165,1,1,21.80039877,11.02875571
4.1,22.48451719,16.66666667,64.31532311,38.72677578,-1.155623793,-1.216235215,1,1,21.78437613,11.05482565
4.12,22.46028946,16.66666667,64.19920838,38.69043419,-1.150780632,-1.211386302,1,1,21.76842151,11.08101281
4.14,22.4361587,16.66666667,64.08357723,38.65423805,-1.145943125,-1.206537848,1,1,21.7525345,11.10731705
4.16,22.4121249,16.66666667,63.96842773,38.61818735,-1.141111583,-1.20169027,1,1,21.73671474,11.13373819
4.18,22.38818802,16.66666667,63.85375793,38.58228203,-1.136286309,-1.196843975,1,1,21.72096185,11.16027609
4.2,22.36434803,16.66666667,63.73956591,38.54652205,-1.1314676,-1.191999362,1,1,21.70527544,11.18693058
4.22,22.34060489,16.66666667,63.62584971,38.51090734,-1.126655746,-1.187156821,1,1,21.68965514,11.21370152
4.24,22.31695856,16.66666667,63.51260741,38.47543784,-1.12185103,-1.182316735,1,1,21.67410058,11.24058874
4.26,22.29340897,16.66666667,63.39983707,38.44011345,-1.117053731,-1.177479479,1,1,21.65861139,11.26759209
4.28,22.26995606,16.66666667,63.28753675,38.40493409,-1.112264118,-1.172645419,1,1,21.6431872,11.29471143
4.3,22.24659976,16.66666667,63.17570453,38.36989964,-1.107482457,-1.167814915,1,1,21.62782764,11.3219466
4.32,22.22334,16.66666667,63.06433846,38.33500999,-1.102709007,-1.162988318,1,1,21.61253236,11.34929745
4.34,22.20017668,16.66666667,62.95343663,38.30026502,-1.097944021,-1.158165973,1,1,21.59730099,11.37676385
4.36,22.17710971,16.66666667,62.8429971,38.26566457,-1.093187745,-1.153348217,1,1,21.58213317,11.40434564
4.38,22.154139,16.66666667,62.73301794,38.23120851,-1.088440421,-1.148535379,1,1,21.56702855,11.43204267
4.4,22.13126445,16.66666667,62.62349724,38.19689667,-1.083702285,-1.143727783,1,1,21.55198678,11.45985482
4.42,22.10848593,16.66666667,62.51443307,38.1627289,-1.078973565,-1.138925743,1,1,21.5370075,11.48778193
4.44,22.08580334,16.66666667,62.40582351,38.12870501,-1.074254488,-1.134129569,1,1,21.52209037,11.51582387
4.46,22.06321655,16.66666667,62.29766665,38.09482483,-1.069545271,-1.129339562,1,1,21.50723503,11.5439805
4.48,22.04072543,16.66666667,62.18996056,38.06108815,-1.064846129,-1.124556019,1,1,21.49244115,11.57225168
4.5,22.01832985,16.66666667,62.08270334,38.02749477,-1.060157271,-1.119779228,1,1,21.47770838,11.60063727
4.52,21.99602966,16.66666667,61.97589308,37.99404449,-1.055478899,-1.115009471,1,1,21.46303639,11.62913714
4.54,21.97382472,16.66666667,61.86952787,37.96073708,-1.050811212,-1.110247025,1,1,21.44842483,11.65775115
4.56,21.95171487,16.66666667,61.76360581,37.92757231,-1.046154403,-1.10549216,1,1,21.43387337,11.68647917
4.58,21.92969997,16.66666667,61.65812499,37.89454996,-1.041508661,-1.10074514,1,1,21.41938167,11.71532108
4.6,21.90777985,16.66666667,61.55308353,37.86166977,-1.03687417,-1.096006221,1,1,21.40494942,11.74427672
4.62,21.88595433,16.66666667,61.44847952,37.8289315,-1.032251108,-1.091275657,1,1,21.39057627,11.77334599
4.64,21.86422326,16.66666667,61.34431108,37.79633489,-1.02763965,-1.086553693,1,1,21.3762619,11.80252874
4.66,21.84258645,16.66666667,61.24057631,37.76387967,-1.023039965,-1.08184057,1,1,21.36200599,11.83182485
4.68,21.82104372,16.66666667,61.13727334,37.73156558,-1.018452219,-1.077136522,1,1,21.34780822,11.8612342
4.7,21.79959488,16.66666667,61.03440029,37.69939232,-1.013876573,-1.072441777,1,1,21.33366826,11.89075665
4.72,21.77823975,16.66666667,60.93195528,37.66735963,-1.009313182,-1.067756561,1,1,21.3195858,11.92039207
4.74,21.75697813,16.66666667,60.82993643,37.63546719,-1.0047622,-1.063081091,1,1,21.30556051,11.95014036
4.76,21.73580982,16.66666667,60.72834189,37.60371473,-1.000223773,-1.058415579,1,1,21.2915921,11.98000137
4.78,21.71473461,16.66666667,60.62716978,37.57210192,-0.9956980467,-1.053760235,1,1,21.27768024,12.00997499
4.8,21.69375231,16.66666667,60.52641824,37.54062846,-0.99118516,-1.04911526,1,1,21.26382462,12.04006109
4.82,21.67286269,16.66666667,60.42608542,37.50929404,-0.9866852488,-1.044480852,1,1,21.25002494,12.07025956
4.84,21.65206555,16.66666667,60.32616947,37.47809832,-0.982198445,-1.039857204,1,1,21.2362809,12.10057027
4.86,21.63136066,16.66666667,60.22666854,37.44704098,-0.9777248766,-1.035244503,1,1,21.22259218,12.1309931
4.88,21.6107478,16.66666667,60.12758079,37.4161217,-0.9732646678,-1.030642933,1,1,21.20895849,12.16152794
4.9,21.59022674,16.66666667,60.02890438,37.38534012,-0.9688179391,-1.026052672,1,1,21.19537952,12.19217465
4.92,21.56979727,16.66666667,59.93063747,37.3546959,-0.9643848074,-1.021473893,1,1,21.18185498,12.22293314
4.94,21.54945913,16.66666667,59.83277824,37.3241887,-0.9599653858,-1.016906766,1,1,21.16838458,12.25380327
4.96,21.5292121,16.66666667,59.73532487,37.29381815,-0.955559784,-1.012351456,1,1,21.15496801,12.28478493
4.98,21.50905594,16.66666667,59.63827552,37.26358391,-0.9511681083,-1.007808122,1,1,21.14160499,12.315878
5,21.4889904,16.66666667,59.54162839,37.2334856,-0.9467904614,-1.003276921,1,1,21.12829522,12.34708237
5.02,21.46901524,16.66666667,59.44538166,37.20352286,-0.9424269429,-0.9987580041,1,1,21.11503843,12.37839793
5.04,21.44913021,16.66666667,59.34953354,37.17369532,-0.9380776487,-0.9942515192,1,1,21.10183431,12.40982456
5.06,21.42933506,16.66666667,59.25408222,37.14400259,-0.9337426719,-0.9897576096,1,1,21.08868259,12.44136214
5.08,21.40962953,16.66666667,59.15902591,37.1144443,-0.9294221021,-0.9852764146,1,1,21.07558299,12.47301057
5.1,21.39001337,16.66666667,59.06436282,37.08502005,-0.925116026,-0.9808080696,1,1,21.06253522,12.50476972
5.12,21.37048631,16.66666667,58.97009115,37.05572947,-0.920824527,-0.9763527061,1,1,21.049539,12.53663949
5.14,21.35104811,16.66666667,58.87620914,37.02657216,-0.9165476856,-0.9719104518,1,1,21.03659406,12.56861977
5.16,21.33169848,16.66666667,58.78271501,36.99754772,-0.9122855793,-0.9674814305,1,1,21.02370013,12.60071043
5.18,21.31243716,16.66666667,58.68960699,36.96865574,-0.9080382828,-0.9630657624,1,1,21.01085692,12.63291139
5.2,21.29326389,16.66666667,58.59688331,36.93989584,-0.9038058678,-0.958663564,1,1,20.99806416,12.66522251
5.22,21.27417839,16.66666667,58.50454222,36.91126759,-0.8995884033,-0.9542749483,1,1,20.98532159,12.6976437
5.24,21.25518039,16.66666667,58.41258197,36.88277059,-0.8953859554,-0.9499000247,1,1,20.97262894,12.73017484
5.26,21.23626961,16.66666667,58.3210008,36.85440442,-0.8911985875,-0.9455388992,1,1,20.95998594,12.76281582
5.28,21.21744578,16.66666667,58.22979698,36.82616867,-0.8870263606,-0.9411916742,1,1,20.94739233,12.79556655
5.3,21.19870861,16.66666667,58.13896877,36.79806292,-0.8828693328,-0.9368584491,1,1,20.93484784,12.8284269
5.32,21.18005782,16.66666667,58.04851444,36.77008674,-0.8787275597,-0.9325393198,1,1,20.92235221,12.86139677
5.34,21.16149314,16.66666667,57.95843226,36.74223971,-0.8746010945,-0.928234379,1,1,20.90990518,12.89447605
5.36,21.14301426,16.66666667,57.86872052,36.71452139,-0.8704899876,-0.9239437163,1,1,20.89750649,12.92766464
5.38,21.12462091,16.66666667,57.7793775,36.68693137,-0.8663942875,-0.919667418,1,1,20.88515589,12.96096243
5.4,21.1063128,16.66666667,57.6904015,36.6594692,-0.8623140398,-0.9154055675,1,1,20.87285313,12.99436931
5.42,21.08808964,16.66666667,57.60179081,36.63213446,-0.8582492881,-0.9111582453,1,1,20.86059794,13.02788518
5.44,21.06995113,16.66666667,57.51354373,36.60492669,-0.8542000736,-0.9069255287,1,1,20.84839007,13.06150994
5.46,21.05189698,16.66666667,57.42565858,36.57784547,-0.8501664351,-0.9027074923,1,1,20.83622929,13.09524347
5.48,21.03392689,16.66666667,57.33813368,36.55089034,-0.8461484094,-0.8985042078,1,1,20.82411533,13.12908568
5.5,21.01604058,16.66666667,57.25096734,36.52406087,-0.8421460311,-0.8943157439,1,1,20.81204796,13.16303645
5.52,20.99823773,16.66666667,57.16415789,36.4973566,-0.8381593325,-0.8901421669,1,1,20.80002692,13.19709569
5.54,20.98051806,16.66666667,57.07770366,36.4707771,-0.8341883439,-0.8859835401,1,1,20.78805198,13.2312633
5.56,20.96288127,16.66666667,56.991603,36.4443219,-0.8302330937,-0.8818399244,1,1,20.77612289,13.26553916
5.58,20.94532704,16.66666667,56.90585425,36.41799056,-0.8262936081,-0.877711378,1,1,20.76423941,13.29992318
5.6,20.92785508,16.66666667,56.82045577,36.39178262,-0.8223699113,-0.8735979564,1,1,20.7524013,13.33441525
5.62,20.91046508,16.66666667,56.7354059,36.36569763,-0.8184620258,-0.8694997128,1,1,20.74060832,13.36901528
5.64,20.89315675,16.66666667,56.65070301,36.33973513,-0.814569972,-0.8654166978,1,1,20.72886024,13.40372316
5.66,20.87592977,16.66666667,56.56634548,36.31389466,-0.8106937684,-0.8613489597,1,1,20.71715683,13.43853878
5.68,20.85878384,16.66666667,56.48233168,36.28817576,-0.8068334318,-0.8572965444,1,1,20.70549785,13.47346206
5.7,20.84171865,16.66666667,56.39865999,36.26257798,-0.8029889772,-0.8532594954,1,1,20.69388307,13.50849288
5.72,20.82473389,16.66666667,56.31532879,36.23710084,-0.7991604178,-0.849237854,1,1,20.68231226,13.54363114
5.74,20.80782926,16.66666667,56.2323365,36.21174389,-0.795347765,-0.8452316591,1,1,20.67078519,13.57887676
5.76,20.79100444,16.66666667,56.14968149,36.18650666,-0.7915510287,-0.8412409476,1,1,20.65930163,13.61422962
5.78,20.77425913,16.66666667,56.06736219,36.16138869,-0.787770217,-0.837265754,1,1,20.64786137,13.64968963
5.8,20.757593,16.66666667,55.985377,36.13638951,-0.7840053364,-0.8333061111,1,1,20.63646417,13.68525668
5.82,20.74100576,16.66666667,55.90372435,36.11150864,-0.7802563918,-0.8293620491,1,1,20.62510981,13.72093069
5.84,20.72449709,16.66666667,55.82240265,36.08674564,-0.7765233867,-0.8254335965,1,1,20.61379807,13.75671155
5.86,20.70806668,16.66666667,55.74141035,36.06210001,-0.7728063228,-0.8215207797,1,1,20.60252873,13.79259915
5.88,20.6917142,16.66666667,55.66074587,36.0375713,-0.7691052004,-0.8176236232,1,1,20.59130158,13.82859342
5.9,20.67543936,16.66666667,55.58040767,36.01315904,-0.7654200185,-0.8137421494,1,1,20.58011639,13.86469424
5.92,20.65924183,16.66666667,55.50039419,35.98886275,-0.7617507745,-0.8098763789,1,1,20.56897296,13.90090152
5.94,20.64312131,16.66666667,55.42070389,35.96468196,-0.7580974644,-0.8060263305,1,1,20.55787105,13.93721516
5.96,20.62707747,16.66666667,55.34133524,35.9406162,-0.7544600828,-0.8021920212,1,1,20.54681047,13.97363507
5.98,20.61111,16.66666667,55.2622867,35.91666499,-0.7508386231,-0.7983734662,1,1,20.53579101,14.01016115
6,20.59521858,16.66666667,55.18355674,35.89282787,-0.7472330772,-0.7945706787,1,1,20.52481244,14.0467933
6.02,20.57940291,16.66666667,55.10514386,35.86910436,-0.7436434358,-0.7907836706,1,1,20.51387457,14.08353143
6.04,20.56366266,16.66666667,55.02704654,35.84549399,-0.7400696883,-0.7870124518,1,1,20.50297718,14.12037545
6.06,20.54799752,16.66666667,54.94926327,35.82199628,-0.7365118228,-0.7832570307,1,1,20.49212007,14.15732525
6.08,20.53240717,16.66666667,54.87179256,35.79861076,-0.7329698264,-0.7795174141,1,1,20.48130303,14.19438074
6.1,20.5168913,16.66666667,54.79463291,35.77533695,-0.7294436848,-0.7757936071,1,1,20.47052586,14.23154183
6.12,20.50144959,16.66666667,54.71778283,35.75217438,-0.7259333826,-0.7720856133,1,1,20.45978836,14.26880842
6.14,20.48608172,16.66666667,54.64124085,35.72912258,-0.7224389032,-0.7683934348,1,1,20.44909032,14.30618043
6.16,20.47078738,16.66666667,54.56500549,35.70618107,-0.7189602289,-0.7647170723,1,1,20.43843155,14.34365775
6.18,20.45556625,16.66666667,54.48907529,35.68334937,-0.7154973411,-0.7610565248,1,1,20.42781185,14.38124029
6.2,20.44041801,16.66666667,54.41344878,35.66062702,-0.7120502199,-0.7574117901,1,1,20.41723102,14.41892796
6.22,20.42534235,16.66666667,54.33812451,35.63801353,-0.7086188445,-0.7537828645,1,1,20.40668886,14.45672068
6.24,20.41033896,16.66666667,54.26310103,35.61550844,-0.7052031929,-0.7501697429,1,1,20.39618519,14.49461833
6.26,20.39540751,16.66666667,54.1883769,35.59311127,-0.7018032423,-0.7465724189,1,1,20.38571979,14.53262084
6.28,20.38054769,16.66666667,54.11395068,35.57082154,-0.6984189689,-0.7429908848,1,1,20.3752925,14.57072812
6.3,20.36575919,16.66666667,54.03982095,35.54863878,-0.6950503478,-0.7394251315,1,1,20.3649031,14.60894006
6.32,20.35104169,16.66666667,53.96598627,35.52656253,-0.6916973533,-0.7358751488,1,1,20.35455141,14.64725658
6.34,20.33639487,16.66666667,53.89244524,35.5045923,-0.6883599588,-0.7323409252,1,1,20.34423725,14.6856776
6.36,20.32181842,16.66666667,53.81919644,35.48272763,-0.6850381367,-0.7288224479,1,1,20.33396043,14.72420301
6.38,20.30731203,16.66666667,53.74623847,35.46096804,-0.6817318586,-0.725319703,1,1,20.32372075,14.76283273
6.4,20.29287537,16.66666667,53.67356993,35.43931306,-0.6784410952,-0.7218326754,1,1,20.31351804,14.80156668
6.42,20.27850814,16.66666667,53.60118943,35.41776222,-0.6751658165,-0.718361349,1,1,20.30335211,14.84040475
6.44,20.26421003,16.66666667,53.52909558,35.39631505,-0.6719059915,-0.7149057064,1,1,20.29322277,14.87934687
6.46,20.24998072,16.66666667,53.457287,35.37497107,-0.6686615887,-0.7114657292,1,1,20.28312985,14.91839294
6.48,20.23581989,16.66666667,53.38576233,35.35372983,-0.6654325755,-0.708041398,1,1,20.27307317,14.95754287
6.5,20.22172723,16.66666667,53.31452019,35.33259085,-0.6622189187,-0.7046326922,1,1,20.26305254,14.99679659
6.52,20.20770244,16.66666667,53.24355923,35.31155366,-0.6590205844,-0.7012395903,1,1,20.25306778,15.036154
6.54,20.1937452,16.66666667,53.17287809,35.2906178,-0.6558375379,-0.6978620698,1,1,20.24311872,15.07561501
6.56,20.1798552,16.66666667,53.10247542,35.2697828,-0.6526697439,-0.6945001073,1,1,20.23320519,15.11517954
6.58,20.16603213,16.66666667,53.03234988,35.24904819,-0.6495171663,-0.6911536782,1,1,20.223327,15.1548475
6.6,20.15227567,16.66666667,52.96250013,35.22841351,-0.6463797684,-0.6878227572,1,1,20.21348399,15.19461881
6.62,20.13858552,16.66666667,52.89292485,35.20787829,-0.6432575129,-0.6845073181,1,1,20.20367598,15.23449338
6.64,20.12496138,16.66666667,52.82362272,35.18744207,-0.6401503618,-0.6812073337,1,1,20.1939028,15.27447113
6.66,20.11140292,16.66666667,52.75459241,35.16710438,-0.6370582766,-0.677922776,1,1,20.18416427,15.31455197
6.68,20.09790985,16.66666667,52.68583261,35.14686477,-0.6339812179,-0.674653616,1,1,20.17446023,15.35473582
6.7,20.08448185,16.66666667,52.61734203,35.12672278,-0.6309191461,-0.6713998242,1,1,20.16479052,15.3950226
6.72,20.07111863,16.66666667,52.54911936,35.10667794,-0.6278720208,-0.6681613699,1,1,20.15515495,15.43541222
6.74,20.05781986,16.66666667,52.48116331,35.08672979,-0.6248398012,-0.664938222,1,1,20.14555337,15.4759046
6.76,20.04458525,16.66666667,52.41347259,35.06687788,-0.6218224457,-0.6617303483,1,1,20.13598561,15.51649965
6.78,20.0314145,16.66666667,52.34604592,35.04712175,-0.6188199125,-0.6585377161,1,1,20.1264515,15.55719731
6.8,20.01830729,16.66666667,52.27888204,35.02746094,-0.615832159,-0.6553602918,1,1,20.11695089,15.59799747
6.82,20.00526333,16.66666667,52.21197967,35.007895,-0.6128591424,-0.6521980412,1,1,20.1074836,15.63890008
6.84,19.99228231,16.66666667,52.14533754,34.98842347,-0.6099008192,-0.6490509293,1,1,20.09804948,15.67990504
6.86,19.97936394,16.66666667,52.07895441,34.9690459,-0.6069571456,-0.6459189205,1,1,20.08864837,15.72101227
6.88,19.9665079,16.66666667,52.01282903,34.94976184,-0.6040280771,-0.6428019785,1,1,20.0792801,15.7622217
6.9,19.9537139,16.66666667,51.94696014,34.93057084,-0.601113569,-0.6397000664,1,1,20.06994453,15.80353324
6.92,19.94098163,16.66666667,51.88134652,34.91147245,-0.5982135761,-0.6366131466,1,1,20.06064148,15.84494683
6.94,19.92831081,16.66666667,51.81598693,34.89246621,-0.5953280527,-0.633541181,1,1,20.05137081,15.88646237
6.96,19.91570113,16.66666667,51.75088015,34.87355169,-0.592456953,-0.6304841307,1,1,20.04213236,15.9280798
6.98,19.90315229,16.66666667,51.68602494,34.85472843,-0.5896002303,-0.6274419565,1,1,20.03292597,15.96979904
7,19.89066399,16.66666667,51.62142012,34.83599599,-0.586757838,-0.6244146184,1,1,20.02375149,16.01162001
7.02,19.87823595,16.66666667,51.55706445,34.81735393,-0.583929729,-0.621402076,1,1,20.01460877,16.05354263
7.04,19.86586787,16.66666667,51.49295674,34.7988018,-0.5811158556,-0.6184042882,1,1,20.00549766,16.09556684
7.06,19.85355944,16.66666667,51.4290958,34.78033916,-0.5783161702,-0.6154212136,1,1,19.99641799,16.13769255
7.08,19.84131039,16.66666667,51.36548044,34.76196558,-0.5755306244,-0.6124528101,1,1,19.98736964,16.17991969
7.1,19.82912041,16.66666667,51.30210947,34.74368061,-0.5727591699,-0.6094990353,1,1,19.97835244,16.2222482
7.12,19.81698921,16.66666667,51.2389817,34.72548381,-0.5700017578,-0.606559846,1,1,19.96936624,16.26467799
7.14,19.80491651,16.66666667,51.17609598,34.70737476,-0.5672583392,-0.603635199,1,1,19.96041091,16.30720899
7.16,19.792902,16.66666667,51.11345113,34.68935301,-0.5645288645,-0.6007250502,1,1,19.95148629,16.34984114
7.18,19.78094542,16.66666667,51.05104599,34.67141813,-0.5618132841,-0.5978293553,1,1,19.94259224,16.39257436
7.2,19.76904646,16.66666667,50.9888794,34.65356968,-0.5591115482,-0.5949480696,1,1,19.93372861,16.43540858
7.22,19.75720483,16.66666667,50.92695022,34.63580725,-0.5564236066,-0.5920811479,1,1,19.92489526,16.47834373
7.24,19.74542026,16.66666667,50.8652573,34.61813039,-0.5537494089,-0.5892285446,1,1,19.91609205,16.52137975
7.26,19.73369246,16.66666667,50.80379951,34.60053869,-0.5510889044,-0.5863902138,1,1,19.90731883,16.56451656
7.28,19.72202114,16.66666667,50.74257571,34.5830317,-0.5484420423,-0.583566109,1,1,19.89857547,16.6077541
7.3,19.71040601,16.66666667,50.68158477,34.56560902,-0.5458087715,-0.5807561837,1,1,19.88986182,16.6510923
7.32,19.6988468,16.66666667,50.62082557,34.54827021,-0.5431890406,-0.5779603907,1,1,19.88117774,16.69453109
7.34,19.68734323,16.66666667,50.56029701,34.53101485,-0.5405827983,-0.5751786827,1,1,19.8725231,16.73807041
7.36,19.67589501,16.66666667,50.49999796,34.51384251,-0.5379899929,-0.5724110119,1,1,19.86389776,16.78171019
7.38,19.66450186,16.66666667,50.43992732,34.49675279,-0.5354105724,-0.5696573304,1,1,19.85530157,16.82545037
7.4,19.65316351,16.66666667,50.380084,34.47974527,-0.5328444849,-0.5669175898,1,1,19.84673441,16.86929088
7.42,19.64187968,16.66666667,50.3204669,34.46281952,-0.5302916781,-0.5641917414,1,1,19.83819614,16.91323167
7.44,19.63065008,16.66666667,50.26107494,34.44597512,-0.5277520998,-0.5614797363,1,1,19.82968663,16.95727266
7.46,19.61947445,16.66666667,50.20190703,34.42921168,-0.5252256974,-0.5587815254,1,1,19.82120574,17.0014138
7.48,19.60835251,16.66666667,50.14296209,34.41252877,-0.5227124183,-0.5560970592,1,1,19.81275333,17.04565503
7.5,19.59728398,16.66666667,50.08423906,34.39592598,-0.5202122098,-0.5534262879,1,1,19.80432928,17.08999628
7.52,19.5862686,16.66666667,50.02573687,34.3794029,-0.5177250189,-0.5507691616,1,1,19.79593346,17.1344375
7.54,19.57530609,16.66666667,49.96745445,34.36295913,-0.5152507927,-0.5481256302,1,1,19.78756573,17.17897862
7.56,19.56439618,16.66666667,49.90939076,34.34659426,-0.512789478,-0.5454956432,1,1,19.77922597,17.2236196
7.58,19.55353859,16.66666667,49.85154475,34.33030789,-0.5103410216,-0.54287915,1,1,19.77091404,17.26836037
7.6,19.54273307,16.66666667,49.79391537,34.31409961,-0.5079053702,-0.5402760997,1,1,19.76262982,17.31320087
7.62,19.53197934,16.66666667,49.73650158,34.29796901,-0.5054824705,-0.5376864414,1,1,19.75437318,17.35814105
7.64,19.52127714,16.66666667,49.67930234,34.28191571,-0.5030722689,-0.5351101237,1,1,19.74614399,17.40318086
7.66,19.5106262,16.66666667,49.62231664,34.2659393,-0.5006747119,-0.5325470953,1,1,19.73794214,17.44832024
7.68,19.50002625,16.66666667,49.56554345,34.25003938,-0.4982897459,-0.5299973047,1,1,19.72976748,17.49355914
7.7,19.48947704,16.66666667,49.50898175,34.23421556,-0.4959173172,-0.5274607,1,1,19.72161991,17.5388975
7.72,19.47897829,16.66666667,49.45263053,34.21846744,-0.493557372,-0.5249372293,1,1,19.71349929,17.58433527
7.74,19.46852976,16.66666667,49.39648879,34.20279463,-0.4912098567,-0.5224268407,1,1,19.7054055,17.62987241
7.76,19.45813117,16.66666667,49.34055551,34.18719675,-0.4888747172,-0.519929482,1,1,19.69733842,17.67550886
7.78,19.44778226,16.66666667,49.28482971,34.1716734,-0.4865518999,-0.5174451008,1,1,19.68929793,17.72124458
7.8,19.43748279,16.66666667,49.22931039,34.15622419,-0.4842413507,-0.5149736448,1,1,19.68128391,17.76707951
7.82,19.42723249,16.66666667,49.17399657,34.14084874,-0.4819430158,-0.5125150612,1,1,19.67329623,17.8130136
7.84,19.4170311,16.66666667,49.11888727,34.12554666,-0.4796568413,-0.5100692976,1,1,19.66533479,17.85904682
7.86,19.40687838,16.66666667,49.06398151,34.11031757,-0.4773827731,-0.5076363011,1,1,19.65739945,17.90517911
7.88,19.39677406,16.66666667,49.00927832,34.09516109,-0.4751207573,-0.5052160189,1,1,19.64949011,17.95141044
7.9,19.38671789,16.66666667,48.95477673,34.08007684,-0.47287074,-0.5028083979,1,1,19.64160665,17.99774075
7.92,19.37670962,16.66666667,48.90047579,34.06506443,-0.4706326672,-0.5004133853,1,1,19.63374894,18.04417
7.94,19.366749,16.66666667,48.84637454,34.05012351,-0.4684064848,-0.4980309279,1,1,19.62591687,18.09069815
7.96,19.35683578,16.66666667,48.79247202,34.03525368,-0.4661921391,-0.4956609724,1,1,19.61811034,18.13732516
7.98,19.34696972,16.66666667,48.7387673,34.02045457,-0.4639895759,-0.4933034657,1,1,19.61032921,18.18405099
8,19.33715055,16.66666667,48.68525943,34.00572582,-0.4617987415,-0.4909583546,1,1,19.60257339,18.2308756
8.02,19.32737804,16.66666667,48.63194748,33.99106705,-0.459619582,-0.4886255855,1,1,19.59484275,18.27779895
8.04,19.31765193,16.66666667,48.57883051,33.9764779,-0.4574520434,-0.4863051052,1,1,19.58713719,18.324821
8.06,19.307972,16.66666667,48.52590761,33.961958,-0.4552960719,-0.4839968603,1,1,19.57945659,18.37194173
8.08,19.29833798,16.66666667,48.47317784,33.94750697,-0.4531516139,-0.4817007972,1,1,19.57180084,18.41916108
8.1,19.28874964,16.66666667,48.4206403,33.93312447,-0.4510186155,-0.4794168625,1,1,19.56416983,18.46647903
8.12,19.27920674,16.66666667,48.36829407,33.91881012,-0.448897023,-0.4771450028,1,1,19.55656346,18.51389554
8.14,19.26970904,16.66666667,48.31613824,33.90456356,-0.4467867829,-0.4748851644,1,1,19.5489816,18.56141058
8.16,19.26025629,16.66666667,48.26417192,33.89038444,-0.4446878414,-0.4726372939,1,1,19.54142416,18.60902411
8.18,19.25084827,16.66666667,48.21239421,33.8762724,-0.4426001452,-0.4704013377,1,1,19.53389103,18.65673612
8.2,19.24148472,16.66666667,48.16080421,33.86222708,-0.4405236407,-0.4681772423,1,1,19.52638209,18.70454656
8.22,19.23216542,16.66666667,48.10940104,33.84824814,-0.4384582745,-0.4659649542,1,1,19.51889725,18.75245541
8.24,19.22289014,16.66666667,48.05818382,33.8343352,-0.4364039934,-0.4637644198,1,1,19.51143639,18.80046264
8.26,19.21365862,16.66666667,48.00715167,33.82048794,-0.434360744,-0.4615755857,1,1,19.50399941,18.84856822
8.28,19.20447066,16.66666667,47.95630371,33.80670598,-0.4323284732,-0.4593983983,1,1,19.49658621,18.89677214
8.3,19.195326,16.66666667,47.90563908,33.792989,-0.4303071278,-0.4572328043,1,1,19.48919668,18.94507435
8.32,19.18622442,16.66666667,47.8551569,33.77933664,-0.428296655,-0.4550787502,1,1,19.48183072,18.99347485
8.34,19.1771657,16.66666667,47.80485634,33.76574855,-0.4262970017,-0.4529361826,1,1,19.47448822,19.0419736
8.36,19.1681496,16.66666667,47.75473652,33.7522244,-0.4243081152,-0.4508050481,1,1,19.46716909,19.09057059
8.38,19.15917589,16.66666667,47.7047966,33.73876384,-0.4223299427,-0.4486852935,1,1,19.45987322,19.13926579
8.4,19.15024436,16.66666667,47.65503573,33.72536654,-0.4203624315,-0.4465768654,1,1,19.4526005,19.18805919
8.42,19.14135476,16.66666667,47.60545307,33.71203214,-0.4184055291,-0.4444797107,1,1,19.44535085,19.23695077
8.44,19.13250689,16.66666667,47.55604779,33.69876033,-0.4164591831,-0.4423937762,1,1,19.43812416,19.2859405
8.46,19.12370051,16.66666667,47.50681904,33.68555076,-0.4145233412,-0.4403190087,1,1,19.43092032,19.33502839
8.48,19.1149354,16.66666667,47.45776602,33.6724031,-0.4125979511,-0.4382553553,1,1,19.42373925,19.38421439
8.5,19.10621134,16.66666667,47.40888788,33.65931702,-0.4106829608,-0.436202763,1,1,19.41658084,19.43349852
8.52,19.09752812,16.66666667,47.36018382,33.64629218,-0.4087783181,-0.4341611788,1,1,19.409445,19.48288075
8.54,19.08888551,16.66666667,47.31165302,33.63332826,-0.4068839713,-0.43213055,1,1,19.40233162,19.53236106
8.56,19.08028329,16.66666667,47.26329467,33.62042494,-0.4049998686,-0.4301108237,1,1,19.39524061,19.58193946
8.58,19.07172125,16.66666667,47.21510795,33.60758188,-0.4031259583,-0.4281019473,1,1,19.38817188,19.63161593
8.6,19.06319918,16.66666667,47.16709208,33.59479877,-0.401262189,-0.4261038681,1,1,19.38112533,19.68139046
8.62,19.05471685,16.66666667,47.11924626,33.58207527,-0.3994085091,-0.4241165338,1,1,19.37410086,19.73126304
8.64,19.04627405,16.66666667,47.07156968,33.56941107,-0.3975648676,-0.4221398918,1,1,19.36709839,19.78123368
8.66,19.03787057,16.66666667,47.02406157,33.55680586,-0.3957312132,-0.4201738899,1,1,19.36011781,19.83130235
8.68,19.0295062,16.66666667,46.97672113,33.5442593,-0.3939074949,-0.4182184758,1,1,19.35315903,19.88146907
8.7,19.02118073,16.66666667,46.9295476,33.53177109,-0.3920936619,-0.4162735973,1,1,19.34622197,19.93173383
8.72,19.01289395,16.66666667,46.88254018,33.51934092,-0.3902896635,-0.4143392025,1,1,19.33930652,19.98209662
8.74,19.00464564,16.66666667,46.83569812,33.50696846,-0.388495449,-0.4124152393,1,1,19.3324126,20.03255745
8.76,18.99643561,16.66666667,46.78902064,33.49465341,-0.386710968,-0.4105016561,1,1,19.32554011,20.08311632
8.78,18.98826364,16.66666667,46.74250698,33.48239546,-0.3849361703,-0.4085984011,1,1,19.31868897,20.13377323
8.8,18.98012953,16.66666667,46.69615638,33.4701943,-0.3831710056,-0.4067054226,1,1,19.31185908,20.18452818
8.82,18.97203308,16.66666667,46.64996809,33.45804962,-0.3814154239,-0.4048226692,1,1,19.30505036,20.23538118
8.84,18.96397408,16.66666667,46.60394135,33.44596111,-0.3796693754,-0.4029500896,1,1,19.29826271,20.28633224
8.86,18.95595232,16.66666667,46.55807542,33.43392848,-0.3779328103,-0.4010876325,1,1,19.29149605,20.33738135
8.88,18.94796762,16.66666667,46.51236956,33.42195143,-0.3762056791,-0.3992352467,1,1,19.28475029,20.38852854
8.9,18.94001976,16.66666667,46.46682302,33.41002964,-0.3744879324,-0.3973928813,1,1,19.27802534,20.4397738
8.92,18.93210855,16.66666667,46.42143507,33.39816283,-0.3727795209,-0.3955604854,1,1,19.27132111,20.49111716
8.94,18.92423379,16.66666667,46.37620498,33.38635069,-0.3710803955,-0.3937380082,1,1,19.26463752,20.54255862
8.96,18.91639528,16.66666667,46.33113202,33.37459292,-0.3693905073,-0.3919253992,1,1,19.25797449,20.59409819
8.98,18.90859283,16.66666667,46.28621547,33.36288925,-0.3677098075,-0.3901226079,1,1,19.25133191,20.64573589
9,18.90082624,16.66666667,46.24145461,33.35123936,-0.3660382474,-0.3883295838,1,1,19.24470972,20.69747174
9.02,18.89309531,16.66666667,46.19684873,33.33964297,-0.3643757785,-0.3865462769,1,1,19.23810782,20.74930575
9.04,18.88539986,16.66666667,46.15239711,33.32809979,-0.3627223527,-0.384772637,1,1,19.23152613,20.80123795
9.06,18.87773969,16.66666667,46.10809905,33.31660953,-0.3610779217,-0.3830086143,1,1,19.22496457,20.85326834
9.08,18.87011461,16.66666667,46.06395384,33.30517191,-0.3594424376,-0.3812541589,1,1,19.21842305,20.90539696
9.1,18.86252442,16.66666667,46.01996078,33.29378663,-0.3578158526,-0.3795092212,1,1,19.2119015,20.95762383
9.12,18.85496895,16.66666667,45.97611918,33.28245342,-0.3561981189,-0.3777737517,1,1,19.20539982,21.00994896
9.14,18.84744799,16.66666667,45.93242835,33.27117199,-0.3545891893,-0.3760477011,1,1,19.19891794,21.06237238
9.16,18.83996137,16.66666667,45.88888759,33.25994206,-0.3529890162,-0.3743310201,1,1,19.19245577,21.11489412
9.18,18.8325089,16.66666667,45.84549622,33.24876335,-0.3513975527,-0.3726236598,1,1,19.18601324,21.16751421
9.2,18.82509039,16.66666667,45.80225356,33.23763558,-0.3498147518,-0.3709255713,1,1,19.17959026,21.22023268
9.22,18.81770565,16.66666667,45.75915893,33.22655848,-0.3482405666,-0.3692367057,1,1,19.17318676,21.27304955
9.24,18.81035451,16.66666667,45.71621166,33.21553177,-0.3466749506,-0.3675570146,1,1,19.16680265,21.32596486
9.26,18.80303678,16.66666667,45.67341108,33.20455517,-0.3451178573,-0.3658864494,1,1,19.16043785,21.37897864
9.28,18.79575228,16.66666667,45.63075653,33.19362843,-0.3435692404,-0.3642249621,1,1,19.15409229,21.43209092
9.3,18.78850083,16.66666667,45.58824733,33.18275125,-0.3420290539,-0.3625725043,1,1,19.14776588,21.48530174
9.32,18.78128225,16.66666667,45.54588283,33.17192338,-0.3404972518,-0.3609290283,1,1,19.14145856,21.53861114
9.34,18.77409636,16.66666667,45.50366238,33.16114455,-0.3389737885,-0.3592944862,1,1,19.13517023,21.59201915
9.36,18.76694299,16.66666667,45.46158532,33.15041448,-0.3374586183,-0.3576688304,1,1,19.12890083,21.64552582
9.38,18.75982195,16.66666667,45.419651,33.13973292,-0.3359516959,-0.3560520134,1,1,19.12265028,21.69913118
9.4,18.75273307,16.66666667,45.37785879,33.1290996,-0.334452976,-0.354443988,1,1,19.1164185,21.75283528
9.42,18.74567617,16.66666667,45.33620803,33.11851426,-0.3329624137,-0.352844707,1,1,19.11020542,21.80663816
9.44,18.73865109,16.66666667,45.29469809,33.10797664,-0.3314799641,-0.3512541236,1,1,19.10401096,21.86053986
9.46,18.73165765,16.66666667,45.25332833,33.09748647,-0.3300055825,-0.3496721908,1,1,19.09783504,21.91454044
9.48,18.72469567,16.66666667,45.21209813,33.0870435,-0.3285392246,-0.3480988622,1,1,19.09167759,21.96863993
9.5,18.71776499,16.66666667,45.17100686,33.07664748,-0.3270808458,-0.3465340911,1,1,19.08553854,22.0228384
9.52,18.71086543,16.66666667,45.13005389,33.06629815,-0.3256304023,-0.3449778315,1,1,19.07941782,22.07713588
9.54,18.70399683,16.66666667,45.0892386,33.05599525,-0.32418785,-0.3434300372,1,1,19.07331534,22.13153244
9.56,18.69715902,16.66666667,45.04856037,33.04573853,-0.3227531451,-0.3418906622,1,1,19.06723104,22.18602812
9.58,18.69035182,16.66666667,45.0080186,33.03552774,-0.3213262442,-0.3403596608,1,1,19.06116484,22.24062298
9.6,18.68357508,16.66666667,44.96761266,33.02536263,-0.3199071038,-0.3388369875,1,1,19.05511667,22.29531707
9.62,18.67682863,16.66666667,44.92734196,33.01524295,-0.3184956807,-0.3373225968,1,1,19.04908647,22.35011046
9.64,18.6701123,16.66666667,44.88720588,33.00516845,-0.317091932,-0.3358164435,1,1,19.04307415,22.40500319
9.66,18.66342593,16.66666667,44.84720384,32.9951389,-0.3156958147,-0.3343184826,1,1,19.03707965,22.45999534
9.68,18.65676936,16.66666667,44.80733522,32.98515404,-0.3143072863,-0.3328286692,1,1,19.0311029,22.51508697
9.7,18.65014242,16.66666667,44.76759943,32.97521363,-0.3129263043,-0.3313469585,1,1,19.02514383,22.57027813
9.72,18.64354495,16.66666667,44.72799589,32.96531743,-0.3115528264,-0.3298733062,1,1,19.01920236,22.62556889
9.74,18.6369768,16.66666667,44.68852401,32.9554652,-0.3101868106,-0.3284076678,1,1,19.01327843,22.68095932
9.76,18.6304378,16.66666667,44.64918319,32.9456567,-0.3088282149,-0.3269499992,1,1,19.00737196,22.73644948
9.78,18.6239278,16.66666667,44.60997287,32.93589169,-0.3074769977,-0.3255002565,1,1,19.0014829,22.79203944
9.8,18.61744663,16.66666667,44.57089246,32.92616994,-0.3061331173,-0.3240583958,1,1,18.99561117,22.84772928
9.82,18.61099414,16.66666667,44.53194139,32.91649121,-0.3047965325,-0.3226243735,1,1,18.9897567,22.90351907
9.84,18.60457018,16.66666667,44.49311908,32.90685527,-0.3034672021,-0.3211981462,1,1,18.98391943,22.95940887
9.86,18.59817458,16.66666667,44.45442496,32.89726188,-0.3021450851,-0.3197796707,1,1,18.97809928,23.01539877
9.88,18.59180721,16.66666667,44.41585848,32.88771081,-0.3008301408,-0.3183689039,1,1,18.9722962,23.07148884
9.9,18.58546789,16.66666667,44.37741906,32.87820184,-0.2995223286,-0.3169658028,1,1,18.96651011,23.12767915
9.92,18.57915648,16.66666667,44.33910615,32.86873473,-0.298221608,-0.3155703249,1,1,18.96074095,23.18396979
9.94,18.57287284,16.66666667,44.30091919,32.85930925,-0.2969279388,-0.3141824275,1,1,18.95498865,23.24036084
9.96,18.56661679,16.66666667,44.26285763,32.84992519,-0.295641281,-0.3128020684,1,1,18.94925315,23.29685237
9.98,18.56038821,16.66666667,44.22492091,32.84058231,-0.2943615948,-0.3114292054,1,1,18.94353439,23.35344447
10,18.55418693,16.66666667,44.18710849,32.8312804,-0.2930888404,-0.3100637966,1,1,18.93783228,23.41013723
10.02,18.54801282,16.66666667,44.14941983,32.82201923,-0.2918229785,-0.3087058001,1,1,18.93214679,23.46693074
10.04,18.54186571,16.66666667,44.11185438,32.81279857,-0.2905639696,-0.3073551744,1,1,18.92647783,23.52382507
10.06,18.53574548,16.66666667,44.0744116,32.80361822,-0.2893117748,-0.306011878,1,1,18.92082534,23.58082032
10.08,18.52965196,16.66666667,44.03709096,32.79447794,-0.2880663551,-0.3046758697,1,1,18.91518927,23.63791659
10.1,18.52358502,16.66666667,43.99989192,32.78537753,-0.2868276717,-0.3033471086,1,1,18.90956955,23.69511395
10.12,18.51754451,16.66666667,43.96281396,32.77631676,-0.2855956861,-0.3020255536,1,1,18.90396611,23.75241251
10.14,18.51153028,16.66666667,43.92585654,32.76729542,-0.28437036,-0.3007111642,1,1,18.89837889,23.80981236
10.16,18.50554221,16.66666667,43.88901915,32.75831331,-0.2831516552,-0.2994038999,1,1,18.89280784,23.8673136
10.18,18.49958013,16.66666667,43.85230126,32.7493702,-0.2819395336,-0.2981037203,1,1,18.88725288,23.92491633
10.2,18.49364392,16.66666667,43.81570235,32.74046588,-0.2807339576,-0.2968105854,1,1,18.88171396,23.98262064
10.22,18.48773343,16.66666667,43.77922191,32.73160014,-0.2795348893,-0.2955244551,1,1,18.87619102,24.04042663
10.24,18.48184852,16.66666667,43.74285943,32.72277279,-0.2783422916,-0.2942452899,1,1,18.87068399,24.09833442
10.26,18.47598906,16.66666667,43.70661438,32.71398359,-0.277156127,-0.29297305,1,1,18.86519282,24.15634409
10.28,18.47015491,16.66666667,43.67048628,32.70523236,-0.2759763585,-0.2917076962,1,1,18.85971745,24.21445577
10.3,18.46434593,16.66666667,43.6344746,32.69651889,-0.2748029492,-0.2904491891,1,1,18.85425781,24.27266955
10.32,18.45856198,16.66666667,43.59857886,32.68784296,-0.2736358624,-0.28919749,1,1,18.84881385,24.33098555
10.34,18.45280292,16.66666667,43.56279854,32.67920439,-0.2724750617,-0.2879525598,1,1,18.8433855,24.38940386
10.36,18.44706864,16.66666667,43.52713316,32.67060296,-0.2713205106,-0.2867143599,1,1,18.83797271,24.44792462
10.38,18.44135898,16.66666667,43.49158222,32.66203847,-0.2701721731,-0.285482852,1,1,18.83257542,24.50654792
10.4,18.43567382,16.66666667,43.45614522,32.65351073,-0.2690300131,-0.2842579977,1,1,18.82719357,24.56527388
10.42,18.43001302,16.66666667,43.42082169,32.64501954,-0.2678939948,-0.2830397589,1,1,18.8218271,24.62410262
10.44,18.42437646,16.66666667,43.38561113,32.63656469,-0.2667640828,-0.2818280978,1,1,18.81647595,24.68303426
10.46,18.418764,16.66666667,43.35051305,32.62814601,-0.2656402414,-0.2806229766,1,1,18.81114008,24.74206892
10.48,18.41317552,16.66666667,43.31552699,32.61976327,-0.2645224356,-0.2794243578,1,1,18.80581941,24.80120671
10.5,18.40761087,16.66666667,43.28065246,32.61141631,-0.2634106301,-0.278232204,1,1,18.8005139,24.86044775
10.52,18.40206994,16.66666667,43.24588899,32.60310491,-0.2623047902,-0.2770464781,1,1,18.79522348,24.91979218
10.54,18.3965526,16.66666667,43.2112361,32.5948289,-0.2612048812,-0.275867143,1,1,18.78994811,24.97924011
10.56,18.39105872,16.66666667,43.17669332,32.58658807,-0.2601108685,-0.2746941621,1,1,18.78468771,25.03879168
10.58,18.38558817,16.66666667,43.14226018,32.57838225,-0.2590227177,-0.2735274986,1,1,18.77944225,25.09844701
10.6,18.38014082,16.66666667,43.10793622,32.57021124,-0.2579403947,-0.2723671161,1,1,18.77421166,25.15820623
10.62,18.37471656,16.66666667,43.07372098,32.56207485,-0.2568638656,-0.2712129784,1,1,18.76899589,25.21806947
10.64,18.36931526,16.66666667,43.039614,32.5539729,-0.2557930964,-0.2700650494,1,1,18.76379489,25.27803686
10.66,18.3639368,16.66666667,43.00561481,32.5459052,-0.2547280536,-0.2689232932,1,1,18.75860859,25.33810854
10.68,18.35858104,16.66666667,42.97172297,32.53787157,-0.2536687037,-0.267787674,1,1,18.75343695,25.39828465
10.7,18.35324788,16.66666667,42.93793801,32.52987182,-0.2526150135,-0.2666581564,1,1,18.7482799,25.45856531
10.72,18.34793719,16.66666667,42.90425949,32.52190578,-0.2515669497,-0.2655347049,1,1,18.74313741,25.51895068
10.74,18.34264884,16.66666667,42.87068697,32.51397326,-0.2505244796,-0.2644172845,1,1,18.73800941,25.57944089
10.76,18.33738272,16.66666667,42.83721998,32.50607409,-0.2494875702,-0.2633058601,1,1,18.73289585,25.64003607
10.78,18.33213872,16.66666667,42.8038581,32.49820807,-0.2484561892,-0.2622003969,1,1,18.72779667,25.70073638
10.8,18.3269167,16.66666667,42.77060088,32.49037505,-0.2474303039,-0.2611008603,1,1,18.72271183,25.76154196
10.82,18.32171655,16.66666667,42.73744788,32.48257483,-0.2464098823,-0.2600072158,1,1,18.71764128,25.82245296
10.84,18.31653817,16.66666667,42.70439867,32.47480725,-0.2453948922,-0.2589194291,1,1,18.71258495,25.88346952
10.86,18.31138142,16.66666667,42.67145281,32.46707213,-0.2443853017,-0.2578374662,1,1,18.7075428,25.94459179
10.88,18.30624619,16.66666667,42.63860986,32.45936929,-0.2433810792,-0.256761293,1,1,18.70251478,26.00581992
10.9,18.30113237,16.66666667,42.60586941,32.45169856,-0.2423821931,-0.2556908759,1,1,18.69750084,26.06715407
10.92,18.29603985,16.66666667,42.57323102,32.44405977,-0.241388612,-0.2546261813,1,1,18.69250092,26.12859439
10.94,18.29096851,16.66666667,42.54069427,32.43645276,-0.2404003046,-0.2535671757,1,1,18.68751497,26.19014104
10.96,18.28591823,16.66666667,42.50825874,32.42887734,-0.2394172401,-0.252513826,1,1,18.68254295,26.25179416
10.98,18.28088891,16.66666667,42.475924,32.42133336,-0.2384393874,-0.2514660992,1,1,18.67758479,26.31355393
11,18.27588043,16.66666667,42.44368964,32.41382064,-0.2374667159,-0.2504239622,1,1,18.67264047,26.3754205
11.02,18.27089268,16.66666667,42.41155524,32.40633902,-0.2364991951,-0.2493873825,1,1,18.66770991,26.43739402
11.04,18.26592555,16.66666667,42.37952039,32.39888833,-0.2355367946,-0.2483563275,1,1,18.66279308,26.49947467
11.06,18.26097894,16.66666667,42.34758468,32.39146841,-0.2345794842,-0.2473307649,1,1,18.65788992,26.56166261
11.08,18.25605273,16.66666667,42.3157477,32.38407909,-0.2336272338,-0.2463106624,1,1,18.65300039,26.62395801
11.1,18.25114681,16.66666667,42.28400904,32.37672021,-0.2326800136,-0.2452959881,1,1,18.64812443,26.68636102
11.12,18.24626107,16.66666667,42.25236829,32.36939161,-0.231737794,-0.2442867102,1,1,18.643262,26.74887183
11.14,18.24139542,16.66666667,42.22082506,32.36209312,-0.2308005453,-0.2432827969,1,1,18.63841305,26.8114906
11.16,18.23654973,16.66666667,42.18937894,32.3548246,-0.2298682382,-0.2422842168,1,1,18.63357754,26.8742175
11.18,18.23172391,16.66666667,42.15802954,32.34758587,-0.2289408434,-0.2412909385,1,1,18.6287554,26.93705271
11.2,18.22691785,16.66666667,42.12677645,32.34037678,-0.228018332,-0.2403029309,1,1,18.6239466,26.9999964
11.22,18.22213145,16.66666667,42.09561929,32.33319718,-0.227100675,-0.239320163,1,1,18.61915109,27.06304875
11.24,18.2173646,16.66666667,42.06455767,32.3260469,-0.2261878438,-0.2383426039,1,1,18.61436882,27.12620994
11.26,18.21261719,16.66666667,42.03359118,32.31892579,-0.2252798097,-0.2373702231,1,1,18.60959974,27.18948015
11.28,18.20788913,16.66666667,42.00271945,32.3118337,-0.2243765443,-0.23640299,1,1,18.60484382,27.25285955
11.3,18.20318032,16.66666667,41.97194209,32.30477048,-0.2234780195,-0.2354408744,1,1,18.60010099,27.31634833
11.32,18.19849064,16.66666667,41.94125871,32.29773596,-0.2225842071,-0.234483846,1,1,18.59537122,27.37994668
11.34,18.19382,16.66666667,41.91066894,32.29073,-0.2216950792,-0.2335318749,1,1,18.59065445,27.44365477
11.36,18.1891683,16.66666667,41.88017239,32.28375246,-0.220810608,-0.2325849312,1,1,18.58595065,27.50747281
11.38,18.18453544,16.66666667,41.84976869,32.27680317,-0.2199307659,-0.2316429854,1,1,18.58125977,27.57140097
11.4,18.17992132,16.66666667,41.81945745,32.26988199,-0.2190555255,-0.2307060078,1,1,18.57658176,27.63543944
11.42,18.17532584,16.66666667,41.78923831,32.26298877,-0.2181848594,-0.2297739692,1,1,18.57191658,27.69958843
11.44,18.17074891,16.66666667,41.7591109,32.25612336,-0.2173187406,-0.2288468404,1,1,18.56726417,27.76384811
11.46,18.16619042,16.66666667,41.72907484,32.24928562,-0.216457142,-0.2279245925,1,1,18.56262451,27.82821869
11.48,18.16165027,16.66666667,41.69912977,32.24247541,-0.2156000368,-0.2270071964,1,1,18.55799754,27.89270037
11.5,18.15712838,16.66666667,41.66927531,32.23569257,-0.2147473982,-0.2260946236,1,1,18.55338322,27.95729333
11.52,18.15262464,16.66666667,41.63951112,32.22893696,-0.2138991999,-0.2251868456,1,1,18.5487815,28.02199778
11.54,18.14813897,16.66666667,41.60983681,32.22220845,-0.2130554154,-0.224283834,1,1,18.54419234,28.08681393
11.56,18.14367126,16.66666667,41.58025204,32.21550688,-0.2122160185,-0.2233855605,1,1,18.5396157,28.15174196
11.58,18.13922142,16.66666667,41.55075645,32.20883212,-0.211380983,-0.2224919971,1,1,18.53505153,28.21678209
11.6,18.13478935,16.66666667,41.52134968,32.20218403,-0.2105502831,-0.221603116,1,1,18.5304998,28.28193452
11.62,18.13037497,16.66666667,41.49203137,32.19556246,-0.2097238931,-0.2207188894,1,1,18.52596045,28.34719946
11.64,18.12597819,16.66666667,41.46280117,32.18896728,-0.2089017872,-0.2198392896,1,1,18.52143344,28.41257712
11.66,18.1215989,16.66666667,41.43365873,32.18239836,-0.20808394,-0.2189642895,1,1,18.51691874,28.4780677
11.68,18.11723703,16.66666667,41.40460371,32.17585554,-0.2072703262,-0.2180938615,1,1,18.5124163,28.54367141
11.7,18.11289247,16.66666667,41.37563574,32.1693387,-0.2064609205,-0.2172279787,1,1,18.50792608,28.60938848
11.72,18.10856513,16.66666667,41.3467545,32.1628477,-0.205655698,-0.216366614,1,1,18.50344803,28.67521912
11.74,18.10425494,16.66666667,41.31795963,32.15638241,-0.2048546337,-0.2155097407,1,1,18.49898211,28.74116353
11.76,18.09996179,16.66666667,41.2892508,32.14994269,-0.204057703,-0.2146573322,1,1,18.49452829,28.80722194
11.78,18.09568561,16.66666667,41.26062766,32.14352841,-0.2032648811,-0.2138093618,1,1,18.49008652,28.87339456
11.8,18.09142629,16.66666667,41.23208987,32.13713943,-0.2024761437,-0.2129658034,1,1,18.48565675,28.93968162
11.82,18.08718376,16.66666667,41.20363711,32.13077564,-0.2016914664,-0.2121266306,1,1,18.48123896,29.00608334
11.84,18.08295792,16.66666667,41.17526902,32.12443688,-0.2009108251,-0.2112918175,1,1,18.4768331,29.07259994
11.86,18.07874869,16.66666667,41.14698529,32.11812304,-0.2001341957,-0.2104613381,1,1,18.47243912,29.13923164
11.88,18.07455599,16.66666667,41.11878558,32.11183399,-0.1993615543,-0.2096351667,1,1,18.46805698,29.20597868
11.9,18.07037972,16.66666667,41.09066955,32.10556959,-0.1985928772,-0.2088132777,1,1,18.46368666,29.27284128
11.92,18.06621981,16.66666667,41.06263689,32.09932972,-0.1978281407,-0.2079956456,1,1,18.4593281,29.33981966
11.94,18.06207617,16.66666667,41.03468726,32.09311425,-0.1970673214,-0.2071822453,1,1,18.45498127,29.40691406
11.96,18.05794871,16.66666667,41.00682035,32.08692306,-0.196310396,-0.2063730513,1,1,18.45064612,29.47412472
11.98,18.05383735,16.66666667,40.97903582,32.08075602,-0.1955573413,-0.2055680389,1,1,18.44632263,29.54145186
12,18.049742,16.66666667,40.95133336,32.074613,-0.1948081342,-0.2047671831,1,1,18.44201074,29.60889572
12.02,18.04566259,16.66666667,40.92371265,32.06849389,-0.1940627517,-0.2039704592,1,1,18.43771042,29.67645653
12.04,18.04159904,16.66666667,40.89617337,32.06239855,-0.1933211712,-0.2031778426,1,1,18.43342163,29.74413454
12.06,18.03755125,16.66666667,40.8687152,32.05632687,-0.1925833699,-0.2023893089,1,1,18.42914433,29.81192998
12.08,18.03351915,16.66666667,40.84133783,32.05027873,-0.1918493253,-0.2016048338,1,1,18.42487849,29.8798431
12.1,18.02950266,16.66666667,40.81404094,32.044254,-0.191119015,-0.2008243931,1,1,18.42062406,29.94787413
12.12,18.02550171,16.66666667,40.78682423,32.03825256,-0.1903924169,-0.2000479628,1,1,18.416381,30.01602333
12.14,18.0215162,16.66666667,40.75968738,32.03227429,-0.1896695087,-0.1992755192,1,1,18.41214929,30.08429093
12.16,18.01754605,16.66666667,40.7326301,32.02631908,-0.1889502686,-0.1985070383,1,1,18.40792887,30.15267718
12.18,18.0135912,16.66666667,40.70565206,32.02038681,-0.1882346746,-0.1977424968,1,1,18.40371972,30.22118234
12.2,18.00965157,16.66666667,40.67875296,32.01447735,-0.187522705,-0.196981871,1,1,18.39952179,30.28980665
12.22,18.00572706,16.66666667,40.65193251,32.0085906,-0.1868143382,-0.1962251377,1,1,18.39533505,30.35855035
12.24,18.00181762,16.66666667,40.6251904,32.00272643,-0.1861095528,-0.1954722737,1,1,18.39115946,30.42741372
12.26,17.99792315,16.66666667,40.59852632,31.99688473,-0.1854083274,-0.1947232561,1,1,18.38699498,30.49639699
12.28,17.99404359,16.66666667,40.57193999,31.99106539,-0.1847106408,-0.1939780618,1,1,18.38284159,30.56550042
12.3,17.99017886,16.66666667,40.5454311,31.98526829,-0.184016472,-0.1932366681,1,1,18.37869923,30.63472428
12.32,17.98632888,16.66666667,40.51899935,31.97949332,-0.1833257999,-0.1924990524,1,1,18.37456787,30.70406881
12.34,17.98249357,16.66666667,40.49264446,31.97374036,-0.1826386038,-0.1917651922,1,1,18.37044749,30.77353429
12.36,17.97867287,16.66666667,40.46636613,31.96800931,-0.181954863,-0.1910350651,1,1,18.36633803,30.84312097
12.38,17.9748667,16.66666667,40.44016407,31.96230005,-0.1812745568,-0.190308649,1,1,18.36223947,30.91282911
12.4,17.97107498,16.66666667,40.41403798,31.95661247,-0.1805976649,-0.1895859216,1,1,18.35815177,30.98265897
12.42,17.96729764,16.66666667,40.38798759,31.95094647,-0.1799241669,-0.1888668611,1,1,18.35407489,31.05261084
12.44,17.96353462,16.66666667,40.3620126,31.94530192,-0.1792540426,-0.1881514455,1,1,18.3500088,31.12268496
12.46,17.95978582,16.66666667,40.33611273,31.93967873,-0.1785872719,-0.1874396533,1,1,18.34595347,31.19288161
12.48,17.95605119,16.66666667,40.31028769,31.93407679,-0.1779238348,-0.1867314628,1,1,18.34190885,31.26320106
12.5,17.95233066,16.66666667,40.28453721,31.92849598,-0.1772637116,-0.1860268525,1,1,18.33787491,31.33364358
12.52,17.94862414,16.66666667,40.25886099,31.92293621,-0.1766068824,-0.1853258013,1,1,18.33385162,31.40420945
12.54,17.94493157,16.66666667,40.23325877,31.91739736,-0.1759533278,-0.1846282878,1,1,18.32983895,31.47489893
12.56,17.94125289,16.66666667,40.20773026,31.91187933,-0.1753030281,-0.183934291,1,1,18.32583685,31.5457123
12.58,17.93758801,16.66666667,40.18227518,31.90638202,-0.1746559641,-0.1832437899,1,1,18.3218453,31.61664985
12.6,17.93393688,16.66666667,40.15689327,31.90090532,-0.1740121165,-0.1825567639,1,1,18.31786426,31.68771185
12.62,17.93029941,16.66666667,40.13158424,31.89544912,-0.1733714662,-0.1818731921,1,1,18.31389369,31.75889857
12.64,17.92667555,16.66666667,40.10634782,31.89001333,-0.1727339941,-0.181193054,1,1,18.30993357,31.83021031
12.66,17.92306523,16.66666667,40.08118375,31.88459784,-0.1720996814,-0.1805163292,1,1,18.30598385,31.90164733
12.68,17.91946837,16.66666667,40.05609174,31.87920255,-0.1714685093,-0.1798429974,1,1,18.30204451,31.97320994
12.7,17.91588491,16.66666667,40.03107155,31.87382736,-0.1708404591,-0.1791730383,1,1,18.2981155,32.04489841
12.72,17.91231478,16.66666667,40.00612288,31.86847216,-0.1702155123,-0.178506432,1,1,18.29419681,32.11671303
12.74,17.90875791,16.66666667,39.98124549,31.86313687,-0.1695936505,-0.1778431584,1,1,18.29028839,32.18865409
12.76,17.90521425,16.66666667,39.9564391,31.85782137,-0.1689748552,-0.1771831978,1,1,18.28639021,32.26072188
12.78,17.90168372,16.66666667,39.93170345,31.85252558,-0.1683591084,-0.1765265304,1,1,18.28250224,32.33291669
12.8,17.89816626,16.66666667,39.90703829,31.84724938,-0.1677463918,-0.1758731366,1,1,18.27862445,32.40523881
12.82,17.8946618,16.66666667,39.88244334,31.84199269,-0.1671366876,-0.1752229971,1,1,18.2747568,32.47768854
12.84,17.89117027,16.66666667,39.85791835,31.83675541,-0.1665299778,-0.1745760923,1,1,18.27089925,32.55026617
12.86,17.88769163,16.66666667,39.83346307,31.83153744,-0.1659262447,-0.1739324031,1,1,18.26705179,32.622972
12.88,17.88422579,16.66666667,39.80907723,31.82633868,-0.1653254706,-0.1732919105,1,1,18.26321438,32.69580633
12.9,17.8807727,16.66666667,39.78476057,31.82115904,-0.1647276379,-0.1726545953,1,1,18.25938697,32.76876946
12.92,17.87733229,16.66666667,39.76051286,31.81599843,-0.1641327293,-0.1720204387,1,1,18.25556955,32.84186168
12.94,17.8739045,16.66666667,39.73633382,31.81085675,-0.1635407273,-0.1713894219,1,1,18.25176208,32.91508331
12.96,17.87048927,16.66666667,39.71222322,31.8057339,-0.1629516148,-0.1707615264,1,1,18.24796453,32.98843464
12.98,17.86708653,16.66666667,39.68818079,31.8006298,-0.1623653747,-0.1701367334,1,1,18.24417687,33.06191599
13,17.86369623,16.66666667,39.6642063,31.79554435,-0.1617819898,-0.1695150247,1,1,18.24039906,33.13552765
13.02,17.86031831,16.66666667,39.64029949,31.79047746,-0.1612014434,-0.1688963819,1,1,18.23663107,33.20926994
13.04,17.85695269,16.66666667,39.61646011,31.78542903,-0.1606237186,-0.1682807869,1,1,18.23287288,33.28314316
13.06,17.85359933,16.66666667,39.59268792,31.78039899,-0.1600487987,-0.1676682214,1,1,18.22912445,33.35714763
13.08,17.85025815,16.66666667,39.56898268,31.77538723,-0.1594766671,-0.1670586676,1,1,18.22538576,33.43128366
13.1,17.84692911,16.66666667,39.54534414,31.77039366,-0.1589073073,-0.1664521075,1,1,18.22165676,33.50555156
13.12,17.84361214,16.66666667,39.52177206,31.76541821,-0.1583407029,-0.1658485235,1,1,18.21793744,33.57995165
13.14,17.84030718,16.66666667,39.4982662,31.76046077,-0.1577768376,-0.1652478979,1,1,18.21422775,33.65448424
13.16,17.83701418,16.66666667,39.47482632,31.75552127,-0.1572156953,-0.1646502131,1,1,18.21052768,33.72914965
13.18,17.83373307,16.66666667,39.45145219,31.7505996,-0.1566572598,-0.1640554516,1,1,18.20683718,33.8039482
13.2,17.8304638,16.66666667,39.42814355,31.74569569,-0.1561015152,-0.1634635963,1,1,18.20315624,33.87888022
13.22,17.8272063,16.66666667,39.40490018,31.74080946,-0.1555484456,-0.1628746298,1,1,18.19948481,33.95394602
13.24,17.82396053,16.66666667,39.38172185,31.7359408,-0.1549980351,-0.1622885351,1,1,18.19582288,34.02914592
13.26,17.82072643,16.66666667,39.35860831,31.73108964,-0.1544502681,-0.1617052951,1,1,18.1921704,34.10448026
13.28,17.81750393,16.66666667,39.33555934,31.72625589,-0.153905129,-0.1611248929,1,1,18.18852736,34.17994935
13.3,17.81429298,16.66666667,39.31257471,31.72143947,-0.1533626023,-0.1605473118,1,1,18.18489371,34.25555353
13.32,17.81109353,16.66666667,39.28965417,31.7166403,-0.1528226726,-0.159972535,1,1,18.18126944,34.33129312
13.34,17.80790552,16.66666667,39.26679752,31.71185828,-0.1522853245,-0.159400546,1,1,18.17765451,34.40716845
13.36,17.80472889,16.66666667,39.24400451,31.70709334,-0.151750543,-0.1588313283,1,1,18.1740489,34.48317986
13.38,17.8015636,16.66666667,39.22127491,31.7023454,-0.1512183128,-0.1582648655,1,1,18.17045257,34.55932768
13.4,17.79840957,16.66666667,39.19860852,31.69761436,-0.1506886189,-0.1577011413,1,1,18.1668655,34.63561224
13.42,17.79526677,16.66666667,39.17600509,31.69290016,-0.1501614464,-0.1571401395,1,1,18.16328765,34.71203388
13.44,17.79213513,16.66666667,39.1534644,31.6882027,-0.1496367806,-0.156581844,1,1,18.15971901,34.78859293
13.46,17.78901461,16.66666667,39.13098624,31.68352192,-0.1491146065,-0.156026239,1,1,18.15615953,34.86528974
13.48,17.78590514,16.66666667,39.10857037,31.67885772,-0.1485949097,-0.1554733084,1,1,18.1526092,34.94212463
13.5,17.78280668,16.66666667,39.08621659,31.67421002,-0.1480776754,-0.1549230365,1,1,18.14906798,35.01909797
13.52,17.77971918,16.66666667,39.06392466,31.66957876,-0.1475628894,-0.1543754076,1,1,18.14553585,35.09621007
13.54,17.77664257,16.66666667,39.04169438,31.66496385,-0.1470505371,-0.1538304061,1,1,18.14201277,35.1734613
13.56,17.77357681,16.66666667,39.01952552,31.66036521,-0.1465406044,-0.1532880166,1,1,18.13849873,35.25085199
13.58,17.77052184,16.66666667,38.99741786,31.65578276,-0.1460330769,-0.1527482236,1,1,18.13499369,35.3283825
13.6,17.76747762,16.66666667,38.9753712,31.65121643,-0.1455279407,-0.1522110119,1,1,18.13149762,35.40605316
13.62,17.76444409,16.66666667,38.95338532,31.64666614,-0.1450251816,-0.1516763662,1,1,18.1280105,35.48386433
13.64,17.76142121,16.66666667,38.93146,31.64213181,-0.1445247858,-0.1511442714,1,1,18.1245323,35.56181636
13.66,17.75840891,16.66666667,38.90959503,31.63761337,-0.1440267394,-0.1506147126,1,1,18.121063,35.6399096
13.68,17.75540716,16.66666667,38.8877902,31.63311074,-0.1435310287,-0.1500876747,1,1,18.11760256,35.7181444
13.7,17.7524159,16.66666667,38.86604531,31.62862385,-0.14303764,-0.149563143,1,1,18.11415096,35.79652111
13.72,17.74943508,16.66666667,38.84436013,31.62415261,-0.1425465596,-0.1490411028,1,1,18.11070817,35.87504011
13.74,17.74646465,16.66666667,38.82273447,31.61969697,-0.1420577742,-0.1485215393,1,1,18.10727417,35.95370173
13.76,17.74350456,16.66666667,38.80116811,31.61525684,-0.1415712703,-0.1480044381,1,1,18.10384892,36.03250634
13.78,17.74055476,16.66666667,38.77966085,31.61083214,-0.1410870346,-0.1474897847,1,1,18.10043241,36.11145429
13.8,17.73761521,16.66666667,38.75821248,31.60642282,-0.1406050538,-0.1469775647,1,1,18.0970246,36.19054596
13.82,17.73468585,16.66666667,38.7368228,31.60202878,-0.1401253147,-0.1464677638,1,1,18.09362547,36.2697817
13.84,17.73176665,16.66666667,38.71549161,31.59764997,-0.1396478044,-0.1459603679,1,1,18.09023499,36.34916187
13.86,17.72885754,16.66666667,38.6942187,31.59328631,-0.1391725097,-0.1454553628,1,1,18.08685315,36.42868685
13.88,17.72595849,16.66666667,38.67300388,31.58893773,-0.1386994178,-0.1449527346,1,1,18.0834799,36.50835699
13.9,17.72306944,16.66666667,38.65184693,31.58460415,-0.1382285159,-0.1444524692,1,1,18.08011522,36.58817267
13.92,17.72019035,16.66666667,38.63074767,31.58028552,-0.1377597912,-0.143954553,1,1,18.0767591,36.66813424
13.94,17.71732117,16.66666667,38.60970588,31.57598175,-0.1372932309,-0.143458972,1,1,18.07341149,36.7482421
13.96,17.71446185,16.66666667,38.58872139,31.57169278,-0.1368288227,-0.1429657127,1,1,18.07007239,36.82849659
13.98,17.71161236,16.66666667,38.56779398,31.56741853,-0.1363665538,-0.1424747615,1,1,18.06674176,36.90889811
14,17.70877263,16.66666667,38.54692346,31.56315895,-0.135906412,-0.1419861049,1,1,18.06341957,36.98944702
14.02,17.70594264,16.66666667,38.52610964,31.55891396,-0.1354483847,-0.1414997295,1,1,18.0601058,37.07014369
14.04,17.70312233,16.66666667,38.50535233,31.55468349,-0.1349924599,-0.1410156219,1,1,18.05680043,37.15098851
14.06,17.70031165,16.66666667,38.48465132,31.55046748,-0.1345386252,-0.1405337689,1,1,18.05350344,37.23198185
14.08,17.69751057,16.66666667,38.46400643,31.54626585,-0.1340868686,-0.1400541574,1,1,18.05021478,37.3131241
14.1,17.69471903,16.66666667,38.44341747,31.54207855,-0.1336371779,-0.1395767743,1,1,18.04693445,37.39441563
14.12,17.691937,16.66666667,38.42288424,31.5379055,-0.1331895413,-0.1391016066,1,1,18.04366241,37.47585682
14.14,17.68916443,16.66666667,38.40240656,31.53374664,-0.1327439468,-0.1386286414,1,1,18.04039865,37.55744806
14.16,17.68640127,16.66666667,38.38198424,31.52960191,-0.1323003827,-0.1381578658,1,1,18.03714313,37.63918973
14.18,17.68364749,16.66666667,38.36161708,31.52547123,-0.1318588371,-0.1376892672,1,1,18.03389584,37.72108223
14.2,17.68090303,16.66666667,38.34130491,31.52135454,-0.1314192985,-0.1372228328,1,1,18.03065674,37.80312593
14.22,17.67816786,16.66666667,38.32104753,31.51725179,-0.1309817551,-0.13675855,1,1,18.02742582,37.88532122
14.24,17.67544193,16.66666667,38.30084477,31.51316289,-0.1305461956,-0.1362964064,1,1,18.02420304,37.9676685
14.26,17.6727252,16.66666667,38.28069643,31.5090878,-0.1301126084,-0.1358363896,1,1,18.02098839,38.05016815
14.28,17.67001763,16.66666667,38.26060234,31.50502645,-0.1296809822,-0.1353784871,1,1,18.01778184,38.13282058
14.3,17.66731918,16.66666667,38.2405623,31.50097877,-0.1292513057,-0.1349226867,1,1,18.01458337,38.21562616
14.32,17.6646298,16.66666667,38.22057615,31.4969447,-0.1288235676,-0.1344689762,1,1,18.01139296,38.29858531
14.34,17.66194945,16.66666667,38.20064369,31.49292418,-0.1283977568,-0.1340173435,1,1,18.00821057,38.3816984
14.36,17.6592781,16.66666667,38.18076474,31.48891714,-0.1279738622,-0.1335677766,1,1,18.00503619,38.46496585
14.38,17.65661569,16.66666667,38.16093914,31.48492354,-0.1275518728,-0.1331202634,1,1,18.00186979,38.54838805
14.4,17.6539622,16.66666667,38.14116669,31.48094329,-0.1271317775,-0.1326747922,1,1,17.99871135,38.6319654
14.42,17.65131757,16.66666667,38.12144723,31.47697635,-0.1267135657,-0.132231351,1,1,17.99556084,38.7156983
14.44,17.64868177,16.66666667,38.10178057,31.47302265,-0.1262972263,-0.1317899282,1,1,17.99241825,38.79958715
14.46,17.64605476,16.66666667,38.08216654,31.46908214,-0.1258827488,-0.131350512,1,1,17.98928355,38.88363236
14.48,17.6434365,16.66666667,38.06260496,31.46515475,-0.1254701224,-0.130913091,1,1,17.98615671,38.96783434
14.5,17.64082694,16.66666667,38.04309566,31.46124042,-0.1250593365,-0.1304776535,1,1,17.98303771,39.05219349
14.52,17.63822606,16.66666667,38.02363846,31.45733909,-0.1246503805,-0.1300441881,1,1,17.97992654,39.13671021
14.54,17.63563381,16.66666667,38.0042332,31.45345071,-0.1242432441,-0.1296126835,1,1,17.97682316,39.22138493
14.56,17.63305014,16.66666667,37.98487969,31.44957522,-0.1238379168,-0.1291831284,1,1,17.97372756,39.30621804
14.58,17.63047503,16.66666667,37.96557777,31.44571255,-0.1234343882,-0.1287555114,1,1,17.97063971,39.39120996
14.6,17.62790844,16.66666667,37.94632727,31.44186266,-0.1230326481,-0.1283298216,1,1,17.96755959,39.47636111
14.62,17.62535032,16.66666667,37.92712802,31.43802548,-0.1226326863,-0.1279060477,1,1,17.96448717,39.56167189
14.64,17.62280063,16.66666667,37.90797984,31.43420095,-0.1222344926,-0.1274841788,1,1,17.96142244,39.64714273
14.66,17.62025935,16.66666667,37.88888257,31.43038902,-0.121838057,-0.1270642039,1,1,17.95836538,39.73277403
14.68,17.61772643,16.66666667,37.86983605,31.42658964,-0.1214433694,-0.1266461121,1,1,17.95531595,39.81856622
14.7,17.61520183,16.66666667,37.8508401,31.42280274,-0.1210504199,-0.1262298927,1,1,17.95227414,39.90451972
14.72,17.61268552,16.66666667,37.83189456,31.41902828,-0.1206591986,-0.1258155349,1,1,17.94923992,39.99063495
14.74,17.61017746,16.66666667,37.81299926,31.41526619,-0.1202696957,-0.125403028,1,1,17.94621328,40.07691233
14.76,17.60767761,16.66666667,37.79415405,31.41151642,-0.1198819014,-0.1249923614,1,1,17.94319419,40.16335228
14.78,17.60518594,16.66666667,37.77535874,31.40777891,-0.119495806,-0.1245835246,1,1,17.94018263,40.24995523
14.8,17.60270241,16.66666667,37.75661319,31.40405362,-0.1191113998,-0.1241765071,1,1,17.93717858,40.33672161
14.82,17.60022698,16.66666667,37.73791723,31.40034048,-0.1187286734,-0.1237712985,1,1,17.93418202,40.42365183
14.84,17.59775963,16.66666667,37.7192707,31.39663944,-0.1183476171,-0.1233678885,1,1,17.93119292,40.51074633
14.86,17.5953003,16.66666667,37.70067343,31.39295045,-0.1179682216,-0.1229662668,1,1,17.92821126,40.59800555
14.88,17.59284897,16.66666667,37.68212527,31.38927346,-0.1175904774,-0.1225664232,1,1,17.92523703,40.6854299
14.9,17.59040561,16.66666667,37.66362606,31.38560841,-0.1172143751,-0.1221683475,1,1,17.9222702,40.77301982
14.92,17.58797016,16.66666667,37.64517564,31.38195525,-0.1168399056,-0.1217720297,1,1,17.91931074,40.86077575
14.94,17.58554262,16.66666667,37.62677384,31.37831392,-0.1164670596,-0.1213774598,1,1,17.91635865,40.94869812
14.96,17.58312292,16.66666667,37.60842052,31.37468438,-0.1160958279,-0.1209846278,1,1,17.91341389,41.03678736
14.98,17.58071105,16.66666667,37.59011551,31.37106658,-0.1157262015,-0.1205935238,1,1,17.91047645,41.12504391
15,17.57830697,16.66666667,37.57185867,31.36746045,-0.1153581712,-0.120204138,1,1,17.90754631,41.21346822
15.02,17.57591064,16.66666667,37.55364983,31.36386596,-0.1149917281,-0.1198164607,1,1,17.90462344,41.30206072
15.04,17.57352203,16.66666667,37.53548883,31.36028305,-0.1146268634,-0.1194304821,1,1,17.90170782,41.39082185
15.06,17.57114111,16.66666667,37.51737553,31.35671166,-0.114263568,-0.1190461926,1,1,17.89879944,41.47975205
15.08,17.56876784,16.66666667,37.49930978,31.35315175,-0.1139018332,-0.1186635826,1,1,17.89589827,41.56885178
15.1,17.56640218,16.66666667,37.48129141,31.34960327,-0.1135416502,-0.1182826427,1,1,17.89300429,41.65812146
15.12,17.56404412,16.66666667,37.46332028,31.34606617,-0.1131830104,-0.1179033633,1,1,17.89011749,41.74756155
15.14,17.5616936,16.66666667,37.44539624,31.3425404,-0.112825905,-0.117525735,1,1,17.88723783,41.8371725
15.16,17.55935061,16.66666667,37.42751913,31.33902591,-0.1124703255,-0.1171497486,1,1,17.88436531,41.92695476
15.18,17.5570151,16.66666667,37.4096888,31.33552265,-0.1121162634,-0.1167753948,1,1,17.8814999,42.01690877
15.2,17.55468704,16.66666667,37.39190512,31.33203057,-0.1117637101,-0.1164026643,1,1,17.87864158,42.10703498
15.22,17.55236641,16.66666667,37.37416792,31.32854962,-0.1114126572,-0.1160315479,1,1,17.87579033,42.19733385
15.24,17.55005317,16.66666667,37.35647705,31.32507976,-0.1110630965,-0.1156620367,1,1,17.87294613,42.28780583
15.26,17.54774729,16.66666667,37.33883238,31.32162094,-0.1107150194,-0.1152941215,1,1,17.87010896,42.37845138
15.28,17.54544873,16.66666667,37.32123375,31.3181731,-0.1103684178,-0.1149277933,1,1,17.8672788,42.46927096
15.3,17.54315747,16.66666667,37.30368103,31.31473621,-0.1100232834,-0.1145630433,1,1,17.86445563,42.56026501
15.32,17.54087348,16.66666667,37.28617405,31.31131021,-0.1096796081,-0.1141998625,1,1,17.86163943,42.651434
15.34,17.53859671,16.66666667,37.26871268,31.30789507,-0.1093373838,-0.1138382421,1,1,17.85883019,42.74277839
15.36,17.53632715,16.66666667,37.25129678,31.30449072,-0.1089966023,-0.1134781734,1,1,17.85602788,42.83429863
15.38,17.53406476,16.66666667,37.23392619,31.30109713,-0.1086572558,-0.1131196478,1,1,17.85323248,42.9259952
15.4,17.5318095,16.66666667,37.21660078,31.29771425,-0.1083193361,-0.1127626564,1,1,17.85044397,43.01786856
15.42,17.52956136,16.66666667,37.19932041,31.29434204,-0.1079828355,-0.1124071908,1,1,17.84766234,43.10991917
15.44,17.52732029,16.66666667,37.18208492,31.29098044,-0.1076477461,-0.1120532424,1,1,17.84488756,43.20214749
15.46,17.52508628,16.66666667,37.16489419,31.28762942,-0.10731406,-0.1117008027,1,1,17.84211962,43.294554
15.48,17.52285928,16.66666667,37.14774807,31.28428892,-0.1069817695,-0.1113498632,1,1,17.8393585,43.38713916
15.5,17.52063927,16.66666667,37.13064642,31.28095891,-0.1066508668,-0.1110004157,1,1,17.83660417,43.47990344
15.52,17.51842622,16.66666667,37.11358909,31.27763933,-0.1063213444,-0.1106524518,1,1,17.83385662,43.57284732
15.54,17.5162201,16.66666667,37.09657596,31.27433016,-0.1059931946,-0.1103059632,1,1,17.83111583,43.66597127
15.56,17.51402088,16.66666667,37.07960689,31.27103133,-0.1056664098,-0.1099609417,1,1,17.82838178,43.75927575
15.58,17.51182854,16.66666667,37.06268173,31.26774281,-0.1053409826,-0.1096173792,1,1,17.82565445,43.85276126
15.6,17.50964303,16.66666667,37.04580034,31.26446455,-0.1050169054,-0.1092752675,1,1,17.82293383,43.94642825
15.62,17.50746434,16.66666667,37.0289626,31.26119651,-0.1046941708,-0.1089345985,1,1,17.82021989,44.04027721
15.64,17.50529243,16.66666667,37.01216837,31.25793865,-0.1043727715,-0.1085953643,1,1,17.81751261,44.13430863
15.66,17.50312728,16.66666667,36.99541751,31.25469092,-0.1040527001,-0.1082575568,1,1,17.81481198,44.22852297
15.68,17.50096886,16.66666667,36.97870988,31.25145329,-0.1037339494,-0.1079211683,1,1,17.81211798,44.32292071
15.7,17.49881713,16.66666667,36.96204535,31.2482257,-0.103416512,-0.1075861908,1,1,17.8094306,44.41750236
15.72,17.49667208,16.66666667,36.94542379,31.24500812,-0.103100381,-0.1072526165,1,1,17.8067498,44.51226837
15.74,17.49453367,16.66666667,36.92884507,31.24180051,-0.102785549,-0.1069204376,1,1,17.80407558,44.60721925
15.76,17.49240188,16.66666667,36.91230905,31.23860282,-0.1024720089,-0.1065896466,1,1,17.80140791,44.70235548
15.78,17.49027668,16.66666667,36.89581559,31.23541501,-0.1021597539,-0.1062602355,1,1,17.79874678,44.79767754
15.8,17.48815803,16.66666667,36.87936458,31.23223705,-0.1018487767,-0.105932197,1,1,17.79609217,44.89318593
15.82,17.48604592,16.66666667,36.86295587,31.22906888,-0.1015390705,-0.1056055234,1,1,17.79344407,44.98888113
15.84,17.48394032,16.66666667,36.84658934,31.22591048,-0.1012306283,-0.1052802072,1,1,17.79080244,45.08476363
15.86,17.48184119,16.66666667,36.83026486,31.22276179,-0.1009234433,-0.1049562408,1,1,17.78816728,45.18083394
15.88,17.47974852,16.66666667,36.8139823,31.21962278,-0.1006175087,-0.104633617,1,1,17.78553857,45.27709253
15.9,17.47766227,16.66666667,36.79774152,31.21649341,-0.1003128176,-0.1043123284,1,1,17.78291629,45.37353992
15.92,17.47558243,16.66666667,36.78154241,31.21337364,-0.1000093632,-0.1039923675,1,1,17.78030042,45.47017659
15.94,17.47350895,16.66666667,36.76538483,31.21026343,-0.09970713901,-0.1036737272,1,1,17.77769095,45.56700303
15.96,17.47144182,16.66666667,36.74926866,31.20716273,-0.09940613822,-0.1033564001,1,1,17.77508785,45.66401976
15.98,17.46938102,16.66666667,36.73319376,31.20407152,-0.09910635424,-0.1030403792,1,1,17.77249111,45.76122727
16,17.4673265,16.66666667,36.71716002,31.20098975,-0.09880778051,-0.1027256572,1,1,17.76990072,45.85862607
16.02,17.46527826,16.66666667,36.7011673,31.19791739,-0.09851041048,-0.102412227,1,1,17.76731665,45.95621664
16.04,17.46323626,16.66666667,36.68521549,31.19485438,-0.09821423766,-0.1021000817,1,1,17.76473889,46.05399951
16.06,17.46120047,16.66666667,36.66930446,31.19180071,-0.09791925559,-0.1017892142,1,1,17.76216742,46.15197517
16.08,17.45917088,16.66666667,36.65343408,31.18875632,-0.09762545787,-0.1014796175,1,1,17.75960222,46.25014413
16.1,17.45714745,16.66666667,36.63760423,31.18572118,-0.09733283813,-0.1011712847,1,1,17.75704328,46.3485069
16.12,17.45513017,16.66666667,36.62181479,31.18269525,-0.09704139003,-0.100864209,1,1,17.75449057,46.44706399
16.14,17.453119,16.66666667,36.60606563,31.1796785,-0.09675110728,-0.1005583835,1,1,17.75194409,46.54581591
16.16,17.45111393,16.66666667,36.59035663,31.17667089,-0.09646198363,-0.1002538014,1,1,17.74940382,46.64476316
16.18,17.44911492,16.66666667,36.57468768,31.17367238,-0.09617401288,-0.09995045597,1,1,17.74686973,46.74390627
16.2,17.44712195,16.66666667,36.55905864,31.17068293,-0.09588718883,-0.09964834052,1,1,17.74434181,46.84324575
16.22,17.445135,16.66666667,36.54346941,31.1677025,-0.09560150538,-0.09934744839,1,1,17.74182005,46.9427821
16.24,17.44315405,16.66666667,36.52791985,31.16473107,-0.09531695641,-0.09904777294,1,1,17.73930442,47.04251586
16.26,17.44117906,16.66666667,36.51240985,31.16176859,-0.09503353587,-0.09874930762,1,1,17.73679492,47.14244753
16.28,17.43921002,16.66666667,36.49693929,31.15881503,-0.09475123774,-0.09845204588,1,1,17.73429152,47.24257764
16.3,17.4372469,16.66666667,36.48150806,31.15587035,-0.09447005605,-0.09815598123,1,1,17.73179421,47.34290671
16.32,17.43528968,16.66666667,36.46611602,31.15293452,-0.09418998485,-0.09786110722,1,1,17.72930297,47.44343525
16.34,17.43333833,16.66666667,36.45076308,31.15000749,-0.09391101823,-0.09756741743,1,1,17.72681778,47.5441638
16.36,17.43139283,16.66666667,36.4354491,31.14708925,-0.09363315034,-0.09727490549,1,1,17.72433864,47.64509287
16.38,17.42945316,16.66666667,36.42017397,31.14417974,-0.09335637533,-0.09698356508,1,1,17.72186551,47.746223
16.4,17.42751929,16.66666667,36.40493758,31.14127894,-0.09308068741,-0.0966933899,1,1,17.7193984,47.8475547
16.42,17.4255912,16.66666667,36.38973981,31.13838681,-0.09280608082,-0.0964043737,1,1,17.71693727,47.94908851
16.44,17.42366887,16.66666667,36.37458054,31.13550331,-0.09253254985,-0.09611651027,1,1,17.71448211,48.05082496
16.46,17.42175228,16.66666667,36.35945966,31.13262842,-0.09226008881,-0.09582979344,1,1,17.71203292,48.15276457
16.48,17.41984139,16.66666667,36.34437706,31.12976209,-0.09198869205,-0.09554421707,1,1,17.70958966,48.25490788
16.5,17.4179362,16.66666667,36.32933262,31.1269043,-0.09171835395,-0.09525977506,1,1,17.70715233,48.35725542
16.52,17.41603667,16.66666667,36.31432622,31.124055,-0.09144906894,-0.09497646138,1,1,17.70472091,48.45980773
16.54,17.41414278,16.66666667,36.29935776,31.12121418,-0.09118083146,-0.09469426998,1,1,17.70229538,48.56256534
16.56,17.41225452,16.66666667,36.28442712,31.11838178,-0.09091363603,-0.0944131949,1,1,17.69987574,48.6655288
16.58,17.41037185,16.66666667,36.26953419,31.11555778,-0.09064747714,-0.09413323019,1,1,17.69746195,48.76869863
16.6,17.40849477,16.66666667,36.25467886,31.11274215,-0.09038234938,-0.09385436995,1,1,17.69505401,48.87207538
16.62,17.40662324,16.66666667,36.23986101,31.10993485,-0.09011824733,-0.0935766083,1,1,17.6926519,48.97565958
16.64,17.40475724,16.66666667,36.22508054,31.10713585,-0.08985516562,-0.09329993942,1,1,17.6902556,49.07945179
16.66,17.40289675,16.66666667,36.21033733,31.10434512,-0.08959309891,-0.09302435752,1,1,17.68786511,49.18345254
16.68,17.40104175,16.66666667,36.19563128,31.10156263,-0.08933204191,-0.09274985683,1,1,17.6854804,49.28766239
16.7,17.39919222,16.66666667,36.18096228,31.09878834,-0.08907198932,-0.09247643164,1,1,17.68310145,49.39208186
16.72,17.39734814,16.66666667,36.16633021,31.09602221,-0.08881293593,-0.09220407625,1,1,17.68072827,49.49671153
16.74,17.39550949,16.66666667,36.15173496,31.09326423,-0.08855487651,-0.09193278503,1,1,17.67836081,49.60155192
16.76,17.39367624,16.66666667,36.13717644,31.09051435,-0.08829780591,-0.09166255234,1,1,17.67599908,49.70660359
16.78,17.39184837,16.66666667,36.12265453,31.08777255,-0.08804171898,-0.09139337263,1,1,17.67364306,49.8118671
16.8,17.39002586,16.66666667,36.10816912,31.08503879,-0.0877866106,-0.09112524034,1,1,17.67129273,49.917343
16.82,17.3882087,16.66666667,36.09372011,31.08231305,-0.08753247571,-0.09085814996,1,1,17.66894808,50.02303183
16.84,17.38639686,16.66666667,36.07930738,31.07959529,-0.08727930926,-0.09059209602,1,1,17.66660909,50.12893416
16.86,17.38459032,16.66666667,36.06493084,31.07688548,-0.08702710624,-0.09032707308,1,1,17.66427574,50.23505054
16.88,17.38278906,16.66666667,36.05059038,31.07418358,-0.08677586166,-0.09006307573,1,1,17.66194803,50.34138153
16.9,17.38099305,16.66666667,36.0362859,31.07148958,-0.08652557057,-0.08980009861,1,1,17.65962593,50.44792769
16.92,17.37920229,16.66666667,36.02201728,31.06880344,-0.08627622806,-0.08953813636,1,1,17.65730943,50.55468958
16.94,17.37741675,16.66666667,36.00778442,31.06612512,-0.08602782923,-0.0892771837,1,1,17.65499853,50.66166776
16.96,17.3756364,16.66666667,35.99358722,31.0634546,-0.08578036922,-0.08901723534,1,1,17.65269319,50.76886279
16.98,17.37386124,16.66666667,35.97942558,31.06079185,-0.08553384322,-0.08875828605,1,1,17.65039341,50.87627524
17,17.37209123,16.66666667,35.96529939,31.05813684,-0.08528824641,-0.08850033062,1,1,17.64809918,50.98390568
17.02,17.37032636,16.66666667,35.95120854,31.05548954,-0.08504357404,-0.08824336389,1,1,17.64581047,51.09175466
17.04,17.36856661,16.66666667,35.93715295,31.05284992,-0.08479982136,-0.0879873807,1,1,17.64352727,51.19982277
17.06,17.36681197,16.66666667,35.9231325,31.05021795,-0.08455698366,-0.08773237595,1,1,17.64124958,51.30811056
17.08,17.3650624,16.66666667,35.90914708,31.0475936,-0.08431505626,-0.08747834457,1,1,17.63897736,51.41661861
17.1,17.36331789,16.66666667,35.89519662,31.04497684,-0.08407403452,-0.0872252815,1,1,17.63671062,51.5253475
17.12,17.36157843,16.66666667,35.88128099,31.04236765,-0.08383391381,-0.08697318175,1,1,17.63444933,51.63429779
17.14,17.35984399,16.66666667,35.86740009,31.03976599,-0.08359468954,-0.08672204031,1,1,17.63219349,51.74347006
17.16,17.35811455,16.66666667,35.85355384,31.03717183,-0.08335635714,-0.08647185225,1,1,17.62994307,51.85286488
17.18,17.3563901,16.66666667,35.83974213,31.03458515,-0.08311891208,-0.08622261264,1,1,17.62769806,51.96248284
17.2,17.35467061,16.66666667,35.82596486,31.03200592,-0.08288234985,-0.0859743166,1,1,17.62545845,52.07232452
17.22,17.35295608,16.66666667,35.81222192,31.02943411,-0.08264666598,-0.08572695926,1,1,17.62322423,52.18239048
17.24,17.35124646,16.66666667,35.79851323,31.0268697,-0.082411856,-0.08548053579,1,1,17.62099537,52.29268133
17.26,17.34954176,16.66666667,35.78483868,31.02431265,-0.08217791549,-0.08523504141,1,1,17.61877187,52.40319762
17.28,17.34784195,16.66666667,35.77119818,31.02176293,-0.08194484006,-0.08499047134,1,1,17.61655372,52.51393996
17.3,17.34614702,16.66666667,35.75759162,31.01922053,-0.08171262533,-0.08474682083,1,1,17.61434089,52.62490893
17.32,17.34445694,16.66666667,35.74401891,31.0166854,-0.08148126698,-0.08450408519,1,1,17.61213337,52.73610511
17.34,17.34277169,16.66666667,35.73047996,31.01415754,-0.08125076066,-0.08426225974,1,1,17.60993115,52.8475291
17.36,17.34109126,16.66666667,35.71697467,31.0116369,-0.08102110211,-0.08402133981,1,1,17.60773422,52.95918147
17.38,17.33941564,16.66666667,35.70350293,31.00912346,-0.08079228706,-0.08378132079,1,1,17.60554256,53.07106283
17.4,17.33774479,16.66666667,35.69006466,31.00661719,-0.08056431126,-0.0835421981,1,1,17.60335616,53.18317376
17.42,17.33607871,16.66666667,35.67665976,31.00411807,-0.08033717051,-0.08330396715,1,1,17.601175,53.29551486
17.44,17.33441738,16.66666667,35.66328813,31.00162607,-0.08011086063,-0.08306662342,1,1,17.59899908,53.40808672
17.46,17.33276078,16.66666667,35.64994968,30.99914117,-0.07988537746,-0.0828301624,1,1,17.59682837,53.52088994
17.48,17.33110889,16.66666667,35.63664432,30.99666333,-0.07966071686,-0.0825945796,1,1,17.59466286,53.63392512
17.5,17.32946169,16.66666667,35.62337195,30.99419254,-0.07943687473,-0.08235987058,1,1,17.59250255,53.74719285
17.52,17.32781917,16.66666667,35.61013247,30.99172875,-0.07921384698,-0.08212603091,1,1,17.59034741,53.86069374
17.54,17.32618131,16.66666667,35.5969258,30.98927196,-0.07899162957,-0.0818930562,1,1,17.58819743,53.97442839
17.56,17.32454809,16.66666667,35.58375184,30.98682213,-0.07877021845,-0.08166094207,1,1,17.58605261,54.0883974
17.58,17.3229195,16.66666667,35.5706105,30.98437924,-0.07854960962,-0.08142968418,1,1,17.58391292,54.20260137
17.6,17.32129551,16.66666667,35.55750168,30.98194327,-0.07832979909,-0.08119927821,1,1,17.58177835,54.31704091
17.62,17.31967612,16.66666667,35.5444253,30.97951417,-0.07811078292,-0.08096971988,1,1,17.57964889,54.43171663
17.64,17.3180613,16.66666667,35.53138125,30.97709194,-0.07789255717,-0.08074100493,1,1,17.57752453,54.54662914
17.66,17.31645103,16.66666667,35.51836946,30.97467655,-0.07767511792,-0.08051312911,1,1,17.57540525,54.66177904
17.68,17.31484531,16.66666667,35.50538983,30.97226797,-0.0774584613,-0.08028608821,1,1,17.57329104,54.77716695
17.7,17.31324411,16.66666667,35.49244227,30.96986617,-0.07724258343,-0.08005987806,1,1,17.57118189,54.89279348
17.72,17.31164742,16.66666667,35.47952669,30.96747114,-0.07702748049,-0.07983449449,1,1,17.56907778,55.00865924
17.74,17.31005523,16.66666667,35.466643,30.96508284,-0.07681314866,-0.07960993337,1,1,17.5669787,55.12476485
17.76,17.3084675,16.66666667,35.4537911,30.96270125,-0.07659958415,-0.07938619059,1,1,17.56488464,55.24111092
17.78,17.30688424,16.66666667,35.44097092,30.96032635,-0.07638678318,-0.07916326208,1,1,17.56279558,55.35769808
17.8,17.30530541,16.66666667,35.42818236,30.95795812,-0.07617474202,-0.07894114377,1,1,17.56071151,55.47452694
17.82,17.30373102,16.66666667,35.41542533,30.95559653,-0.07596345695,-0.07871983163,1,1,17.55863243,55.59159812
17.84,17.30216103,16.66666667,35.40269974,30.95324155,-0.07575292426,-0.07849932165,1,1,17.55655831,55.70891225
17.86,17.30059544,16.66666667,35.39000551,30.95089316,-0.07554314028,-0.07827960986,1,1,17.55448914,55.82646995
17.88,17.29903422,16.66666667,35.37734254,30.94855134,-0.07533410135,-0.07806069229,1,1,17.55242491,55.94427184
17.9,17.29747737,16.66666667,35.36471076,30.94621606,-0.07512580385,-0.07784256502,1,1,17.55036561,56.06231855
17.92,17.29592487,16.66666667,35.35211007,30.9438873,-0.07491824416,-0.07762522413,1,1,17.54831122,56.18061071
17.94,17.2943767,16.66666667,35.33954039,30.94156504,-0.07471141869,-0.07740866573,1,1,17.54626174,56.29914895
17.96,17.29283284,16.66666667,35.32700163,30.93924926,-0.07450532389,-0.07719288597,1,1,17.54421714,56.41793389
17.98,17.29129328,16.66666667,35.3144937,30.93693992,-0.0742999562,-0.076977881,1,1,17.54217742,56.53696618
18,17.28975801,16.66666667,35.30201652,30.93463701,-0.07409531211,-0.07676364702,1,1,17.54014257,56.65624643
18.02,17.288227,16.66666667,35.28957,30.9323405,-0.07389138811,-0.07655018022,1,1,17.53811257,56.7757753
18.04,17.28670025,16.66666667,35.27715407,30.93005038,-0.07368818073,-0.07633747685,1,1,17.5360874,56.89555341
18.06,17.28517774,16.66666667,35.26476862,30.92776661,-0.07348568649,-0.07612553316,1,1,17.53406707,57.01558139
18.08,17.28365946,16.66666667,35.25241358,30.92548918,-0.07328390198,-0.07591434543,1,1,17.53205155,57.1358599
18.1,17.28214538,16.66666667,35.24008886,30.92321807,-0.07308282377,-0.07570390995,1,1,17.53004083,57.25638957
18.12,17.28063549,16.66666667,35.22779439,30.92095324,-0.07288244846,-0.07549422306,1,1,17.5280349,57.37717104
18.14,17.27912979,16.66666667,35.21553007,30.91869468,-0.07268277269,-0.07528528109,1,1,17.52603374,57.49820496
18.16,17.27762825,16.66666667,35.20329582,30.91644237,-0.07248379308,-0.07507708042,1,1,17.52403736,57.61949196
18.18,17.27613085,16.66666667,35.19109157,30.91419628,-0.07228550632,-0.07486961743,1,1,17.52204572,57.7410327
18.2,17.2746376,16.66666667,35.17891721,30.91195639,-0.07208790909,-0.07466288854,1,1,17.52005883,57.86282782
18.22,17.27314846,16.66666667,35.16677269,30.90972269,-0.07189099808,-0.07445689019,1,1,17.51807667,57.98487798
18.24,17.27166343,16.66666667,35.1546579,30.90749514,-0.07169477004,-0.07425161882,1,1,17.51609922,58.10718382
18.26,17.27018248,16.66666667,35.14257278,30.90527373,-0.07149922169,-0.07404707092,1,1,17.51412648,58.22974599
18.28,17.26870562,16.66666667,35.13051723,30.90305843,-0.07130434981,-0.07384324298,1,1,17.51215843,58.35256515
18.3,17.26723282,16.66666667,35.11849118,30.90084923,-0.07111015119,-0.07364013152,1,1,17.51019506,58.47564195
18.32,17.26576406,16.66666667,35.10649454,30.89864609,-0.07091662262,-0.0734377331,1,1,17.50823636,58.59897705
18.34,17.26429934,16.66666667,35.09452724,30.89644901,-0.07072376093,-0.07323604426,1,1,17.50628231,58.7225711
18.36,17.26283864,16.66666667,35.08258919,30.89425796,-0.07053156296,-0.07303506159,1,1,17.50433291,58.84642477
18.38,17.26138194,16.66666667,35.07068032,30.89207292,-0.07034002557,-0.0728347817,1,1,17.50238815,58.97053871
18.4,17.25992924,16.66666667,35.05880054,30.88989386,-0.07014914564,-0.07263520121,1,1,17.500448,59.09491359
18.42,17.25848051,16.66666667,35.04694978,30.88772077,-0.06995892008,-0.07243631677,1,1,17.49851247,59.21955007
18.44,17.25703575,16.66666667,35.03512795,30.88555363,-0.06976934579,-0.07223812503,1,1,17.49658153,59.34444881
18.46,17.25559494,16.66666667,35.02333498,30.88339241,-0.06958041972,-0.07204062269,1,1,17.49465518,59.46961048
18.48,17.25415806,16.66666667,35.01157078,30.88123709,-0.06939213882,-0.07184380645,1,1,17.4927334,59.59503575
18.5,17.25272511,16.66666667,34.99983528,30.87908766,-0.06920450006,-0.07164767304,1,1,17.49081619,59.72072529
18.52,17.25129607,16.66666667,34.9881284,30.8769441,-0.06901750042,-0.0714522192,1,1,17.48890353,59.84667976
18.54,17.24987092,16.66666667,34.97645007,30.87480637,-0.06883113694,-0.0712574417,1,1,17.4869954,59.97289985
18.56,17.24844965,16.66666667,34.96480019,30.87267447,-0.06864540661,-0.07106333732,1,1,17.48509181,60.09938621
18.58,17.24703225,16.66666667,34.95317871,30.87054838,-0.0684603065,-0.07086990286,1,1,17.48319273,60.22613954
18.6,17.24561871,16.66666667,34.94158553,30.86842806,-0.06827583366,-0.07067713515,1,1,17.48129816,60.3531605
18.62,17.24420901,16.66666667,34.93002059,30.86631351,-0.06809198518,-0.07048503104,1,1,17.47940808,60.48044977
18.64,17.24280314,16.66666667,34.9184838,30.86420471,-0.06790875814,-0.07029358737,1,1,17.47752249,60.60800803
18.66,17.24140108,16.66666667,34.90697509,30.86210162,-0.06772614967,-0.07010280103,1,1,17.47564136,60.73583597
18.68,17.24000283,16.66666667,34.89549439,30.86000424,-0.0675441569,-0.06991266892,1,1,17.4737647,60.86393426
18.7,17.23860836,16.66666667,34.88404161,30.85791255,-0.06736277697,-0.06972318796,1,1,17.47189248,60.99230359
18.72,17.23721768,16.66666667,34.87261668,30.85582651,-0.06718200705,-0.06953435508,1,1,17.4700247,61.12094464
18.74,17.23583075,16.66666667,34.86121953,30.85374613,-0.06700184432,-0.06934616724,1,1,17.46816135,61.24985811
18.76,17.23444758,16.66666667,34.84985008,30.85167137,-0.06682228598,-0.0691586214,1,1,17.46630241,61.37904467
18.78,17.23306815,16.66666667,34.83850825,30.84960222,-0.06664332924,-0.06897171457,1,1,17.46444787,61.50850502
18.8,17.23169244,16.66666667,34.82719398,30.84753866,-0.06646497135,-0.06878544374,1,1,17.46259773,61.63823985
18.82,17.23032044,16.66666667,34.81590719,30.84548066,-0.06628720954,-0.06859980595,1,1,17.46075197,61.76824986
18.84,17.22895215,16.66666667,34.80464779,30.84342822,-0.06611004109,-0.06841479824,1,1,17.45891058,61.89853573
18.86,17.22758754,16.66666667,34.79341573,30.84138131,-0.06593346327,-0.06823041767,1,1,17.45707355,62.02909817
18.88,17.2262266,16.66666667,34.78221092,30.83933991,-0.06575747337,-0.06804666132,1,1,17.45524087,62.15993787
18.9,17.22486933,16.66666667,34.7710333,30.837304,-0.06558206873,-0.06786352628,1,1,17.45341253,62.29105552
18.92,17.22351571,16.66666667,34.75988278,30.83527357,-0.06540724665,-0.06768100968,1,1,17.45158851,62.42245184
18.94,17.22216573,16.66666667,34.7487593,30.8332486,-0.06523300449,-0.06749910863,1,1,17.44976881,62.55412752
18.96,17.22081937,16.66666667,34.73766278,30.83122906,-0.06505933961,-0.0673178203,1,1,17.44795341,62.68608326
18.98,17.21947663,16.66666667,34.72659315,30.82921495,-0.06488624938,-0.06713714185,1,1,17.44614231,62.81831977
19,17.21813749,16.66666667,34.71555035,30.82720624,-0.06471373119,-0.06695707045,1,1,17.44433549,62.95083776
19.02,17.21680194,16.66666667,34.70453429,30.82520291,-0.06454178246,-0.06677760331,1,1,17.44253294,63.08363794
19.04,17.21546996,16.66666667,34.6935449,30.82320495,-0.0643704006,-0.06659873764,1,1,17.44073466,63.21672101
19.06,17.21414155,16.66666667,34.68258212,30.82121233,-0.06419958305,-0.06642047068,1,1,17.43894062,63.35008769
19.08,17.2128167,16.66666667,34.67164587,30.81922505,-0.06402932726,-0.06624279967,1,1,17.43715083,63.48373868
19.1,17.21149538,16.66666667,34.66073608,30.81724308,-0.0638596307,-0.06606572187,1,1,17.43536527,63.6176747
19.12,17.2101776,16.66666667,34.64985268,30.8152664,-0.06369049085,-0.06588923458,1,1,17.43358392,63.75189648
19.14,17.20886333,16.66666667,34.63899561,30.813295,-0.06352190521,-0.06571333508,1,1,17.43180679,63.88640472
19.16,17.20755257,16.66666667,34.62816478,30.81132886,-0.06335387129,-0.06553802069,1,1,17.43003385,64.02120014
19.18,17.20624531,16.66666667,34.61736014,30.80936796,-0.06318638661,-0.06536328874,1,1,17.4282651,64.15628347
19.2,17.20494152,16.66666667,34.6065816,30.80741228,-0.06301944872,-0.06518913657,1,1,17.42650053,64.29165542
19.22,17.20364121,16.66666667,34.59582911,30.80546182,-0.06285305517,-0.06501556154,1,1,17.42474012,64.42731673
19.24,17.20234436,16.66666667,34.58510259,30.80351654,-0.06268720353,-0.06484256103,1,1,17.42298388,64.56326811
19.26,17.20105096,16.66666667,34.57440197,30.80157644,-0.06252189138,-0.06467013243,1,1,17.42123177,64.69951029
19.28,17.19976099,16.66666667,34.56372718,30.79964149,-0.06235711631,-0.06449827315,1,1,17.4194838,64.836044
19.3,17.19847445,16.66666667,34.55307816,30.79771168,-0.06219287595,-0.0643269806,1,1,17.41773996,64.97286998
19.32,17.19719133,16.66666667,34.54245483,30.79578699,-0.06202916791,-0.06415625223,1,1,17.41600024,65.10998894
19.34,17.19591161,16.66666667,34.53185714,30.79386741,-0.06186598984,-0.06398608548,1,1,17.41426461,65.24740163
19.36,17.19463528,16.66666667,34.521285,30.79195292,-0.06170333938,-0.06381647783,1,1,17.41253308,65.38510878
19.38,17.19336233,16.66666667,34.51073836,30.79004349,-0.06154121421,-0.06364742676,1,1,17.41080564,65.52311112
19.4,17.19209275,16.66666667,34.50021714,30.78813912,-0.061379612,-0.06347892975,1,1,17.40908227,65.6614094
19.42,17.19082653,16.66666667,34.48972128,30.78623979,-0.06121853044,-0.06331098433,1,1,17.40736296,65.80000435
19.44,17.18956366,16.66666667,34.47925071,30.78434549,-0.06105796724,-0.06314358802,1,1,17.40564771,65.93889671
19.46,17.18830412,16.66666667,34.46880537,30.78245619,-0.06089792013,-0.06297673836,1,1,17.4039365,66.07808723
19.48,17.18704791,16.66666667,34.45838518,30.78057187,-0.06073838683,-0.0628104329,1,1,17.40222933,66.21757665
19.5,17.18579502,16.66666667,34.44799009,30.77869253,-0.06057936509,-0.06264466921,1,1,17.40052618,66.35736572
19.52,17.18454543,16.66666667,34.43762002,30.77681815,-0.06042085267,-0.06247944488,1,1,17.39882704,66.49745518
19.54,17.18329914,16.66666667,34.4272749,30.77494871,-0.06026284734,-0.06231475751,1,1,17.39713191,66.63784578
19.56,17.18205613,16.66666667,34.41695468,30.77308419,-0.06010534688,-0.06215060469,1,1,17.39544077,66.77853827
19.58,17.18081639,16.66666667,34.40665929,30.77122458,-0.0599483491,-0.06198698407,1,1,17.39375361,66.91953341
19.6,17.17957991,16.66666667,34.39638866,30.76936986,-0.0597918518,-0.06182389327,1,1,17.39207043,67.06083195
19.62,17.17834668,16.66666667,34.38614273,30.76752002,-0.0596358528,-0.06166132995,1,1,17.39039121,67.20243465
19.64,17.1771167,16.66666667,34.37592143,30.76567504,-0.05948034995,-0.06149929178,1,1,17.38871594,67.34434226
19.66,17.17588994,16.66666667,34.3657247,30.76383491,-0.05932534109,-0.06133777643,1,1,17.38704462,67.48655553
19.68,17.1746664,16.66666667,34.35555247,30.76199961,-0.05917082407,-0.06117678161,1,1,17.38537724,67.62907524
19.7,17.17344608,16.66666667,34.34540468,30.76016912,-0.05901679677,-0.061016305,1,1,17.38371378,67.77190215
19.72,17.17222895,16.66666667,34.33528126,30.75834343,-0.05886325708,-0.06085634435,1,1,17.38205423,67.91503701
19.74,17.17101501,16.66666667,34.32518215,30.75652252,-0.05871020288,-0.06069689736,1,1,17.38039859,68.05848059
19.76,17.16980425,16.66666667,34.31510729,30.75470638,-0.0585576321,-0.06053796181,1,1,17.37874685,68.20223367
19.78,17.16859666,16.66666667,34.30505662,30.75289499,-0.05840554264,-0.06037953543,1,1,17.37709899,68.346297
19.8,17.16739223,16.66666667,34.29503006,30.75108835,-0.05825393245,-0.06022161601,1,1,17.37545501,68.49067136
19.82,17.16619095,16.66666667,34.28502756,30.74928642,-0.05810279946,-0.06006420132,1,1,17.3738149,68.63535752
19.84,17.1649928,16.66666667,34.27504906,30.7474892,-0.05795214163,-0.05990728917,1,1,17.37217864,68.78035626
19.86,17.16379778,16.66666667,34.26509449,30.74569668,-0.05780195693,-0.05975087737,1,1,17.37054623,68.92566835
19.88,17.16260588,16.66666667,34.25516378,30.74390883,-0.05765224334,-0.05959496373,1,1,17.36891766,69.07129456
19.9,17.16141709,16.66666667,34.24525689,30.74212564,-0.05750299884,-0.0594395461,1,1,17.36729292,69.21723568
19.92,17.1602314,16.66666667,34.23537373,30.7403471,-0.05735422144,-0.05928462232,1,1,17.36567199,69.36349249
19.94,17.1590488,16.66666667,34.22551427,30.7385732,-0.05720590916,-0.05913019025,1,1,17.36405488,69.51006576
19.96,17.15786927,16.66666667,34.21567842,30.73680391,-0.05705806,-0.05897624776,1,1,17.36244157,69.65695629
19.98,17.15669282,16.66666667,34.20586613,30.73503922,-0.05691067202,-0.05882279274,1,1,17.36083205,69.80416486
20,17.15551942,16.66666667,34.19607734,30.73327913,-0.05676374326,-0.05866982309,1,1,17.35922631,69.95169225
20.02,17.15434907,16.66666667,34.18631199,30.73152361,-0.05661727177,-0.0585173367,1,1,17.35762434,70.09953925
20.04,17.15318177,16.66666667,34.17657002,30.72977265,-0.05647125562,-0.05836533151,1,1,17.35602614,70.24770666
20.06,17.15201749,16.66666667,34.16685136,30.72802624,-0.05632569289,-0.05821380543,1,1,17.35443169,70.39619527
20.08,17.15085624,16.66666667,34.15715595,30.72628435,-0.05618058168,-0.05806275643,1,1,17.35284099,70.54500586
20.1,17.14969799,16.66666667,34.14748374,30.72454699,-0.05603592007,-0.05791218245,1,1,17.35125402,70.69413925
20.12,17.14854275,16.66666667,34.13783467,30.72281412,-0.0558917062,-0.05776208146,1,1,17.34967078,70.84359622
20.14,17.1473905,16.66666667,34.12820867,30.72108575,-0.05574793816,-0.05761245144,1,1,17.34809125,70.99337757
20.16,17.14624124,16.66666667,34.11860569,30.71936185,-0.05560461411,-0.05746329038,1,1,17.34651543,71.1434841
20.18,17.14509494,16.66666667,34.10902566,30.71764241,-0.05546173217,-0.05731459628,1,1,17.34494332,71.29391663
20.2,17.14395162,16.66666667,34.09946853,30.71592742,-0.05531929051,-0.05716636715,1,1,17.34337489,71.44467594
20.22,17.14281124,16.66666667,34.08993423,30.71421687,-0.05517728729,-0.05701860102,1,1,17.34181014,71.59576286
20.24,17.14167382,16.66666667,34.08042271,30.71251073,-0.05503572068,-0.05687129592,1,1,17.34024906,71.74717817
20.26,17.14053933,16.66666667,34.07093391,30.71080899,-0.05489458887,-0.0567244499,1,1,17.33869165,71.89892271
20.28,17.13940777,16.66666667,34.06146778,30.70911165,-0.05475389005,-0.05657806102,1,1,17.33713789,72.05099727
20.3,17.13827913,16.66666667,34.05202424,30.70741869,-0.05461362242,-0.05643212734,1,1,17.33558778,72.20340267
20.32,17.13715339,16.66666667,34.04260325,30.70573009,-0.0544737842,-0.05628664695,1,1,17.3340413,72.35613972
20.34,17.13603056,16.66666667,34.03320474,30.70404584,-0.05433437361,-0.05614161793,1,1,17.33249845,72.50920925
20.36,17.13491062,16.66666667,34.02382867,30.70236593,-0.05419538889,-0.05599703838,1,1,17.33095921,72.66261207
20.38,17.13379356,16.66666667,34.01447496,30.70069034,-0.05405682828,-0.05585290642,1,1,17.32942359,72.81634899
20.4,17.13267938,16.66666667,34.00514356,30.69901906,-0.05391869004,-0.05570922017,1,1,17.32789157,72.97042085
20.42,17.13156806,16.66666667,33.99583442,30.69735209,-0.05378097242,-0.05556597776,1,1,17.32636313,73.12482846
20.44,17.13045959,16.66666667,33.98654748,30.69568939,-0.0536436737,-0.05542317733,1,1,17.32483828,73.27957266
20.46,17.12935398,16.66666667,33.97728267,30.69403097,-0.05350679216,-0.05528081704,1,1,17.32331701,73.43465427
20.48,17.1282512,16.66666667,33.96803996,30.6923768,-0.0533703261,-0.05513889505,1,1,17.3217993,73.59007411
20.5,17.12715125,16.66666667,33.95881926,30.69072688,-0.05323427381,-0.05499740954,1,1,17.32028514,73.74583302
20.52,17.12605412,16.66666667,33.94962054,30.68908119,-0.05309863361,-0.05485635868,1,1,17.31877454,73.90193183
20.54,17.12495981,16.66666667,33.94044374,30.68743971,-0.05296340382,-0.05471574067,1,1,17.31726747,74.05837138
20.56,17.1238683,16.66666667,33.93128879,30.68580245,-0.05282858276,-0.05457555372,1,1,17.31576394,74.2151525
20.58,17.12277958,16.66666667,33.92215564,30.68416937,-0.05269416877,-0.05443579605,1,1,17.31426392,74.37227604
20.6,17.12169365,16.66666667,33.91304425,30.68254048,-0.0525601602,-0.05429646586,1,1,17.31276742,74.52974282
20.62,17.1206105,16.66666667,33.90395454,30.68091575,-0.05242655541,-0.05415756141,1,1,17.31127442,74.6875537
20.64,17.11953012,16.66666667,33.89488646,30.67929518,-0.05229335275,-0.05401908093,1,1,17.30978492,74.84570951
20.66,17.1184525,16.66666667,33.88583997,30.67767875,-0.05216055062,-0.05388102268,1,1,17.30829891,75.0042111
20.68,17.11737763,16.66666667,33.876815,30.67606645,-0.05202814738,-0.05374338491,1,1,17.30681638,75.16305933
20.7,17.11630551,16.66666667,33.86781151,30.67445826,-0.05189614144,-0.05360616591,1,1,17.30533732,75.32225503
20.72,17.11523612,16.66666667,33.85882942,30.67285418,-0.05176453119,-0.05346936395,1,1,17.30386171,75.48179906
20.74,17.11416946,16.66666667,33.8498687,30.67125419,-0.05163331504,-0.05333297733,1,1,17.30238957,75.64169227
20.76,17.11310552,16.66666667,33.84092928,30.66965828,-0.0515024914,-0.05319700435,1,1,17.30092087,75.80193552
20.78,17.11204429,16.66666667,33.83201112,30.66806644,-0.05137205872,-0.05306144331,1,1,17.2994556,75.96252966
20.8,17.11098577,16.66666667,33.82311415,30.66647865,-0.05124201542,-0.05292629254,1,1,17.29799377,76.12347555
20.82,17.10992994,16.66666667,33.81423833,30.6648949,-0.05111235994,-0.05279155037,1,1,17.29653535,76.28477405
20.84,17.10887679,16.66666667,33.80538359,30.66331519,-0.05098309073,-0.05265721514,1,1,17.29508035,76.44642603
20.86,17.10782633,16.66666667,33.7965499,30.66173949,-0.05085420627,-0.05252328519,1,1,17.29362875,76.60843235
20.88,17.10677853,16.66666667,33.78773718,30.6601678,-0.05072570501,-0.05238975887,1,1,17.29218054,76.77079387
20.9,17.1057334,16.66666667,33.7789454,30.6586001,-0.05059758544,-0.05225663456,1,1,17.29073573,76.93351146
20.92,17.10469092,16.66666667,33.77017449,30.65703638,-0.05046984603,-0.05212391063,1,1,17.28929429,77.09658599
20.94,17.10365109,16.66666667,33.7614244,30.65547663,-0.05034248529,-0.05199158547,1,1,17.28785622,77.26001833
20.96,17.10261389,16.66666667,33.75269508,30.65392084,-0.05021550171,-0.05185965745,1,1,17.28642151,77.42380936
20.98,17.10157933,16.66666667,33.74398648,30.652369,-0.0500888938,-0.05172812499,1,1,17.28499016,77.58795995
21,17.10054739,16.66666667,33.73529855,30.65082109,-0.04996266009,-0.0515969865,1,1,17.28356216,77.75247098
21.02,17.09951807,16.66666667,33.72663123,30.6492771,-0.04983679909,-0.05146624038,1,1,17.28213749,77.91734333
21.04,17.09849135,16.66666667,33.71798447,30.64773703,-0.04971130934,-0.05133588508,1,1,17.28071616,78.08257787
21.06,17.09746723,16.66666667,33.70935821,30.64620085,-0.04958618938,-0.05120591902,1,1,17.27929814,78.2481755
21.08,17.0964457,16.66666667,33.70075242,30.64466856,-0.04946143776,-0.05107634065,1,1,17.27788344,78.41413709
21.1,17.09542676,16.66666667,33.69216703,30.64314014,-0.04933705304,-0.05094714842,1,1,17.27647204,78.58046353
21.12,17.0944104,16.66666667,33.68360199,30.64161559,-0.04921303378,-0.05081834079,1,1,17.27506395,78.74715572
21.14,17.0933966,16.66666667,33.67505725,30.6400949,-0.04908937856,-0.05068991623,1,1,17.27365914,78.91421454
21.16,17.09238536,16.66666667,33.66653277,30.63857804,-0.04896608595,-0.05056187322,1,1,17.27225761,79.08164088
21.18,17.09137668,16.66666667,33.65802848,30.63706501,-0.04884315454,-0.05043421023,1,1,17.27085936,79.24943564
21.2,17.09037054,16.66666667,33.64954434,30.6355558,-0.04872058292,-0.05030692578,1,1,17.26946437,79.41759972
21.22,17.08936694,16.66666667,33.6410803,30.6340504,-0.0485983697,-0.05018001835,1,1,17.26807265,79.58613401
21.24,17.08836587,16.66666667,33.6326363,30.6325488,-0.04847651349,-0.05005348646,1,1,17.26668417,79.75503942
21.26,17.08736732,16.66666667,33.62421231,30.63105098,-0.04835501291,-0.04992732862,1,1,17.26529893,79.92431684
21.28,17.08637129,16.66666667,33.61580825,30.62955693,-0.04823386657,-0.04980154336,1,1,17.26391693,80.09396719
21.3,17.08537777,16.66666667,33.6074241,30.62806665,-0.04811307312,-0.04967612922,1,1,17.26253816,80.26399136
21.32,17.08438674,16.66666667,33.59905978,30.62658012,-0.04799263118,-0.04955108473,1,1,17.2611626,80.43439027
21.34,17.08339822,16.66666667,33.59071527,30.62509732,-0.04787253941,-0.04942640845,1,1,17.25979026,80.60516482
21.36,17.08241217,16.66666667,33.5823905,30.62361826,-0.04775279646,-0.04930209893,1,1,17.25842111,80.77631593
21.38,17.08142861,16.66666667,33.57408542,30.62214292,-0.04763340098,-0.04917815473,1,1,17.25705517,80.94784452
21.4,17.08044752,16.66666667,33.56579999,30.62067128,-0.04751435165,-0.04905457443,1,1,17.25569241,81.11975149
21.42,17.07946889,16.66666667,33.55753416,30.61920334,-0.04739564714,-0.04893135661,1,1,17.25433283,81.29203776
21.44,17.07849272,16.66666667,33.54928788,30.61773908,-0.04727728613,-0.04880849985,1,1,17.25297643,81.46470427
21.46,17.077519,16.66666667,33.5410611,30.6162785,-0.04715926731,-0.04868600275,1,1,17.25162319,81.63775192
21.48,17.07654773,16.66666667,33.53285376,30.61482159,-0.04704158938,-0.04856386392,1,1,17.2502731,81.81118165
21.5,17.07557888,16.66666667,33.52466583,30.61336833,-0.04692425103,-0.04844208195,1,1,17.24892617,81.98499437
21.52,17.07461247,16.66666667,33.51649725,30.61191871,-0.04680725097,-0.04832065548,1,1,17.24758238,82.15919102
21.54,17.07364848,16.66666667,33.50834797,30.61047272,-0.04669058792,-0.04819958312,1,1,17.24624172,82.33377253
21.56,17.0726869,16.66666667,33.50021795,30.60903035,-0.04657426061,-0.0480788635,1,1,17.24490419,82.50873983
21.58,17.07172773,16.66666667,33.49210714,30.6075916,-0.04645826775,-0.04795849527,1,1,17.24356978,82.68409385
21.6,17.07077096,16.66666667,33.48401549,30.60615644,-0.04634260809,-0.04783847707,1,1,17.24223848,82.85983554
21.62,17.06981659,16.66666667,33.47594294,30.60472488,-0.04622728036,-0.04771880755,1,1,17.24091028,83.03596582
21.64,17.0688646,16.66666667,33.46788947,30.60329689,-0.04611228332,-0.04759948538,1,1,17.23958518,83.21248564
21.66,17.06791499,16.66666667,33.459855,30.60187248,-0.04599761572,-0.04748050921,1,1,17.23826317,83.38939594
21.68,17.06696775,16.66666667,33.45183951,30.60045162,-0.04588327632,-0.04736187773,1,1,17.23694424,83.56669767
21.7,17.06602288,16.66666667,33.44384294,30.59903432,-0.04576926388,-0.04724358962,1,1,17.23562839,83.74439177
21.72,17.06508036,16.66666667,33.43586524,30.59762055,-0.04565557719,-0.04712564356,1,1,17.2343156,83.92247919
21.74,17.0641402,16.66666667,33.42790637,30.59621031,-0.04554221502,-0.04700803825,1,1,17.23300588,84.10096088
21.76,17.06320239,16.66666667,33.41996627,30.59480358,-0.04542917616,-0.04689077239,1,1,17.2316992,84.2798378
21.78,17.06226691,16.66666667,33.41204491,30.59340037,-0.04531645939,-0.04677384469,1,1,17.23039558,84.4591109
21.8,17.06133377,16.66666667,33.40414224,30.59200065,-0.04520406353,-0.04665725387,1,1,17.22909498,84.63878113
21.82,17.06040295,16.66666667,33.39625821,30.59060442,-0.04509198737,-0.04654099864,1,1,17.22779742,84.81884946
21.84,17.05947444,16.66666667,33.38839277,30.58921167,-0.04498022973,-0.04642507774,1,1,17.22650289,84.99931685
21.86,17.05854825,16.66666667,33.38054587,30.58782238,-0.04486878942,-0.0463094899,1,1,17.22521136,85.18018425
21.88,17.05762437,16.66666667,33.37271748,30.58643656,-0.04475766526,-0.04619423386,1,1,17.22392285,85.36145265
21.9,17.05670278,16.66666667,33.36490754,30.58505418,-0.04464685609,-0.04607930837,1,1,17.22263734,85.54312299
21.92,17.05578349,16.66666667,33.35711601,30.58367523,-0.04453636074,-0.04596471219,1,1,17.22135482,85.72519626
21.94,17.05486648,16.66666667,33.34934284,30.58229972,-0.04442617805,-0.04585044408,1,1,17.22007529,85.90767342
21.96,17.05395175,16.66666667,33.341588,30.58092763,-0.04431630687,-0.04573650279,1,1,17.21879874,86.09055545
21.98,17.05303929,16.66666667,33.33385142,30.57955894,-0.04420674605,-0.04562288712,1,1,17.21752516,86.27384332
22,17.0521291,16.66666667,33.32613307,30.57819365,-0.04409749445,-0.04550959583,1,1,17.21625455,86.45753801
22.02,17.05122117,16.66666667,33.3184329,30.57683175,-0.04398855094,-0.04539662772,1,1,17.2149869,86.64164051
22.04,17.05031549,16.66666667,33.31075087,30.57547323,-0.04387991437,-0.04528398158,1,1,17.21372219,86.82615179
22.06,17.04941206,16.66666667,33.30308692,30.57411808,-0.04377158364,-0.0451716562,1,1,17.21246043,87.01107284
22.08,17.04851086,16.66666667,33.29544103,30.57276629,-0.04366355762,-0.0450596504,1,1,17.21120161,87.19640465
22.1,17.0476119,16.66666667,33.28781313,30.57141786,-0.04355583519,-0.04494796298,1,1,17.20994572,87.3821482
22.12,17.04671517,16.66666667,33.2802032,30.57007276,-0.04344841526,-0.04483659275,1,1,17.20869275,87.56830449
22.14,17.04582066,16.66666667,33.27261117,30.56873099,-0.04334129672,-0.04472553855,1,1,17.2074427,87.7548745
22.16,17.04492836,16.66666667,33.26503701,30.56739255,-0.04323447847,-0.04461479921,1,1,17.20619556,87.94185924
22.18,17.04403828,16.66666667,33.25748068,30.56605742,-0.04312795942,-0.04450437355,1,1,17.20495132,88.12925971
22.2,17.04315039,16.66666667,33.24994213,30.56472559,-0.04302173849,-0.04439426042,1,1,17.20370997,88.31707689
22.22,17.0422647,16.66666667,33.24242131,30.56339705,-0.0429158146,-0.04428445866,1,1,17.20247152,88.50531179
22.24,17.0413812,16.66666667,33.23491818,30.56207181,-0.04281018667,-0.04417496714,1,1,17.20123594,88.69396543
22.26,17.04049989,16.66666667,33.22743271,30.56074983,-0.04270485363,-0.0440657847,1,1,17.20000324,88.8830388
22.28,17.03962075,16.66666667,33.21996483,30.55943112,-0.04259981443,-0.04395691022,1,1,17.19877341,89.07253291
22.3,17.03874378,16.66666667,33.21251452,30.55811567,-0.04249506799,-0.04384834255,1,1,17.19754644,89.26244877
22.32,17.03786898,16.66666667,33.20508173,30.55680347,-0.04239061328,-0.04374008059,1,1,17.19632232,89.4527874
22.34,17.03699634,16.66666667,33.19766641,30.55549451,-0.04228644923,-0.0436321232,1,1,17.19510105,89.64354981
22.36,17.03612585,16.66666667,33.19026852,30.55418877,-0.04218257481,-0.04352446929,1,1,17.19388262,89.83473702
22.38,17.03525751,16.66666667,33.18288802,30.55288626,-0.04207898898,-0.04341711773,1,1,17.19266702,90.02635005
22.4,17.03439131,16.66666667,33.17552486,30.55158696,-0.04197569071,-0.04331006743,1,1,17.19145425,90.21838991
22.42,17.03352724,16.66666667,33.16817901,30.55029086,-0.04187267897,-0.04320331729,1,1,17.1902443,90.41085765
22.44,17.0326653,16.66666667,33.16085042,30.54899795,-0.04176995274,-0.04309686623,1,1,17.18903716,90.60375427
22.46,17.03180549,16.66666667,33.15353905,30.54770823,-0.04166751099,-0.04299071315,1,1,17.18783283,90.79708081
22.48,17.03094779,16.66666667,33.14624485,30.54642169,-0.04156535273,-0.04288485697,1,1,17.1866313,90.9908383
22.5,17.0300922,16.66666667,33.13896778,30.54513831,-0.04146347693,-0.04277929663,1,1,17.18543256,91.18502778
22.52,17.02923872,16.66666667,33.1317078,30.54385809,-0.0413618826,-0.04267403106,1,1,17.18423661,91.37965027
22.54,17.02838734,16.66666667,33.12446488,30.54258101,-0.04126056875,-0.04256905918,1,1,17.18304344,91.57470682
22.56,17.02753806,16.66666667,33.11723896,30.54130708,-0.04115953437,-0.04246437995,1,1,17.18185304,91.77019847
22.58,17.02669086,16.66666667,33.11003,30.54003628,-0.04105877848,-0.0423599923,1,1,17.18066541,91.96612626
22.6,17.02584574,16.66666667,33.10283797,30.53876861,-0.0409583001,-0.04225589519,1,1,17.17948054,92.16249123
22.62,17.0250027,16.66666667,33.09566282,30.53750404,-0.04085809824,-0.04215208759,1,1,17.17829842,92.35929443
22.64,17.02416172,16.66666667,33.0885045,30.53624259,-0.04075817194,-0.04204856844,1,1,17.17711905,92.5565369
22.66,17.02332282,16.66666667,33.08136299,30.53498423,-0.04065852023,-0.04194533672,1,1,17.17594242,92.75421971
22.68,17.02248597,16.66666667,33.07423824,30.53372895,-0.04055914214,-0.0418423914,1,1,17.17476852,92.95234391
22.7,17.02165118,16.66666667,33.0671302,30.53247676,-0.04046003672,-0.04173973146,1,1,17.17359735,93.15091054
22.72,17.02081843,16.66666667,33.06003884,30.53122764,-0.040361203,-0.04163735588,1,1,17.17242891,93.34992068
22.74,17.01998772,16.66666667,33.05296411,30.52998158,-0.04026264005,-0.04153526365,1,1,17.17126317,93.54937537
22.76,17.01915905,16.66666667,33.04590597,30.52873858,-0.0401643469,-0.04143345376,1,1,17.17010015,93.74927569
22.78,17.01833242,16.66666667,33.03886439,30.52749862,-0.04006632263,-0.04133192521,1,1,17.16893982,93.94962269
22.8,17.0175078,16.66666667,33.03183932,30.5262617,-0.03996856629,-0.04123067701,1,1,17.16778219,94.15041746
22.82,17.01668521,16.66666667,33.02483073,30.52502781,-0.03987107696,-0.04112970815,1,1,17.16662725,94.35166104
22.84,17.01586463,16.66666667,33.01783856,30.52379694,-0.0397738537,-0.04102901765,1,1,17.16547499,94.55335453
22.86,17.01504606,16.66666667,33.01086279,30.52256908,-0.0396768956,-0.04092860454,1,1,17.16432541,94.75549899
22.88,17.01422949,16.66666667,33.00390337,30.52134423,-0.03958020173,-0.04082846782,1,1,17.16317849,94.9580955
22.9,17.01341491,16.66666667,32.99696026,30.52012237,-0.03948377118,-0.04072860653,1,1,17.16203424,95.16114515
22.92,17.01260233,16.66666667,32.99003342,30.5189035,-0.03938760304,-0.04062901971,1,1,17.16089265,95.364649
22.94,17.01179174,16.66666667,32.98312281,30.51768761,-0.03929169641,-0.04052970637,1,1,17.15975371,95.56860815
22.96,17.01098313,16.66666667,32.97622839,30.51647469,-0.03919605038,-0.04043066558,1,1,17.15861741,95.77302369
22.98,17.01017649,16.66666667,32.96935013,30.51526473,-0.03910066406,-0.04033189636,1,1,17.15748375,95.9778967
23,17.00937182,16.66666667,32.96248798,30.51405773,-0.03900553655,-0.04023339778,1,1,17.15635272,96.18322827
23.02,17.00856912,16.66666667,32.95564191,30.51285367,-0.03891066697,-0.04013516888,1,1,17.15522431,96.3890195
23.04,17.00776837,16.66666667,32.94881186,30.51165256,-0.03881605443,-0.04003720872,1,1,17.15409853,96.59527149
23.06,17.00696958,16.66666667,32.94199782,30.51045437,-0.03872169806,-0.03993951638,1,1,17.15297536,96.80198533
23.08,17.00617274,16.66666667,32.93519973,30.50925911,-0.03862759697,-0.03984209092,1,1,17.15185479,97.00916212
23.1,17.00537784,16.66666667,32.92841756,30.50806676,-0.03853375029,-0.0397449314,1,1,17.15073683,97.21680298
23.12,17.00458488,16.66666667,32.92165126,30.50687732,-0.03844015716,-0.03964803691,1,1,17.14962145,97.42490899
23.14,17.00379385,16.66666667,32.91490081,30.50569078,-0.03834681672,-0.03955140653,1,1,17.14850867,97.63348128
23.16,17.00300475,16.66666667,32.90816616,30.50450713,-0.03825372809,-0.03945503935,1,1,17.14739847,97.84252096
23.18,17.00221757,16.66666667,32.90144727,30.50332636,-0.03816089044,-0.03935893445,1,1,17.14629085,98.05202913
23.2,17.00143231,16.66666667,32.8947441,30.50214847,-0.0380683029,-0.03926309092,1,1,17.14518579,98.26200692
23.22,17.00064896,16.66666667,32.88805662,30.50097344,-0.03797596464,-0.03916750788,1,1,17.1440833,98.47245544
23.24,16.99986752,16.66666667,32.88138479,30.49980128,-0.0378838748,-0.03907218442,1,1,17.14298337,98.68337581
23.26,16.99908798,16.66666667,32.87472857,30.49863196,-0.03779203254,-0.03897711965,1,1,17.14188599,98.89476916
23.28,16.99831033,16.66666667,32.86808792,30.49746549,-0.03770043704,-0.03888231268,1,1,17.14079115,99.10663661
23.3,16.99753457,16.66666667,32.8614628,30.49630186,-0.03760908746,-0.03878776263,1,1,17.13969886,99.31897929
23.32,16.9967607,16.66666667,32.85485318,30.49514106,-0.03751798297,-0.03869346862,1,1,17.13860909,99.53179833
23.34,16.99598872,16.66666667,32.84825902,30.49398307,-0.03742712274,-0.03859942977,1,1,17.13752186,99.74509487
23.36,16.9952186,16.66666667,32.84168028,30.4928279,-0.03733650596,-0.03850564521,1,1,17.13643714,99.95887003
23.38,16.99445036,16.66666667,32.83511693,30.49167554,-0.03724613182,-0.03841211407,1,1,17.13535494,100.173125
23.4,16.99368398,16.66666667,32.82856892,30.49052598,-0.03715599949,-0.03831883549,1,1,17.13427525,100.3878608
23.42,16.99291947,16.66666667,32.82203621,30.4893792,-0.03706610817,-0.03822580861,1,1,17.13319807,100.6030787
23.44,16.99215681,16.66666667,32.81551878,30.48823521,-0.03697645705,-0.03813303257,1,1,17.13212338,100.8187798
23.46,16.991396,16.66666667,32.80901659,30.487094,-0.03688704534,-0.03804050653,1,1,17.13105119,101.0349653
23.48,16.99063703,16.66666667,32.80252959,30.48595555,-0.03679787223,-0.03794822963,1,1,17.12998148,101.2516362
23.5,16.98987991,16.66666667,32.79605776,30.48481986,-0.03670893694,-0.03785620104,1,1,17.12891425,101.4687938
23.52,16.98912462,16.66666667,32.78960105,30.48368693,-0.03662023866,-0.03776441991,1,1,17.12784949,101.6864392
23.54,16.98837116,16.66666667,32.78315942,30.48255674,-0.03653177661,-0.03767288541,1,1,17.1267872,101.9045736
23.56,16.98761953,16.66666667,32.77673285,30.4814293,-0.03644355002,-0.03758159671,1,1,17.12572738,102.1231981
23.58,16.98686972,16.66666667,32.77032129,30.48030458,-0.0363555581,-0.03749055297,1,1,17.12467001,102.3423138
23.6,16.98612172,16.66666667,32.76392471,30.47918259,-0.03626780007,-0.03739975338,1,1,17.12361509,102.5619221
23.62,16.98537554,16.66666667,32.75754307,30.47806331,-0.03618027516,-0.03730919712,1,1,17.12256262,102.782024
23.64,16.98463116,16.66666667,32.75117633,30.47694674,-0.03609298261,-0.03721888336,1,1,17.12151258,103.0026206
23.66,16.98388859,16.66666667,32.74482447,30.47583288,-0.03600592164,-0.0371288113,1,1,17.12046498,103.2237133
23.68,16.98314781,16.66666667,32.73848744,30.47472171,-0.0359190915,-0.03703898013,1,1,17.11941981,103.4453031
23.7,16.98240882,16.66666667,32.73216521,30.47361323,-0.03583249142,-0.03694938904,1,1,17.11837706,103.6673912
23.72,16.98167162,16.66666667,32.72585774,30.47250743,-0.03574612066,-0.03686003723,1,1,17.11733673,103.8899788
23.74,16.9809362,16.66666667,32.71956499,30.4714043,-0.03565997845,-0.0367709239,1,1,17.1162988,104.1130672
23.76,16.98020256,16.66666667,32.71328694,30.47030384,-0.03557406406,-0.03668204827,1,1,17.11526329,104.3366574
23.78,16.97947069,16.66666667,32.70702354,30.46920604,-0.03548837673,-0.03659340953,1,1,17.11423017,104.5607507
23.8,16.97874059,16.66666667,32.70077476,30.46811089,-0.03540291572,-0.03650500691,1,1,17.11319944,104.7853482
23.82,16.97801225,16.66666667,32.69454056,30.46701838,-0.03531768031,-0.03641683961,1,1,17.1121711,105.0104512
23.84,16.97728568,16.66666667,32.68832092,30.46592851,-0.03523266974,-0.03632890687,1,1,17.11114515,105.2360609
23.86,16.97656085,16.66666667,32.68211578,30.46484128,-0.03514788329,-0.0362412079,1,1,17.11012157,105.4621784
23.88,16.97583778,16.66666667,32.67592513,30.46375666,-0.03506332023,-0.03615374193,1,1,17.10910036,105.688805
23.9,16.97511645,16.66666667,32.66974892,30.46267467,-0.03497897983,-0.03606650819,1,1,17.10808152,105.9159419
23.92,16.97439686,16.66666667,32.66358712,30.46159528,-0.03489486138,-0.03597950592,1,1,17.10706503,106.1435902
23.94,16.973679,16.66666667,32.6574397,30.4605185,-0.03481096416,-0.03589273436,1,1,17.10605091,106.3717512
23.96,16.97296288,16.66666667,32.65130661,30.45944432,-0.03472728744,-0.03580619274,1,1,17.10503913,106.6004262
23.98,16.97224848,16.66666667,32.64518783,30.45837272,-0.03464383052,-0.03571988032,1,1,17.10402969,106.8296162
24,16.9715358,16.66666667,32.63908332,30.45730371,-0.03456059268,-0.03563379634,1,1,17.10302259,107.0593226
24.02,16.97082485,16.66666667,32.63299305,30.45623727,-0.03447757323,-0.03554794004,1,1,17.10201782,107.2895465
24.04,16.9701156,16.66666667,32.62691698,30.4551734,-0.03439477145,-0.0354623107,1,1,17.10101538,107.5202892
24.06,16.96940806,16.66666667,32.62085507,30.45411209,-0.03431218665,-0.03537690756,1,1,17.10001526,107.751552
24.08,16.96870223,16.66666667,32.61480731,30.45305334,-0.03422981813,-0.03529172989,1,1,17.09901746,107.983336
24.1,16.96799809,16.66666667,32.60877364,30.45199714,-0.0341476652,-0.03520677694,1,1,17.09802197,108.2156424
24.12,16.96729565,16.66666667,32.60275403,30.45094347,-0.03406572717,-0.03512204801,1,1,17.09702878,108.4484726
24.14,16.9665949,16.66666667,32.59674846,30.44989235,-0.03398400334,-0.03503754234,1,1,17.09603789,108.6818277
24.16,16.96589583,16.66666667,32.59075689,30.44884375,-0.03390249304,-0.03495325922,1,1,17.09504929,108.915709
24.18,16.96519845,16.66666667,32.58477928,30.44779767,-0.03382119558,-0.03486919792,1,1,17.09406299,109.1501177
24.2,16.96450274,16.66666667,32.5788156,30.44675411,-0.03374011029,-0.03478535774,1,1,17.09307896,109.3850552
24.22,16.96380871,16.66666667,32.57286582,30.44571306,-0.03365923648,-0.03470173794,1,1,17.09209722,109.6205225
24.24,16.96311634,16.66666667,32.5669299,30.44467451,-0.03357857349,-0.03461833782,1,1,17.09111774,109.856521
24.26,16.96242564,16.66666667,32.56100781,30.44363846,-0.03349812064,-0.03453515668,1,1,17.09014054,110.093052
24.28,16.96173659,16.66666667,32.55509952,30.44260489,-0.03341787727,-0.03445219379,1,1,17.08916559,110.3301167
24.3,16.96104921,16.66666667,32.549205,30.44157381,-0.03333784272,-0.03436944847,1,1,17.0881929,110.5677163
24.32,16.96036347,16.66666667,32.54332421,30.4405452,-0.03325801632,-0.03428692001,1,1,17.08722247,110.8058521
24.34,16.95967937,16.66666667,32.53745711,30.43951906,-0.03317839741,-0.03420460772,1,1,17.08625428,111.0445255
24.36,16.95899692,16.66666667,32.53160368,30.43849539,-0.03309898535,-0.03412251089,1,1,17.08528833,111.2837376
24.38,16.95831611,16.66666667,32.52576388,30.43747417,-0.03301977947,-0.03404062885,1,1,17.08432461,111.5234897
24.4,16.95763693,16.66666667,32.51993769,30.4364554,-0.03294077912,-0.0339589609,1,1,17.08336312,111.7637831
24.42,16.95695938,16.66666667,32.51412506,30.43543907,-0.03286198367,-0.03387750636,1,1,17.08240386,112.0046191
24.44,16.95628346,16.66666667,32.50832596,30.43442519,-0.03278339246,-0.03379626454,1,1,17.08144682,112.245999
24.46,16.95560915,16.66666667,32.50254037,30.43341373,-0.03270500486,-0.03371523477,1,1,17.08049199,112.487924
24.48,16.95493646,16.66666667,32.49676825,30.4324047,-0.03262682022,-0.03363441638,1,1,17.07953938,112.7303954
24.5,16.95426539,16.66666667,32.49100956,30.43139808,-0.03254883791,-0.03355380869,1,1,17.07858896,112.9734145
24.52,16.95359592,16.66666667,32.48526428,30.43039388,-0.0324710573,-0.03347341103,1,1,17.07764075,113.2169827
24.54,16.95292806,16.66666667,32.47953237,30.42939208,-0.03239347776,-0.03339322273,1,1,17.07669473,113.4611012
24.56,16.95226179,16.66666667,32.47381381,30.42839269,-0.03231609865,-0.03331324313,1,1,17.07575089,113.7057712
24.58,16.95159712,16.66666667,32.46810855,30.42739568,-0.03223891935,-0.03323347157,1,1,17.07480924,113.9509942
24.6,16.95093404,16.66666667,32.46241658,30.42640106,-0.03216193924,-0.03315390739,1,1,17.07386977,114.1967714
24.62,16.95027255,16.66666667,32.45673784,30.42540883,-0.0320851577,-0.03307454994,1,1,17.07293247,114.4431041
24.64,16.94961264,16.66666667,32.45107232,30.42441897,-0.03200857412,-0.03299539856,1,1,17.07199734,114.6899936
24.66,16.94895431,16.66666667,32.44541999,30.42343147,-0.03193218787,-0.03291645261,1,1,17.07106437,114.9374413
24.68,16.94829756,16.66666667,32.4397808,30.42244634,-0.03185599835,-0.03283771143,1,1,17.07013356,115.1854484
24.7,16.94764238,16.66666667,32.43415474,30.42146357,-0.03178000494,-0.03275917438,1,1,17.0692049,115.4340163
24.72,16.94698876,16.66666667,32.42854176,30.42048314,-0.03170420705,-0.03268084083,1,1,17.06827839,115.6831463
24.74,16.94633671,16.66666667,32.42294184,30.41950506,-0.03162860406,-0.03260271012,1,1,17.06735402,115.9328397
24.76,16.94568621,16.66666667,32.41735494,30.41852932,-0.03155319537,-0.03252478164,1,1,17.06643179,116.1830978
24.78,16.94503727,16.66666667,32.41178104,30.4175559,-0.03147798038,-0.03244705474,1,1,17.06551169,116.433922
24.8,16.94438988,16.66666667,32.4062201,30.41658482,-0.0314029585,-0.03236952879,1,1,17.06459372,116.6853136
24.82,16.94374403,16.66666667,32.4006721,30.41561605,-0.03132812913,-0.03229220317,1,1,17.06367788,116.937274
24.84,16.94309973,16.66666667,32.39513699,30.4146496,-0.03125349169,-0.03221507724,1,1,17.06276415,117.1898044
24.86,16.94245697,16.66666667,32.38961476,30.41368546,-0.03117904557,-0.0321381504,1,1,17.06185253,117.4429062
24.88,16.94181574,16.66666667,32.38410536,30.41272361,-0.0311047902,-0.03206142201,1,1,17.06094302,117.6965809
24.9,16.94117604,16.66666667,32.37860878,30.41176407,-0.03103072499,-0.03198489147,1,1,17.06003561,117.9508296
24.92,16.94053787,16.66666667,32.37312497,30.41080681,-0.03095684935,-0.03190855815,1,1,17.0591303,118.2056538
24.94,16.93990122,16.66666667,32.36765392,30.40985184,-0.03088316272,-0.03183242145,1,1,17.05822708,118.4610548
24.96,16.93926609,16.66666667,32.36219558,30.40889914,-0.0308096645,-0.03175648075,1,1,17.05732595,118.717034
24.98,16.93863248,16.66666667,32.35674992,30.40794872,-0.03073635413,-0.03168073545,1,1,17.05642691,118.9735928
25,16.93800038,16.66666667,32.35131693,30.40700056,-0.03066323103,-0.03160518494,1,1,17.05552994,119.2307324
25.02,16.93736978,16.66666667,32.34589656,30.40605467,-0.03059029464,-0.03152982863,1,1,17.05463504,119.4884543
25.04,16.93674069,16.66666667,32.34048879,30.40511103,-0.03051754438,-0.03145466591,1,1,17.05374222,119.7467599
25.06,16.93611309,16.66666667,32.33509358,30.40416964,-0.03044497969,-0.03137969619,1,1,17.05285146,120.0056504
25.08,16.93548699,16.66666667,32.32971092,30.40323049,-0.0303726,-0.03130491887,1,1,17.05196275,120.2651274
25.1,16.93486239,16.66666667,32.32434076,30.40229358,-0.03030040476,-0.03123033336,1,1,17.0510761,120.5251921
25.12,16.93423927,16.66666667,32.31898307,30.4013589,-0.03022839341,-0.03115593907,1,1,17.0501915,120.7858459
25.14,16.93361763,16.66666667,32.31363784,30.40042645,-0.03015656539,-0.03108173542,1,1,17.04930894,121.0470903
25.16,16.93299748,16.66666667,32.30830502,30.39949622,-0.03008492015,-0.03100772182,1,1,17.04842843,121.3089266
25.18,16.9323788,16.66666667,32.30298459,30.3985682,-0.03001345713,-0.03093389768,1,1,17.04754994,121.5713562
25.2,16.9317616,16.66666667,32.29767652,30.39764239,-0.02994217579,-0.03086026244,1,1,17.04667349,121.8343805
25.22,16.93114586,16.66666667,32.29238078,30.39671879,-0.02987107557,-0.03078681551,1,1,17.04579906,122.0980009
25.24,16.93053159,16.66666667,32.28709734,30.39579738,-0.02980015594,-0.03071355631,1,1,17.04492666,122.3622188
25.26,16.92991878,16.66666667,32.28182617,30.39487817,-0.02972941635,-0.03064048428,1,1,17.04405627,122.6270356
25.28,16.92930743,16.66666667,32.27656724,30.39396114,-0.02965885625,-0.03056759885,1,1,17.04318789,122.8924527
25.3,16.92869753,16.66666667,32.27132052,30.39304629,-0.02958847512,-0.03049489944,1,1,17.04232151,123.1584715
25.32,16.92808908,16.66666667,32.26608599,30.39213362,-0.02951827241,-0.03042238549,1,1,17.04145714,123.4250935
25.34,16.92748208,16.66666667,32.26086361,30.39122312,-0.0294482476,-0.03035005645,1,1,17.04059476,123.69232
25.36,16.92687652,16.66666667,32.25565336,30.39031478,-0.02937840014,-0.03027791174,1,1,17.03973438,123.9601525
25.38,16.9262724,16.66666667,32.2504552,30.3894086,-0.02930872951,-0.03020595081,1,1,17.03887599,124.2285923
25.4,16.92566972,16.66666667,32.24526911,30.38850458,-0.02923923518,-0.03013417311,1,1,17.03801957,124.497641
25.42,16.92506847,16.66666667,32.24009507,30.3876027,-0.02916991663,-0.03006257807,1,1,17.03716514,124.7673
25.44,16.92446864,16.66666667,32.23493303,30.38670297,-0.02910077333,-0.02999116516,1,1,17.03631268,125.0375706
25.46,16.92387025,16.66666667,32.22978297,30.38580537,-0.02903180476,-0.02991993381,1,1,17.03546219,125.3084543
25.48,16.92327327,16.66666667,32.22464487,30.3849099,-0.0289630104,-0.02984888349,1,1,17.03461366,125.5799525
25.5,16.92267771,16.66666667,32.21951869,30.38401656,-0.02889438974,-0.02977801364,1,1,17.03376709,125.8520668
25.52,16.92208356,16.66666667,32.21440442,30.38312534,-0.02882594225,-0.02970732373,1,1,17.03292248,126.1247985
25.54,16.92149083,16.66666667,32.209302,30.38223624,-0.02875766743,-0.02963681321,1,1,17.03207982,126.3981491
25.56,16.9208995,16.66666667,32.20421143,30.38134924,-0.02868956476,-0.02956648155,1,1,17.0312391,126.67212
25.58,16.92030957,16.66666667,32.19913268,30.38046435,-0.02862163374,-0.0294963282,1,1,17.03040033,126.9467127
25.6,16.91972104,16.66666667,32.1940657,30.37958156,-0.02855387385,-0.02942635265,1,1,17.02956349,127.2219286
25.62,16.91913391,16.66666667,32.18901049,30.37870087,-0.0284862846,-0.02935655434,1,1,17.02872859,127.4977693
25.64,16.91854817,16.66666667,32.183967,30.37782226,-0.02841886548,-0.02928693276,1,1,17.02789562,127.7742362
25.66,16.91796382,16.66666667,32.17893521,30.37694573,-0.02835161599,-0.02921748738,1,1,17.02706456,128.0513306
25.68,16.91738086,16.66666667,32.1739151,30.37607129,-0.02828453562,-0.02914821767,1,1,17.02623543,128.3290542
25.7,16.91679928,16.66666667,32.16890663,30.37519891,-0.02821762389,-0.02907912311,1,1,17.02540821,128.6074084
25.72,16.91621907,16.66666667,32.16390978,30.37432861,-0.02815088029,-0.02901020317,1,1,17.0245829,128.8863947
25.74,16.91564024,16.66666667,32.15892452,30.37346036,-0.02808430434,-0.02894145734,1,1,17.0237595,129.1660145
25.76,16.91506278,16.66666667,32.15395083,30.37259418,-0.02801789554,-0.0288728851,1,1,17.022938,129.4462693
25.78,16.9144867,16.66666667,32.14898866,30.37173004,-0.0279516534,-0.02880448593,1,1,17.02211839,129.7271607
25.8,16.91391197,16.66666667,32.14403801,30.37086796,-0.02788557744,-0.02873625933,1,1,17.02130068,130.00869
25.82,16.91333861,16.66666667,32.13909884,30.37000791,-0.02781966717,-0.02866820478,1,1,17.02048485,130.2908589
25.84,16.9127666,16.66666667,32.13417112,30.3691499,-0.0277539221,-0.02860032177,1,1,17.01967091,130.5736688
25.86,16.91219595,16.66666667,32.12925483,30.36829392,-0.02768834175,-0.0285326098,1,1,17.01885885,130.8571212
25.88,16.91162665,16.66666667,32.12434994,30.36743997,-0.02762292565,-0.02846506835,1,1,17.01804866,131.1412175
25.9,16.91105869,16.66666667,32.11945642,30.36658804,-0.02755767331,-0.02839769694,1,1,17.01724034,131.4259595
25.92,16.91049208,16.66666667,32.11457424,30.36573812,-0.02749258426,-0.02833049505,1,1,17.01643389,131.7113484
25.94,16.90992681,16.66666667,32.10970339,30.36489022,-0.02742765803,-0.02826346218,1,1,17.0156293,131.9973859
25.96,16.90936288,16.66666667,32.10484382,30.36404432,-0.02736289414,-0.02819659785,1,1,17.01482657,132.2840734
25.98,16.90880028,16.66666667,32.09999552,30.36320042,-0.02729829212,-0.02812990156,1,1,17.01402569,132.5714125
26,16.90823902,16.66666667,32.09515846,30.36235852,-0.0272338515,-0.0280633728,1,1,17.01322665,132.8594048
26.02,16.90767908,16.66666667,32.09033262,30.36151861,-0.02716957181,-0.0279970111,1,1,17.01242947,133.1480516
26.04,16.90712046,16.66666667,32.08551795,30.36068069,-0.02710545259,-0.02793081595,1,1,17.01163412,133.4373547
26.06,16.90656316,16.66666667,32.08071445,30.35984474,-0.02704149338,-0.02786478688,1,1,17.01084061,133.7273154
26.08,16.90600718,16.66666667,32.07592208,30.35901078,-0.02697769371,-0.0277989234,1,1,17.01004893,134.0179354
26.1,16.90545252,16.66666667,32.07114082,30.35817878,-0.02691405312,-0.02773322503,1,1,17.00925907,134.3092162
26.12,16.90489917,16.66666667,32.06637063,30.35734875,-0.02685057116,-0.02766769128,1,1,17.00847104,134.6011593
26.14,16.90434712,16.66666667,32.0616115,30.35652068,-0.02678724737,-0.02760232167,1,1,17.00768483,134.8937662
26.16,16.90379638,16.66666667,32.0568634,30.35569457,-0.02672408129,-0.02753711572,1,1,17.00690043,135.1870387
26.18,16.90324694,16.66666667,32.0521263,30.3548704,-0.02666107246,-0.02747207297,1,1,17.00611785,135.4809781
26.2,16.90269879,16.66666667,32.04740018,30.35404819,-0.02659822045,-0.02740719293,1,1,17.00533706,135.775586
26.22,16.90215194,16.66666667,32.042685,30.35322791,-0.02653552479,-0.02734247513,1,1,17.00455808,136.0708641
26.24,16.90160638,16.66666667,32.03798075,30.35240958,-0.02647298505,-0.0272779191,1,1,17.0037809,136.3668138
26.26,16.90106211,16.66666667,32.0332874,30.35159317,-0.02641060076,-0.02721352438,1,1,17.00300551,136.6634368
26.28,16.90051913,16.66666667,32.02860492,30.35077869,-0.0263483715,-0.02714929049,1,1,17.00223191,136.9607347
26.3,16.89997742,16.66666667,32.02393329,30.34996614,-0.02628629681,-0.02708521697,1,1,17.0014601,137.2587089
26.32,16.899437,16.66666667,32.01927248,30.3491555,-0.02622437626,-0.02702130336,1,1,17.00069006,137.5573611
26.34,16.89889785,16.66666667,32.01462247,30.34834677,-0.0261626094,-0.02695754919,1,1,16.99992181,137.8566929
26.36,16.89835997,16.66666667,32.00998322,30.34753995,-0.0261009958,-0.02689395401,1,1,16.99915532,138.1567058
26.38,16.89782336,16.66666667,32.00535472,30.34673504,-0.02603953501,-0.02683051735,1,1,16.9983906,138.4574015
26.4,16.89728801,16.66666667,32.00073694,30.34593202,-0.02597822662,-0.02676723876,1,1,16.99762765,138.7587815
26.42,16.89675393,16.66666667,31.99612985,30.3451309,-0.02591707017,-0.02670411779,1,1,16.99686646,139.0608475
26.44,16.89622111,16.66666667,31.99153344,30.34433166,-0.02585606525,-0.02664115398,1,1,16.99610702,139.363601
26.46,16.89568954,16.66666667,31.98694766,30.34353431,-0.02579521141,-0.02657834688,1,1,16.99534934,139.6670436
26.48,16.89515923,16.66666667,31.98237251,30.34273884,-0.02573450824,-0.02651569604,1,1,16.9945934,139.9711771
26.5,16.89463016,16.66666667,31.97780795,30.34194524,-0.0256739553,-0.02645320102,1,1,16.99383921,140.2760028
26.52,16.89410235,16.66666667,31.97325396,30.34115352,-0.02561355217,-0.02639086136,1,1,16.99308675,140.5815226
26.54,16.89357577,16.66666667,31.96871051,30.34036366,-0.02555329843,-0.02632867663,1,1,16.99233604,140.887738
26.56,16.89305044,16.66666667,31.96417758,30.33957566,-0.02549319365,-0.02626664637,1,1,16.99158705,141.1946507
26.58,16.89252634,16.66666667,31.95965515,30.33878951,-0.02543323741,-0.02620477015,1,1,16.99083979,141.5022622
26.6,16.89200348,16.66666667,31.95514318,30.33800522,-0.0253734293,-0.02614304753,1,1,16.99009426,141.8105741
26.62,16.89148185,16.66666667,31.95064166,30.33722278,-0.0253137689,-0.02608147808,1,1,16.98935044,142.1195883
26.64,16.89096145,16.66666667,31.94615056,30.33644218,-0.02525425579,-0.02602006134,1,1,16.98860834,142.4293062
26.66,16.89044228,16.66666667,31.94166986,30.33566341,-0.02519488955,-0.0259587969,1,1,16.98786796,142.7397295
26.68,16.88992432,16.66666667,31.93719953,30.33488648,-0.02513566978,-0.02589768431,1,1,16.98712928,143.0508598
26.7,16.88940759,16.66666667,31.93273954,30.33411138,-0.02507659605,-0.02583672315,1,1,16.9863923,143.3626989
26.72,16.88889207,16.66666667,31.92828988,30.3333381,-0.02501766798,-0.02577591298,1,1,16.98565702,143.6752484
26.74,16.88837776,16.66666667,31.92385051,30.33256665,-0.02495888513,-0.02571525338,1,1,16.98492344,143.9885098
26.76,16.88786467,16.66666667,31.91942142,30.331797,-0.02490024711,-0.02565474392,1,1,16.98419155,144.302485
26.78,16.88735278,16.66666667,31.91500258,30.33102917,-0.02484175351,-0.02559438417,1,1,16.98346135,144.6171755
26.8,16.8868421,16.66666667,31.91059396,30.33026315,-0.02478340394,-0.02553417372,1,1,16.98273283,144.932583
26.82,16.88633262,16.66666667,31.90619555,30.32949892,-0.02472519797,-0.02547411214,1,1,16.98200599,145.2487092
26.84,16.88582433,16.66666667,31.90180731,30.3287365,-0.02466713522,-0.02541419901,1,1,16.98128083,145.5655558
26.86,16.88531724,16.66666667,31.89742923,30.32797586,-0.02460921528,-0.0253544339,1,1,16.98055734,145.8831244
26.88,16.88481135,16.66666667,31.89306128,30.32721702,-0.02455143776,-0.02529481641,1,1,16.97983552,146.2014168
26.9,16.88430664,16.66666667,31.88870343,30.32645996,-0.02449380226,-0.02523534612,1,1,16.97911536,146.5204345
26.92,16.88380312,16.66666667,31.88435567,30.32570468,-0.02443630839,-0.02517602261,1,1,16.97839686,146.8401794
26.94,16.88330078,16.66666667,31.88001796,30.32495117,-0.02437895574,-0.02511684547,1,1,16.97768002,147.1606531
26.96,16.88279963,16.66666667,31.87569029,30.32419944,-0.02432174393,-0.0250578143,1,1,16.97696484,147.4818573
26.98,16.88229965,16.66666667,31.87137263,30.32344947,-0.02426467257,-0.02499892867,1,1,16.9762513,147.8037937
27,16.88180084,16.66666667,31.86706496,30.32270127,-0.02420774127,-0.02494018818,1,1,16.97553941,148.1264641
27.02,16.88130321,16.66666667,31.86276725,30.32195482,-0.02415094963,-0.02488159243,1,1,16.97482915,148.44987
27.04,16.88080675,16.66666667,31.85847949,30.32121012,-0.02409429728,-0.024823141,1,1,16.97412054,148.7740134
27.06,16.88031145,16.66666667,31.85420164,30.32046718,-0.02403778382,-0.0247648335,1,1,16.97341356,149.0988957
27.08,16.87981732,16.66666667,31.84993368,30.31972598,-0.02398140887,-0.02470666953,1,1,16.97270821,149.4245189
27.1,16.87932435,16.66666667,31.8456756,30.31898652,-0.02392517206,-0.02464864868,1,1,16.97200448,149.7508846
27.12,16.87883253,16.66666667,31.84142737,30.3182488,-0.02386907299,-0.02459077055,1,1,16.97130238,150.0779945
27.14,16.87834187,16.66666667,31.83718895,30.31751281,-0.02381311129,-0.02453303474,1,1,16.9706019,150.4058504
27.16,16.87785236,16.66666667,31.83296035,30.31677854,-0.02375728658,-0.02447544087,1,1,16.96990303,150.734454
27.18,16.877364,16.66666667,31.82874152,30.316046,-0.02370159848,-0.02441798852,1,1,16.96920577,151.063807
27.2,16.87687679,16.66666667,31.82453244,30.31531518,-0.02364604661,-0.02436067732,1,1,16.96851012,151.3939113
27.22,16.87639072,16.66666667,31.8203331,30.31458608,-0.02359063061,-0.02430350686,1,1,16.96781607,151.7247685
27.24,16.87590579,16.66666667,31.81614347,30.31385868,-0.0235353501,-0.02424647676,1,1,16.96712362,152.0563805
27.26,16.875422,16.66666667,31.81196352,30.31313299,-0.0234802047,-0.02418958663,1,1,16.96643277,152.3887489
27.28,16.87493934,16.66666667,31.80779324,30.31240901,-0.02342519404,-0.02413283607,1,1,16.96574351,152.7218755
27.3,16.87445782,16.66666667,31.8036326,30.31168672,-0.02337031776,-0.02407622471,1,1,16.96505584,153.0557621
27.32,16.87397742,16.66666667,31.79948159,30.31096613,-0.02331557549,-0.02401975216,1,1,16.96436976,153.3904105
27.34,16.87349815,16.66666667,31.79534016,30.31024723,-0.02326096686,-0.02396341802,1,1,16.96368525,153.7258224
27.36,16.87302001,16.66666667,31.79120832,30.30953001,-0.0232064915,-0.02390722193,1,1,16.96300233,154.0619997
27.38,16.87254298,16.66666667,31.78708602,30.30881448,-0.02315214906,-0.0238511635,1,1,16.96232098,154.398944
27.4,16.87206708,16.66666667,31.78297325,30.30810062,-0.02309793916,-0.02379524234,1,1,16.96164119,154.7366573
27.42,16.87159229,16.66666667,31.77886999,30.30738844,-0.02304386144,-0.02373945809,1,1,16.96096298,155.0751412
27.44,16.87111861,16.66666667,31.77477622,30.30667792,-0.02298991555,-0.02368381035,1,1,16.96028633,155.4143976
27.46,16.87064605,16.66666667,31.7706919,30.30596907,-0.02293610113,-0.02362829877,1,1,16.95961123,155.7544282
27.48,16.87017459,16.66666667,31.76661703,30.30526188,-0.02288241781,-0.02357292296,1,1,16.9589377,156.095235
27.5,16.86970424,16.66666667,31.76255157,30.30455635,-0.02282886525,-0.02351768255,1,1,16.95826571,156.4368196
27.52,16.86923498,16.66666667,31.75849552,30.30385248,-0.02277544308,-0.02346257716,1,1,16.95759527,156.7791839
27.54,16.86876683,16.66666667,31.75444883,30.30315025,-0.02272215095,-0.02340760644,1,1,16.95692638,157.1223297
27.56,16.86829978,16.66666667,31.7504115,30.30244967,-0.0226689885,-0.02335277,1,1,16.95625903,157.4662588
27.58,16.86783382,16.66666667,31.74638349,30.30175072,-0.0226159554,-0.02329806748,1,1,16.95559322,157.8109731
27.6,16.86736895,16.66666667,31.7423648,30.30105342,-0.02256305127,-0.02324349851,1,1,16.95492894,158.1564743
27.62,16.86690516,16.66666667,31.73835539,30.30035775,-0.02251027579,-0.02318906273,1,1,16.9542662,158.5027644
27.64,16.86644247,16.66666667,31.73435525,30.2996637,-0.02245762859,-0.02313475978,1,1,16.95360498,158.8498451
27.66,16.86598086,16.66666667,31.73036435,30.29897129,-0.02240510933,-0.02308058928,1,1,16.95294528,159.1977183
27.68,16.86552033,16.66666667,31.72638267,30.29828049,-0.02235271766,-0.02302655088,1,1,16.9522871,159.5463858
27.7,16.86506087,16.66666667,31.72241019,30.29759131,-0.02230045324,-0.02297264423,1,1,16.95163044,159.8958494
27.72,16.8646025,16.66666667,31.71844689,30.29690374,-0.02224831573,-0.02291886895,1,1,16.9509753,160.2461111
27.74,16.86414519,16.66666667,31.71449275,30.29621779,-0.02219630478,-0.02286522469,1,1,16.95032166,160.5971727
27.76,16.86368896,16.66666667,31.71054774,30.29553344,-0.02214442005,-0.0228117111,1,1,16.94966953,160.9490361
27.78,16.86323379,16.66666667,31.70661185,30.29485069,-0.02209266121,-0.02275832781,1,1,16.9490189,161.301703
27.8,16.86277969,16.66666667,31.70268505,30.29416953,-0.02204102791,-0.02270507449,1,1,16.94836977,161.6551754
27.82,16.86232665,16.66666667,31.69876732,30.29348998,-0.02198951981,-0.02265195076,1,1,16.94772213,162.0094551
27.84,16.86187467,16.66666667,31.69485864,30.29281201,-0.02193813658,-0.02259895628,1,1,16.94707599,162.3645441
27.86,16.86142375,16.66666667,31.69095898,30.29213562,-0.02188687789,-0.02254609071,1,1,16.94643134,162.7204442
27.88,16.86097388,16.66666667,31.68706834,30.29146082,-0.02183574339,-0.02249335368,1,1,16.94578817,163.0771573
27.9,16.86052507,16.66666667,31.68318669,30.2907876,-0.02178473276,-0.02244074486,1,1,16.94514648,163.4346853
27.92,16.8600773,16.66666667,31.67931399,30.29011595,-0.02173384566,-0.02238826389,1,1,16.94450628,163.79303
27.94,16.85963058,16.66666667,31.67545025,30.28944588,-0.02168308176,-0.02233591043,1,1,16.94386754,164.1521935
27.96,16.85918491,16.66666667,31.67159543,30.28877737,-0.02163244073,-0.02228368414,1,1,16.94323028,164.5121775
27.98,16.85874028,16.66666667,31.66774951,30.28811042,-0.02158192225,-0.02223158467,1,1,16.94259449,164.872984
28,16.85829669,16.66666667,31.66391247,30.28744503,-0.02153152599,-0.02217961167,1,1,16.94196016,165.2346149
28.02,16.85785413,16.66666667,31.6600843,30.2867812,-0.02148125161,-0.02212776482,1,1,16.94132729,165.5970722
28.04,16.85741261,16.66666667,31.65626496,30.28611891,-0.0214310988,-0.02207604376,1,1,16.94069588,165.9603576
28.06,16.85697212,16.66666667,31.65245445,30.28545818,-0.02138106722,-0.02202444816,1,1,16.94006592,166.3244733
28.08,16.85653266,16.66666667,31.64865274,30.28479899,-0.02133115657,-0.02197297769,1,1,16.93943742,166.689421
28.1,16.85609423,16.66666667,31.6448598,30.28414134,-0.0212813665,-0.021921632,1,1,16.93881036,167.0552028
28.12,16.85565682,16.66666667,31.64107562,30.28348523,-0.02123169671,-0.02187041076,1,1,16.93818475,167.4218205
28.14,16.85522043,16.66666667,31.63730018,30.28283065,-0.02118214687,-0.02181931363,1,1,16.93756057,167.7892761
28.16,16.85478507,16.66666667,31.63353346,30.2821776,-0.02113271666,-0.02176834029,1,1,16.93693784,168.1575716
28.18,16.85435072,16.66666667,31.62977544,30.28152608,-0.02108340577,-0.0217174904,1,1,16.93631654,168.5267089
28.2,16.85391738,16.66666667,31.62602609,30.28087607,-0.02103421387,-0.02166676363,1,1,16.93569667,168.89669
28.22,16.85348506,16.66666667,31.6222854,30.28022759,-0.02098514066,-0.02161615965,1,1,16.93507823,169.2675168
28.24,16.85305375,16.66666667,31.61855334,30.27958062,-0.02093618582,-0.02156567813,1,1,16.93446121,169.6391913
28.26,16.85262344,16.66666667,31.61482991,30.27893516,-0.02088734903,-0.02151531875,1,1,16.93384562,170.0117154
28.28,16.85219414,16.66666667,31.61111506,30.27829121,-0.02083862998,-0.02146508117,1,1,16.93323144,170.3850912
28.3,16.85176584,16.66666667,31.6074088,30.27764876,-0.02079002835,-0.02141496507,1,1,16.93261867,170.7593206
28.32,16.85133854,16.66666667,31.60371109,30.27700781,-0.02074154385,-0.02136497014,1,1,16.93200732,171.1344055
28.34,16.85091224,16.66666667,31.60002191,30.27636836,-0.02069317616,-0.02131509603,1,1,16.93139738,171.5103481
28.36,16.85048693,16.66666667,31.59634125,30.2757304,-0.02064492496,-0.02126534244,1,1,16.93078884,171.8871502
28.38,16.85006262,16.66666667,31.59266909,30.27509392,-0.02059678996,-0.02121570904,1,1,16.9301817,172.2648139
28.4,16.84963929,16.66666667,31.58900541,30.27445894,-0.02054877084,-0.02116619552,1,1,16.92957596,172.6433412
28.42,16.84921696,16.66666667,31.58535018,30.27382543,-0.0205008673,-0.02111680154,1,1,16.92897162,173.0227341
28.44,16.84879561,16.66666667,31.58170338,30.27319341,-0.02045307903,-0.0210675268,1,1,16.92836866,173.4029945
28.46,16.84837524,16.66666667,31.57806501,30.27256286,-0.02040540574,-0.02101837098,1,1,16.9277671,173.7841245
28.48,16.84795585,16.66666667,31.57443503,30.27193378,-0.02035784712,-0.02096933376,1,1,16.92716692,174.1661262
28.5,16.84753744,16.66666667,31.57081343,30.27130616,-0.02031040286,-0.02092041483,1,1,16.92656812,174.5490015
28.52,16.84712001,16.66666667,31.56720019,30.27068002,-0.02026307266,-0.02087161387,1,1,16.9259707,174.9327525
28.54,16.84670355,16.66666667,31.56359529,30.27005533,-0.02021585624,-0.02082293058,1,1,16.92537466,175.3173811
28.56,16.84628806,16.66666667,31.55999871,30.2694321,-0.02016875328,-0.02077436463,1,1,16.92477999,175.7028895
28.58,16.84587355,16.66666667,31.55641042,30.26881032,-0.02012176349,-0.02072591572,1,1,16.92418669,176.0892798
28.6,16.84546,16.66666667,31.55283042,30.26818999,-0.02007488657,-0.02067758354,1,1,16.92359475,176.4765538
28.62,16.84504741,16.66666667,31.54925868,30.26757111,-0.02002812223,-0.02062936778,1,1,16.92300418,176.8647137
28.64,16.84463578,16.66666667,31.54569518,30.26695367,-0.01998147017,-0.02058126814,1,1,16.92241497,177.2537616
28.66,16.84422512,16.66666667,31.54213991,30.26633767,-0.01993493009,-0.0205332843,1,1,16.92182711,177.6436994
28.68,16.84381541,16.66666667,31.53859283,30.26572311,-0.01988850171,-0.02048541597,1,1,16.92124061,178.0345294
28.7,16.84340666,16.66666667,31.53505395,30.26510998,-0.01984218473,-0.02043766282,1,1,16.92065546,178.4262534
28.72,16.84299885,16.66666667,31.53152322,30.26449828,-0.01979597887,-0.02039002458,1,1,16.92007166,178.8188737
28.74,16.842592,16.66666667,31.52800065,30.26388801,-0.01974988382,-0.02034250092,1,1,16.9194892,179.2123923
28.76,16.8421861,16.66666667,31.5244862,30.26327915,-0.01970389931,-0.02029509155,1,1,16.91890808,179.6068112
28.78,16.84178115,16.66666667,31.52097986,30.26267172,-0.01965802503,-0.02024779617,1,1,16.9183283,180.0021326
28.8,16.84137713,16.66666667,31.51748161,30.2620657,-0.01961226072,-0.02020061448,1,1,16.91774985,180.3983586
28.82,16.84097406,16.66666667,31.51399143,30.2614611,-0.01956660607,-0.02015354618,1,1,16.91717273,180.7954912
28.84,16.84057193,16.66666667,31.51050931,30.2608579,-0.0195210608,-0.02010659097,1,1,16.91659695,181.1935326
28.86,16.84017074,16.66666667,31.50703521,30.26025611,-0.01947562463,-0.02005974856,1,1,16.91602249,181.5924849
28.88,16.83977048,16.66666667,31.50356914,30.25965571,-0.01943029728,-0.02001301864,1,1,16.91544935,181.9923501
28.9,16.83937115,16.66666667,31.50011105,30.25905672,-0.01938507845,-0.01996640093,1,1,16.91487753,182.3931304
28.92,16.83897275,16.66666667,31.49666095,30.25845913,-0.01933996788,-0.01991989514,1,1,16.91430703,182.794828
28.94,16.83857528,16.66666667,31.4932188,30.25786292,-0.01929496527,-0.01987350096,1,1,16.91373784,183.1974449
28.96,16.83817874,16.66666667,31.48978459,30.2572681,-0.01925007035,-0.0198272181,1,1,16.91316996,183.6009833
28.98,16.83778312,16.66666667,31.48635831,30.25667467,-0.01920528284,-0.01978104628,1,1,16.91260339,184.0054454
29,16.83738842,16.66666667,31.48293993,30.25608262,-0.01916060246,-0.01973498521,1,1,16.91203813,184.4108332
29.02,16.83699463,16.66666667,31.47952943,30.25549195,-0.01911602893,-0.01968903459,1,1,16.91147416,184.8171489
29.04,16.83660177,16.66666667,31.4761268,30.25490266,-0.01907156197,-0.01964319413,1,1,16.9109115,185.2243946
29.06,16.83620982,16.66666667,31.47273202,30.25431473,-0.01902720132,-0.01959746356,1,1,16.91035012,185.6325726
29.08,16.83581878,16.66666667,31.46934506,30.25372818,-0.01898294668,-0.01955184258,1,1,16.90979004,186.041685
29.1,16.83542866,16.66666667,31.46596592,30.25314299,-0.0189387978,-0.01950633091,1,1,16.90923125,186.4517339
29.12,16.83503944,16.66666667,31.46259457,30.25255916,-0.01889475439,-0.01946092826,1,1,16.90867375,186.8627215
29.14,16.83465113,16.66666667,31.459231,30.25197669,-0.01885081619,-0.01941563435,1,1,16.90811753,187.2746501
29.16,16.83426372,16.66666667,31.45587519,30.25139558,-0.01880698292,-0.0193704489,1,1,16.90756259,187.6875217
29.18,16.83387721,16.66666667,31.45252711,30.25081582,-0.01876325431,-0.01932537162,1,1,16.90700893,188.1013386
29.2,16.8334916,16.66666667,31.44918676,30.2502374,-0.01871963009,-0.01928040223,1,1,16.90645654,188.5161029
29.22,16.83310689,16.66666667,31.4458541,30.24966034,-0.01867610999,-0.01923554046,1,1,16.90590542,188.9318169
29.24,16.83272308,16.66666667,31.44252914,30.24908461,-0.01863269375,-0.01919078602,1,1,16.90535557,189.3484828
29.26,16.83234015,16.66666667,31.43921184,30.24851023,-0.01858938109,-0.01914613864,1,1,16.90480699,189.7661027
29.28,16.83195812,16.66666667,31.43590219,30.24793718,-0.01854617175,-0.01910159804,1,1,16.90425967,190.1846789
29.3,16.83157698,16.66666667,31.43260017,30.24736547,-0.01850306547,-0.01905716394,1,1,16.90371361,190.6042136
29.32,16.83119672,16.66666667,31.42930577,30.24679508,-0.01846006198,-0.01901283606,1,1,16.9031688,191.0247089
29.34,16.83081735,16.66666667,31.42601896,30.24622602,-0.01841716101,-0.01896861413,1,1,16.90262525,191.4461673
29.36,16.83043886,16.66666667,31.42273973,30.24565829,-0.0183743623,-0.01892449788,1,1,16.90208296,191.8685908
29.38,16.83006125,16.66666667,31.41946806,30.24509187,-0.01833166559,-0.01888048703,1,1,16.9015419,192.2919817
29.4,16.82968452,16.66666667,31.41620394,30.24452678,-0.01828907062,-0.01883658132,1,1,16.9010021,192.7163423
29.42,16.82930866,16.66666667,31.41294734,30.24396299,-0.01824657712,-0.01879278046,1,1,16.90046354,193.1416747
29.44,16.82893368,16.66666667,31.40969825,30.24340052,-0.01820418484,-0.0187490842,1,1,16.89992621,193.5679813
29.46,16.82855957,16.66666667,31.40645665,30.24283936,-0.01816189352,-0.01870549225,1,1,16.89939013,193.9952643
29.48,16.82818633,16.66666667,31.40322253,30.2422795,-0.0181197029,-0.01866200435,1,1,16.89885527,194.423526
29.5,16.82781396,16.66666667,31.39999586,30.24172094,-0.01807761271,-0.01861862023,1,1,16.89832165,194.8527686
29.52,16.82744245,16.66666667,31.39677663,30.24116368,-0.01803562271,-0.01857533963,1,1,16.89778926,195.2829945
29.54,16.82707181,16.66666667,31.39356482,30.24060771,-0.01799373264,-0.01853216228,1,1,16.89725809,195.7142058
29.56,16.82670203,16.66666667,31.39036041,30.24005304,-0.01795194224,-0.01848908791,1,1,16.89672814,196.1464049
29.58,16.8263331,16.66666667,31.38716339,30.23949966,-0.01791025126,-0.01844611625,1,1,16.89619941,196.5795941
29.6,16.82596504,16.66666667,31.38397375,30.23894756,-0.01786865944,-0.01840324705,1,1,16.8956719,197.0137756
29.62,16.82559783,16.66666667,31.38079145,30.23839674,-0.01782716653,-0.01836048004,1,1,16.89514561,197.4489518
29.64,16.82523147,16.66666667,31.37761649,30.23784721,-0.01778577228,-0.01831781496,1,1,16.89462052,197.8851249
29.66,16.82486597,16.66666667,31.37444885,30.23729895,-0.01774447643,-0.01827525155,1,1,16.89409665,198.3222973
29.68,16.82450131,16.66666667,31.37128851,30.23675197,-0.01770327874,-0.01823278954,1,1,16.89357398,198.7604713
29.7,16.8241375,16.66666667,31.36813546,30.23620626,-0.01766217896,-0.01819042868,1,1,16.89305251,199.1996491
29.72,16.82377454,16.66666667,31.36498967,30.23566181,-0.01762117684,-0.0181481687,1,1,16.89253224,199.6398333
29.74,16.82341242,16.66666667,31.36185113,30.23511863,-0.01758027212,-0.01810600935,1,1,16.89201317,200.0810259
29.76,16.82305114,16.66666667,31.35871983,30.23457671,-0.01753946456,-0.01806395037,1,1,16.89149529,200.5232295
29.78,16.8226907,16.66666667,31.35559574,30.23403605,-0.01749875392,-0.01802199151,1,1,16.89097861,200.9664463
29.8,16.8223311,16.66666667,31.35247886,30.23349665,-0.01745813994,-0.0179801325,1,1,16.89046311,201.4106787
29.82,16.82197233,16.66666667,31.34936916,30.2329585,-0.01741762239,-0.0179383731,1,1,16.8899488,201.855929
29.84,16.8216144,16.66666667,31.34626663,30.2324216,-0.01737720101,-0.01789671304,1,1,16.88943567,202.3021996
29.86,16.82125729,16.66666667,31.34317124,30.23188594,-0.01733687557,-0.01785515208,1,1,16.88892373,202.7494929
29.88,16.82090102,16.66666667,31.34008299,30.23135153,-0.01729664581,-0.01781368996,1,1,16.88841296,203.1978112
29.9,16.82054557,16.66666667,31.33700186,30.23081836,-0.01725651151,-0.01777232642,1,1,16.88790337,203.6471569
29.92,16.82019095,16.66666667,31.33392783,30.23028643,-0.0172164724,-0.01773106123,1,1,16.88739495,204.0975323
29.94,16.81983715,16.66666667,31.33086088,30.22975573,-0.01717652827,-0.01768989412,1,1,16.8868877,204.54894
29.96,16.81948418,16.66666667,31.327801,30.22922627,-0.01713667885,-0.01764882486,1,1,16.88638161,205.0013822
29.98,16.81913202,16.66666667,31.32474817,30.22869803,-0.01709692392,-0.01760785318,1,1,16.88587669,205.4548613
30,16.81878068,16.66666667,31.32170238,30.22817102,-0.01705726323,-0.01756697884,1,1,16.88537294,205.9093798
30.02,16.81843016,16.66666667,31.3186636,30.22764524,-0.01701769656,-0.01752620159,1,1,16.88487034,206.36494
30.04,16.81808045,16.66666667,31.31563183,30.22712067,-0.01697822365,-0.01748552118,1,1,16.8843689,206.8215444
30.06,16.81773155,16.66666667,31.31260704,30.22659732,-0.01693884427,-0.01744493738,1,1,16.88386861,207.2791954
30.08,16.81738346,16.66666667,31.30958923,30.22607519,-0.01689955819,-0.01740444993,1,1,16.88336947,207.7378954
30.1,16.81703618,16.66666667,31.30657836,30.22555427,-0.01686036517,-0.01736405859,1,1,16.88287149,208.1976468
30.12,16.8166897,16.66666667,31.30357444,30.22503455,-0.01682126497,-0.01732376312,1,1,16.88237464,208.6584521
30.14,16.81634403,16.66666667,31.30057743,30.22451605,-0.01678225737,-0.01728356327,1,1,16.88187894,209.1203137
30.16,16.81599916,16.66666667,31.29758734,30.22399874,-0.01674334213,-0.0172434588,1,1,16.88138439,209.583234
30.18,16.81565509,16.66666667,31.29460413,30.22348264,-0.01670451901,-0.01720344946,1,1,16.88089096,210.0472156
30.2,16.81531182,16.66666667,31.29162779,30.22296773,-0.01666578779,-0.01716353503,1,1,16.88039868,210.5122608
30.22,16.81496935,16.66666667,31.28865831,30.22245402,-0.01662714822,-0.01712371525,1,1,16.87990752,210.9783722
30.24,16.81462767,16.66666667,31.28569567,30.2219415,-0.0165886001,-0.01708398988,1,1,16.8794175,211.4455521
30.26,16.81428678,16.66666667,31.28273986,30.22143017,-0.01655014317,-0.0170443587,1,1,16.87892861,211.9138031
30.28,16.81394668,16.66666667,31.27979086,30.22092003,-0.01651177721,-0.01700482146,1,1,16.87844083,212.3831276
30.3,16.81360738,16.66666667,31.27684866,30.22041107,-0.01647350201,-0.01696537792,1,1,16.87795418,212.8535282
30.32,16.81326886,16.66666667,31.27391323,30.21990328,-0.01643531731,-0.01692602785,1,1,16.87746865,213.3250073
30.34,16.81293112,16.66666667,31.27098456,30.21939668,-0.01639722291,-0.016886771,1,1,16.87698424,213.7975674
30.36,16.81259417,16.66666667,31.26806264,30.21889125,-0.01635921857,-0.01684760716,1,1,16.87650094,214.271211
30.38,16.812258,16.66666667,31.26514745,30.218387,-0.01632130406,-0.01680853607,1,1,16.87601876,214.7459406
30.4,16.81192261,16.66666667,31.26223898,30.21788391,-0.01628347917,-0.01676955751,1,1,16.87553768,215.2217588
30.42,16.81158799,16.66666667,31.25933721,30.21738199,-0.01624574366,-0.01673067124,1,1,16.87505771,215.698668
30.44,16.81125416,16.66666667,31.25644212,30.21688123,-0.01620809732,-0.01669187703,1,1,16.87457884,216.1766708
30.46,16.81092109,16.66666667,31.2535537,30.21638164,-0.01617053991,-0.01665317466,1,1,16.87410108,216.6557697
30.48,16.8105888,16.66666667,31.25067193,30.2158832,-0.01613307123,-0.01661456388,1,1,16.87362441,217.1359672
30.5,16.81025728,16.66666667,31.24779681,30.21538592,-0.01609569103,-0.01657604447,1,1,16.87314884,217.617266
30.52,16.80992653,16.66666667,31.2449283,30.21488979,-0.01605839912,-0.01653761619,1,1,16.87267437,218.0996685
30.54,16.80959654,16.66666667,31.2420664,30.21439481,-0.01602119525,-0.01649927883,1,1,16.87220098,218.5831772
30.56,16.80926732,16.66666667,31.2392111,30.21390098,-0.01598407922,-0.01646103214,1,1,16.87172869,219.0677948
30.58,16.80893886,16.66666667,31.23636237,30.2134083,-0.0159470508,-0.01642287591,1,1,16.87125748,219.5535239
30.6,16.80861117,16.66666667,31.2335202,30.21291675,-0.01591010977,-0.0163848099,1,1,16.87078736,220.0403669
30.62,16.80828423,16.66666667,31.23068458,30.21242635,-0.01587325592,-0.01634683389,1,1,16.87031831,220.5283264
30.64,16.80795805,16.66666667,31.22785549,30.21193708,-0.01583648903,-0.01630894765,1,1,16.86985035,221.0174051
30.66,16.80763263,16.66666667,31.22503292,30.21144894,-0.01579980888,-0.01627115096,1,1,16.86938346,221.5076056
30.68,16.80730796,16.66666667,31.22221685,30.21096194,-0.01576321526,-0.01623344359,1,1,16.86891765,221.9989304
30.7,16.80698404,16.66666667,31.21940726,30.21047607,-0.01572670795,-0.01619582533,1,1,16.86845291,222.4913821
30.72,16.80666088,16.66666667,31.21660414,30.20999132,-0.01569028673,-0.01615829594,1,1,16.86798923,222.9849633
30.74,16.80633846,16.66666667,31.21380748,30.20950769,-0.0156539514,-0.0161208552,1,1,16.86752663,223.4796767
30.76,16.80601679,16.66666667,31.21101726,30.20902519,-0.01561770173,-0.0160835029,1,1,16.86706508,223.9755248
30.78,16.80569587,16.66666667,31.20823347,30.2085438,-0.01558153751,-0.0160462388,1,1,16.8666046,224.4725104
30.8,16.80537569,16.66666667,31.20545609,30.20806353,-0.01554545854,-0.0160090627,1,1,16.86614518,224.9706359
30.82,16.80505625,16.66666667,31.2026851,30.20758437,-0.01550946459,-0.01597197437,1,1,16.86568681,225.4699042
30.84,16.80473755,16.66666667,31.1999205,30.20710632,-0.01547355546,-0.01593497358,1,1,16.8652295,225.9703177
30.86,16.80441958,16.66666667,31.19716226,30.20662938,-0.01543773094,-0.01589806013,1,1,16.86477324,226.4718791
30.88,16.80410236,16.66666667,31.19441037,30.20615354,-0.01540199082,-0.0158612338,1,1,16.86431803,226.9745912
30.9,16.80378587,16.66666667,31.19166483,30.20567881,-0.01536633488,-0.01582449436,1,1,16.86386387,227.4784566
30.92,16.80347011,16.66666667,31.1889256,30.20520517,-0.01533076292,-0.0157878416,1,1,16.86341075,227.9834778
30.94,16.80315509,16.66666667,31.18619268,30.20473263,-0.01529527473,-0.01575127531,1,1,16.86295868,228.4896577
30.96,16.80284079,16.66666667,31.18346606,30.20426119,-0.01525987011,-0.01571479526,1,1,16.86250764,228.9969989
30.98,16.80252722,16.66666667,31.18074571,30.20379084,-0.01522454883,-0.01567840125,1,1,16.86205764,229.505504
31,16.80221438,16.66666667,31.17803163,30.20332157,-0.01518931071,-0.01564209306,1,1,16.86160868,230.0151758
31.02,16.80190226,16.66666667,31.17532379,30.2028534,-0.01515415553,-0.01560587047,1,1,16.86116075,230.5260169
31.04,16.80159087,16.66666667,31.17262219,30.20238631,-0.01511908309,-0.01556973327,1,1,16.86071384,231.0380301
31.06,16.8012802,16.66666667,31.16992682,30.20192029,-0.01508409318,-0.01553368126,1,1,16.86026797,231.5512181
31.08,16.80097024,16.66666667,31.16723765,30.20145536,-0.01504918559,-0.01549771421,1,1,16.85982312,232.0655836
31.1,16.80066101,16.66666667,31.16455467,30.20099151,-0.01501436014,-0.01546183192,1,1,16.8593793,232.5811292
31.12,16.80035248,16.66666667,31.16187787,30.20052873,-0.0149796166,-0.01542603418,1,1,16.85893649,233.0978578
31.14,16.80004468,16.66666667,31.15920723,30.20006702,-0.01494495478,-0.01539032077,1,1,16.85849471,233.6157721
31.16,16.79973758,16.66666667,31.15654274,30.19960638,-0.01491037448,-0.01535469149,1,1,16.85805394,234.1348748
31.18,16.7994312,16.66666667,31.15388438,30.1991468,-0.01487587549,-0.01531914613,1,1,16.85761418,234.6551687
31.2,16.79912553,16.66666667,31.15123215,30.19868829,-0.01484145762,-0.01528368448,1,1,16.85717544,235.1766565
31.22,16.79882056,16.66666667,31.14858602,30.19823084,-0.01480712066,-0.01524830633,1,1,16.8567377,235.6993409
31.24,16.7985163,16.66666667,31.14594599,30.19777445,-0.01477286442,-0.01521301148,1,1,16.85630097,236.2232248
31.26,16.79821275,16.66666667,31.14331203,30.19731912,-0.01473868869,-0.01517779971,1,1,16.85586525,236.7483109
31.28,16.79790989,16.66666667,31.14068414,30.19686484,-0.01470459328,-0.01514267083,1,1,16.85543053,237.274602
31.3,16.79760774,16.66666667,31.13806229,30.19641161,-0.01467057799,-0.01510762463,1,1,16.8549968,237.8021009
31.32,16.79730629,16.66666667,31.13544649,30.19595943,-0.01463664262,-0.0150726609,1,1,16.85456408,238.3308104
31.34,16.79700553,16.66666667,31.1328367,30.1955083,-0.01460278697,-0.01503777943,1,1,16.85413235,238.8607332
31.36,16.79670547,16.66666667,31.13023292,30.19505821,-0.01456901086,-0.01500298004,1,1,16.85370161,239.3918722
31.38,16.79640611,16.66666667,31.12763514,30.19460916,-0.01453531407,-0.0149682625,1,1,16.85327186,239.9242301
31.4,16.79610743,16.66666667,31.12504334,30.19416115,-0.01450169643,-0.01493362663,1,1,16.8528431,240.4578099
31.42,16.79580945,16.66666667,31.1224575,30.19371418,-0.01446815772,-0.01489907221,1,1,16.85241533,240.9926143
31.44,16.79551216,16.66666667,31.11987762,30.19326824,-0.01443469776,-0.01486459905,1,1,16.85198854,241.5286462
31.46,16.79521556,16.66666667,31.11730368,30.19282333,-0.01440131636,-0.01483020695,1,1,16.85156274,242.0659083
31.48,16.79491964,16.66666667,31.11473566,30.19237946,-0.01436801332,-0.0147958957,1,1,16.85113791,242.6044036
31.5,16.7946244,16.66666667,31.11217355,30.19193661,-0.01433478845,-0.01476166511,1,1,16.85071406,243.1441349
31.52,16.79432985,16.66666667,31.10961734,30.19149478,-0.01430164156,-0.01472751498,1,1,16.85029118,243.685105
31.54,16.79403599,16.66666667,31.10706702,30.19105398,-0.01426857245,-0.01469344511,1,1,16.84986927,244.2273168
31.56,16.7937428,16.66666667,31.10452256,30.19061419,-0.01423558094,-0.01465945529,1,1,16.84944834,244.7707732
31.58,16.79345029,16.66666667,31.10198397,30.19017543,-0.01420266683,-0.01462554535,1,1,16.84902837,245.315477
31.6,16.79315845,16.66666667,31.09945121,30.18973768,-0.01416982994,-0.01459171506,1,1,16.84860937,245.8614312
31.62,16.79286729,16.66666667,31.09692429,30.18930094,-0.01413707007,-0.01455796425,1,1,16.84819134,246.4086386
31.64,16.79257681,16.66666667,31.09440318,30.18886521,-0.01410438703,-0.01452429272,1,1,16.84777426,246.9571021
31.66,16.79228699,16.66666667,31.09188788,30.18843049,-0.01407178065,-0.01449070026,1,1,16.84735814,247.5068246
31.68,16.79199785,16.66666667,31.08937836,30.18799677,-0.01403925072,-0.01445718669,1,1,16.84694298,248.057809
31.7,16.79170937,16.66666667,31.08687462,30.18756406,-0.01400679707,-0.01442375182,1,1,16.84652878,248.6100583
31.72,16.79142157,16.66666667,31.08437665,30.18713235,-0.01397441951,-0.01439039544,1,1,16.84611553,249.1635754
31.74,16.79113442,16.66666667,31.08188442,30.18670163,-0.01394211784,-0.01435711736,1,1,16.84570322,249.7183631
31.76,16.79084794,16.66666667,31.07939793,30.18627192,-0.01390989189,-0.0143239174,1,1,16.84529187,250.2744245
31.78,16.79056213,16.66666667,31.07691716,30.18584319,-0.01387774147,-0.01429079536,1,1,16.84488146,250.8317625
31.8,16.79027697,16.66666667,31.0744421,30.18541546,-0.01384566639,-0.01425775105,1,1,16.844472,251.39038
31.82,16.78999248,16.66666667,31.07197274,30.18498872,-0.01381366647,-0.01422478428,1,1,16.84406347,251.9502799
31.84,16.78970864,16.66666667,31.06950906,30.18456296,-0.01378174153,-0.01419189485,1,1,16.84365589,252.5114653
31.86,16.78942546,16.66666667,31.06705106,30.18413819,-0.01374989138,-0.01415908259,1,1,16.84324924,253.0739392
31.88,16.78914293,16.66666667,31.06459871,30.1837144,-0.01371811584,-0.01412634729,1,1,16.84284353,253.6377044
31.9,16.78886106,16.66666667,31.062152,30.18329159,-0.01368641473,-0.01409368877,1,1,16.84243875,254.2027639
31.92,16.78857984,16.66666667,31.05971092,30.18286975,-0.01365478787,-0.01406110685,1,1,16.8420349,254.7691209
31.94,16.78829926,16.66666667,31.05727547,30.1824489,-0.01362323507,-0.01402860133,1,1,16.84163198,255.3367782
31.96,16.78801934,16.66666667,31.05484561,30.18202901,-0.01359175616,-0.01399617203,1,1,16.84122999,255.9057388
31.98,16.78774006,16.66666667,31.05242135,30.1816101,-0.01356035095,-0.01396381876,1,1,16.84082892,256.4760058
32,16.78746143,16.66666667,31.05000267,30.18119215,-0.01352901927,-0.01393154134,1,1,16.84042877,257.0475823
32.02,16.78718345,16.66666667,31.04758956,30.18077517,-0.01349776093,-0.01389933957,1,1,16.84002954,257.6204711
32.04,16.7869061,16.66666667,31.04518199,30.18035915,-0.01346657576,-0.01386721328,1,1,16.83963123,258.1946754
32.06,16.7866294,16.66666667,31.04277997,30.1799441,-0.01343546357,-0.01383516228,1,1,16.83923384,258.7701981
32.08,16.78635334,16.66666667,31.04038348,30.17953,-0.0134044242,-0.01380318638,1,1,16.83883736,259.3470424
32.1,16.78607791,16.66666667,31.0379925,30.17911686,-0.01337345746,-0.01377128541,1,1,16.83844179,259.9252113
32.12,16.78580312,16.66666667,31.03560702,30.17870468,-0.01334256318,-0.01373945917,1,1,16.83804714,260.5047078
32.14,16.78552897,16.66666667,31.03322703,30.17829345,-0.01331174118,-0.01370770749,1,1,16.83765338,261.085535
32.16,16.78525545,16.66666667,31.03085252,30.17788317,-0.01328099129,-0.01367603019,1,1,16.83726054,261.667696
32.18,16.78498256,16.66666667,31.02848348,30.17747384,-0.01325031332,-0.01364442708,1,1,16.8368686,262.2511939
32.2,16.7847103,16.66666667,31.02611988,30.17706545,-0.01321970711,-0.01361289797,1,1,16.83647755,262.8360317
32.22,16.78443867,16.66666667,31.02376173,30.17665801,-0.01318917247,-0.01358144271,1,1,16.83608741,263.4222126
32.24,16.78416767,16.66666667,31.021409,30.1762515,-0.01315870925,-0.01355006109,1,1,16.83569817,264.0097396
32.26,16.78389729,16.66666667,31.01906168,30.17584594,-0.01312831725,-0.01351875294,1,1,16.83530981,264.5986158
32.28,16.78362754,16.66666667,31.01671976,30.17544132,-0.01309799632,-0.01348751809,1,1,16.83492236,265.1888445
32.3,16.78335842,16.66666667,31.01438324,30.17503762,-0.01306774627,-0.01345635634,1,1,16.83453579,265.7804286
32.32,16.78308991,16.66666667,31.01205209,30.17463487,-0.01303756694,-0.01342526754,1,1,16.83415011,266.3733713
32.34,16.78282203,16.66666667,31.0097263,30.17423304,-0.01300745815,-0.01339425149,1,1,16.83376532,266.9676758
32.36,16.78255476,16.66666667,31.00740587,30.17383214,-0.01297741974,-0.01336330802,1,1,16.83338141,267.5633452
32.38,16.78228811,16.66666667,31.00509077,30.17343217,-0.01294745152,-0.01333243696,1,1,16.83299839,268.1603827
32.4,16.78202208,16.66666667,31.002781,30.17303312,-0.01291755334,-0.01330163813,1,1,16.83261624,268.7587913
32.42,16.78175666,16.66666667,31.00047655,30.17263499,-0.01288772502,-0.01327091134,1,1,16.83223498,269.3585744
32.44,16.78149185,16.66666667,30.9981774,30.17223778,-0.01285796639,-0.01324025644,1,1,16.83185459,269.959735
32.46,16.78122766,16.66666667,30.99588354,30.17184149,-0.01282827728,-0.01320967323,1,1,16.83147508,270.5622763
32.48,16.78096408,16.66666667,30.99359495,30.17144612,-0.01279865753,-0.01317916156,1,1,16.83109643,271.1662016
32.5,16.7807011,16.66666667,30.99131163,30.17105166,-0.01276910697,-0.01314872123,1,1,16.83071866,271.771514
32.52,16.78043874,16.66666667,30.98903357,30.17065811,-0.01273962542,-0.01311835209,1,1,16.83034176,272.3782167
32.54,16.78017698,16.66666667,30.98676074,30.17026546,-0.01271021273,-0.01308805396,1,1,16.82996572,272.9863129
32.56,16.77991582,16.66666667,30.98449315,30.16987373,-0.01268086872,-0.01305782666,1,1,16.82959055,273.5958059
32.58,16.77965527,16.66666667,30.98223077,30.1694829,-0.01265159324,-0.01302767003,1,1,16.82921624,274.2066989
32.6,16.77939531,16.66666667,30.9799736,30.16909297,-0.01262238611,-0.01299758388,1,1,16.82884279,274.8189951
32.62,16.77913596,16.66666667,30.97772162,30.16870394,-0.01259324716,-0.01296756806,1,1,16.8284702,275.4326977
32.64,16.77887721,16.66666667,30.97547482,30.16831582,-0.01256417624,-0.01293762239,1,1,16.82809847,276.04781
32.66,16.77861906,16.66666667,30.97323319,30.16792858,-0.01253517318,-0.0129077467,1,1,16.82772759,276.6643352
32.68,16.7783615,16.66666667,30.97099672,30.16754224,-0.01250623782,-0.01287794082,1,1,16.82735756,277.2822767
32.7,16.77810453,16.66666667,30.96876539,30.1671568,-0.01247736999,-0.01284820458,1,1,16.82698839,277.9016376
32.72,16.77784816,16.66666667,30.9665392,30.16677224,-0.01244856953,-0.01281853781,1,1,16.82662006,278.5224213
32.74,16.77759238,16.66666667,30.96431813,30.16638857,-0.01241983627,-0.01278894035,1,1,16.82625258,279.1446311
32.76,16.77733719,16.66666667,30.96210217,30.16600579,-0.01239117006,-0.01275941202,1,1,16.82588594,279.7682701
32.78,16.7770826,16.66666667,30.9598913,30.16562389,-0.01236257073,-0.01272995266,1,1,16.82552015,280.3933418
32.8,16.77682858,16.66666667,30.95768552,30.16524288,-0.01233403812,-0.01270056211,1,1,16.8251552,281.0198495
32.82,16.77657516,16.66666667,30.95548482,30.16486274,-0.01230557207,-0.01267124019,1,1,16.82479108,281.6477964
32.84,16.77632232,16.66666667,30.95328918,30.16448348,-0.01227717242,-0.01264198674,1,1,16.82442781,282.2771858
32.86,16.77607006,16.66666667,30.95109859,30.1641051,-0.01224883901,-0.01261280159,1,1,16.82406536,282.9080212
32.88,16.77581839,16.66666667,30.94891303,30.16372759,-0.01222057168,-0.01258368459,1,1,16.82370376,283.5403058
32.9,16.7755673,16.66666667,30.94673251,30.16335095,-0.01219237027,-0.01255463556,1,1,16.82334298,284.174043
32.92,16.77531678,16.66666667,30.944557,30.16297518,-0.01216423463,-0.01252565433,1,1,16.82298303,284.8092361
32.94,16.77506685,16.66666667,30.9423865,30.16260027,-0.01213616458,-0.01249674076,1,1,16.82262391,285.4458886
32.96,16.77481749,16.66666667,30.94022099,30.16222624,-0.01210815999,-0.01246789466,1,1,16.82226562,286.0840037
32.98,16.77456871,16.66666667,30.93806046,30.16185306,-0.01208022068,-0.01243911589,1,1,16.82190815,286.7235848
33,16.7743205,16.66666667,30.9359049,30.16148075,-0.0120523465,-0.01241040427,1,1,16.8215515,287.3646354
33.02,16.77407287,16.66666667,30.9337543,30.1611093,-0.01202453729,-0.01238175965,1,1,16.82119567,288.0071588
33.04,16.7738258,16.66666667,30.93160865,30.1607387,-0.01199679291,-0.01235318186,1,1,16.82084066,288.6511585
33.06,16.77357931,16.66666667,30.92946793,30.16036896,-0.01196911318,-0.01232467074,1,1,16.82048646,289.2966377
33.08,16.77333338,16.66666667,30.92733214,30.16000008,-0.01194149796,-0.01229622614,1,1,16.82013308,289.9436
33.1,16.77308803,16.66666667,30.92520126,30.15963204,-0.0119139471,-0.01226784789,1,1,16.81978051,290.5920487
33.12,16.77284324,16.66666667,30.92307528,30.15926486,-0.01188646043,-0.01223953582,1,1,16.81942875,291.2419874
33.14,16.77259901,16.66666667,30.92095419,30.15889852,-0.0118590378,-0.01221128979,1,1,16.8190778,291.8934194
33.16,16.77235535,16.66666667,30.91883798,30.15853302,-0.01183167906,-0.01218310963,1,1,16.81872766,292.5463481
33.18,16.77211225,16.66666667,30.91672664,30.15816837,-0.01180438405,-0.01215499519,1,1,16.81837832,293.2007771
33.2,16.77186971,16.66666667,30.91462015,30.15780456,-0.01177715263,-0.01212694629,1,1,16.81802978,293.8567098
33.22,16.77162773,16.66666667,30.91251851,30.1574416,-0.01174998464,-0.0120989628,1,1,16.81768205,294.5141497
33.24,16.77138631,16.66666667,30.9104217,30.15707946,-0.01172287992,-0.01207104455,1,1,16.81733511,295.1731002
33.26,16.77114545,16.66666667,30.90832972,30.15671817,-0.01169583833,-0.01204319138,1,1,16.81698898,295.8335648
33.28,16.77090514,16.66666667,30.90624255,30.15635771,-0.01166885972,-0.01201540314,1,1,16.81664363,296.4955471
33.3,16.77066538,16.66666667,30.90416017,30.15599808,-0.01164194392,-0.01198767966,1,1,16.81629909,297.1590505
33.32,16.77042618,16.66666667,30.90208259,30.15563928,-0.0116150908,-0.0119600208,1,1,16.81595533,297.8240785
33.34,16.77018754,16.66666667,30.90000979,30.1552813,-0.0115883002,-0.0119324264,1,1,16.81561236,298.4906346
33.36,16.76994944,16.66666667,30.89794175,30.15492416,-0.01156157197,-0.01190489631,1,1,16.81527019,299.1587225
33.38,16.76971189,16.66666667,30.89587847,30.15456783,-0.01153490597,-0.01187743036,1,1,16.81492879,299.8283456
33.4,16.76947489,16.66666667,30.89381994,30.15421233,-0.01150830204,-0.01185002841,1,1,16.81458819,300.4995074
33.42,16.76923843,16.66666667,30.89176614,30.15385765,-0.01148176003,-0.0118226903,1,1,16.81424836,301.1722115
33.44,16.76900253,16.66666667,30.88971706,30.15350379,-0.0114552798,-0.01179541588,1,1,16.81390932,301.8464615
33.46,16.76876716,16.66666667,30.8876727,30.15315074,-0.01142886119,-0.01176820499,1,1,16.81357106,302.522261
33.48,16.76853234,16.66666667,30.88563303,30.15279851,-0.01140250407,-0.01174105749,1,1,16.81323357,303.1996134
33.5,16.76829806,16.66666667,30.88359806,30.15244709,-0.01137620829,-0.01171397321,1,1,16.81289686,303.8785225
33.52,16.76806432,16.66666667,30.88156777,30.15209648,-0.01134997368,-0.01168695202,1,1,16.81256092,304.5589917
33.54,16.76783112,16.66666667,30.87954215,30.15174668,-0.01132380012,-0.01165999375,1,1,16.81222576,305.2410247
33.56,16.76759846,16.66666667,30.87752119,30.15139769,-0.01129768746,-0.01163309826,1,1,16.81189137,305.9246251
33.58,16.76736634,16.66666667,30.87550488,30.1510495,-0.01127163554,-0.0116062654,1,1,16.81155774,306.6097965
33.6,16.76713475,16.66666667,30.8734932,30.15070212,-0.01124564423,-0.01157949501,1,1,16.81122488,307.2965425
33.62,16.76690369,16.66666667,30.87148615,30.15035553,-0.01121971337,-0.01155278695,1,1,16.81089279,307.9848668
33.64,16.76667317,16.66666667,30.86948371,30.15000975,-0.01119384283,-0.01152614106,1,1,16.81056146,308.674773
33.66,16.76644318,16.66666667,30.86748588,30.14966476,-0.01116803246,-0.0114995572,1,1,16.81023089,309.3662648
33.68,16.76621371,16.66666667,30.86549265,30.14932057,-0.01114228211,-0.01147303522,1,1,16.80990108,310.0593458
33.7,16.76598478,16.66666667,30.86350399,30.14897718,-0.01111659165,-0.01144657497,1,1,16.80957203,310.7540196
33.72,16.76575638,16.66666667,30.86151992,30.14863457,-0.01109096093,-0.01142017631,1,1,16.80924374,311.45029
33.74,16.7655285,16.66666667,30.8595404,30.14829275,-0.01106538981,-0.01139383908,1,1,16.8089162,312.1481607
33.76,16.76530115,16.66666667,30.85756544,30.14795173,-0.01103987814,-0.01136756314,1,1,16.80858941,312.8476353
33.78,16.76507432,16.66666667,30.85559502,30.14761149,-0.01101442578,-0.01134134834,1,1,16.80826337,313.5487175
33.8,16.76484802,16.66666667,30.85362913,30.14727203,-0.01098903259,-0.01131519453,1,1,16.80793809,314.251411
33.82,16.76462224,16.66666667,30.85166776,30.14693336,-0.01096369844,-0.01128910158,1,1,16.80761355,314.9557196
33.84,16.76439698,16.66666667,30.8497109,30.14659547,-0.01093842317,-0.01126306933,1,1,16.80728975,315.661647
33.86,16.76417224,16.66666667,30.84775854,30.14625835,-0.01091320665,-0.01123709763,1,1,16.8069667,316.3691969
33.88,16.76394801,16.66666667,30.84581067,30.14592202,-0.01088804874,-0.01121118635,1,1,16.8066444,317.0783731
33.9,16.76372431,16.66666667,30.84386728,30.14558646,-0.0108629493,-0.01118533535,1,1,16.80632283,317.7891793
33.92,16.76350111,16.66666667,30.84192836,30.14525167,-0.01083790819,-0.01115954446,1,1,16.806002,318.5016192
33.94,16.76327844,16.66666667,30.8399939,30.14491766,-0.01081292527,-0.01113381356,1,1,16.80568191,319.2156967
33.96,16.76305628,16.66666667,30.83806388,30.14458441,-0.01078800041,-0.0111081425,1,1,16.80536256,319.9314155
33.98,16.76283462,16.66666667,30.83613831,30.14425194,-0.01076313345,-0.01108253113,1,1,16.80504394,320.6487794
34,16.76261348,16.66666667,30.83421716,30.14392023,-0.01073832427,-0.01105697932,1,1,16.80472605,321.3677922
34.02,16.76239286,16.66666667,30.83230043,30.14358928,-0.01071357273,-0.01103148691,1,1,16.8044089,322.0884577
34.04,16.76217273,16.66666667,30.83038811,30.1432591,-0.01068887869,-0.01100605378,1,1,16.80409247,322.8107797
34.06,16.76195312,16.66666667,30.82848018,30.14292968,-0.01066424202,-0.01098067977,1,1,16.80377677,323.5347621
34.08,16.76173401,16.66666667,30.82657664,30.14260102,-0.01063966257,-0.01095536475,1,1,16.80346179,324.2604086
34.1,16.76151541,16.66666667,30.82467748,30.14227312,-0.01061514021,-0.01093010858,1,1,16.80314754,324.9877231
34.12,16.76129731,16.66666667,30.82278269,30.14194597,-0.01059067481,-0.01090491111,1,1,16.80283401,325.7167095
34.14,16.76107972,16.66666667,30.82089225,30.14161958,-0.01056626623,-0.0108797722,1,1,16.8025212,326.4473715
34.16,16.76086262,16.66666667,30.81900616,30.14129394,-0.01054191433,-0.01085469173,1,1,16.80220911,327.1797132
34.18,16.76064603,16.66666667,30.81712441,30.14096905,-0.01051761898,-0.01082966953,1,1,16.80189774,327.9137383
34.2,16.76042994,16.66666667,30.81524698,30.1406449,-0.01049338005,-0.01080470549,1,1,16.80158708,328.6494507
34.22,16.76021434,16.66666667,30.81337387,30.14032151,-0.0104691974,-0.01077979945,1,1,16.80127714,329.3868543
34.24,16.75999924,16.66666667,30.81150507,30.13999886,-0.01044507089,-0.01075495129,1,1,16.80096791,330.1259531
34.26,16.75978464,16.66666667,30.80964057,30.13967696,-0.0104210004,-0.01073016086,1,1,16.80065939,330.8667508
34.28,16.75957053,16.66666667,30.80778035,30.13935579,-0.01039698579,-0.01070542802,1,1,16.80035158,331.6092516
34.3,16.75935691,16.66666667,30.80592441,30.13903537,-0.01037302693,-0.01068075264,1,1,16.80004447,332.3534592
34.32,16.75914379,16.66666667,30.80407273,30.13871569,-0.01034912368,-0.01065613459,1,1,16.79973808,333.0993776
34.34,16.75893116,16.66666667,30.80222532,30.13839674,-0.01032527592,-0.01063157371,1,1,16.79943238,333.8470107
34.36,16.75871902,16.66666667,30.80038215,30.13807853,-0.01030148351,-0.01060706989,1,1,16.79912739,334.5963626
34.38,16.75850737,16.66666667,30.79854322,30.13776105,-0.01027774632,-0.01058262298,1,1,16.7988231,335.3474372
34.4,16.7582962,16.66666667,30.79670851,30.1374443,-0.01025406422,-0.01055823285,1,1,16.79851951,336.1002384
34.42,16.75808552,16.66666667,30.79487803,30.13712829,-0.01023043708,-0.01053389936,1,1,16.79821662,336.8547702
34.44,16.75787533,16.66666667,30.79305176,30.136813,-0.01020686476,-0.01050962238,1,1,16.79791442,337.6110367
34.46,16.75766562,16.66666667,30.79122968,30.13649843,-0.01018334714,-0.01048540177,1,1,16.79761292,338.3690418
34.48,16.7574564,16.66666667,30.78941179,30.1361846,-0.0101598841,-0.0104612374,1,1,16.79731211,339.1287895
34.5,16.75724766,16.66666667,30.78759808,30.13587148,-0.01013647549,-0.01043712913,1,1,16.79701199,339.8902838
34.52,16.75703939,16.66666667,30.78578855,30.13555909,-0.01011312119,-0.01041307684,1,1,16.79671256,340.6535289
34.54,16.75683161,16.66666667,30.78398317,30.13524742,-0.01008982107,-0.01038908039,1,1,16.79641382,341.4185286
34.56,16.75662431,16.66666667,30.78218195,30.13493646,-0.010066575,-0.01036513964,1,1,16.79611576,342.1852871
34.58,16.75641748,16.66666667,30.78038486,30.13462623,-0.01004338286,-0.01034125447,1,1,16.79581839,342.9538085
34.6,16.75621114,16.66666667,30.77859191,30.1343167,-0.01002024451,-0.01031742474,1,1,16.79552171,343.7240967
34.62,16.75600526,16.66666667,30.77680308,30.13400789,-0.009997159831,-0.01029365032,1,1,16.7952257,344.4961558
34.64,16.75579986,16.66666667,30.77501836,30.1336998,-0.009974128695,-0.01026993108,1,1,16.79493038,345.26999
34.66,16.75559494,16.66666667,30.77323774,30.13339241,-0.009951150974,-0.01024626689,1,1,16.79463573,346.0456034
34.68,16.75539049,16.66666667,30.77146122,30.13308573,-0.009928226541,-0.01022265762,1,1,16.79434177,346.823
34.7,16.7551865,16.66666667,30.76968879,30.13277976,-0.009905355271,-0.01019910313,1,1,16.79404847,347.6021839
34.72,16.75498299,16.66666667,30.76792043,30.13247449,-0.009882537037,-0.0101756033,1,1,16.79375585,348.3831593
34.74,16.75477995,16.66666667,30.76615613,30.13216992,-0.009859771714,-0.010152158,1,1,16.79346391,349.1659303
34.76,16.75457737,16.66666667,30.76439589,30.13186606,-0.009837059176,-0.0101287671,1,1,16.79317263,349.950501
34.78,16.75437526,16.66666667,30.7626397,30.1315629,-0.009814399299,-0.01010543047,1,1,16.79288203,350.7368756
34.8,16.75417362,16.66666667,30.76088754,30.13126043,-0.009791791957,-0.01008214797,1,1,16.79259209,351.5250583
34.82,16.75397244,16.66666667,30.75913941,30.13095867,-0.009769237028,-0.01005891949,1,1,16.79230282,352.3150532
34.84,16.75377173,16.66666667,30.75739531,30.13065759,-0.009746734386,-0.01003574489,1,1,16.79201421,353.1068645
34.86,16.75357148,16.66666667,30.75565521,30.13035721,-0.009724283908,-0.01001262405,1,1,16.79172627,353.9004964
34.88,16.75337169,16.66666667,30.75391911,30.13005753,-0.00970188547,-0.009989556842,1,1,16.79143898,354.695953
34.9,16.75317235,16.66666667,30.752187,30.12975853,-0.00967953895,-0.009966543132,1,1,16.79115236,355.4932387
34.92,16.75297348,16.66666667,30.75045888,30.12946022,-0.009657244225,-0.009943582797,1,1,16.7908664,356.2923575
34.94,16.75277507,16.66666667,30.74873472,30.1291626,-0.009635001172,-0.009920675711,1,1,16.79058109,357.0933138
34.96,16.75257711,16.66666667,30.74701454,30.12886567,-0.009612809669,-0.009897821748,1,1,16.79029644,357.8961118
34.98,16.75237961,16.66666667,30.7452983,30.12856942,-0.009590669595,-0.009875020782,1,1,16.79001244,358.7007557
35,16.75218257,16.66666667,30.74358601,30.12827385,-0.009568580827,-0.009852272687,1,1,16.7897291,359.5072497
35.02,16.75198598,16.66666667,30.74187766,30.12797896,-0.009546543246,-0.009829577338,1,1,16.78944641,360.3155982
35.04,16.75178984,16.66666667,30.74017324,30.12768475,-0.009524556728,-0.009806934611,1,1,16.78916436,361.1258054
35.06,16.75159415,16.66666667,30.73847273,30.12739122,-0.009502621155,-0.00978434438,1,1,16.78888297,361.9378756
35.08,16.75139891,16.66666667,30.73677613,30.12709837,-0.009480736405,-0.009761806522,1,1,16.78860222,362.7518131
35.1,16.75120413,16.66666667,30.73508344,30.12680619,-0.00945890236,-0.009739320913,1,1,16.78832212,363.5676222
35.12,16.75100979,16.66666667,30.73339463,30.12651468,-0.009437118898,-0.009716887429,1,1,16.78804266,364.3853072
35.14,16.7508159,16.66666667,30.73170971,30.12622385,-0.009415385901,-0.009694505946,1,1,16.78776384,365.2048725
35.16,16.75062246,16.66666667,30.73002866,30.12593368,-0.009393703249,-0.009672176343,1,1,16.78748566,366.0263223
35.18,16.75042946,16.66666667,30.72835147,30.12564419,-0.009372070824,-0.009649898495,1,1,16.78720812,366.8496611
35.2,16.7502369,16.66666667,30.72667814,30.12535536,-0.009350488507,-0.009627672281,1,1,16.78693122,367.6748931
35.22,16.75004479,16.66666667,30.72500866,30.12506719,-0.00932895618,-0.009605497579,1,1,16.78665496,368.5020227
35.24,16.74985313,16.66666667,30.72334301,30.12477969,-0.009307473725,-0.009583374267,1,1,16.78637933,369.3310544
35.26,16.7496619,16.66666667,30.72168119,30.12449285,-0.009286041024,-0.009561302224,1,1,16.78610434,370.1619925
35.28,16.74947112,16.66666667,30.7200232,30.12420667,-0.00926465796,-0.009539281328,1,1,16.78582997,370.9948413
35.3,16.74928077,16.66666667,30.71836901,30.12392115,-0.009243324416,-0.009517311459,1,1,16.78555624,371.8296054
35.32,16.74909086,16.66666667,30.71671863,30.12363629,-0.009222040275,-0.009495392495,1,1,16.78528313,372.6662891
35.34,16.74890139,16.66666667,30.71507204,30.12335209,-0.009200805421,-0.009473524318,1,1,16.78501066,373.5048968
35.36,16.74871236,16.66666667,30.71342923,30.12306853,-0.009179619738,-0.009451706806,1,1,16.78473881,374.345433
35.38,16.74852376,16.66666667,30.71179021,30.12278564,-0.009158483109,-0.00942993984,1,1,16.78446758,375.1879021
35.4,16.74833559,16.66666667,30.71015495,30.12250339,-0.009137395419,-0.009408223302,1,1,16.78419698,376.0323086
35.42,16.74814786,16.66666667,30.70852345,30.12222179,-0.009116356553,-0.009386557071,1,1,16.783927,376.8786569
35.44,16.74796056,16.66666667,30.70689569,30.12194084,-0.009095366395,-0.00936494103,1,1,16.78365764,377.7269516
35.46,16.7477737,16.66666667,30.70527169,30.12166054,-0.009074424832,-0.009343375059,1,1,16.78338889,378.577197
35.48,16.74758726,16.66666667,30.70365141,30.12138089,-0.009053531748,-0.009321859041,1,1,16.78312077,379.4293978
35.5,16.74740125,16.66666667,30.70203486,30.12110188,-0.009032687029,-0.009300392857,1,1,16.78285326,380.2835583
35.52,16.74721567,16.66666667,30.70042202,30.12082351,-0.009011890561,-0.009278976391,1,1,16.78258637,381.1396832
35.54,16.74703052,16.66666667,30.69881289,30.12054578,-0.008991142232,-0.009257609525,1,1,16.78232009,381.9977769
35.56,16.74684579,16.66666667,30.69720746,30.12026869,-0.008970441926,-0.009236292141,1,1,16.78205442,382.8578441
35.58,16.74666149,16.66666667,30.69560572,30.11999224,-0.008949789533,-0.009215024124,1,1,16.78178936,383.7198892
35.6,16.74647762,16.66666667,30.69400767,30.11971642,-0.008929184937,-0.009193805357,1,1,16.78152491,384.5839167
35.62,16.74629416,16.66666667,30.69241328,30.11944125,-0.008908628028,-0.009172635723,1,1,16.78126107,385.4499314
35.64,16.74611113,16.66666667,30.69082256,30.1191667,-0.008888118693,-0.009151515108,1,1,16.78099784,386.3179377
35.66,16.74592852,16.66666667,30.6892355,30.11889279,-0.00886765682,-0.009130443394,1,1,16.78073521,387.1879402
35.68,16.74574634,16.66666667,30.68765208,30.1186195,-0.008847242297,-0.009109420469,1,1,16.78047318,388.0599436
35.7,16.74556457,16.66666667,30.68607231,30.11834685,-0.008826875014,-0.009088446215,1,1,16.78021176,388.9339525
35.72,16.74538322,16.66666667,30.68449616,30.11807483,-0.008806554858,-0.009067520519,1,1,16.77995093,389.8099714
35.74,16.74520228,16.66666667,30.68292364,30.11780343,-0.008786281719,-0.009046643266,1,1,16.77969071,390.688005
35.76,16.74502177,16.66666667,30.68135473,30.11753265,-0.008766055486,-0.009025814342,1,1,16.77943108,391.568058
35.78,16.74484167,16.66666667,30.67978943,30.1172625,-0.00874587605,-0.009005033634,1,1,16.77917205,392.450135
35.8,16.74466198,16.66666667,30.67822773,30.11699297,-0.0087257433,-0.008984301027,1,1,16.77891362,393.3342407
35.82,16.74448271,16.66666667,30.67666962,30.11672406,-0.008705657127,-0.008963616409,1,1,16.77865578,394.2203797
35.84,16.74430385,16.66666667,30.67511508,30.11645577,-0.00868561742,-0.008942979666,1,1,16.77839853,395.1085568
35.86,16.7441254,16.66666667,30.67356412,30.1161881,-0.008665624071,-0.008922390687,1,1,16.77814187,395.9987766
35.88,16.74394736,16.66666667,30.67201673,30.11592105,-0.008645676971,-0.008901849357,1,1,16.7778858,396.8910438
35.9,16.74376974,16.66666667,30.67047289,30.11565461,-0.008625776012,-0.008881355566,1,1,16.77763032,397.7853632
35.92,16.74359252,16.66666667,30.6689326,30.11538878,-0.008605921084,-0.008860909202,1,1,16.77737543,398.6817395
35.94,16.74341571,16.66666667,30.66739585,30.11512356,-0.008586112079,-0.008840510153,1,1,16.77712112,399.5801774
35.96,16.74323931,16.66666667,30.66586264,30.11485896,-0.008566348891,-0.008820158307,1,1,16.7768674,400.4806817
35.98,16.74306331,16.66666667,30.66433294,30.11459496,-0.008546631411,-0.008799853553,1,1,16.77661426,401.3832572
36,16.74288772,16.66666667,30.66280677,30.11433157,-0.008526959531,-0.008779595782,1,1,16.77636171,402.2879086
36.02,16.74271253,16.66666667,30.6612841,30.11406879,-0.008507333146,-0.008759384882,1,1,16.77610973,403.1946407
36.04,16.74253774,16.66666667,30.65976493,30.11380662,-0.008487752147,-0.008739220743,1,1,16.77585833,404.1034583
36.06,16.74236336,16.66666667,30.65824925,30.11354504,-0.008468216429,-0.008719103255,1,1,16.77560751,405.0143662
36.08,16.74218938,16.66666667,30.65673706,30.11328407,-0.008448725885,-0.008699032309,1,1,16.77535726,405.9273692
36.1,16.7420158,16.66666667,30.65522834,30.1130237,-0.00842928041,-0.008679007795,1,1,16.77510759,406.8424721
36.12,16.74184262,16.66666667,30.65372309,30.11276393,-0.008409879896,-0.008659029605,1,1,16.7748585,407.7596799
36.14,16.74166984,16.66666667,30.6522213,30.11250476,-0.00839052424,-0.008639097628,1,1,16.77460997,408.6789973
36.16,16.74149745,16.66666667,30.65072296,30.11224618,-0.008371213335,-0.008619211757,1,1,16.77436202,409.6004292
36.18,16.74132547,16.66666667,30.64922806,30.1119882,-0.008351947077,-0.008599371883,1,1,16.77411464,410.5239805
36.2,16.74115388,16.66666667,30.6477366,30.11173081,-0.008332725361,-0.008579577899,1,1,16.77386782,411.4496561
36.22,16.74098268,16.66666667,30.64624857,30.11147402,-0.008313548083,-0.008559829696,1,1,16.77362158,412.3774608
36.24,16.74081188,16.66666667,30.64476396,30.11121782,-0.008294415138,-0.008540127167,1,1,16.7733759,413.3073996
36.26,16.74064147,16.66666667,30.64328276,30.1109622,-0.008275326422,-0.008520470204,1,1,16.77313078,414.2394774
36.28,16.74047145,16.66666667,30.64180496,30.11070718,-0.008256281832,-0.008500858702,1,1,16.77288622,415.1736991
36.3,16.74030182,16.66666667,30.64033056,30.11045274,-0.008237281264,-0.008481292552,1,1,16.77264223,416.1100696
36.32,16.74013259,16.66666667,30.63885955,30.11019888,-0.008218324615,-0.008461771649,1,1,16.7723988,417.048594
36.34,16.73996374,16.66666667,30.63739192,30.10994561,-0.008199411782,-0.008442295886,1,1,16.77215593,417.9892771
36.36,16.73979529,16.66666667,30.63592766,30.10969293,-0.008180542663,-0.008422865158,1,1,16.77191361,418.932124
36.38,16.73962722,16.66666667,30.63446677,30.10944082,-0.008161717154,-0.008403479358,1,1,16.77167186,419.8771396
36.4,16.73945953,16.66666667,30.63300924,30.1091893,-0.008142935154,-0.008384138382,1,1,16.77143065,420.8243289
36.42,16.73929224,16.66666667,30.63155505,30.10893835,-0.008124196561,-0.008364842124,1,1,16.77119001,421.773697
36.44,16.73912532,16.66666667,30.63010421,30.10868799,-0.008105501274,-0.008345590479,1,1,16.77094991,422.7252488
36.46,16.7389588,16.66666667,30.6286567,30.1084382,-0.008086849189,-0.008326383342,1,1,16.77071037,423.6789894
36.48,16.73879265,16.66666667,30.62721252,30.10818898,-0.008068240208,-0.00830722061,1,1,16.77047138,424.6349239
36.5,16.73862689,16.66666667,30.62577166,30.10794034,-0.008049674228,-0.008288102178,1,1,16.77023293,425.5930573
36.52,16.73846151,16.66666667,30.62433411,30.10769226,-0.008031151148,-0.008269027942,1,1,16.76999504,426.5533946
36.54,16.73829651,16.66666667,30.62289986,30.10744477,-0.008012670869,-0.008249997798,1,1,16.76975769,427.5159409
36.56,16.73813189,16.66666667,30.62146891,30.10719783,-0.007994233291,-0.008231011644,1,1,16.76952088,428.4807014
36.58,16.73796765,16.66666667,30.62004125,30.10695147,-0.007975838312,-0.008212069376,1,1,16.76928462,429.4476811
36.6,16.73780378,16.66666667,30.61861687,30.10670568,-0.007957485834,-0.008193170891,1,1,16.7690489,430.4168852
36.62,16.7376403,16.66666667,30.61719576,30.10646045,-0.007939175757,-0.008174316086,1,1,16.76881373,431.3883187
36.64,16.73747719,16.66666667,30.61577792,30.10621578,-0.007920907982,-0.00815550486,1,1,16.76857909,432.3619868
36.66,16.73731445,16.66666667,30.61436334,30.10597168,-0.007902682409,-0.00813673711,1,1,16.768345,433.3378947
36.68,16.73715209,16.66666667,30.612952,30.10572814,-0.007884498941,-0.008118012734,1,1,16.76811144,434.3160476
36.7,16.73699011,16.66666667,30.61154392,30.10548516,-0.007866357478,-0.00809933163,1,1,16.76787842,435.2964505
36.72,16.73682849,16.66666667,30.61013906,30.10524274,-0.007848257922,-0.008080693698,1,1,16.76764593,436.2791087
36.74,16.73666725,16.66666667,30.60873744,30.10500088,-0.007830200176,-0.008062098836,1,1,16.76741398,437.2640273
36.76,16.73650638,16.66666667,30.60733904,30.10475957,-0.007812184141,-0.008043546943,1,1,16.76718256,438.2512117
36.78,16.73634588,16.66666667,30.60594385,30.10451882,-0.00779420972,-0.008025037919,1,1,16.76695167,439.2406669
36.8,16.73618575,16.66666667,30.60455186,30.10427862,-0.007776276815,-0.008006571663,1,1,16.76672132,440.2323983
36.82,16.73602598,16.66666667,30.60316308,30.10403898,-0.00775838533,-0.007988148075,1,1,16.76649149,441.2264111
36.84,16.73586659,16.66666667,30.60177749,30.10379988,-0.007740535167,-0.007969767056,1,1,16.76626219,442.2227105
36.86,16.73570756,16.66666667,30.60039508,30.10356134,-0.007722726231,-0.007951428505,1,1,16.76603341,443.2213018
36.88,16.7355489,16.66666667,30.59901585,30.10332335,-0.007704958424,-0.007933132323,1,1,16.76580517,444.2221903
36.9,16.7353906,16.66666667,30.59763979,30.1030859,-0.00768723165,-0.007914878411,1,1,16.76557744,445.2253812
36.92,16.73523267,16.66666667,30.59626689,30.102849,-0.007669545814,-0.00789666667,1,1,16.76535024,446.23088
36.94,16.7350751,16.66666667,30.59489714,30.10261265,-0.00765190082,-0.007878497001,1,1,16.76512357,447.2386919
36.96,16.73491789,16.66666667,30.59353055,30.10237684,-0.007634296573,-0.007860369307,1,1,16.76489741,448.2488222
36.98,16.73476104,16.66666667,30.59216709,30.10214157,-0.007616732976,-0.007842283488,1,1,16.76467177,449.2612763
37,16.73460456,16.66666667,30.59080677,30.10190684,-0.007599209936,-0.007824239447,1,1,16.76444665,450.2760595
37.02,16.73444843,16.66666667,30.58944957,30.10167265,-0.007581727358,-0.007806237086,1,1,16.76422205,451.2931772
37.04,16.73429267,16.66666667,30.58809549,30.101439,-0.007564285146,-0.007788276308,1,1,16.76399796,452.3126348
37.06,16.73413726,16.66666667,30.58674453,30.10120589,-0.007546883207,-0.007770357015,1,1,16.76377439,453.3344376
37.08,16.73398221,16.66666667,30.58539667,30.10097332,-0.007529521446,-0.00775247911,1,1,16.76355134,454.3585911
37.1,16.73382752,16.66666667,30.5840519,30.10074128,-0.00751219977,-0.007734642497,1,1,16.76332879,455.3851008
37.12,16.73367318,16.66666667,30.58271023,30.10050977,-0.007494918086,-0.007716847079,1,1,16.76310676,456.4139719
37.14,16.7335192,16.66666667,30.58137164,30.1002788,-0.007477676299,-0.00769909276,1,1,16.76288523,457.44521
37.16,16.73336557,16.66666667,30.58003612,30.10004836,-0.007460474317,-0.007681379443,1,1,16.76266422,458.4788205
37.18,16.7332123,16.66666667,30.57870368,30.09981845,-0.007443312046,-0.007663707033,1,1,16.76244371,459.5148088
37.2,16.73305938,16.66666667,30.57737429,30.09958907,-0.007426189394,-0.007646075434,1,1,16.76222371,460.5531806
37.22,16.73290681,16.66666667,30.57604797,30.09936021,-0.007409106269,-0.007628484551,1,1,16.76200422,461.5939412
37.24,16.73275459,16.66666667,30.57472469,30.09913188,-0.007392062578,-0.007610934288,1,1,16.76178523,462.6370961
37.26,16.73260272,16.66666667,30.57340445,30.09890408,-0.007375058229,-0.007593424551,1,1,16.76156674,463.6826509
37.28,16.7324512,16.66666667,30.57208724,30.0986768,-0.00735809313,-0.007575955245,1,1,16.76134875,464.7306111
37.3,16.73230003,16.66666667,30.57077306,30.09845005,-0.00734116719,-0.007558526276,1,1,16.76113127,465.7809822
37.32,16.73214921,16.66666667,30.5694619,30.09822381,-0.007324280318,-0.007541137549,1,1,16.76091428,466.8337698
37.34,16.73199873,16.66666667,30.56815376,30.0979981,-0.007307432422,-0.007523788971,1,1,16.7606978,467.8889795
37.36,16.7318486,16.66666667,30.56684862,30.0977729,-0.007290623411,-0.007506480447,1,1,16.76048181,468.9466169
37.38,16.73169882,16.66666667,30.56554647,30.09754823,-0.007273853194,-0.007489211884,1,1,16.76026632,470.0066874
37.4,16.73154938,16.66666667,30.56424733,30.09732407,-0.007257121682,-0.007471983189,1,1,16.76005132,471.0691968
37.42,16.73140028,16.66666667,30.56295116,30.09710043,-0.007240428783,-0.007454794268,1,1,16.75983681,472.1341507
37.44,16.73125153,16.66666667,30.56165798,30.0968773,-0.007223774408,-0.007437645029,1,1,16.7596228,473.2015547
37.46,16.73110312,16.66666667,30.56036776,30.09665468,-0.007207158467,-0.00742053538,1,1,16.75940928,474.2714144
37.48,16.73095505,16.66666667,30.55908052,30.09643258,-0.007190580871,-0.007403465227,1,1,16.75919625,475.3437355
37.5,16.73080732,16.66666667,30.55779623,30.09621098,-0.007174041529,-0.007386434478,1,1,16.75898372,476.4185236
37.52,16.73065993,16.66666667,30.55651489,30.0959899,-0.007157540352,-0.007369443042,1,1,16.75877166,477.4957845
37.54,16.73051288,16.66666667,30.55523649,30.09576932,-0.007141077253,-0.007352490827,1,1,16.7585601,478.5755239
37.56,16.73036617,16.66666667,30.55396103,30.09554926,-0.007124652141,-0.007335577741,1,1,16.75834902,479.6577474
37.58,16.7302198,16.66666667,30.55268851,30.0953297,-0.007108264929,-0.007318703693,1,1,16.75813843,480.7424608
37.6,16.73007376,16.66666667,30.55141891,30.09511064,-0.007091915527,-0.007301868592,1,1,16.75792832,481.8296698
37.62,16.72992806,16.66666667,30.55015222,30.09489209,-0.007075603849,-0.007285072347,1,1,16.75771869,482.9193802
37.64,16.72978269,16.66666667,30.54888845,30.09467404,-0.007059329805,-0.007268314867,1,1,16.75750955,484.0115977
37.66,16.72963766,16.66666667,30.54762758,30.09445649,-0.007043093309,-0.007251596062,1,1,16.75730088,485.1063281
37.68,16.72949296,16.66666667,30.5463696,30.09423944,-0.007026894273,-0.007234915842,1,1,16.7570927,486.2035772
37.7,16.7293486,16.66666667,30.54511452,30.0940229,-0.007010732609,-0.007218274116,1,1,16.75688499,487.3033508
37.72,16.72920456,16.66666667,30.54386232,30.09380684,-0.00699460823,-0.007201670796,1,1,16.75667776,488.4056547
37.74,16.72906086,16.66666667,30.542613,30.09359129,-0.00697852105,-0.00718510579,1,1,16.75647101,489.5104948
37.76,16.72891749,16.66666667,30.54136655,30.09337623,-0.006962470982,-0.007168579011,1,1,16.75626473,490.6178768
37.78,16.72877445,16.66666667,30.54012297,30.09316167,-0.006946457939,-0.007152090369,1,1,16.75605893,491.7278067
37.8,16.72863173,16.66666667,30.53888224,30.0929476,-0.006930481835,-0.007135639774,1,1,16.75585359,492.8402903
37.82,16.72848935,16.66666667,30.53764436,30.09273403,-0.006914542585,-0.007119227139,1,1,16.75564873,493.9553334
37.84,16.72834729,16.66666667,30.53640933,30.09252094,-0.006898640102,-0.007102852375,1,1,16.75544434,495.0729421
37.86,16.72820556,16.66666667,30.53517713,30.09230834,-0.006882774301,-0.007086515393,1,1,16.75524042,496.1931222
37.88,16.72806416,16.66666667,30.53394777,30.09209624,-0.006866945096,-0.007070216106,1,1,16.75503697,497.3158796
37.9,16.72792308,16.66666667,30.53272123,30.09188462,-0.006851152402,-0.007053954425,1,1,16.75483399,498.4412202
37.92,16.72778233,16.66666667,30.53149751,30.09167349,-0.006835396134,-0.007037730263,1,1,16.75463147,499.5691501
37.94,16.72764189,16.66666667,30.5302766,30.09146284,-0.006819676207,-0.007021543533,1,1,16.75442942,500.6996751
37.96,16.72750179,16.66666667,30.5290585,30.09125268,-0.006803992537,-0.007005394147,1,1,16.75422783,501.8328013
37.98,16.727362,16.66666667,30.52784319,30.091043,-0.00678834504,-0.006989282018,1,1,16.7540267,502.9685347
38,16.72722254,16.66666667,30.52663068,30.0908338,-0.00677273363,-0.00697320706,1,1,16.75382604,504.1068812
38.02,16.72708339,16.66666667,30.52542095,30.09062509,-0.006757158225,-0.006957169185,1,1,16.75362584,505.2478469
38.04,16.72694457,16.66666667,30.52421401,30.09041685,-0.00674161874,-0.006941168308,1,1,16.7534261,506.3914378
38.06,16.72680607,16.66666667,30.52300983,30.0902091,-0.006726115091,-0.006925204343,1,1,16.75322681,507.5376599
38.08,16.72666788,16.66666667,30.52180843,30.09000182,-0.006710647196,-0.006909277203,1,1,16.75302799,508.6865194
38.1,16.72653001,16.66666667,30.52060978,30.08979502,-0.006695214971,-0.006893386802,1,1,16.75282962,509.8380222
38.12,16.72639246,16.66666667,30.51941389,30.08958869,-0.006679818333,-0.006877533056,1,1,16.75263171,510.9921745
38.14,16.72625523,16.66666667,30.51822075,30.08938284,-0.0066644572,-0.006861715878,1,1,16.75243425,512.1489825
38.16,16.72611831,16.66666667,30.51703035,30.08917746,-0.006649131488,-0.006845935184,1,1,16.75223724,513.3084521
38.18,16.7259817,16.66666667,30.51584268,30.08897256,-0.006633841116,-0.006830190888,1,1,16.75204069,514.4705895
38.2,16.72584542,16.66666667,30.51465774,30.08876812,-0.006618586001,-0.006814482906,1,1,16.75184459,515.635401
38.22,16.72570944,16.66666667,30.51347553,30.08856416,-0.006603366061,-0.006798811154,1,1,16.75164894,516.8028925
38.24,16.72557378,16.66666667,30.51229603,30.08836066,-0.006588181214,-0.006783175546,1,1,16.75145374,517.9730704
38.26,16.72543842,16.66666667,30.51111924,30.08815764,-0.006573031379,-0.006767576,1,1,16.75125899,519.1459408
38.28,16.72530338,16.66666667,30.50994515,30.08795508,-0.006557916474,-0.00675201243,1,1,16.75106468,520.3215099
38.3,16.72516865,16.66666667,30.50877377,30.08775298,-0.006542836419,-0.006736484754,1,1,16.75087082,521.4997839
38.32,16.72503423,16.66666667,30.50760507,30.08755135,-0.006527791131,-0.006720992887,1,1,16.75067741,522.6807691
38.34,16.72490012,16.66666667,30.50643906,30.08735019,-0.006512780531,-0.006705536747,1,1,16.75048444,523.8644716
38.36,16.72476632,16.66666667,30.50527573,30.08714948,-0.006497804537,-0.006690116249,1,1,16.75029192,525.0508978
38.38,16.72463283,16.66666667,30.50411507,30.08694924,-0.00648286307,-0.006674731312,1,1,16.75009983,526.240054
38.4,16.72449964,16.66666667,30.50295708,30.08674946,-0.006467956048,-0.006659381853,1,1,16.74990819,527.4319464
38.42,16.72436676,16.66666667,30.50180175,30.08655014,-0.006453083392,-0.006644067789,1,1,16.74971699,528.6265812
38.44,16.72423418,16.66666667,30.50064907,30.08635127,-0.006438245022,-0.006628789037,1,1,16.74952623,529.823965
38.46,16.72410191,16.66666667,30.49949905,30.08615287,-0.006423440858,-0.006613545516,1,1,16.7493359,531.0241039
38.48,16.72396994,16.66666667,30.49835166,30.08595492,-0.006408670821,-0.006598337143,1,1,16.74914602,532.2270043
38.5,16.72383828,16.66666667,30.49720691,30.08575742,-0.006393934831,-0.006583163837,1,1,16.74895656,533.4326726
38.52,16.72370692,16.66666667,30.49606479,30.08556038,-0.00637923281,-0.006568025517,1,1,16.74876755,534.6411151
38.54,16.72357586,16.66666667,30.4949253,30.08536379,-0.006364564678,-0.0065529221,1,1,16.74857897,535.8523383
38.56,16.7234451,16.66666667,30.49378842,30.08516766,-0.006349930357,-0.006537853507,1,1,16.74839082,537.0663486
38.58,16.72331465,16.66666667,30.49265416,30.08497197,-0.006335329768,-0.006522819655,1,1,16.7482031,538.2831523
38.6,16.72318449,16.66666667,30.4915225,30.08477674,-0.006320762832,-0.006507820464,1,1,16.74801582,539.5027559
38.62,16.72305463,16.66666667,30.49039344,30.08458195,-0.006306229472,-0.006492855853,1,1,16.74782896,540.7251659
38.64,16.72292508,16.66666667,30.48926698,30.08438761,-0.00629172961,-0.006477925743,1,1,16.74764254,541.9503887
38.66,16.72279582,16.66666667,30.4881431,30.08419372,-0.006277263167,-0.006463030052,1,1,16.74745654,543.1784307
38.68,16.72266685,16.66666667,30.48702181,30.08400028,-0.006262830067,-0.006448168701,1,1,16.74727097,544.4092986
38.7,16.72253819,16.66666667,30.48590309,30.08380728,-0.006248430231,-0.00643334161,1,1,16.74708583,545.6429988
38.72,16.72240981,16.66666667,30.48478695,30.08361472,-0.006234063582,-0.0064185487,1,1,16.74690111,546.8795378
38.74,16.72228174,16.66666667,30.48367336,30.08342261,-0.006219730044,-0.006403789891,1,1,16.74671682,548.1189222
38.76,16.72215396,16.66666667,30.48256234,30.08323094,-0.00620542954,-0.006389065103,1,1,16.74653295,549.3611585
38.78,16.72202647,16.66666667,30.48145387,30.0830397,-0.006191161992,-0.006374374258,1,1,16.7463495,550.6062532
38.8,16.72189928,16.66666667,30.48034794,30.08284891,-0.006176927324,-0.006359717277,1,1,16.74616647,551.8542131
38.82,16.72177237,16.66666667,30.47924456,30.08265856,-0.00616272546,-0.00634509408,1,1,16.74598387,553.1050446
38.84,16.72164576,16.66666667,30.47814371,30.08246865,-0.006148556324,-0.006330504591,1,1,16.74580168,554.3587544
38.86,16.72151944,16.66666667,30.47704539,30.08227917,-0.00613441984,-0.00631594873,1,1,16.74561991,555.6153491
38.88,16.72139342,16.66666667,30.4759496,30.08209012,-0.006120315932,-0.006301426418,1,1,16.74543856,556.8748354
38.9,16.72126768,16.66666667,30.47485632,30.08190152,-0.006106244524,-0.006286937579,1,1,16.74525763,558.1372198
38.92,16.72114223,16.66666667,30.47376556,30.08171334,-0.006092205541,-0.006272482135,1,1,16.74507711,559.4025092
38.94,16.72101707,16.66666667,30.4726773,30.0815256,-0.006078198908,-0.006258060008,1,1,16.74489701,560.6707102
38.96,16.72089219,16.66666667,30.47159154,30.08133829,-0.006064224549,-0.00624367112,1,1,16.74471732,561.9418295
38.98,16.72076761,16.66666667,30.47050827,30.08115141,-0.00605028239,-0.006229315394,1,1,16.74453804,563.2158737
39,16.72064331,16.66666667,30.4694275,30.08096496,-0.006036372356,-0.006214992754,1,1,16.74435917,564.4928498
39.02,16.72051929,16.66666667,30.4683492,30.08077894,-0.006022494372,-0.006200703122,1,1,16.74418072,565.7727643
39.04,16.72039556,16.66666667,30.46727339,30.08059335,-0.006008648365,-0.006186446422,1,1,16.74400268,567.0556241
39.06,16.72027212,16.66666667,30.46620005,30.08040818,-0.005994834259,-0.006172222577,1,1,16.74382504,568.341436
39.08,16.72014896,16.66666667,30.46512917,30.08022344,-0.005981051981,-0.006158031512,1,1,16.74364781,569.6302067
39.1,16.72002608,16.66666667,30.46406075,30.08003912,-0.005967301457,-0.006143873149,1,1,16.74347099,570.9219431
39.12,16.71990349,16.66666667,30.46299479,30.07985523,-0.005953582613,-0.006129747414,1,1,16.74329458,572.2166519
39.14,16.71978117,16.66666667,30.46193128,30.07967176,-0.005939895376,-0.00611565423,1,1,16.74311857,573.5143402
39.16,16.71965914,16.66666667,30.46087021,30.07948871,-0.005926239673,-0.006101593521,1,1,16.74294297,574.8150146
39.18,16.71953739,16.66666667,30.45981157,30.07930609,-0.00591261543,-0.006087565214,1,1,16.74276776,576.1186822
39.2,16.71941592,16.66666667,30.45875537,30.07912388,-0.005899022574,-0.006073569231,1,1,16.74259297,577.4253497
39.22,16.71929473,16.66666667,30.4577016,30.07894209,-0.005885461033,-0.006059605498,1,1,16.74241857,578.7350241
39.24,16.71917381,16.66666667,30.45665025,30.07876072,-0.005871930734,-0.006045673941,1,1,16.74224457,580.0477123
39.26,16.71905318,16.66666667,30.45560131,30.07857977,-0.005858431605,-0.006031774485,1,1,16.74207098,581.3634213
39.28,16.71893282,16.66666667,30.45455479,30.07839923,-0.005844963572,-0.006017907054,1,1,16.74189778,582.682158
39.3,16.71881274,16.66666667,30.45351066,30.07821911,-0.005831526565,-0.006004071576,1,1,16.74172498,584.0039294
39.32,16.71869293,16.66666667,30.45246894,30.0780394,-0.005818120511,-0.005990267975,1,1,16.74155257,585.3287425
39.34,16.7185734,16.66666667,30.45142961,30.0778601,-0.005804745339,-0.005976496178,1,1,16.74138057,586.6566042
39.36,16.71845415,16.66666667,30.45039267,30.07768122,-0.005791400976,-0.005962756111,1,1,16.74120896,587.9875217
39.38,16.71833517,16.66666667,30.44935811,30.07750275,-0.005778087352,-0.0059490477,1,1,16.74103774,589.3215019
39.4,16.71821646,16.66666667,30.44832592,30.07732469,-0.005764804394,-0.005935370872,1,1,16.74086691,590.6585519
39.42,16.71809802,16.66666667,30.44729611,30.07714704,-0.005751552033,-0.005921725554,1,1,16.74069648,591.9986788
39.44,16.71797986,16.66666667,30.44626867,30.07696979,-0.005738330197,-0.005908111672,1,1,16.74052644,593.3418896
39.46,16.71786197,16.66666667,30.44524358,30.07679296,-0.005725138816,-0.005894529154,1,1,16.74035679,594.6881915
39.48,16.71774435,16.66666667,30.44422085,30.07661653,-0.005711977818,-0.005880977927,1,1,16.74018753,596.0375915
39.5,16.717627,16.66666667,30.44320047,30.07644051,-0.005698847133,-0.005867457918,1,1,16.74001866,597.3900969
39.52,16.71750992,16.66666667,30.44218244,30.07626489,-0.005685746692,-0.005853969055,1,1,16.73985018,598.7457148
39.54,16.71739311,16.66666667,30.44116674,30.07608967,-0.005672676423,-0.005840511266,1,1,16.73968208,600.1044522
39.56,16.71727657,16.66666667,30.44015338,30.07591486,-0.005659636258,-0.005827084479,1,1,16.73951437,601.4663165
39.58,16.7171603,16.66666667,30.43914234,30.07574045,-0.005646626126,-0.005813688621,1,1,16.73934705,602.8313149
39.6,16.71704429,16.66666667,30.43813363,30.07556644,-0.005633645957,-0.005800323622,1,1,16.7391801,604.1994544
39.62,16.71692855,16.66666667,30.43712723,30.07539283,-0.005620695683,-0.005786989408,1,1,16.73901355,605.5707424
39.64,16.71681308,16.66666667,30.43612315,30.07521962,-0.005607775234,-0.00577368591,1,1,16.73884737,606.9451862
39.66,16.71669787,16.66666667,30.43512137,30.07504681,-0.005594884541,-0.005760413056,1,1,16.73868158,608.3227929
39.68,16.71658293,16.66666667,30.4341219,30.07487439,-0.005582023535,-0.005747170775,1,1,16.73851617,609.70357
39.7,16.71646825,16.66666667,30.43312472,30.07470237,-0.005569192147,-0.005733958996,1,1,16.73835114,611.0875246
39.72,16.71635383,16.66666667,30.43212983,30.07453075,-0.005556390309,-0.005720777648,1,1,16.73818648,612.4746641
39.74,16.71623968,16.66666667,30.43113723,30.07435952,-0.005543617951,-0.005707626661,1,1,16.73802221,613.8649958
39.76,16.71612579,16.66666667,30.43014691,30.07418868,-0.005530875007,-0.005694505964,1,1,16.73785831,615.2585271
39.78,16.71601216,16.66666667,30.42915886,30.07401824,-0.005518161407,-0.005681415487,1,1,16.73769479,616.6552654
39.8,16.71589879,16.66666667,30.42817309,30.07384819,-0.005505477085,-0.005668355161,1,1,16.73753165,618.055218
39.82,16.71578569,16.66666667,30.42718958,30.07367853,-0.005492821971,-0.005655324915,1,1,16.73736888,619.4583924
39.84,16.71567284,16.66666667,30.42620832,30.07350926,-0.005480195998,-0.005642324679,1,1,16.73720648,620.8647959
39.86,16.71556025,16.66666667,30.42522933,30.07334038,-0.005467599099,-0.005629354385,1,1,16.73704446,622.274436
39.88,16.71544793,16.66666667,30.42425258,30.07317189,-0.005455031207,-0.005616413962,1,1,16.7368828,623.6873201
39.9,16.71533586,16.66666667,30.42327807,30.07300378,-0.005442492254,-0.005603503342,1,1,16.73672152,625.1034558
39.92,16.71522404,16.66666667,30.42230581,30.07283606,-0.005429982173,-0.005590622455,1,1,16.73656062,626.5228505
39.94,16.71511249,16.66666667,30.42133578,30.07266873,-0.005417500898,-0.005577771232,1,1,16.73640008,627.9455118
39.96,16.71500119,16.66666667,30.42036797,30.07250178,-0.005405048362,-0.005564949605,1,1,16.7362399,629.371447
39.98,16.71489015,16.66666667,30.41940239,30.07233522,-0.005392624497,-0.005552157506,1,1,16.7360801,630.8006639
40,16.71477936,16.66666667,30.41843903,30.07216904,-0.005380229239,-0.005539394865,1,1,16.73592067,632.2331698
40.02,16.71466882,16.66666667,30.41747788,30.07200324,-0.00536786252,-0.005526661615,1,1,16.7357616,633.6689725
40.04,16.71455855,16.66666667,30.41651894,30.07183782,-0.005355524275,-0.005513957687,1,1,16.73560289,635.1080795
40.06,16.71444852,16.66666667,30.4155622,30.07167278,-0.005343214437,-0.005501283014,1,1,16.73544455,636.5504985
40.08,16.71433875,16.66666667,30.41460767,30.07150812,-0.005330932941,-0.005488637528,1,1,16.73528658,637.9962369
40.1,16.71422923,16.66666667,30.41365532,30.07134384,-0.005318679721,-0.005476021161,1,1,16.73512896,639.4453026
40.12,16.71411996,16.66666667,30.41270516,30.07117994,-0.005306454712,-0.005463433846,1,1,16.73497171,640.8977031
40.14,16.71401094,16.66666667,30.41175718,30.07101641,-0.005294257849,-0.005450875515,1,1,16.73481482,642.3534461
40.16,16.71390217,16.66666667,30.41081139,30.07085326,-0.005282089066,-0.005438346102,1,1,16.73465829,643.8125394
40.18,16.71379366,16.66666667,30.40986776,30.07069048,-0.005269948299,-0.005425845539,1,1,16.73450212,645.2749906
40.2,16.71368539,16.66666667,30.4089263,30.07052808,-0.005257835482,-0.00541337376,1,1,16.73434631,646.7408075
40.22,16.71357737,16.66666667,30.40798701,30.07036606,-0.00524575055,-0.005400930698,1,1,16.73419086,648.2099978
40.24,16.7134696,16.66666667,30.40704987,30.0702044,-0.00523369344,-0.005388516286,1,1,16.73403576,649.6825693
40.26,16.71336208,16.66666667,30.40611489,30.07004312,-0.005221664087,-0.005376130458,1,1,16.73388102,651.1585298
40.28,16.7132548,16.66666667,30.40518206,30.0698822,-0.005209662427,-0.005363773149,1,1,16.73372664,652.6378871
40.3,16.71314777,16.66666667,30.40425136,30.06972166,-0.005197688396,-0.005351444291,1,1,16.73357261,654.120649
40.32,16.71304099,16.66666667,30.40332281,30.06956149,-0.005185741929,-0.005339143819,1,1,16.73341893,655.6068234
40.34,16.71293445,16.66666667,30.40239639,30.06940168,-0.005173822963,-0.005326871668,1,1,16.73326561,657.096418
40.36,16.71282816,16.66666667,30.40147209,30.06924224,-0.005161931434,-0.005314627772,1,1,16.73311264,658.5894409
40.38,16.71272211,16.66666667,30.40054993,30.06908317,-0.005150067279,-0.005302412065,1,1,16.73296002,660.0858998
40.4,16.71261631,16.66666667,30.39962987,30.06892446,-0.005138230435,-0.005290224482,1,1,16.73280775,661.5858028
40.42,16.71251075,16.66666667,30.39871194,30.06876612,-0.005126420838,-0.005278064958,1,1,16.73265583,663.0891576
40.44,16.71240543,16.66666667,30.39779611,30.06860814,-0.005114638425,-0.005265933428,1,1,16.73250426,664.5959724
40.46,16.71230035,16.66666667,30.39688238,30.06845053,-0.005102883134,-0.005253829828,1,1,16.73235304,666.106255
40.48,16.71219552,16.66666667,30.39597076,30.06829327,-0.005091154901,-0.005241754093,1,1,16.73220216,667.6200134
40.5,16.71209092,16.66666667,30.39506123,30.06813638,-0.005079453665,-0.005229706157,1,1,16.73205164,669.1372556
40.52,16.71198657,16.66666667,30.39415379,30.06797985,-0.005067779362,-0.005217685958,1,1,16.73190145,670.6579898
40.54,16.71188245,16.66666667,30.39324843,30.06782368,-0.00505613193,-0.00520569343,1,1,16.73175162,672.1822238
40.56,16.71177858,16.66666667,30.39234515,30.06766787,-0.005044511308,-0.00519372851,1,1,16.73160212,673.7099657
40.58,16.71167494,16.66666667,30.39144395,30.06751242,-0.005032917433,-0.005181791134,1,1,16.73145297,675.2412238
40.6,16.71157155,16.66666667,30.39054482,30.06735732,-0.005021350243,-0.005169881238,1,1,16.73130417,676.7760059
40.62,16.71146839,16.66666667,30.38964775,30.06720258,-0.005009809677,-0.005157998758,1,1,16.7311557,678.3143203
40.64,16.71136546,16.66666667,30.38875275,30.06704819,-0.004998295673,-0.005146143632,1,1,16.73100758,679.8561751
40.66,16.71126278,16.66666667,30.3878598,30.06689417,-0.004986808169,-0.005134315795,1,1,16.73085979,681.4015784
40.68,16.71116033,16.66666667,30.3869689,30.06674049,-0.004975347105,-0.005122515185,1,1,16.73071235,682.9505385
40.7,16.71105811,16.66666667,30.38608005,30.06658717,-0.00496391242,-0.005110741739,1,1,16.73056524,684.5030634
40.72,16.71095613,16.66666667,30.38519324,30.0664342,-0.004952504051,-0.005098995393,1,1,16.73041848,686.0591615
40.74,16.71085439,16.66666667,30.38430847,30.06628158,-0.004941121939,-0.005087276086,1,1,16.73027204,687.6188408
40.76,16.71075287,16.66666667,30.38342573,30.06612931,-0.004929766022,-0.005075583754,1,1,16.73012595,689.1821098
40.78,16.7106516,16.66666667,30.38254502,30.06597739,-0.004918436241,-0.005063918336,1,1,16.72998019,690.7489767
40.8,16.71055055,16.66666667,30.38166633,30.06582583,-0.004907132535,-0.005052279768,1,1,16.72983477,692.3194496
40.82,16.71044974,16.66666667,30.38078966,30.06567461,-0.004895854843,-0.005040667989,1,1,16.72968968,693.893537
40.84,16.71034916,16.66666667,30.37991501,30.06552373,-0.004884603105,-0.005029082938,1,1,16.72954492,695.4712472
40.86,16.71024881,16.66666667,30.37904236,30.06537321,-0.004873377261,-0.005017524551,1,1,16.7294005,697.0525885
40.88,16.71014869,16.66666667,30.37817172,30.06522303,-0.004862177252,-0.005005992768,1,1,16.7292564,698.6375693
40.9,16.7100488,16.66666667,30.37730308,30.06507319,-0.004851003018,-0.004994487527,1,1,16.72911264,700.2261979
40.92,16.70994914,16.66666667,30.37643643,30.0649237,-0.004839854499,-0.004983008766,1,1,16.72896921,701.8184827
40.94,16.7098497,16.66666667,30.37557178,30.06477456,-0.004828731635,-0.004971556424,1,1,16.72882611,703.4144323
40.96,16.7097505,16.66666667,30.37470911,30.06462575,-0.004817634368,-0.004960130441,1,1,16.72868334,705.0140549
40.98,16.70965153,16.66666667,30.37384842,30.06447729,-0.004806562639,-0.004948730755,1,1,16.72854089,706.6173592
41,16.70955278,16.66666667,30.37298971,30.06432917,-0.004795516387,-0.004937357306,1,1,16.72839877,708.2243534
41.02,16.70945426,16.66666667,30.37213297,30.06418139,-0.004784495555,-0.004926010033,1,1,16.72825698,709.8350462
41.04,16.70935597,16.66666667,30.3712782,30.06403395,-0.004773500084,-0.004914688874,1,1,16.72811552,711.4494461
41.06,16.7092579,16.66666667,30.3704254,30.06388685,-0.004762529915,-0.004903393771,1,1,16.72797438,713.0675616
41.08,16.70916006,16.66666667,30.36957455,30.06374008,-0.004751584989,-0.004892124663,1,1,16.72783356,714.6894012
41.1,16.70906244,16.66666667,30.36872566,30.06359366,-0.004740665248,-0.004880881489,1,1,16.72769307,716.3149736
41.12,16.70896504,16.66666667,30.36787872,30.06344757,-0.004729770635,-0.00486966419,1,1,16.7275529,717.9442873
41.14,16.70886788,16.66666667,30.36703372,30.06330181,-0.00471890109,-0.004858472705,1,1,16.72741305,719.5773509
41.16,16.70877093,16.66666667,30.36619067,30.06315639,-0.004708056557,-0.004847306976,1,1,16.72727352,721.2141731
41.18,16.70867421,16.66666667,30.36534955,30.06301131,-0.004697236977,-0.004836166942,1,1,16.72713432,722.8547626
41.2,16.7085777,16.66666667,30.36451036,30.06286656,-0.004686442292,-0.004825052545,1,1,16.72699543,724.4991279
41.22,16.70848143,16.66666667,30.36367311,30.06272214,-0.004675672446,-0.004813963725,1,1,16.72685686,726.1472779
41.24,16.70838537,16.66666667,30.36283777,30.06257805,-0.00466492738,-0.004802900423,1,1,16.72671861,727.7992211
41.26,16.70828953,16.66666667,30.36200436,30.0624343,-0.004654207038,-0.004791862579,1,1,16.72658068,729.4549665
41.28,16.70819391,16.66666667,30.36117286,30.06229087,-0.004643511362,-0.004780850136,1,1,16.72644306,731.1145226
41.3,16.70809852,16.66666667,30.36034326,30.06214777,-0.004632840296,-0.004769863034,1,1,16.72630576,732.7778983
41.32,16.70800334,16.66666667,30.35951558,30.06200501,-0.004622193782,-0.004758901215,1,1,16.72616878,734.4451024
41.34,16.70790838,16.66666667,30.3586898,30.06186257,-0.004611571764,-0.00474796462,1,1,16.72603211,736.1161437
41.36,16.70781364,16.66666667,30.35786591,30.06172046,-0.004600974185,-0.004737053192,1,1,16.72589576,737.791031
41.38,16.70771911,16.66666667,30.35704391,30.06157867,-0.004590400989,-0.004726166871,1,1,16.72575972,739.4697733
41.4,16.70762481,16.66666667,30.35622381,30.06143721,-0.004579852119,-0.004715305601,1,1,16.72562399,741.1523792
41.42,16.70753072,16.66666667,30.35540559,30.06129608,-0.00456932752,-0.004704469322,1,1,16.72548857,742.8388579
41.44,16.70743685,16.66666667,30.35458924,30.06115527,-0.004558827135,-0.004693657978,1,1,16.72535346,744.5292181
41.46,16.70734319,16.66666667,30.35377478,30.06101478,-0.004548350909,-0.004682871511,1,1,16.72521867,746.2234688
41.48,16.70724975,16.66666667,30.35296218,30.06087462,-0.004537898785,-0.004672109862,1,1,16.72508418,747.9216191
41.5,16.70715652,16.66666667,30.35215145,30.06073478,-0.004527470707,-0.004661372976,1,1,16.72495,749.6236777
41.52,16.70706351,16.66666667,30.35134259,30.06059526,-0.004517066622,-0.004650660795,1,1,16.72481613,751.3296539
41.54,16.70697071,16.66666667,30.35053558,30.06045606,-0.004506686472,-0.004639973261,1,1,16.72468257,753.0395565
41.56,16.70687812,16.66666667,30.34973042,30.06031718,-0.004496330203,-0.004629310318,1,1,16.72454932,754.7533946
41.58,16.70678575,16.66666667,30.34892712,30.06017862,-0.004485997759,-0.004618671908,1,1,16.72441637,756.4711773
41.6,16.70669358,16.66666667,30.34812566,30.06004038,-0.004475689086,-0.004608057977,1,1,16.72428372,758.1929137
41.62,16.70660164,16.66666667,30.34732604,30.05990245,-0.004465404128,-0.004597468465,1,1,16.72415138,759.9186128
41.64,16.7065099,16.66666667,30.34652826,30.05976485,-0.004455142832,-0.004586903318,1,1,16.72401935,761.6482839
41.66,16.70641837,16.66666667,30.34573231,30.05962756,-0.004444905141,-0.004576362479,1,1,16.72388762,763.381936
41.68,16.70632705,16.66666667,30.34493819,30.05949058,-0.004434691003,-0.004565845892,1,1,16.72375619,765.1195782
41.7,16.70623595,16.66666667,30.34414589,30.05935392,-0.004424500361,-0.004555353501,1,1,16.72362506,766.8612199
41.72,16.70614505,16.66666667,30.34335541,30.05921757,-0.004414333163,-0.00454488525,1,1,16.72349423,768.6068702
41.74,16.70605436,16.66666667,30.34256675,30.05908154,-0.004404189354,-0.004534441083,1,1,16.72336371,770.3565383
41.76,16.70596388,16.66666667,30.3417799,30.05894582,-0.00439406888,-0.004524020945,1,1,16.72323348,772.1102335
41.78,16.70587361,16.66666667,30.34099486,30.05881041,-0.004383971687,-0.00451362478,1,1,16.72310356,773.8679651
41.8,16.70578354,16.66666667,30.34021162,30.05867531,-0.004373897721,-0.004503252532,1,1,16.72297393,775.6297423
41.82,16.70569368,16.66666667,30.33943018,30.05854053,-0.00436384693,-0.004492904147,1,1,16.7228446,777.3955745
41.84,16.70560403,16.66666667,30.33865054,30.05840605,-0.004353819258,-0.00448257957,1,1,16.72271557,779.165471
41.86,16.70551459,16.66666667,30.33787269,30.05827188,-0.004343814653,-0.004472278745,1,1,16.72258683,780.9394412
41.88,16.70542535,16.66666667,30.33709662,30.05813802,-0.004333833063,-0.004462001618,1,1,16.72245839,782.7174944
41.9,16.70533631,16.66666667,30.33632234,30.05800447,-0.004323874432,-0.004451748133,1,1,16.72233024,784.4996401
41.92,16.70524748,16.66666667,30.33554983,30.05787122,-0.004313938709,-0.004441518237,1,1,16.72220239,786.2858876
41.94,16.70515885,16.66666667,30.3347791,30.05773828,-0.004304025841,-0.004431311875,1,1,16.72207483,788.0762465
41.96,16.70507043,16.66666667,30.33401014,30.05760565,-0.004294135775,-0.004421128992,1,1,16.72194757,789.8707261
41.98,16.70498221,16.66666667,30.33324295,30.05747332,-0.004284268458,-0.004410969535,1,1,16.72182059,791.669336
42,16.7048942,16.66666667,30.33247752,30.05734129,-0.004274423838,-0.004400833449,1,1,16.72169391,793.4720857
42.02,16.70480638,16.66666667,30.33171385,30.05720957,-0.004264601863,-0.00439072068,1,1,16.72156752,795.2789847
42.04,16.70471877,16.66666667,30.33095193,30.05707815,-0.00425480248,-0.004380631175,1,1,16.72144142,797.0900426
42.06,16.70463136,16.66666667,30.33019176,30.05694704,-0.004245025636,-0.004370564879,1,1,16.72131561,798.905269
42.08,16.70454415,16.66666667,30.32943334,30.05681622,-0.004235271281,-0.00436052174,1,1,16.72119009,800.7246733
42.1,16.70445714,16.66666667,30.32867666,30.05668571,-0.004225539362,-0.004350501703,1,1,16.72106486,802.5482654
42.12,16.70437033,16.66666667,30.32792172,30.05655549,-0.004215829827,-0.004340504716,1,1,16.72093991,804.3760547
42.14,16.70428372,16.66666667,30.32716851,30.05642557,-0.004206142625,-0.004330530725,1,1,16.72081525,806.2080511
42.16,16.70419731,16.66666667,30.32641703,30.05629596,-0.004196477705,-0.004320579677,1,1,16.72069088,808.044264
42.18,16.70411109,16.66666667,30.32566728,30.05616664,-0.004186835014,-0.004310651519,1,1,16.7205668,809.8847034
42.2,16.70402508,16.66666667,30.32491926,30.05603762,-0.004177214501,-0.004300746198,1,1,16.72044299,811.7293789
42.22,16.70393926,16.66666667,30.32417295,30.05590889,-0.004167616116,-0.004290863663,1,1,16.72031948,813.5783002
42.24,16.70385364,16.66666667,30.32342835,30.05578046,-0.004158039807,-0.004281003859,1,1,16.72019624,815.4314771
42.26,16.70376822,16.66666667,30.32268546,30.05565232,-0.004148485524,-0.004271166735,1,1,16.72007329,817.2889195
42.28,16.70368299,16.66666667,30.32194429,30.05552448,-0.004138953215,-0.004261352238,1,1,16.71995063,819.1506371
42.3,16.70359796,16.66666667,30.32120481,30.05539694,-0.004129442829,-0.004251560316,1,1,16.71982824,821.0166399
42.32,16.70351312,16.66666667,30.32046703,30.05526968,-0.004119954317,-0.004241790917,1,1,16.71970614,822.8869376
42.34,16.70342848,16.66666667,30.31973095,30.05514272,-0.004110487628,-0.004232043989,1,1,16.71958431,824.7615401
42.36,16.70334404,16.66666667,30.31899656,30.05501605,-0.004101042712,-0.00422231948,1,1,16.71946277,826.6404574
42.38,16.70325978,16.66666667,30.31826385,30.05488967,-0.004091619517,-0.004212617339,1,1,16.7193415,828.5236994
42.4,16.70317572,16.66666667,30.31753283,30.05476359,-0.004082217995,-0.004202937513,1,1,16.71922052,830.4112761
42.42,16.70309186,16.66666667,30.31680349,30.05463779,-0.004072838095,-0.004193279952,1,1,16.71909981,832.3031974
42.44,16.70300819,16.66666667,30.31607582,30.05451228,-0.004063479767,-0.004183644603,1,1,16.71897938,834.1994734
42.46,16.7029247,16.66666667,30.31534983,30.05438706,-0.004054142961,-0.004174031416,1,1,16.71885922,836.100114
42.48,16.70284142,16.66666667,30.3146255,30.05426212,-0.004044827629,-0.00416444034,1,1,16.71873934,838.0051294
42.5,16.70275832,16.66666667,30.31390283,30.05413748,-0.00403553372,-0.004154871323,1,1,16.71861974,839.9145295
42.52,16.70267541,16.66666667,30.31318183,30.05401312,-0.004026261184,-0.004145324315,1,1,16.71850041,841.8283246
42.54,16.7025927,16.66666667,30.31246248,30.05388904,-0.004017009973,-0.004135799264,1,1,16.71838135,843.7465246
42.56,16.70251017,16.66666667,30.31174479,30.05376526,-0.004007780038,-0.004126296121,1,1,16.71826257,845.6691398
42.58,16.70242783,16.66666667,30.31102874,30.05364175,-0.003998571329,-0.004116814834,1,1,16.71814406,847.5961804
42.6,16.70234569,16.66666667,30.31031434,30.05351853,-0.003989383798,-0.004107355354,1,1,16.71802583,849.5276564
42.62,16.70226373,16.66666667,30.30960158,30.05339559,-0.003980217395,-0.004097917629,1,1,16.71790786,851.4635782
42.64,16.70218196,16.66666667,30.30889045,30.05327294,-0.003971072072,-0.004088501611,1,1,16.71779017,853.4039559
42.66,16.70210038,16.66666667,30.30818096,30.05315056,-0.00396194778,-0.004079107248,1,1,16.71767275,855.3487998
42.68,16.70201898,16.66666667,30.3074731,30.05302847,-0.003952844471,-0.00406973449,1,1,16.71755559,857.2981203
42.7,16.70193777,16.66666667,30.30676687,30.05290666,-0.003943762096,-0.004060383289,1,1,16.71743871,859.2519275
42.72,16.70185675,16.66666667,30.30606226,30.05278513,-0.003934700608,-0.004051053593,1,1,16.71732209,861.2102319
42.74,16.70177592,16.66666667,30.30535926,30.05266388,-0.003925659957,-0.004041745354,1,1,16.71720574,863.1730438
42.76,16.70169527,16.66666667,30.30465789,30.0525429,-0.003916640096,-0.004032458523,1,1,16.71708966,865.1403735
42.78,16.7016148,16.66666667,30.30395812,30.05242221,-0.003907640977,-0.004023193048,1,1,16.71697385,867.1122316
42.8,16.70153453,16.66666667,30.30325996,30.05230179,-0.003898662552,-0.004013948883,1,1,16.7168583,869.0886283
42.82,16.70145443,16.66666667,30.3025634,30.05218165,-0.003889704774,-0.004004725976,1,1,16.71674302,871.0695742
42.84,16.70137452,16.66666667,30.30186845,30.05206178,-0.003880767594,-0.00399552428,1,1,16.716628,873.0550798
42.86,16.70129479,16.66666667,30.30117509,30.05194219,-0.003871850966,-0.003986343745,1,1,16.71651325,875.0451554
42.88,16.70121525,16.66666667,30.30048332,30.05182288,-0.003862954842,-0.003977184323,1,1,16.71639876,877.0398117
42.9,16.70113589,16.66666667,30.29979314,30.05170383,-0.003854079174,-0.003968045964,1,1,16.71628453,879.0390592
42.92,16.70105671,16.66666667,30.29910455,30.05158507,-0.003845223916,-0.003958928621,1,1,16.71617056,881.0429085
42.94,16.70097771,16.66666667,30.29841754,30.05146657,-0.00383638902,-0.003949832245,1,1,16.71605686,883.0513702
42.96,16.7008989,16.66666667,30.2977321,30.05134835,-0.003827574439,-0.003940756787,1,1,16.71594342,885.0644548
42.98,16.70082027,16.66666667,30.29704825,30.0512304,-0.003818780127,-0.003931702199,1,1,16.71583024,887.082173
43,16.70074181,16.66666667,30.29636596,30.05111272,-0.003810006038,-0.003922668433,1,1,16.71571731,889.1045356
43.02,16.70066354,16.66666667,30.29568524,30.05099531,-0.003801252123,-0.003913655442,1,1,16.71560465,891.1315531
43.04,16.70058545,16.66666667,30.29500608,30.05087817,-0.003792518337,-0.003904663176,1,1,16.71549225,893.1632364
43.06,16.70050753,16.66666667,30.29432849,30.0507613,-0.003783804634,-0.003895691589,1,1,16.7153801,895.1995961
43.08,16.7004298,16.66666667,30.29365245,30.0506447,-0.003775110967,-0.003886740633,1,1,16.71526822,897.2406431
43.1,16.70035224,16.66666667,30.29297796,30.05052836,-0.003766437289,-0.003877810259,1,1,16.71515659,899.286388
43.12,16.70027486,16.66666667,30.29230502,30.05041229,-0.003757783556,-0.003868900422,1,1,16.71504521,901.3368418
43.14,16.70019766,16.66666667,30.29163363,30.05029649,-0.00374914972,-0.003860011072,1,1,16.71493409,903.3920152
43.16,16.70012064,16.66666667,30.29096378,30.05018096,-0.003740535737,-0.003851142164,1,1,16.71482323,905.4519192
43.18,16.70004379,16.66666667,30.29029547,30.05006569,-0.003731941559,-0.00384229365,1,1,16.71471262,907.5165647
43.2,16.69996712,16.66666667,30.28962869,30.04995069,-0.003723367142,-0.003833465483,1,1,16.71460227,909.5859624
43.22,16.69989063,16.66666667,30.28896345,30.04983595,-0.00371481244,-0.003824657616,1,1,16.71449217,911.6601235
43.24,16.69981431,16.66666667,30.28829973,30.04972147,-0.003706277408,-0.003815870002,1,1,16.71438232,913.7390588
43.26,16.69973817,16.66666667,30.28763754,30.04960726,-0.003697762,-0.003807102594,1,1,16.71427272,915.8227794
43.28,16.6996622,16.66666667,30.28697687,30.04949331,-0.003689266172,-0.003798355347,1,1,16.71416338,917.9112962
43.3,16.69958641,16.66666667,30.28631772,30.04937962,-0.003680789877,-0.003789628213,1,1,16.71405429,920.0046204
43.32,16.69951079,16.66666667,30.28566008,30.04926619,-0.003672333071,-0.003780921146,1,1,16.71394544,922.1027629
43.34,16.69943535,16.66666667,30.28500395,30.04915302,-0.003663895708,-0.0037722341,1,1,16.71383685,924.205735
43.36,16.69936008,16.66666667,30.28434933,30.04904012,-0.003655477746,-0.003763567028,1,1,16.71372851,926.3135476
43.38,16.69928498,16.66666667,30.28369621,30.04892747,-0.003647079137,-0.003754919886,1,1,16.71362042,928.4262119
43.4,16.69921005,16.66666667,30.2830446,30.04881508,-0.003638699839,-0.003746292626,1,1,16.71351257,930.5437392
43.42,16.6991353,16.66666667,30.28239448,30.04870295,-0.003630339805,-0.003737685203,1,1,16.71340497,932.6661406
43.44,16.69906072,16.66666667,30.28174585,30.04859108,-0.003621998993,-0.003729097571,1,1,16.71329762,934.7934273
43.46,16.69898631,16.66666667,30.28109871,30.04847946,-0.003613677358,-0.003720529685,1,1,16.71319052,936.9256106
43.48,16.69891207,16.66666667,30.28045306,30.0483681,-0.003605374855,-0.003711981499,1,1,16.71308366,939.0627017
43.5,16.698838,16.66666667,30.27980889,30.048257,-0.00359709144,-0.003703452967,1,1,16.71297705,941.204712
43.52,16.6987641,16.66666667,30.27916621,30.04814615,-0.00358882707,-0.003694944045,1,1,16.71287068,943.3516528
43.54,16.69869037,16.66666667,30.27852499,30.04803556,-0.0035805817,-0.003686454687,1,1,16.71276455,945.5035354
43.56,16.69861681,16.66666667,30.27788526,30.04792522,-0.003572355287,-0.003677984848,1,1,16.71265867,947.6603713
43.58,16.69854342,16.66666667,30.27724699,30.04781513,-0.003564147787,-0.003669534483,1,1,16.71255304,949.8221717
43.6,16.6984702,16.66666667,30.27661018,30.0477053,-0.003555959157,-0.003661103547,1,1,16.71244764,951.9889482
43.62,16.69839714,16.66666667,30.27597484,30.04759572,-0.003547789353,-0.003652691996,1,1,16.71234249,954.1607122
43.64,16.69832426,16.66666667,30.27534096,30.04748639,-0.003539638331,-0.003644299785,1,1,16.71223758,956.3374752
43.66,16.69825154,16.66666667,30.27470854,30.04737731,-0.003531506049,-0.003635926868,1,1,16.71213291,958.5192486
43.68,16.69817899,16.66666667,30.27407757,30.04726848,-0.003523392463,-0.003627573203,1,1,16.71202848,960.7060442
43.7,16.6981066,16.66666667,30.27344804,30.0471599,-0.00351529753,-0.003619238744,1,1,16.71192429,962.8978733
43.72,16.69803438,16.66666667,30.27281997,30.04705158,-0.003507221207,-0.003610923447,1,1,16.71182034,965.0947476
43.74,16.69796233,16.66666667,30.27219333,30.0469435,-0.003499163451,-0.003602627267,1,1,16.71171663,967.2966787
43.76,16.69789045,16.66666667,30.27156814,30.04683567,-0.00349112422,-0.003594350162,1,1,16.71161316,969.5036782
43.78,16.69781872,16.66666667,30.27094438,30.04672809,-0.003483103471,-0.003586092087,1,1,16.71150993,971.7157579
43.8,16.69774717,16.66666667,30.27032206,30.04662075,-0.003475101161,-0.003577852997,1,1,16.71140693,973.9329293
43.82,16.69767577,16.66666667,30.26970116,30.04651366,-0.003467117248,-0.003569632851,1,1,16.71130417,976.1552043
43.84,16.69760455,16.66666667,30.26908169,30.04640682,-0.003459151689,-0.003561431602,1,1,16.71120164,978.3825946
43.86,16.69753348,16.66666667,30.26846364,30.04630022,-0.003451204442,-0.003553249209,1,1,16.71109935,980.615112
43.88,16.69746258,16.66666667,30.26784702,30.04619387,-0.003443275465,-0.003545085628,1,1,16.7109973,982.8527682
43.9,16.69739184,16.66666667,30.2672318,30.04608776,-0.003435364716,-0.003536940815,1,1,16.71089548,985.0955752
43.92,16.69732126,16.66666667,30.26661801,30.04598189,-0.003427472153,-0.003528814727,1,1,16.71079389,987.3435447
43.94,16.69725085,16.66666667,30.26600562,30.04587627,-0.003419597734,-0.003520707321,1,1,16.71069254,989.5966886
43.96,16.6971806,16.66666667,30.26539464,30.0457709,-0.003411741417,-0.003512618554,1,1,16.71059142,991.8550189
43.98,16.69711051,16.66666667,30.26478506,30.04566576,-0.00340390316,-0.003504548383,1,1,16.71049053,994.1185475
44,16.69704058,16.66666667,30.26417688,30.04556086,-0.003396082923,-0.003496496765,1,1,16.71038987,996.3872864
44.02,16.69697081,16.66666667,30.2635701,30.04545621,-0.003388280662,-0.003488463658,1,1,16.71028945,998.6612475
44.04,16.6969012,16.66666667,30.26296472,30.0453518,-0.003380496338,-0.003480449018,1,1,16.71018925,1000.940443
44.06,16.69683175,16.66666667,30.26236072,30.04524762,-0.003372729908,-0.003472452804,1,1,16.71008929,1003.224885
44.08,16.69676246,16.66666667,30.26175811,30.04514369,-0.003364981332,-0.003464474972,1,1,16.70998955,1005.514585
44.1,16.69669333,16.66666667,30.26115689,30.04503999,-0.003357250568,-0.003456515481,1,1,16.70989005,1007.809556
44.12,16.69662436,16.66666667,30.26055704,30.04493654,-0.003349537575,-0.003448574288,1,1,16.70979077,1010.109809
44.14,16.69655554,16.66666667,30.25995858,30.04483332,-0.003341842313,-0.003440651351,1,1,16.70969172,1012.415357
44.16,16.69648689,16.66666667,30.25936149,30.04473033,-0.00333416474,-0.003432746628,1,1,16.7095929,1014.726212
44.18,16.69641839,16.66666667,30.25876577,30.04462759,-0.003326504816,-0.003424860077,1,1,16.7094943,1017.042387
44.2,16.69635005,16.66666667,30.25817142,30.04452508,-0.0033188625,-0.003416991656,1,1,16.70939593,1019.363893
44.22,16.69628187,16.66666667,30.25757843,30.0444228,-0.003311237751,-0.003409141323,1,1,16.70929779,1021.690743
44.24,16.69621384,16.66666667,30.25698681,30.04432076,-0.00330363053,-0.003401309038,1,1,16.70919987,1024.022948
44.26,16.69614597,16.66666667,30.25639654,30.04421896,-0.003296040795,-0.003393494757,1,1,16.70910218,1026.360522
44.28,16.69607826,16.66666667,30.25580763,30.04411739,-0.003288468507,-0.00338569844,1,1,16.70900472,1028.703477
44.3,16.6960107,16.66666667,30.25522008,30.04401605,-0.003280913625,-0.003377920045,1,1,16.70890747,1031.051825
44.32,16.6959433,16.66666667,30.25463387,30.04391495,-0.00327337611,-0.003370159532,1,1,16.70881045,1033.405579
44.34,16.69587605,16.66666667,30.25404901,30.04381407,-0.003265855921,-0.003362416858,1,1,16.70871365,1035.764751
44.36,16.69580896,16.66666667,30.25346549,30.04371343,-0.003258353018,-0.003354691983,1,1,16.70861708,1038.129353
44.38,16.69574202,16.66666667,30.25288332,30.04361302,-0.003250867361,-0.003346984866,1,1,16.70852073,1040.499398
44.4,16.69567523,16.66666667,30.25230248,30.04351284,-0.003243398912,-0.003339295465,1,1,16.70842459,1042.874898
44.42,16.6956086,16.66666667,30.25172297,30.0434129,-0.003235947629,-0.003331623741,1,1,16.70832868,1045.255867
44.44,16.69554212,16.66666667,30.2511448,30.04331318,-0.003228513474,-0.003323969652,1,1,16.70823299,1047.642316
44.46,16.69547579,16.66666667,30.25056795,30.04321369,-0.003221096408,-0.003316333158,1,1,16.70813752,1050.034259
44.48,16.69540962,16.66666667,30.24999243,30.04311443,-0.00321369639,-0.003308714218,1,1,16.70804227,1052.431708
44.5,16.69534359,16.66666667,30.24941823,30.04301539,-0.003206313382,-0.003301112792,1,1,16.70794723,1054.834675
44.52,16.69527772,16.66666667,30.24884535,30.04291659,-0.003198947344,-0.003293528839,1,1,16.70785242,1057.243173
44.54,16.69521201,16.66666667,30.24827379,30.04281801,-0.003191598238,-0.003285962319,1,1,16.70775782,1059.657216
44.56,16.69514644,16.66666667,30.24770354,30.04271966,-0.003184266024,-0.003278413193,1,1,16.70766344,1062.076815
44.58,16.69508102,16.66666667,30.2471346,30.04262153,-0.003176950663,-0.003270881419,1,1,16.70756928,1064.501984
44.6,16.69501575,16.66666667,30.24656696,30.04252363,-0.003169652118,-0.003263366959,1,1,16.70747533,1066.932735
44.62,16.69495063,16.66666667,30.24600063,30.04242595,-0.003162370348,-0.003255869771,1,1,16.7073816,1069.369082
44.64,16.69488567,16.66666667,30.2454356,30.0423285,-0.003155105315,-0.003248389818,1,1,16.70728809,1071.811037
44.66,16.69482085,16.66666667,30.24487187,30.04223127,-0.003147856982,-0.003240927057,1,1,16.70719479,1074.258613
44.68,16.69475618,16.66666667,30.24430943,30.04213427,-0.003140625309,-0.003233481451,1,1,16.7071017,1076.711823
44.7,16.69469166,16.66666667,30.24374829,30.04203749,-0.003133410257,-0.00322605296,1,1,16.70700883,1079.17068
44.72,16.69462728,16.66666667,30.24318843,30.04194093,-0.00312621179,-0.003218641544,1,1,16.70691617,1081.635196
44.74,16.69456306,16.66666667,30.24262986,30.04184459,-0.003119029868,-0.003211247163,1,1,16.70682372,1084.105386
44.76,16.69449898,16.66666667,30.24207258,30.04174847,-0.003111864453,-0.00320386978,1,1,16.70673149,1086.581262
44.78,16.69443505,16.66666667,30.24151657,30.04165258,-0.003104715508,-0.003196509354,1,1,16.70663946,1089.062838
44.8,16.69437127,16.66666667,30.24096184,30.0415569,-0.003097582995,-0.003189165846,1,1,16.70654765,1091.550125
44.82,16.69430763,16.66666667,30.24040838,30.04146145,-0.003090466875,-0.003181839218,1,1,16.70645605,1094.043138
44.84,16.69424414,16.66666667,30.2398562,30.04136621,-0.003083367111,-0.003174529431,1,1,16.70636466,1096.54189
44.86,16.6941808,16.66666667,30.23930528,30.04127119,-0.003076283666,-0.003167236445,1,1,16.70627348,1099.046393
44.88,16.6941176,16.66666667,30.23875563,30.0411764,-0.003069216501,-0.003159960223,1,1,16.70618251,1101.556662
44.9,16.69405454,16.66666667,30.23820724,30.04108182,-0.00306216558,-0.003152700725,1,1,16.70609175,1104.072708
44.92,16.69399163,16.66666667,30.23766012,30.04098745,-0.003055130864,-0.003145457913,1,1,16.7060012,1106.594547
44.94,16.69392887,16.66666667,30.23711424,30.0408933,-0.003048112317,-0.003138231749,1,1,16.70591085,1109.122191
44.96,16.69386625,16.66666667,30.23656963,30.04079937,-0.003041109902,-0.003131022195,1,1,16.70582072,1111.655652
44.98,16.69380377,16.66666667,30.23602626,30.04070566,-0.003034123581,-0.003123829211,1,1,16.70573079,1114.194946
45,16.69374144,16.66666667,30.23548414,30.04061216,-0.003027153317,-0.003116652761,1,1,16.70564106,1116.740085
45.02,16.69367925,16.66666667,30.23494327,30.04051887,-0.003020199073,-0.003109492805,1,1,16.70555155,1119.291082
45.04,16.6936172,16.66666667,30.23440364,30.0404258,-0.003013260812,-0.003102349307,1,1,16.70546223,1121.847952
45.06,16.6935553,16.66666667,30.23386524,30.04033295,-0.003006338498,-0.003095222227,1,1,16.70537313,1124.410707
45.08,16.69349354,16.66666667,30.23332809,30.0402403,-0.002999432094,-0.003088111529,1,1,16.70528422,1126.979362
45.1,16.69343192,16.66666667,30.23279217,30.04014787,-0.002992541563,-0.003081017174,1,1,16.70519553,1129.553929
45.12,16.69337044,16.66666667,30.23225748,30.04005566,-0.002985666869,-0.003073939125,1,1,16.70510703,1132.134423
45.14,16.6933091,16.66666667,30.23172401,30.03996365,-0.002978807975,-0.003066877345,1,1,16.70501874,1134.720857
45.16,16.6932479,16.66666667,30.23119178,30.03987185,-0.002971964845,-0.003059831795,1,1,16.70493065,1137.313244
45.18,16.69318685,16.66666667,30.23066076,30.03978027,-0.002965137442,-0.003052802439,1,1,16.70484277,1139.911599
45.2,16.69312593,16.66666667,30.23013097,30.0396889,-0.002958325731,-0.003045789239,1,1,16.70475508,1142.515935
45.22,16.69306516,16.66666667,30.22960239,30.03959773,-0.002951529675,-0.003038792159,1,1,16.7046676,1145.126266
45.24,16.69300452,16.66666667,30.22907503,30.03950678,-0.002944749239,-0.00303181116,1,1,16.70458032,1147.742606
45.26,16.69294402,16.66666667,30.22854888,30.03941603,-0.002937984386,-0.003024846206,1,1,16.70449324,1150.364968
45.28,16.69288366,16.66666667,30.22802393,30.0393255,-0.00293123508,-0.003017897261,1,1,16.70440635,1152.993367
45.3,16.69282344,16.66666667,30.2275002,30.03923517,-0.002924501286,-0.003010964286,1,1,16.70431967,1155.627816
45.32,16.69276336,16.66666667,30.22697766,30.03914505,-0.002917782967,-0.003004047246,1,1,16.70423319,1158.268329
45.34,16.69270342,16.66666667,30.22645633,30.03905513,-0.002911080089,-0.002997146104,1,1,16.70414691,1160.914921
45.36,16.69264362,16.66666667,30.22593619,30.03896542,-0.002904392616,-0.002990260823,1,1,16.70406082,1163.567604
45.38,16.69258395,16.66666667,30.22541725,30.03887592,-0.002897720512,-0.002983391366,1,1,16.70397493,1166.226394
45.4,16.69252442,16.66666667,30.2248995,30.03878663,-0.002891063743,-0.002976537698,1,1,16.70388924,1168.891305
45.42,16.69246502,16.66666667,30.22438294,30.03869753,-0.002884422272,-0.002969699781,1,1,16.70380375,1171.562349
45.44,16.69240577,16.66666667,30.22386756,30.03860865,-0.002877796064,-0.002962877581,1,1,16.70371845,1174.239543
45.46,16.69234664,16.66666667,30.22335337,30.03851997,-0.002871185085,-0.002956071059,1,1,16.70363335,1176.922899
45.48,16.69228766,16.66666667,30.22284036,30.03843149,-0.002864589299,-0.002949280181,1,1,16.70354844,1179.612431
45.5,16.69222881,16.66666667,30.22232853,30.03834321,-0.002858008671,-0.002942504911,1,1,16.70346373,1182.308155
45.52,16.69217009,16.66666667,30.22181787,30.03825514,-0.002851443167,-0.002935745212,1,1,16.70337921,1185.010085
45.54,16.69211151,16.66666667,30.22130839,30.03816727,-0.002844892751,-0.002929001048,1,1,16.70329489,1187.718233
45.56,16.69205307,16.66666667,30.22080008,30.0380796,-0.00283835739,-0.002922272384,1,1,16.70321076,1190.432616
45.58,16.69199476,16.66666667,30.22029293,30.03799214,-0.002831837047,-0.002915559185,1,1,16.70312683,1193.153247
45.6,16.69193658,16.66666667,30.21978695,30.03790487,-0.00282533169,-0.002908861414,1,1,16.70304308,1195.880141
45.62,16.69187854,16.66666667,30.21928214,30.0378178,-0.002818841283,-0.002902179036,1,1,16.70295953,1198.613312
45.64,16.69182063,16.66666667,30.21877848,30.03773094,-0.002812365791,-0.002895512016,1,1,16.70287617,1201.352775
45.66,16.69176285,16.66666667,30.21827598,30.03764427,-0.002805905181,-0.002888860318,1,1,16.70279301,1204.098543
45.68,16.6917052,16.66666667,30.21777463,30.03755781,-0.002799459418,-0.002882223907,1,1,16.70271003,1206.850632
45.7,16.69164769,16.66666667,30.21727443,30.03747154,-0.002793028469,-0.002875602748,1,1,16.70262725,1209.609056
45.72,16.69159031,16.66666667,30.21677539,30.03738547,-0.002786612298,-0.002868996805,1,1,16.70254465,1212.37383
45.74,16.69153306,16.66666667,30.21627749,30.0372996,-0.002780210873,-0.002862406045,1,1,16.70246224,1215.144968
45.76,16.69147595,16.66666667,30.21578073,30.03721392,-0.002773824158,-0.002855830431,1,1,16.70238003,1217.922486
45.78,16.69141896,16.66666667,30.21528511,30.03712844,-0.002767452121,-0.002849269929,1,1,16.702298,1220.706396
45.8,16.69136211,16.66666667,30.21479064,30.03704316,-0.002761094727,-0.002842724505,1,1,16.70221616,1223.496716
45.82,16.69130538,16.66666667,30.21429729,30.03695808,-0.002754751943,-0.002836194122,1,1,16.70213451,1226.293458
45.84,16.69124879,16.66666667,30.21380509,30.03687318,-0.002748423736,-0.002829678748,1,1,16.70205305,1229.096638
45.86,16.69119233,16.66666667,30.21331401,30.03678849,-0.002742110071,-0.002823178347,1,1,16.70197177,1231.906271
45.88,16.69113599,16.66666667,30.21282406,30.03670399,-0.002735810915,-0.002816692885,1,1,16.70189068,1234.722372
45.9,16.69107979,16.66666667,30.21233523,30.03661968,-0.002729526234,-0.002810222327,1,1,16.70180978,1237.544955
45.92,16.69102371,16.66666667,30.21184753,30.03653557,-0.002723255997,-0.00280376664,1,1,16.70172906,1240.374035
45.94,16.69096777,16.66666667,30.21136095,30.03645165,-0.002717000168,-0.002797325788,1,1,16.70164853,1243.209628
45.96,16.69091195,16.66666667,30.21087549,30.03636792,-0.002710758716,-0.002790899739,1,1,16.70156818,1246.051748
45.98,16.69085626,16.66666667,30.21039114,30.03628439,-0.002704531606,-0.002784488457,1,1,16.70148802,1248.900411
46,16.6908007,16.66666667,30.2099079,30.03620104,-0.002698318807,-0.002778091909,1,1,16.70140804,1251.755631
46.02,16.69074526,16.66666667,30.20942578,30.03611789,-0.002692120285,-0.002771710061,1,1,16.70132824,1254.617424
46.04,16.69068996,16.66666667,30.20894476,30.03603493,-0.002685936007,-0.002765342879,1,1,16.70124863,1257.485804
46.06,16.69063478,16.66666667,30.20846484,30.03595216,-0.00267976594,-0.002758990329,1,1,16.7011692,1260.360787
46.08,16.69057972,16.66666667,30.20798603,30.03586958,-0.002673610052,-0.002752652378,1,1,16.70108996,1263.242388
46.1,16.6905248,16.66666667,30.20750832,30.03578719,-0.002667468311,-0.002746328992,1,1,16.70101089,1266.130623
46.12,16.69047,16.66666667,30.2070317,30.03570499,-0.002661340683,-0.002740020137,1,1,16.70093201,1269.025506
46.14,16.69041532,16.66666667,30.20655618,30.03562298,-0.002655227136,-0.002733725781,1,1,16.70085331,1271.927053
46.16,16.69036077,16.66666667,30.20608176,30.03554116,-0.002649127638,-0.002727445889,1,1,16.70077479,1274.835279
46.18,16.69030635,16.66666667,30.20560842,30.03545952,-0.002643042156,-0.002721180429,1,1,16.70069645,1277.750199
46.2,16.69025205,16.66666667,30.20513617,30.03537808,-0.002636970659,-0.002714929367,1,1,16.70061829,1280.67183
46.22,16.69019788,16.66666667,30.204665,30.03529681,-0.002630913113,-0.002708692671,1,1,16.7005403,1283.600186
46.24,16.69014383,16.66666667,30.20419492,30.03521574,-0.002624869488,-0.002702470306,1,1,16.7004625,1286.535283
46.26,16.6900899,16.66666667,30.20372592,30.03513485,-0.00261883975,-0.002696262241,1,1,16.70038488,1289.477137
46.28,16.6900361,16.66666667,30.20325799,30.03505415,-0.002612823868,-0.002690068441,1,1,16.70030743,1292.425762
46.3,16.68998242,16.66666667,30.20279114,30.03497363,-0.002606821811,-0.002683888875,1,1,16.70023017,1295.381175
46.32,16.68992887,16.66666667,30.20232536,30.0348933,-0.002600833545,-0.00267772351,1,1,16.70015308,1298.343392
46.34,16.68987544,16.66666667,30.20186065,30.03481315,-0.00259485904,-0.002671572313,1,1,16.70007617,1301.312427
46.36,16.68982213,16.66666667,30.201397,30.03473319,-0.002588898264,-0.002665435251,1,1,16.69999943,1304.288297
46.38,16.68976894,16.66666667,30.20093443,30.03465341,-0.002582951186,-0.002659312292,1,1,16.69992287,1307.271017
46.4,16.68971588,16.66666667,30.20047291,30.03457382,-0.002577017773,-0.002653203404,1,1,16.69984649,1310.260603
46.42,16.68966294,16.66666667,30.20001246,30.0344944,-0.002571097994,-0.002647108553,1,1,16.69977028,1313.257071
46.44,16.68961011,16.66666667,30.19955306,30.03441517,-0.002565191819,-0.002641027709,1,1,16.69969424,1316.260437
46.46,16.68955742,16.66666667,30.19909472,30.03433612,-0.002559299215,-0.002634960837,1,1,16.69961839,1319.270717
46.48,16.68950484,16.66666667,30.19863743,30.03425726,-0.002553420152,-0.002628907908,1,1,16.6995427,1322.287926
46.5,16.68945238,16.66666667,30.19818119,30.03417857,-0.002547554598,-0.002622868887,1,1,16.69946719,1325.31208
46.52,16.68940004,16.66666667,30.197726,30.03410006,-0.002541702522,-0.002616843744,1,1,16.69939185,1328.343196
46.54,16.68934783,16.66666667,30.19727185,30.03402174,-0.002535863894,-0.002610832446,1,1,16.69931669,1331.38129
46.56,16.68929573,16.66666667,30.19681875,30.03394359,-0.002530038681,-0.002604834962,1,1,16.6992417,1334.426377
46.58,16.68924375,16.66666667,30.19636669,30.03386563,-0.002524226855,-0.00259885126,1,1,16.69916688,1337.478474
46.6,16.6891919,16.66666667,30.19591567,30.03378784,-0.002518428383,-0.002592881307,1,1,16.69909223,1340.537596
46.62,16.68914016,16.66666667,30.19546568,30.03371024,-0.002512643235,-0.002586925073,1,1,16.69901776,1343.603761
46.64,16.68908854,16.66666667,30.19501673,30.03363281,-0.00250687138,-0.002580982526,1,1,16.69894345,1346.676984
46.66,16.68903704,16.66666667,30.1945688,30.03355555,-0.002501112788,-0.002575053634,1,1,16.69886932,1349.757281
46.68,16.68898565,16.66666667,30.19412191,30.03347848,-0.002495367428,-0.002569138367,1,1,16.69879535,1352.844669
46.7,16.68893439,16.66666667,30.19367604,30.03340158,-0.00248963527,-0.002563236692,1,1,16.69872156,1355.939164
46.72,16.68888324,16.66666667,30.1932312,30.03332486,-0.002483916284,-0.002557348578,1,1,16.69864793,1359.040782
46.74,16.68883221,16.66666667,30.19278738,30.03324832,-0.002478210439,-0.002551473994,1,1,16.69857448,1362.149541
46.76,16.6887813,16.66666667,30.19234458,30.03317195,-0.002472517704,-0.00254561291,1,1,16.69850119,1365.265455
46.78,16.6887305,16.66666667,30.19190279,30.03309576,-0.002466838051,-0.002539765294,1,1,16.69842807,1368.388543
46.8,16.68867983,16.66666667,30.19146202,30.03301974,-0.002461171448,-0.002533931114,1,1,16.69835512,1371.518819
46.82,16.68862926,16.66666667,30.19102227,30.0329439,-0.002455517865,-0.002528110341,1,1,16.69828234,1374.656302
46.84,16.68857882,16.66666667,30.19058352,30.03286823,-0.002449877274,-0.002522302943,1,1,16.69820973,1377.801006
46.86,16.68852849,16.66666667,30.19014578,30.03279273,-0.002444249643,-0.002516508889,1,1,16.69813728,1380.95295
46.88,16.68847827,16.66666667,30.18970904,30.03271741,-0.002438634943,-0.002510728149,1,1,16.69806499,1384.11215
46.9,16.68842817,16.66666667,30.18927331,30.03264226,-0.002433033144,-0.002504960693,1,1,16.69799288,1387.278621
46.92,16.68837819,16.66666667,30.18883858,30.03256728,-0.002427444218,-0.002499206489,1,1,16.69792093,1390.452382
46.94,16.68832832,16.66666667,30.18840485,30.03249248,-0.002421868133,-0.002493465507,1,1,16.69784914,1393.633449
46.96,16.68827857,16.66666667,30.18797212,30.03241785,-0.00241630486,-0.002487737717,1,1,16.69777752,1396.821839
46.98,16.68822892,16.66666667,30.18754037,30.03234339,-0.002410754371,-0.002482023089,1,1,16.69770606,1400.017568
47,16.6881794,16.66666667,30.18710962,30.0322691,-0.002405216635,-0.002476321591,1,1,16.69763477,1403.220654
47.02,16.68812999,16.66666667,30.18667986,30.03219498,-0.002399691623,-0.002470633195,1,1,16.69756364,1406.431113
47.04,16.68808069,16.66666667,30.18625109,30.03212103,-0.002394179307,-0.002464957869,1,1,16.69749268,1409.648963
47.06,16.6880315,16.66666667,30.1858233,30.03204725,-0.002388679656,-0.002459295584,1,1,16.69742188,1412.87422
47.08,16.68798243,16.66666667,30.1853965,30.03197364,-0.002383192642,-0.00245364631,1,1,16.69735124,1416.106901
47.1,16.68793347,16.66666667,30.18497067,30.0319002,-0.002377718236,-0.002448010017,1,1,16.69728076,1419.347024
47.12,16.68788462,16.66666667,30.18454582,30.03182693,-0.002372256408,-0.002442386674,1,1,16.69721045,1422.594606
47.14,16.68783588,16.66666667,30.18412195,30.03175383,-0.00236680713,-0.002436776253,1,1,16.69714029,1425.849664
47.16,16.68778726,16.66666667,30.18369905,30.03168089,-0.002361370373,-0.002431178723,1,1,16.6970703,1429.112214
47.18,16.68773875,16.66666667,30.18327713,30.03160812,-0.002355946108,-0.002425594055,1,1,16.69700047,1432.382275
47.2,16.68769035,16.66666667,30.18285617,30.03153552,-0.002350534306,-0.002420022219,1,1,16.6969308,1435.659864
47.22,16.68764206,16.66666667,30.18243618,30.03146309,-0.002345134938,-0.002414463186,1,1,16.69686128,1438.944998
47.24,16.68759388,16.66666667,30.18201715,30.03139082,-0.002339747977,-0.002408916926,1,1,16.69679193,1442.237694
47.26,16.68754581,16.66666667,30.18159909,30.03131872,-0.002334373394,-0.00240338341,1,1,16.69672274,1445.537969
47.28,16.68749786,16.66666667,30.18118198,30.03124678,-0.002329011159,-0.002397862609,1,1,16.69665371,1448.845842
47.3,16.68745001,16.66666667,30.18076584,30.03117501,-0.002323661245,-0.002392354493,1,1,16.69658483,1452.16133
47.32,16.68740227,16.66666667,30.18035065,30.03110341,-0.002318323624,-0.002386859033,1,1,16.69651612,1455.484449
47.34,16.68735464,16.66666667,30.17993641,30.03103197,-0.002312998266,-0.0023813762,1,1,16.69644756,1458.815219
47.36,16.68730713,16.66666667,30.17952313,30.03096069,-0.002307685145,-0.002375905966,1,1,16.69637915,1462.153656
47.38,16.68725972,16.66666667,30.17911079,30.03088958,-0.002302384231,-0.0023704483,1,1,16.69631091,1465.499778
47.4,16.68721242,16.66666667,30.17869941,30.03081863,-0.002297095496,-0.002365003174,1,1,16.69624282,1468.853603
47.42,16.68716523,16.66666667,30.17828896,30.03074784,-0.002291818914,-0.00235957056,1,1,16.69617489,1472.215148
47.44,16.68711814,16.66666667,30.17787946,30.03067721,-0.002286554455,-0.002354150429,1,1,16.69610712,1475.584431
47.46,16.68707117,16.66666667,30.1774709,30.03060675,-0.002281302092,-0.002348742751,1,1,16.6960395,1478.96147
47.48,16.6870243,16.66666667,30.17706328,30.03053645,-0.002276061797,-0.002343347498,1,1,16.69597203,1482.346284
47.5,16.68697754,16.66666667,30.1766566,30.03046631,-0.002270833542,-0.002337964642,1,1,16.69590472,1485.738889
47.52,16.68693089,16.66666667,30.17625085,30.03039633,-0.0022656173,-0.002332594154,1,1,16.69583757,1489.139304
47.54,16.68688434,16.66666667,30.17584603,30.03032652,-0.002260413043,-0.002327236006,1,1,16.69577057,1492.547547
47.56,16.68683791,16.66666667,30.17544214,30.03025686,-0.002255220743,-0.002321890169,1,1,16.69570372,1495.963635
47.58,16.68679158,16.66666667,30.17503918,30.03018736,-0.002250040373,-0.002316556615,1,1,16.69563703,1499.387587
47.6,16.68674535,16.66666667,30.17463714,30.03011803,-0.002244871906,-0.002311235315,1,1,16.69557049,1502.819421
47.62,16.68669923,16.66666667,30.17423603,30.03004885,-0.002239715313,-0.002305926242,1,1,16.6955041,1506.259155
47.64,16.68665322,16.66666667,30.17383584,30.02997983,-0.002234570569,-0.002300629368,1,1,16.69543787,1509.706808
47.66,16.68660731,16.66666667,30.17343656,30.02991097,-0.002229437645,-0.002295344664,1,1,16.69537179,1513.162397
47.68,16.68656151,16.66666667,30.17303821,30.02984227,-0.002224316514,-0.002290072103,1,1,16.69530586,1516.625941
47.7,16.68651582,16.66666667,30.17264077,30.02977372,-0.00221920715,-0.002284811656,1,1,16.69524008,1520.097457
47.72,16.68647022,16.66666667,30.17224424,30.02970534,-0.002214109525,-0.002279563295,1,1,16.69517445,1523.576965
47.74,16.68642474,16.66666667,30.17184863,30.02963711,-0.002209023612,-0.002274326993,1,1,16.69510897,1527.064483
47.76,16.68637936,16.66666667,30.17145392,30.02956903,-0.002203949384,-0.002269102723,1,1,16.69504364,1530.56003
47.78,16.68633408,16.66666667,30.17106012,30.02950112,-0.002198886815,-0.002263890456,1,1,16.69497847,1534.063623
47.8,16.6862889,16.66666667,30.17066722,30.02943336,-0.002193835877,-0.002258690164,1,1,16.69491344,1537.575281
47.82,16.68624383,16.66666667,30.17027523,30.02936575,-0.002188796544,-0.002253501821,1,1,16.69484856,1541.095023
47.84,16.68619887,16.66666667,30.16988413,30.0292983,-0.00218376879,-0.002248325399,1,1,16.69478383,1544.622867
47.86,16.686154,16.66666667,30.16949394,30.02923101,-0.002178752587,-0.002243160871,1,1,16.69471925,1548.158833
47.88,16.68610924,16.66666667,30.16910464,30.02916387,-0.002173747908,-0.002238008208,1,1,16.69465482,1551.702938
47.9,16.68606459,16.66666667,30.16871623,30.02909688,-0.002168754729,-0.002232867384,1,1,16.69459054,1555.255202
47.92,16.68602003,16.66666667,30.16832872,30.02903005,-0.002163773021,-0.002227738371,1,1,16.6945264,1558.815644
47.94,16.68597558,16.66666667,30.1679421,30.02896337,-0.00215880276,-0.002222621143,1,1,16.69446241,1562.384281
47.96,16.68593123,16.66666667,30.16755636,30.02889684,-0.002153843917,-0.002217515673,1,1,16.69439857,1565.961134
47.98,16.68588698,16.66666667,30.16717151,30.02883047,-0.002148896468,-0.002212421932,1,1,16.69433488,1569.54622
48,16.68584283,16.66666667,30.16678755,30.02876425,-0.002143960385,-0.002207339895,1,1,16.69427133,1573.139559
48.02,16.68579879,16.66666667,30.16640447,30.02869818,-0.002139035644,-0.002202269534,1,1,16.69420792,1576.74117
48.04,16.68575484,16.66666667,30.16602226,30.02863227,-0.002134122217,-0.002197210823,1,1,16.69414467,1580.351072
48.06,16.685711,16.66666667,30.16564094,30.0285665,-0.002129220079,-0.002192163735,1,1,16.69408155,1583.969284
48.08,16.68566726,16.66666667,30.16526049,30.02850089,-0.002124329203,-0.002187128242,1,1,16.69401859,1587.595826
48.1,16.68562362,16.66666667,30.16488091,30.02843542,-0.002119449565,-0.002182104319,1,1,16.69395576,1591.230715
48.12,16.68558007,16.66666667,30.16450221,30.02837011,-0.002114581137,-0.002177091939,1,1,16.69389309,1594.873972
48.14,16.68553663,16.66666667,30.16412438,30.02830495,-0.002109723895,-0.002172091075,1,1,16.69383055,1598.525616
48.16,16.68549329,16.66666667,30.16374741,30.02823994,-0.002104877812,-0.0021671017,1,1,16.69376816,1602.185666
48.18,16.68545005,16.66666667,30.16337131,30.02817507,-0.002100042863,-0.002162123789,1,1,16.69370591,1605.854142
48.2,16.68540691,16.66666667,30.16299607,30.02811036,-0.002095219022,-0.002157157315,1,1,16.69364381,1609.531062
48.22,16.68536386,16.66666667,30.1626217,30.02804579,-0.002090406264,-0.002152202252,1,1,16.69358185,1613.216447
48.24,16.68532092,16.66666667,30.16224819,30.02798137,-0.002085604564,-0.002147258573,1,1,16.69352003,1616.910315
48.26,16.68527807,16.66666667,30.16187553,30.0279171,-0.002080813895,-0.002142326252,1,1,16.69345835,1620.612687
48.28,16.68523532,16.66666667,30.16150373,30.02785298,-0.002076034232,-0.002137405263,1,1,16.69339682,1624.323581
48.3,16.68519267,16.66666667,30.16113278,30.02778901,-0.002071265551,-0.002132495581,1,1,16.69333542,1628.043018
48.32,16.68515012,16.66666667,30.16076269,30.02772518,-0.002066507826,-0.002127597179,1,1,16.69327417,1631.771018
48.34,16.68510767,16.66666667,30.16039344,30.0276615,-0.002061761031,-0.00212271003,1,1,16.69321306,1635.507599
48.36,16.68506531,16.66666667,30.16002505,30.02759796,-0.002057025142,-0.00211783411,1,1,16.69315208,1639.252782
48.38,16.68502305,16.66666667,30.1596575,30.02753457,-0.002052300134,-0.002112969393,1,1,16.69309125,1643.006586
48.4,16.68498089,16.66666667,30.15929079,30.02747133,-0.002047585981,-0.002108115852,1,1,16.69303056,1646.769032
48.42,16.68493882,16.66666667,30.15892493,30.02740823,-0.002042882659,-0.002103273463,1,1,16.69297001,1650.540139
48.44,16.68489685,16.66666667,30.1585599,30.02734528,-0.002038190142,-0.002098442198,1,1,16.69290959,1654.319927
48.46,16.68485498,16.66666667,30.15819572,30.02728247,-0.002033508406,-0.002093622034,1,1,16.69284932,1658.108416
48.48,16.6848132,16.66666667,30.15783237,30.02721981,-0.002028837426,-0.002088812944,1,1,16.69278918,1661.905626
48.5,16.68477152,16.66666667,30.15746986,30.02715729,-0.002024177178,-0.002084014902,1,1,16.69272918,1665.711578
48.52,16.68472994,16.66666667,30.15710817,30.02709491,-0.002019527636,-0.002079227884,1,1,16.69266932,1669.526291
48.54,16.68468845,16.66666667,30.15674732,30.02703268,-0.002014888776,-0.002074451864,1,1,16.6926096,1673.349785
48.56,16.68464706,16.66666667,30.1563873,30.02697058,-0.002010260574,-0.002069686817,1,1,16.69255001,1677.182081
48.58,16.68460576,16.66666667,30.15602811,30.02690864,-0.002005643005,-0.002064932718,1,1,16.69249056,1681.023199
48.6,16.68456455,16.66666667,30.15566974,30.02684683,-0.002001036044,-0.002060189541,1,1,16.69243125,1684.87316
48.62,16.68452344,16.66666667,30.15531219,30.02678517,-0.001996439667,-0.002055457261,1,1,16.69237207,1688.731983
48.64,16.68448243,16.66666667,30.15495547,30.02672365,-0.00199185385,-0.002050735854,1,1,16.69231303,1692.599689
48.66,16.68444151,16.66666667,30.15459956,30.02666226,-0.001987278569,-0.002046025293,1,1,16.69225413,1696.476299
48.68,16.68440068,16.66666667,30.15424447,30.02660102,-0.001982713799,-0.002041325555,1,1,16.69219536,1700.361833
48.7,16.68435995,16.66666667,30.1538902,30.02653993,-0.001978159516,-0.002036636615,1,1,16.69213672,1704.256311
48.72,16.68431931,16.66666667,30.15353674,30.02647897,-0.001973615696,-0.002031958447,1,1,16.69207822,1708.159755
48.74,16.68427877,16.66666667,30.15318409,30.02641815,-0.001969082316,-0.002027291027,1,1,16.69201986,1712.072184
48.76,16.68423831,16.66666667,30.15283225,30.02635747,-0.00196455935,-0.00202263433,1,1,16.69196162,1715.99362
48.78,16.68419795,16.66666667,30.15248122,30.02629693,-0.001960046775,-0.002017988332,1,1,16.69190353,1719.924083
48.8,16.68415769,16.66666667,30.152131,30.02623653,-0.001955544568,-0.002013353007,1,1,16.69184556,1723.863594
48.82,16.68411751,16.66666667,30.15178158,30.02617627,-0.001951052703,-0.002008728332,1,1,16.69178773,1727.812174
48.84,16.68407743,16.66666667,30.15143297,30.02611614,-0.001946571159,-0.002004114282,1,1,16.69173003,1731.769844
48.86,16.68403744,16.66666667,30.15108515,30.02605616,-0.00194209991,-0.001999510832,1,1,16.69167247,1735.736624
48.88,16.68399754,16.66666667,30.15073813,30.02599631,-0.001937638933,-0.001994917958,1,1,16.69161503,1739.712536
48.9,16.68395773,16.66666667,30.15039192,30.0259366,-0.001933188205,-0.001990335636,1,1,16.69155773,1743.6976
48.92,16.68391802,16.66666667,30.15004649,30.02587703,-0.001928747702,-0.001985763842,1,1,16.69150056,1747.691839
48.94,16.68387839,16.66666667,30.14970186,30.02581759,-0.001924317401,-0.00198120255,1,1,16.69144352,1751.695272
48.96,16.68383886,16.66666667,30.14935802,30.02575829,-0.001919897277,-0.001976651739,1,1,16.69138661,1755.707921
48.98,16.68379942,16.66666667,30.14901497,30.02569913,-0.001915487309,-0.001972111382,1,1,16.69132984,1759.729807
49,16.68376007,16.66666667,30.14867271,30.0256401,-0.001911087471,-0.001967581456,1,1,16.69127319,1763.760952
49.02,16.68372081,16.66666667,30.14833123,30.02558121,-0.001906697742,-0.001963061937,1,1,16.69121667,1767.801377
49.04,16.68368164,16.66666667,30.14799054,30.02552245,-0.001902318097,-0.001958552801,1,1,16.69116028,1771.851102
49.06,16.68364255,16.66666667,30.14765064,30.02546383,-0.001897948514,-0.001954054025,1,1,16.69110403,1775.910151
49.08,16.68360356,16.66666667,30.14731151,30.02540534,-0.001893588969,-0.001949565584,1,1,16.6910479,1779.978543
49.1,16.68356466,16.66666667,30.14697316,30.02534699,-0.00188923944,-0.001945087455,1,1,16.6909919,1784.056301
49.12,16.68352585,16.66666667,30.14663559,30.02528877,-0.001884899903,-0.001940619614,1,1,16.69093603,1788.143446
49.14,16.68348713,16.66666667,30.14629879,30.02523069,-0.001880570336,-0.001936162037,1,1,16.69088029,1792.24
49.16,16.68344849,16.66666667,30.14596277,30.02517274,-0.001876250715,-0.001931714701,1,1,16.69082467,1796.345984
49.18,16.68340995,16.66666667,30.14562752,30.02511492,-0.001871941018,-0.001927277582,1,1,16.69076919,1800.46142
49.2,16.68337149,16.66666667,30.14529304,30.02505723,-0.001867641222,-0.001922850657,1,1,16.69071383,1804.58633
49.22,16.68333312,16.66666667,30.14495932,30.02499968,-0.001863351303,-0.001918433902,1,1,16.6906586,1808.720736
49.24,16.68329484,16.66666667,30.14462638,30.02494226,-0.001859071241,-0.001914027294,1,1,16.69060349,1812.864659
49.26,16.68325665,16.66666667,30.14429419,30.02488497,-0.00185480101,-0.00190963081,1,1,16.69054851,1817.018122
49.28,16.68321854,16.66666667,30.14396278,30.02482781,-0.00185054059,-0.001905244426,1,1,16.69049366,1821.181146
49.3,16.68318052,16.66666667,30.14363212,30.02477079,-0.001846289958,-0.001900868119,1,1,16.69043893,1825.353753
49.32,16.68314259,16.66666667,30.14330222,30.02471389,-0.001842049091,-0.001896501866,1,1,16.69038433,1829.535966
49.34,16.68310475,16.66666667,30.14297308,30.02465713,-0.001837817966,-0.001892145644,1,1,16.69032986,1833.727807
49.36,16.683067,16.66666667,30.1426447,30.02460049,-0.001833596561,-0.00188779943,1,1,16.69027551,1837.929297
49.38,16.68302933,16.66666667,30.14231707,30.02454399,-0.001829384855,-0.0018834632,1,1,16.69022128,1842.140459
49.4,16.68299174,16.66666667,30.14199019,30.02448762,-0.001825182824,-0.001879136933,1,1,16.69016718,1846.361316
49.42,16.68295425,16.66666667,30.14166406,30.02443137,-0.001820990446,-0.001874820604,1,1,16.69011321,1850.591889
49.44,16.68291684,16.66666667,30.14133869,30.02437526,-0.001816807699,-0.001870514191,1,1,16.69005935,1854.832201
49.46,16.68287951,16.66666667,30.14101406,30.02431927,-0.001812634562,-0.001866217672,1,1,16.69000562,1859.082274
49.48,16.68284227,16.66666667,30.14069017,30.02426341,-0.001808471012,-0.001861931023,1,1,16.68995202,1863.342131
49.5,16.68280512,16.66666667,30.14036703,30.02420768,-0.001804317026,-0.001857654222,1,1,16.68989854,1867.611795
49.52,16.68276805,16.66666667,30.14004463,30.02415208,-0.001800172583,-0.001853387247,1,1,16.68984518,1871.891287
49.54,16.68273107,16.66666667,30.13972297,30.02409661,-0.001796037662,-0.001849130074,1,1,16.68979194,1876.180631
49.56,16.68269417,16.66666667,30.13940205,30.02404126,-0.001791912239,-0.001844882681,1,1,16.68973883,1880.479849
49.58,16.68265736,16.66666667,30.13908187,30.02398604,-0.001787796294,-0.001840645045,1,1,16.68968583,1884.788964
49.6,16.68262063,16.66666667,30.13876243,30.02393095,-0.001783689805,-0.001836417145,1,1,16.68963296,1889.107999
49.62,16.68258399,16.66666667,30.13844371,30.02387598,-0.001779592749,-0.001832198958,1,1,16.68958021,1893.436976
49.64,16.68254743,16.66666667,30.13812573,30.02382114,-0.001775505105,-0.001827990461,1,1,16.68952758,1897.775919
49.66,16.68251095,16.66666667,30.13780848,30.02376643,-0.001771426851,-0.001823791633,1,1,16.68947508,1902.12485
49.68,16.68247456,16.66666667,30.13749196,30.02371184,-0.001767357967,-0.00181960245,1,1,16.68942269,1906.483793
49.7,16.68243825,16.66666667,30.13717617,30.02365738,-0.00176329843,-0.001815422892,1,1,16.68937042,1910.85277
49.72,16.68240203,16.66666667,30.1368611,30.02360304,-0.001759248219,-0.001811252935,1,1,16.68931828,1915.231804
49.74,16.68236588,16.66666667,30.13654675,30.02354883,-0.001755207312,-0.001807092557,1,1,16.68926625,1919.62092
49.76,16.68232983,16.66666667,30.13623313,30.02349474,-0.001751175688,-0.001802941738,1,1,16.68921434,1924.020139
49.78,16.68229385,16.66666667,30.13592022,30.02344077,-0.001747153326,-0.001798800454,1,1,16.68916256,1928.429485
49.8,16.68225796,16.66666667,30.13560804,30.02338693,-0.001743140204,-0.001794668684,1,1,16.68911089,1932.848982
49.82,16.68222215,16.66666667,30.13529657,30.02333322,-0.001739136302,-0.001790546405,1,1,16.68905934,1937.278653
49.84,16.68218642,16.66666667,30.13498582,30.02327962,-0.001735141597,-0.001786433597,1,1,16.68900791,1941.718521
49.86,16.68215077,16.66666667,30.13467578,30.02322615,-0.00173115607,-0.001782330237,1,1,16.68895659,1946.16861
49.88,16.68211521,16.66666667,30.13436645,30.02317281,-0.001727179698,-0.001778236304,1,1,16.6889054,1950.628943
49.9,16.68207972,16.66666667,30.13405784,30.02311958,-0.001723212461,-0.001774151775,1,1,16.68885432,1955.099544
49.92,16.68204432,16.66666667,30.13374993,30.02306648,-0.001719254338,-0.00177007663,1,1,16.68880336,1959.580436
49.94,16.682009,16.66666667,30.13344273,30.0230135,-0.001715305307,-0.001766010847,1,1,16.68875251,1964.071644
49.96,16.68197376,16.66666667,30.13313624,30.02296064,-0.001711365348,-0.001761954403,1,1,16.68870179,1968.57319
49.98,16.6819386,16.66666667,30.13283045,30.0229079,-0.001707434441,-0.001757907279,1,1,16.68865117,1973.0851
50,16.68190353,16.66666667,30.13252536,30.02285529,-0.001703512563,-0.001753869452,1,1,16.68860068,1977.607396
50.02,16.68186853,16.66666667,30.13222097,30.02280279,-0.001699599695,-0.001749840901,1,1,16.6885503,1982.140102
50.04,16.68183361,16.66666667,30.13191728,30.02275042,-0.001695695816,-0.001745821604,1,1,16.68850004,1986.683243
50.06,16.68179878,16.66666667,30.13161429,30.02269816,-0.001691800905,-0.001741811541,1,1,16.68844989,1991.236842
50.08,16.68176402,16.66666667,30.131312,30.02264603,-0.001687914942,-0.001737810691,1,1,16.68839986,1995.800924
50.1,16.68172934,16.66666667,30.1310104,30.02259402,-0.001684037905,-0.001733819031,1,1,16.68834994,2000.375513
50.12,16.68169475,16.66666667,30.13070949,30.02254212,-0.001680169775,-0.001729836541,1,1,16.68830014,2004.960633
50.14,16.68166023,16.66666667,30.13040927,30.02249034,-0.001676310531,-0.001725863199,1,1,16.68825045,2009.556307
50.16,16.68162579,16.66666667,30.13010975,30.02243869,-0.001672460152,-0.001721898986,1,1,16.68820088,2014.162561
50.18,16.68159143,16.66666667,30.12981091,30.02238715,-0.001668618619,-0.001717943879,1,1,16.68815142,2018.779419
50.2,16.68155715,16.66666667,30.12951276,30.02233573,-0.00166478591,-0.001713997858,1,1,16.68810207,2023.406906
50.22,16.68152295,16.66666667,30.12921529,30.02228443,-0.001660962006,-0.001710060903,1,1,16.68805284,2028.045044
50.24,16.68148883,16.66666667,30.1289185,30.02223324,-0.001657146887,-0.001706132991,1,1,16.68800372,2032.693861
50.26,16.68145478,16.66666667,30.1286224,30.02218218,-0.001653340531,-0.001702214102,1,1,16.68795471,2037.353378
50.28,16.68142082,16.66666667,30.12832698,30.02213123,-0.001649542919,-0.001698304217,1,1,16.68790582,2042.023623
50.3,16.68138693,16.66666667,30.12803223,30.0220804,-0.001645754032,-0.001694403313,1,1,16.68785703,2046.704618
50.32,16.68135312,16.66666667,30.12773817,30.02202968,-0.001641973848,-0.00169051137,1,1,16.68780836,2051.396389
50.34,16.68131939,16.66666667,30.12744477,30.02197908,-0.001638202348,-0.001686628369,1,1,16.68775981,2056.098961
50.36,16.68128573,16.66666667,30.12715206,30.0219286,-0.001634439512,-0.001682754287,1,1,16.68771136,2060.812359
50.38,16.68125216,16.66666667,30.12686001,30.02187823,-0.00163068532,-0.001678889105,1,1,16.68766302,2065.536607
50.4,16.68121865,16.66666667,30.12656864,30.02182798,-0.001626939752,-0.001675032802,1,1,16.6876148,2070.27173
50.42,16.68118523,16.66666667,30.12627793,30.02177785,-0.001623202788,-0.001671185358,1,1,16.68756668,2075.017754
50.44,16.68115188,16.66666667,30.12598789,30.02172783,-0.001619474409,-0.001667346753,1,1,16.68751868,2079.774703
50.46,16.68111861,16.66666667,30.12569852,30.02167792,-0.001615754595,-0.001663516965,1,1,16.68747079,2084.542603
50.48,16.68108542,16.66666667,30.12540981,30.02162813,-0.001612043326,-0.001659695976,1,1,16.687423,2089.321479
50.5,16.6810523,16.66666667,30.12512177,30.02157845,-0.001608340582,-0.001655883764,1,1,16.68737533,2094.111357
50.52,16.68101926,16.66666667,30.12483439,30.02152889,-0.001604646344,-0.001652080309,1,1,16.68732777,2098.91226
50.54,16.68098629,16.66666667,30.12454767,30.02147944,-0.001600960593,-0.001648285592,1,1,16.68728031,2103.724216
50.56,16.6809534,16.66666667,30.1242616,30.02143011,-0.001597283308,-0.001644499592,1,1,16.68723297,2108.547249
50.58,16.68092059,16.66666667,30.1239762,30.02138089,-0.001593614471,-0.001640722289,1,1,16.68718573,2113.381385
50.6,16.68088785,16.66666667,30.12369144,30.02133178,-0.001589954062,-0.001636953664,1,1,16.6871386,2118.226649
50.62,16.68085519,16.66666667,30.12340735,30.02128278,-0.001586302061,-0.001633193696,1,1,16.68709158,2123.083068
50.64,16.6808226,16.66666667,30.1231239,30.0212339,-0.00158265845,-0.001629442365,1,1,16.68704467,2127.950666
50.66,16.68079008,16.66666667,30.12284111,30.02118513,-0.001579023208,-0.001625699652,1,1,16.68699786,2132.82947
50.68,16.68075764,16.66666667,30.12255897,30.02113647,-0.001575396318,-0.001621965536,1,1,16.68695117,2137.719504
50.7,16.68072528,16.66666667,30.12227747,30.02108792,-0.001571777759,-0.001618239999,1,1,16.68690458,2142.620796
50.72,16.68069299,16.66666667,30.12199662,30.02103948,-0.001568167512,-0.00161452302,1,1,16.68685809,2147.533371
50.74,16.68066077,16.66666667,30.12171642,30.02099116,-0.001564565559,-0.001610814579,1,1,16.68681172,2152.457255
50.76,16.68062863,16.66666667,30.12143686,30.02094295,-0.00156097188,-0.001607114657,1,1,16.68676545,2157.392474
50.78,16.68059656,16.66666667,30.12115794,30.02089484,-0.001557386456,-0.001603423235,1,1,16.68671929,2162.339054
50.8,16.68056457,16.66666667,30.12087966,30.02084685,-0.001553809269,-0.001599740293,1,1,16.68667323,2167.297022
50.82,16.68053265,16.66666667,30.12060202,30.02079897,-0.001550240299,-0.001596065811,1,1,16.68662728,2172.266402
50.84,16.6805008,16.66666667,30.12032502,30.0207512,-0.001546679527,-0.00159239977,1,1,16.68658143,2177.247223
50.86,16.68046902,16.66666667,30.12004865,30.02070354,-0.001543126935,-0.001588742151,1,1,16.68653569,2182.23951
50.88,16.68043732,16.66666667,30.11977292,30.02065598,-0.001539582504,-0.001585092933,1,1,16.68649005,2187.243289
50.9,16.68040569,16.66666667,30.11949783,30.02060854,-0.001536046215,-0.001581452099,1,1,16.68644452,2192.258587
50.92,16.68037414,16.66666667,30.11922336,30.0205612,-0.00153251805,-0.001577819628,1,1,16.6863991,2197.285431
50.94,16.68034265,16.66666667,30.11894953,30.02051398,-0.001528997989,-0.001574195502,1,1,16.68635378,2202.323847
50.96,16.68031124,16.66666667,30.11867632,30.02046686,-0.001525486014,-0.001570579701,1,1,16.68630856,2207.373861
50.98,16.6802799,16.66666667,30.11840374,30.02041985,-0.001521982107,-0.001566972206,1,1,16.68626345,2212.435501
51,16.68024863,16.66666667,30.11813179,30.02037295,-0.001518486249,-0.001563372998,1,1,16.68621843,2217.508793
51.02,16.68021744,16.66666667,30.11786046,30.02032616,-0.001514998421,-0.001559782058,1,1,16.68617353,2222.593764
51.04,16.68018631,16.66666667,30.11758976,30.02027947,-0.001511518605,-0.001556199367,1,1,16.68612872,2227.690441
51.06,16.68015526,16.66666667,30.11731968,30.02023289,-0.001508046783,-0.001552624906,1,1,16.68608402,2232.798851
51.08,16.68012428,16.66666667,30.11705022,30.02018642,-0.001504582936,-0.001549058656,1,1,16.68603943,2237.919021
51.1,16.68009337,16.66666667,30.11678137,30.02014006,-0.001501127046,-0.001545500599,1,1,16.68599493,2243.050977
51.12,16.68006253,16.66666667,30.11651315,30.0200938,-0.001497679095,-0.001541950715,1,1,16.68595054,2248.194748
51.14,16.68003176,16.66666667,30.11624554,30.02004765,-0.001494239064,-0.001538408985,1,1,16.68590625,2253.350359
51.16,16.68000107,16.66666667,30.11597854,30.0200016,-0.001490806935,-0.001534875391,1,1,16.68586206,2258.51784
51.18,16.67997044,16.66666667,30.11571216,30.01995566,-0.00148738269,-0.001531349915,1,1,16.68581797,2263.697216
51.2,16.67993988,16.66666667,30.11544639,30.01990982,-0.001483966311,-0.001527832537,1,1,16.68577398,2268.888515
51.22,16.6799094,16.66666667,30.11518123,30.01986409,-0.00148055778,-0.001524323239,1,1,16.68573009,2274.091765
51.24,16.67987898,16.66666667,30.11491668,30.01981847,-0.001477157079,-0.001520822002,1,1,16.68568631,2279.306993
51.26,16.67984863,16.66666667,30.11465274,30.01977295,-0.00147376419,-0.001517328808,1,1,16.68564262,2284.534227
51.28,16.67981836,16.66666667,30.1143894,30.01972753,-0.001470379094,-0.001513843639,1,1,16.68559904,2289.773495
51.3,16.67978815,16.66666667,30.11412667,30.01968222,-0.001467001775,-0.001510366475,1,1,16.68555556,2295.024823
51.32,16.67975801,16.66666667,30.11386454,30.01963702,-0.001463632213,-0.001506897299,1,1,16.68551217,2300.28824
51.34,16.67972794,16.66666667,30.11360302,30.01959191,-0.001460270392,-0.001503436092,1,1,16.68546889,2305.563774
51.36,16.67969794,16.66666667,30.11334209,30.01954691,-0.001456916294,-0.001499982836,1,1,16.6854257,2310.851453
51.38,16.67966801,16.66666667,30.11308176,30.01950202,-0.0014535699,-0.001496537513,1,1,16.68538262,2316.151304
51.4,16.67963815,16.66666667,30.11282204,30.01945722,-0.001450231193,-0.001493100104,1,1,16.68533963,2321.463356
51.42,16.67960836,16.66666667,30.1125629,30.01941253,-0.001446900155,-0.001489670591,1,1,16.68529674,2326.787636
51.44,16.67957863,16.66666667,30.11230437,30.01936795,-0.001443576769,-0.001486248956,1,1,16.68525395,2332.124173
51.46,16.67954897,16.66666667,30.11204642,30.01932346,-0.001440261018,-0.001482835181,1,1,16.68521126,2337.472995
51.48,16.67951939,16.66666667,30.11178907,30.01927908,-0.001436952883,-0.001479429248,1,1,16.68516867,2342.834131
51.5,16.67948987,16.66666667,30.11153231,30.0192348,-0.001433652347,-0.001476031139,1,1,16.68512617,2348.207608
51.52,16.67946041,16.66666667,30.11127615,30.01919062,-0.001430359393,-0.001472640836,1,1,16.68508377,2353.593455
51.54,16.67943103,16.66666667,30.11102056,30.01914654,-0.001427074003,-0.00146925832,1,1,16.68504147,2358.9917
51.56,16.67940171,16.66666667,30.11076557,30.01910256,-0.00142379616,-0.001465883575,1,1,16.68499927,2364.402373
51.58,16.67937246,16.66666667,30.11051116,30.01905869,-0.001420525846,-0.001462516582,1,1,16.68495716,2369.825502
51.6,16.67934328,16.66666667,30.11025734,30.01901491,-0.001417263045,-0.001459157323,1,1,16.68491515,2375.261115
51.62,16.67931416,16.66666667,30.1100041,30.01897124,-0.001414007738,-0.00145580578,1,1,16.68487324,2380.70924
51.64,16.67928511,16.66666667,30.10975144,30.01892767,-0.00141075991,-0.001452461937,1,1,16.68483142,2386.169908
51.66,16.67925613,16.66666667,30.10949936,30.01888419,-0.001407519542,-0.001449125775,1,1,16.6847897,2391.643147
51.68,16.67922721,16.66666667,30.10924786,30.01884082,-0.001404286617,-0.001445797276,1,1,16.68474807,2397.128985
51.7,16.67919836,16.66666667,30.10899694,30.01879754,-0.001401061119,-0.001442476424,1,1,16.68470655,2402.627452
51.72,16.67916958,16.66666667,30.10874659,30.01875437,-0.001397843029,-0.001439163199,1,1,16.68466511,2408.138577
51.74,16.67914086,16.66666667,30.10849682,30.01871129,-0.001394632333,-0.001435857586,1,1,16.68462377,2413.662389
51.76,16.67911221,16.66666667,30.10824762,30.01866832,-0.001391429011,-0.001432559565,1,1,16.68458253,2419.198917
51.78,16.67908363,16.66666667,30.107999,30.01862544,-0.001388233048,-0.001429269121,1,1,16.68454138,2424.748191
51.8,16.67905511,16.66666667,30.10775094,30.01858266,-0.001385044426,-0.001425986235,1,1,16.68450032,2430.310239
51.82,16.67902665,16.66666667,30.10750346,30.01853998,-0.001381863128,-0.00142271089,1,1,16.68445936,2435.885091
51.84,16.67899826,16.66666667,30.10725654,30.01849739,-0.001378689138,-0.001419443069,1,1,16.6844185,2441.472777
51.86,16.67896994,16.66666667,30.10701019,30.01845491,-0.001375522439,-0.001416182755,1,1,16.68437772,2447.073327
51.88,16.67894168,16.66666667,30.10676441,30.01841252,-0.001372363015,-0.00141292993,1,1,16.68433704,2452.686769
51.9,16.67891349,16.66666667,30.10651919,30.01837023,-0.001369210847,-0.001409684576,1,1,16.68429646,2458.313133
51.92,16.67888536,16.66666667,30.10627454,30.01832804,-0.001366065921,-0.001406446678,1,1,16.68425597,2463.95245
51.94,16.67885729,16.66666667,30.10603044,30.01828594,-0.001362928218,-0.001403216217,1,1,16.68421557,2469.604749
51.96,16.67882929,16.66666667,30.10578691,30.01824394,-0.001359797723,-0.001399993178,1,1,16.68417526,2475.27006
51.98,16.67880136,16.66666667,30.10554394,30.01820204,-0.001356674419,-0.001396777541,1,1,16.68413505,2480.948413
52,16.67877349,16.66666667,30.10530152,30.01816023,-0.00135355829,-0.001393569291,1,1,16.68409493,2486.639837
52.02,16.67874568,16.66666667,30.10505966,30.01811852,-0.001350449318,-0.001390368411,1,1,16.6840549,2492.344364
52.04,16.67871794,16.66666667,30.10481836,30.0180769,-0.001347347488,-0.001387174884,1,1,16.68401496,2498.062023
52.06,16.67869026,16.66666667,30.10457761,30.01803538,-0.001344252783,-0.001383988692,1,1,16.68397511,2503.792844
52.08,16.67866264,16.66666667,30.10433742,30.01799396,-0.001341165187,-0.00138080982,1,1,16.68393536,2509.536858
52.1,16.67863509,16.66666667,30.10409777,30.01795263,-0.001338084683,-0.001377638249,1,1,16.6838957,2515.294095
52.12,16.6786076,16.66666667,30.10385868,30.0179114,-0.001335011255,-0.001374473964,1,1,16.68385612,2521.064586
52.14,16.67858017,16.66666667,30.10362014,30.01787026,-0.001331944887,-0.001371316947,1,1,16.68381664,2526.84836
52.16,16.67855281,16.66666667,30.10338214,30.01782921,-0.001328885563,-0.001368167182,1,1,16.68377725,2532.64545
52.18,16.67852551,16.66666667,30.10314469,30.01778826,-0.001325833266,-0.001365024653,1,1,16.68373795,2538.455884
52.2,16.67849827,16.66666667,30.10290779,30.0177474,-0.001322787981,-0.001361889342,1,1,16.68369874,2544.279695
52.22,16.67847109,16.66666667,30.10267142,30.01770664,-0.00131974969,-0.001358761233,1,1,16.68365962,2550.116912
52.24,16.67844398,16.66666667,30.10243561,30.01766597,-0.001316718379,-0.001355640309,1,1,16.68362059,2555.967567
52.26,16.67841693,16.66666667,30.10220033,30.0176254,-0.001313694031,-0.001352526555,1,1,16.68358165,2561.831691
52.28,16.67838994,16.66666667,30.1019656,30.01758491,-0.00131067663,-0.001349419953,1,1,16.6835428,2567.709314
52.3,16.67836302,16.66666667,30.1017314,30.01754452,-0.00130766616,-0.001346320487,1,1,16.68350404,2573.600468
52.32,16.67833615,16.66666667,30.10149774,30.01750423,-0.001304662605,-0.001343228141,1,1,16.68346537,2579.505184
52.34,16.67830935,16.66666667,30.10126462,30.01746402,-0.001301665949,-0.001340142898,1,1,16.68342679,2585.423492
52.36,16.67828261,16.66666667,30.10103203,30.01742391,-0.001298676177,-0.001337064742,1,1,16.68338829,2591.355426
52.38,16.67825593,16.66666667,30.10079998,30.01738389,-0.001295693273,-0.001333993657,1,1,16.68334988,2597.301014
52.4,16.67822931,16.66666667,30.10056846,30.01734396,-0.00129271722,-0.001330929626,1,1,16.68331157,2603.26029
52.42,16.67820275,16.66666667,30.10033748,30.01730413,-0.001289748004,-0.001327872634,1,1,16.68327334,2609.233285
52.44,16.67817626,16.66666667,30.10010702,30.01726438,-0.001286785608,-0.001324822663,1,1,16.68323519,2615.22003
52.46,16.67814982,16.66666667,30.09987709,30.01722473,-0.001283830016,-0.001321779699,1,1,16.68319714,2621.220557
52.48,16.67812344,16.66666667,30.09964769,30.01718517,-0.001280881214,-0.001318743724,1,1,16.68315917,2627.234897
52.5,16.67809713,16.66666667,30.09941882,30.0171457,-0.001277939185,-0.001315714724,1,1,16.68312129,2633.263083
52.52,16.67807088,16.66666667,30.09919047,30.01710632,-0.001275003915,-0.00131269268,1,1,16.6830835,2639.305146
52.54,16.67804468,16.66666667,30.09896265,30.01706702,-0.001272075386,-0.001309677579,1,1,16.68304579,2645.361118
52.56,16.67801855,16.66666667,30.09873535,30.01702782,-0.001269153585,-0.001306669404,1,1,16.68300817,2651.431032
52.58,16.67799248,16.66666667,30.09850857,30.01698871,-0.001266238495,-0.001303668138,1,1,16.68297064,2657.514918
52.6,16.67796646,16.66666667,30.09828232,30.01694969,-0.001263330101,-0.001300673767,1,1,16.68293319,2663.612811
52.62,16.67794051,16.66666667,30.09805658,30.01691076,-0.001260428388,-0.001297686273,1,1,16.68289583,2669.724741
52.64,16.67791462,16.66666667,30.09783136,30.01687192,-0.00125753334,-0.001294705643,1,1,16.68285855,2675.850741
52.66,16.67788878,16.66666667,30.09760666,30.01683317,-0.001254644942,-0.001291731858,1,1,16.68282137,2681.990844
52.68,16.67786301,16.66666667,30.09738248,30.01679451,-0.001251763178,-0.001288764905,1,1,16.68278426,2688.145082
52.7,16.67783729,16.66666667,30.09715881,30.01675593,-0.001248888035,-0.001285804767,1,1,16.68274724,2694.313487
52.72,16.67781163,16.66666667,30.09693565,30.01671745,-0.001246019495,-0.001282851428,1,1,16.68271031,2700.496092
52.74,16.67778603,16.66666667,30.09671301,30.01667905,-0.001243157545,-0.001279904874,1,1,16.68267346,2706.69293
52.76,16.67776049,16.66666667,30.09649088,30.01664074,-0.001240302168,-0.001276965087,1,1,16.68263669,2712.904034
52.78,16.67773501,16.66666667,30.09626926,30.01660252,-0.001237453351,-0.001274032054,1,1,16.68260001,2719.129436
52.8,16.67770959,16.66666667,30.09604814,30.01656439,-0.001234611077,-0.001271105758,1,1,16.68256342,2725.369169
52.82,16.67768423,16.66666667,30.09582754,30.01652634,-0.001231775332,-0.001268186183,1,1,16.68252691,2731.623267
52.84,16.67765892,16.66666667,30.09560744,30.01648838,-0.001228946101,-0.001265273315,1,1,16.68249048,2737.891762
52.86,16.67763368,16.66666667,30.09538785,30.01645051,-0.001226123368,-0.001262367138,1,1,16.68245413,2744.174687
52.88,16.67760849,16.66666667,30.09516876,30.01641273,-0.00122330712,-0.001259467636,1,1,16.68241787,2750.472077
52.9,16.67758335,16.66666667,30.09495017,30.01637503,-0.00122049734,-0.001256574795,1,1,16.6823817,2756.783963
52.92,16.67755828,16.66666667,30.09473209,30.01633742,-0.001217694014,-0.001253688599,1,1,16.6823456,2763.11038
52.94,16.67753326,16.66666667,30.09451451,30.0162999,-0.001214897128,-0.001250809032,1,1,16.68230959,2769.45136
52.96,16.67750831,16.66666667,30.09429743,30.01626246,-0.001212106666,-0.001247936079,1,1,16.68227366,2775.806938
52.98,16.6774834,16.66666667,30.09408084,30.01622511,-0.001209322614,-0.001245069726,1,1,16.68223781,2782.177147
53,16.67745856,16.66666667,30.09386476,30.01618784,-0.001206544957,-0.001242209957,1,1,16.68220205,2788.562021
53.02,16.67743377,16.66666667,30.09364917,30.01615066,-0.00120377368,-0.001239356757,1,1,16.68216637,2794.961593
53.04,16.67740904,16.66666667,30.09343407,30.01611356,-0.001201008769,-0.001236510111,1,1,16.68213077,2801.375897
53.06,16.67738437,16.66666667,30.09321947,30.01607655,-0.001198250209,-0.001233670004,1,1,16.68209525,2807.804967
53.08,16.67735975,16.66666667,30.09300536,30.01603963,-0.001195497985,-0.00123083642,1,1,16.68205981,2814.248838
53.1,16.67733519,16.66666667,30.09279175,30.01600279,-0.001192752083,-0.001228009345,1,1,16.68202446,2820.707543
53.12,16.67731069,16.66666667,30.09257862,30.01596603,-0.001190012489,-0.001225188764,1,1,16.68198918,2827.181116
53.14,16.67728624,16.66666667,30.09236599,30.01592936,-0.001187279187,-0.001222374662,1,1,16.68195399,2833.669592
53.16,16.67726185,16.66666667,30.09215384,30.01589278,-0.001184552164,-0.001219567024,1,1,16.68191888,2840.173005
53.18,16.67723751,16.66666667,30.09194218,30.01585627,-0.001181831404,-0.001216765835,1,1,16.68188385,2846.691389
53.2,16.67721324,16.66666667,30.091731,30.01581985,-0.001179116895,-0.001213971081,1,1,16.6818489,2853.224779
53.22,16.67718901,16.66666667,30.09152031,30.01578352,-0.00117640862,-0.001211182746,1,1,16.68181403,2859.77321
53.24,16.67716484,16.66666667,30.09131011,30.01574727,-0.001173706566,-0.001208400816,1,1,16.68177924,2866.336715
53.26,16.67714073,16.66666667,30.09110039,30.0157111,-0.001171010719,-0.001205625276,1,1,16.68174452,2872.91533
53.28,16.67711667,16.66666667,30.09089115,30.01567501,-0.001168321065,-0.001202856111,1,1,16.68170989,2879.50909
53.3,16.67709267,16.66666667,30.09068239,30.01563901,-0.001165637588,-0.001200093308,1,1,16.68167534,2886.118028
53.32,16.67706873,16.66666667,30.09047411,30.01560309,-0.001162960275,-0.00119733685,1,1,16.68164087,2892.742181
53.34,16.67704483,16.66666667,30.0902663,30.01556725,-0.001160289113,-0.001194586724,1,1,16.68160648,2899.381584
53.36,16.677021,16.66666667,30.09005898,30.0155315,-0.001157624085,-0.001191842915,1,1,16.68157216,2906.03627
53.38,16.67699721,16.66666667,30.08985213,30.01549582,-0.00115496518,-0.001189105409,1,1,16.68153793,2912.706277
53.4,16.67697349,16.66666667,30.08964576,30.01546023,-0.001152312381,-0.001186374191,1,1,16.68150377,2919.391638
53.42,16.67694981,16.66666667,30.08943986,30.01542472,-0.001149665677,-0.001183649246,1,1,16.68146969,2926.092389
53.44,16.6769262,16.66666667,30.08923443,30.01538929,-0.001147025051,-0.00118093056,1,1,16.68143569,2932.808566
53.46,16.67690263,16.66666667,30.08902947,30.01535395,-0.001144390491,-0.00117821812,1,1,16.68140177,2939.540204
53.48,16.67687912,16.66666667,30.08882499,30.01531868,-0.001141761983,-0.001175511909,1,1,16.68136793,2946.287339
53.5,16.67685566,16.66666667,30.08862098,30.0152835,-0.001139139513,-0.001172811915,1,1,16.68133416,2953.050006
53.52,16.67683226,16.66666667,30.08841743,30.01524839,-0.001136523066,-0.001170118123,1,1,16.68130047,2959.828241
53.54,16.67680891,16.66666667,30.08821435,30.01521337,-0.001133912629,-0.001167430518,1,1,16.68126686,2966.622081
53.56,16.67678562,16.66666667,30.08801174,30.01517843,-0.001131308188,-0.001164749087,1,1,16.68123333,2973.43156
53.58,16.67676238,16.66666667,30.08780959,30.01514357,-0.001128709729,-0.001162073815,1,1,16.68119987,2980.256715
53.6,16.67673919,16.66666667,30.08760791,30.01510878,-0.001126117239,-0.001159404688,1,1,16.68116649,2987.097582
53.62,16.67671605,16.66666667,30.08740669,30.01507408,-0.001123530704,-0.001156741692,1,1,16.68113319,2993.954198
53.64,16.67669297,16.66666667,30.08720593,30.01503946,-0.001120950111,-0.001154084813,1,1,16.68109996,3000.826598
53.66,16.67666994,16.66666667,30.08700564,30.01500492,-0.001118375444,-0.001151434037,1,1,16.68106681,3007.714818
53.68,16.67664697,16.66666667,30.0868058,30.01497045,-0.001115806692,-0.00114878935,1,1,16.68103374,3014.618896
53.7,16.67662405,16.66666667,30.08660643,30.01493607,-0.00111324384,-0.001146150737,1,1,16.68100074,3021.538868
53.72,16.67660117,16.66666667,30.08640751,30.01490176,-0.001110686875,-0.001143518185,1,1,16.68096782,3028.47477
53.74,16.67657836,16.66666667,30.08620905,30.01486754,-0.001108135783,-0.001140891681,1,1,16.68093497,3035.426638
53.76,16.67655559,16.66666667,30.08601104,30.01483339,-0.001105590551,-0.001138271209,1,1,16.6809022,3042.394511
53.78,16.67653288,16.66666667,30.08581349,30.01479932,-0.001103051166,-0.001135656756,1,1,16.6808695,3049.378424
53.8,16.67651022,16.66666667,30.08561639,30.01476533,-0.001100517613,-0.001133048309,1,1,16.68083688,3056.378415
53.82,16.67648761,16.66666667,30.08541975,30.01473141,-0.00109798988,-0.001130445853,1,1,16.68080433,3063.39452
53.84,16.67646505,16.66666667,30.08522355,30.01469758,-0.001095467952,-0.001127849375,1,1,16.68077186,3070.426777
53.86,16.67644255,16.66666667,30.08502781,30.01466382,-0.001092951818,-0.001125258862,1,1,16.68073946,3077.475222
53.88,16.67642009,16.66666667,30.08483252,30.01463014,-0.001090441463,-0.001122674298,1,1,16.68070714,3084.539894
53.9,16.67639769,16.66666667,30.08463767,30.01459654,-0.001087936874,-0.001120095671,1,1,16.68067489,3091.620829
53.92,16.67637534,16.66666667,30.08444327,30.01456301,-0.001085438039,-0.001117522968,1,1,16.68064272,3098.718065
53.94,16.67635304,16.66666667,30.08424932,30.01452956,-0.001082944943,-0.001114956173,1,1,16.68061062,3105.831639
53.96,16.67633079,16.66666667,30.08405582,30.01449619,-0.001080457573,-0.001112395275,1,1,16.68057859,3112.961589
53.98,16.6763086,16.66666667,30.08386276,30.0144629,-0.001077975917,-0.001109840259,1,1,16.68054664,3120.107953
54,16.67628645,16.66666667,30.08367014,30.01442968,-0.001075499961,-0.001107291111,1,1,16.68051476,3127.270768
54.02,16.67626436,16.66666667,30.08347797,30.01439653,-0.001073029693,-0.001104747819,1,1,16.68048295,3134.450073
54.04,16.67624231,16.66666667,30.08328623,30.01436347,-0.001070565098,-0.001102210369,1,1,16.68045122,3141.645905
54.06,16.67622032,16.66666667,30.08309494,30.01433048,-0.001068106165,-0.001099678747,1,1,16.68041956,3148.858303
54.08,16.67619838,16.66666667,30.08290409,30.01429756,-0.001065652879,-0.001097152941,1,1,16.68038797,3156.087304
54.1,16.67617648,16.66666667,30.08271367,30.01426472,-0.001063205229,-0.001094632936,1,1,16.68035646,3163.332946
54.12,16.67615464,16.66666667,30.08252369,30.01423196,-0.001060763201,-0.001092118719,1,1,16.68032501,3170.595269
54.14,16.67613285,16.66666667,30.08233415,30.01419927,-0.001058326782,-0.001089610278,1,1,16.68029364,3177.87431
54.16,16.67611111,16.66666667,30.08214505,30.01416666,-0.001055895959,-0.001087107598,1,1,16.68026234,3185.170108
54.18,16.67608941,16.66666667,30.08195637,30.01413412,-0.00105347072,-0.001084610667,1,1,16.68023112,3192.482701
54.2,16.67606777,16.66666667,30.08176814,30.01410166,-0.001051051052,-0.001082119471,1,1,16.68019996,3199.812129
54.22,16.67604618,16.66666667,30.08158033,30.01406927,-0.001048636941,-0.001079633998,1,1,16.68016888,3207.15843
54.24,16.67602464,16.66666667,30.08139295,30.01403695,-0.001046228376,-0.001077154233,1,1,16.68013787,3214.521642
54.26,16.67600314,16.66666667,30.08120601,30.01400471,-0.001043825343,-0.001074680165,1,1,16.68010693,3221.901805
54.28,16.6759817,16.66666667,30.0810195,30.01397255,-0.00104142783,-0.001072211779,1,1,16.68007606,3229.298958
54.3,16.6759603,16.66666667,30.08083341,30.01394045,-0.001039035823,-0.001069749063,1,1,16.68004526,3236.713139
54.32,16.67593896,16.66666667,30.08064775,30.01390844,-0.001036649311,-0.001067292004,1,1,16.68001453,3244.144389
54.34,16.67591766,16.66666667,30.08046252,30.01387649,-0.001034268281,-0.001064840588,1,1,16.67998387,3251.592746
54.36,16.67589641,16.66666667,30.08027771,30.01384462,-0.001031892719,-0.001062394804,1,1,16.67995328,3259.05825
54.38,16.67587521,16.66666667,30.08009333,30.01381282,-0.001029522615,-0.001059954637,1,1,16.67992277,3266.540939
54.4,16.67585406,16.66666667,30.07990937,30.01378109,-0.001027157954,-0.001057520075,1,1,16.67989232,3274.040855
54.42,16.67583296,16.66666667,30.07972583,30.01374944,-0.001024798725,-0.001055091106,1,1,16.67986194,3281.558036
54.44,16.67581191,16.66666667,30.07954271,30.01371786,-0.001022444914,-0.001052667715,1,1,16.67983164,3289.092522
54.46,16.6757909,16.66666667,30.07936002,30.01368635,-0.001020096511,-0.001050249891,1,1,16.6798014,3296.644353
54.48,16.67576995,16.66666667,30.07917774,30.01365492,-0.001017753501,-0.001047837621,1,1,16.67977123,3304.213569
54.5,16.67574904,16.66666667,30.07899589,30.01362356,-0.001015415873,-0.001045430891,1,1,16.67974113,3311.80021
54.52,16.67572818,16.66666667,30.07881445,30.01359226,-0.001013083615,-0.00104302969,1,1,16.6797111,3319.404316
54.54,16.67570736,16.66666667,30.07863343,30.01356105,-0.001010756714,-0.001040634004,1,1,16.67968114,3327.025927
54.56,16.6756866,16.66666667,30.07845282,30.0135299,-0.001008435157,-0.00103824382,1,1,16.67965125,3334.665084
54.58,16.67566588,16.66666667,30.07827263,30.01349882,-0.001006118933,-0.001035859127,1,1,16.67962143,3342.321827
54.6,16.67564521,16.66666667,30.07809285,30.01346782,-0.001003808029,-0.001033479912,1,1,16.67959167,3349.996196
54.62,16.67562459,16.66666667,30.07791349,30.01343688,-0.001001502434,-0.001031106161,1,1,16.67956199,3357.688232
54.64,16.67560402,16.66666667,30.07773453,30.01340602,-0.0009992021336,-0.001028737863,1,1,16.67953237,3365.397976
54.66,16.67558349,16.66666667,30.07755599,30.01337523,-0.0009969071173,-0.001026375005,1,1,16.67950282,3373.125468
54.68,16.67556301,16.66666667,30.07737786,30.01334451,-0.0009946173725,-0.001024017574,1,1,16.67947334,3380.87075
54.7,16.67554257,16.66666667,30.07720014,30.01331386,-0.000992332887,-0.001021665558,1,1,16.67944392,3388.633862
54.72,16.67552219,16.66666667,30.07702282,30.01328328,-0.0009900536489,-0.001019318944,1,1,16.67941458,3396.414845
54.74,16.67550185,16.66666667,30.07684592,30.01325277,-0.0009877796461,-0.00101697772,1,1,16.6793853,3404.21374
54.76,16.67548156,16.66666667,30.07666942,30.01322233,-0.0009855108665,-0.001014641874,1,1,16.67935608,3412.03059
54.78,16.67546131,16.66666667,30.07649332,30.01319196,-0.0009832472981,-0.001012311394,1,1,16.67932694,3419.865434
54.8,16.67544111,16.66666667,30.07631763,30.01316166,-0.000980988929,-0.001009986266,1,1,16.67929786,3427.718315
54.82,16.67542096,16.66666667,30.07614234,30.01313143,-0.0009787357472,-0.001007666479,1,1,16.67926885,3435.589274
54.84,16.67540085,16.66666667,30.07596746,30.01310127,-0.0009764877408,-0.001005352021,1,1,16.6792399,3443.478352
54.86,16.67538079,16.66666667,30.07579298,30.01307118,-0.000974244898,-0.001003042878,1,1,16.67921103,3451.385591
54.88,16.67536077,16.66666667,30.07561889,30.01304116,-0.0009720072068,-0.00100073904,1,1,16.67918221,3459.311034
54.9,16.6753408,16.66666667,30.07544521,30.01301121,-0.0009697746554,-0.0009984404932,1,1,16.67915347,3467.254722
54.92,16.67532088,16.66666667,30.07527193,30.01298132,-0.000967547232,-0.0009961472261,1,1,16.67912479,3475.216697
54.94,16.675301,16.66666667,30.07509904,30.01295151,-0.0009653249249,-0.0009938592266,1,1,16.67909617,3483.197
54.96,16.67528117,16.66666667,30.07492655,30.01292176,-0.0009631077223,-0.0009915764825,1,1,16.67906763,3491.195676
54.98,16.67526139,16.66666667,30.07475446,30.01289208,-0.0009608956124,-0.0009892989817,1,1,16.67903914,3499.212764
55,16.67524165,16.66666667,30.07458276,30.01286247,-0.0009586885835,-0.0009870267121,1,1,16.67901073,3507.248309
55.02,16.67522195,16.66666667,30.07441146,30.01283293,-0.0009564866241,-0.0009847596618,1,1,16.67898237,3515.302352
55.04,16.6752023,16.66666667,30.07424055,30.01280345,-0.0009542897224,-0.0009824978188,1,1,16.67895409,3523.374937
55.06,16.6751827,16.66666667,30.07407004,30.01277404,-0.0009520978668,-0.0009802411711,1,1,16.67892586,3531.466105
55.08,16.67516314,16.66666667,30.07389991,30.0127447,-0.0009499110457,-0.0009779897068,1,1,16.67889771,3539.575899
55.1,16.67514362,16.66666667,30.07373018,30.01271543,-0.0009477292476,-0.0009757434139,1,1,16.67886962,3547.704363
55.12,16.67512415,16.66666667,30.07356083,30.01268623,-0.000945552461,-0.0009735022806,1,1,16.67884159,3555.85154
55.14,16.67510473,16.66666667,30.07339188,30.01265709,-0.0009433806742,-0.000971266295,1,1,16.67881362,3564.017471
55.16,16.67508535,16.66666667,30.07322331,30.01262802,-0.0009412138759,-0.0009690354453,1,1,16.67878572,3572.202202
55.18,16.67506601,16.66666667,30.07305513,30.01259901,-0.0009390520545,-0.0009668097198,1,1,16.67875789,3580.405774
55.2,16.67504672,16.66666667,30.07288733,30.01257008,-0.0009368951987,-0.0009645891066,1,1,16.67873012,3588.628232
55.22,16.67502747,16.66666667,30.07271993,30.01254121,-0.000934743297,-0.0009623735939,1,1,16.67870241,3596.869618
55.24,16.67500827,16.66666667,30.0725529,30.0125124,-0.0009325963381,-0.0009601631702,1,1,16.67867477,3605.129977
55.26,16.67498911,16.66666667,30.07238626,30.01248366,-0.0009304543105,-0.0009579578236,1,1,16.67864719,3613.409352
55.28,16.67496999,16.66666667,30.07222,30.01245499,-0.000928317203,-0.0009557575426,1,1,16.67861967,3621.707787
55.3,16.67495092,16.66666667,30.07205413,30.01242638,-0.0009261850043,-0.0009535623154,1,1,16.67859222,3630.025325
55.32,16.67493189,16.66666667,30.07188863,30.01239784,-0.000924057703,-0.0009513721305,1,1,16.67856483,3638.362011
55.34,16.67491291,16.66666667,30.07172352,30.01236937,-0.000921935288,-0.0009491869763,1,1,16.6785375,3646.717889
55.36,16.67489397,16.66666667,30.07155878,30.01234096,-0.000919817748,-0.0009470068412,1,1,16.67851023,3655.093002
55.38,16.67487507,16.66666667,30.07139443,30.01231261,-0.0009177050718,-0.0009448317138,1,1,16.67848303,3663.487396
55.4,16.67485622,16.66666667,30.07123045,30.01228433,-0.0009155972483,-0.0009426615824,1,1,16.67845589,3671.901115
55.42,16.67483741,16.66666667,30.07106684,30.01225612,-0.0009134942662,-0.0009404964357,1,1,16.67842881,3680.334202
55.44,16.67481864,16.66666667,30.07090362,30.01222797,-0.0009113961146,-0.0009383362621,1,1,16.6784018,3688.786703
55.46,16.67479992,16.66666667,30.07074076,30.01219988,-0.0009093027821,-0.0009361810503,1,1,16.67837484,3697.258663
55.48,16.67478124,16.66666667,30.07057829,30.01217186,-0.000907214258,-0.0009340307889,1,1,16.67834795,3705.750126
55.5,16.6747626,16.66666667,30.07041618,30.0121439,-0.0009051305309,-0.0009318854664,1,1,16.67832112,3714.261136
55.52,16.67474401,16.66666667,30.07025445,30.01211601,-0.00090305159,-0.0009297450716,1,1,16.67829435,3722.79174
55.54,16.67472545,16.66666667,30.07009309,30.01208818,-0.0009009774243,-0.000927609593,1,1,16.67826765,3731.341982
55.56,16.67470694,16.66666667,30.0699321,30.01206042,-0.0008989080227,-0.0009254790195,1,1,16.678241,3739.911908
55.58,16.67468848,16.66666667,30.06977148,30.01203272,-0.0008968433743,-0.0009233533398,1,1,16.67821442,3748.501562
55.6,16.67467005,16.66666667,30.06961122,30.01200508,-0.0008947834683,-0.0009212325426,1,1,16.6781879,3757.11099
55.62,16.67465167,16.66666667,30.06945134,30.01197751,-0.0008927282937,-0.0009191166166,1,1,16.67816143,3765.740237
55.64,16.67463333,16.66666667,30.06929182,30.01195,-0.0008906778396,-0.0009170055508,1,1,16.67813503,3774.38935
55.66,16.67461503,16.66666667,30.06913267,30.01192255,-0.0008886320953,-0.0009148993339,1,1,16.67810869,3783.058374
55.68,16.67459678,16.66666667,30.06897389,30.01189517,-0.0008865910498,-0.0009127979548,1,1,16.67808241,3791.747355
55.7,16.67457856,16.66666667,30.06881547,30.01186784,-0.0008845546924,-0.0009107014024,1,1,16.67805619,3800.456339
55.72,16.67456039,16.66666667,30.06865741,30.01184059,-0.0008825230124,-0.0009086096656,1,1,16.67803003,3809.185371
55.74,16.67454226,16.66666667,30.06849972,30.01181339,-0.0008804959989,-0.0009065227333,1,1,16.67800393,3817.934499
55.76,16.67452417,16.66666667,30.06834239,30.01178626,-0.0008784736413,-0.0009044405946,1,1,16.67797789,3826.703767
55.78,16.67450612,16.66666667,30.06818542,30.01175919,-0.0008764559288,-0.0009023632383,1,1,16.67795191,3835.493223
55.8,16.67448812,16.66666667,30.06802881,30.01173218,-0.0008744428509,-0.0009002906536,1,1,16.67792599,3844.302914
55.82,16.67447015,16.66666667,30.06787256,30.01170523,-0.0008724343968,-0.0008982228294,1,1,16.67790013,3853.132884
55.84,16.67445223,16.66666667,30.06771667,30.01167835,-0.0008704305559,-0.0008961597547,1,1,16.67787433,3861.983183
55.86,16.67443435,16.66666667,30.06756114,30.01165152,-0.0008684313177,-0.0008941014188,1,1,16.67784859,3870.853855
55.88,16.67441651,16.66666667,30.06740596,30.01162476,-0.0008664366715,-0.0008920478107,1,1,16.67782291,3879.744948
55.9,16.67439871,16.66666667,30.06725114,30.01159806,-0.0008644466068,-0.0008899989196,1,1,16.67779728,3888.65651
55.92,16.67438095,16.66666667,30.06709668,30.01157142,-0.0008624611132,-0.0008879547346,1,1,16.67777172,3897.588586
55.94,16.67436323,16.66666667,30.06694257,30.01154485,-0.0008604801799,-0.0008859152449,1,1,16.67774621,3906.541225
55.96,16.67434555,16.66666667,30.06678882,30.01151833,-0.0008585037968,-0.0008838804397,1,1,16.67772076,3915.514474
55.98,16.67432792,16.66666667,30.06663541,30.01149187,-0.0008565319531,-0.0008818503082,1,1,16.67769537,3924.50838
56,16.67431032,16.66666667,30.06648237,30.01146548,-0.0008545646386,-0.0008798248398,1,1,16.67767004,3933.522991
56.02,16.67429276,16.66666667,30.06632967,30.01143914,-0.0008526018428,-0.0008778040237,1,1,16.67764477,3942.558354
56.04,16.67427525,16.66666667,30.06617732,30.01141287,-0.0008506435554,-0.0008757878493,1,1,16.67761956,3951.614517
56.06,16.67425777,16.66666667,30.06602532,30.01138666,-0.0008486897659,-0.0008737763058,1,1,16.6775944,3960.691528
56.08,16.67424034,16.66666667,30.06587368,30.0113605,-0.0008467404642,-0.0008717693826,1,1,16.6775693,3969.789436
56.1,16.67422294,16.66666667,30.06572238,30.01133441,-0.0008447956397,-0.0008697670691,1,1,16.67754426,3978.908287
56.12,16.67420559,16.66666667,30.06557143,30.01130838,-0.0008428552823,-0.0008677693547,1,1,16.67751928,3988.048131
56.14,16.67418827,16.66666667,30.06542082,30.01128241,-0.0008409193818,-0.000865776229,1,1,16.67749435,3997.209015
56.16,16.67417099,16.66666667,30.06527056,30.01125649,-0.0008389879277,-0.0008637876812,1,1,16.67746948,4006.390989
56.18,16.67415376,16.66666667,30.06512065,30.01123064,-0.0008370609101,-0.0008618037009,1,1,16.67744467,4015.594101
56.2,16.67413656,16.66666667,30.06497108,30.01120484,-0.0008351383186,-0.0008598242776,1,1,16.67741991,4024.818398
56.22,16.6741194,16.66666667,30.06482185,30.01117911,-0.0008332201431,-0.0008578494009,1,1,16.67739522,4034.063931
56.24,16.67410229,16.66666667,30.06467297,30.01115343,-0.0008313063734,-0.0008558790603,1,1,16.67737057,4043.330748
56.26,16.67408521,16.66666667,30.06452443,30.01112781,-0.0008293969995,-0.0008539132453,1,1,16.67734599,4052.618898
56.28,16.67406817,16.66666667,30.06437622,30.01110225,-0.0008274920112,-0.0008519519457,1,1,16.67732146,4061.92843
56.3,16.67405117,16.66666667,30.06422836,30.01107675,-0.0008255913984,-0.0008499951509,1,1,16.67729699,4071.259393
56.32,16.67403421,16.66666667,30.06408084,30.01105131,-0.0008236951512,-0.0008480428507,1,1,16.67727257,4080.611837
56.34,16.67401729,16.66666667,30.06393366,30.01102593,-0.0008218032594,-0.0008460950347,1,1,16.67724821,4089.985811
56.36,16.6740004,16.66666667,30.06378682,30.01100061,-0.0008199157131,-0.0008441516927,1,1,16.67722391,4099.381365
56.38,16.67398356,16.66666667,30.06364031,30.01097534,-0.0008180325023,-0.0008422128144,1,1,16.67719966,4108.798548
56.4,16.67396675,16.66666667,30.06349414,30.01095013,-0.0008161536171,-0.0008402783894,1,1,16.67717547,4118.237411
56.42,16.67394999,16.66666667,30.06334831,30.01092498,-0.0008142790474,-0.0008383484076,1,1,16.67715133,4127.698002
56.44,16.67393326,16.66666667,30.06320281,30.01089989,-0.0008124087834,-0.0008364228588,1,1,16.67712725,4137.180373
56.46,16.67391657,16.66666667,30.06305764,30.01087485,-0.0008105428152,-0.0008345017328,1,1,16.67710322,4146.684572
56.48,16.67389992,16.66666667,30.06291281,30.01084988,-0.0008086811329,-0.0008325850193,1,1,16.67707925,4156.210652
56.5,16.6738833,16.66666667,30.06276831,30.01082496,-0.0008068237267,-0.0008306727084,1,1,16.67705534,4165.758661
56.52,16.67386673,16.66666667,30.06262415,30.01080009,-0.0008049705868,-0.0008287647899,1,1,16.67703148,4175.32865
56.54,16.67385019,16.66666667,30.06248031,30.01077529,-0.0008031217033,-0.0008268612536,1,1,16.67700767,4184.920671
56.56,16.67383369,16.66666667,30.06233681,30.01075054,-0.0008012770665,-0.0008249620896,1,1,16.67698392,4194.534773
56.58,16.67381723,16.66666667,30.06219363,30.01072585,-0.0007994366666,-0.0008230672878,1,1,16.67696022,4204.171007
56.6,16.67380081,16.66666667,30.06205078,30.01070121,-0.0007976004939,-0.0008211768381,1,1,16.67693658,4213.829425
56.62,16.67378442,16.66666667,30.06190826,30.01067663,-0.0007957685387,-0.0008192907305,1,1,16.67691299,4223.510078
56.64,16.67376807,16.66666667,30.06176607,30.01065211,-0.0007939407913,-0.0008174089552,1,1,16.67688946,4233.213016
56.66,16.67375176,16.66666667,30.06162421,30.01062764,-0.000792117242,-0.0008155315021,1,1,16.67686598,4242.938291
56.68,16.67373549,16.66666667,30.06148267,30.01060323,-0.0007902978812,-0.0008136583613,1,1,16.67684255,4252.685955
56.7,16.67371925,16.66666667,30.06134145,30.01057888,-0.0007884826993,-0.0008117895229,1,1,16.67681918,4262.456058
56.72,16.67370306,16.66666667,30.06120056,30.01055458,-0.0007866716866,-0.000809924977,1,1,16.67679586,4272.248653
56.74,16.67368689,16.66666667,30.06106,30.01053034,-0.0007848648336,-0.0008080647137,1,1,16.6767726,4282.063792
56.76,16.67367077,16.66666667,30.06091976,30.01050615,-0.0007830621308,-0.0008062087233,1,1,16.67674939,4291.901526
56.78,16.67365468,16.66666667,30.06077983,30.01048202,-0.0007812635685,-0.0008043569959,1,1,16.67672623,4301.761907
56.8,16.67363863,16.66666667,30.06064023,30.01045795,-0.0007794691373,-0.0008025095217,1,1,16.67670312,4311.644988
56.82,16.67362262,16.66666667,30.06050095,30.01043393,-0.0007776788278,-0.000800666291,1,1,16.67668007,4321.55082
56.84,16.67360664,16.66666667,30.060362,30.01040996,-0.0007758926303,-0.0007988272939,1,1,16.67665707,4331.479457
56.86,16.6735907,16.66666667,30.06022336,30.01038605,-0.0007741105356,-0.0007969925208,1,1,16.67663413,4341.43095
56.88,16.6735748,16.66666667,30.06008503,30.0103622,-0.0007723325341,-0.000795161962,1,1,16.67661123,4351.405352
56.9,16.67355893,16.66666667,30.05994703,30.0103384,-0.0007705586165,-0.0007933356078,1,1,16.67658839,4361.402717
56.92,16.6735431,16.66666667,30.05980934,30.01031465,-0.0007687887733,-0.0007915134485,1,1,16.6765656,4371.423096
56.94,16.67352731,16.66666667,30.05967197,30.01029096,-0.0007670229953,-0.0007896954745,1,1,16.67654287,4381.466542
56.96,16.67351155,16.66666667,30.05953492,30.01026733,-0.000765261273,-0.0007878816761,1,1,16.67652018,4391.53311
56.98,16.67349583,16.66666667,30.05939818,30.01024374,-0.0007635035973,-0.0007860720439,1,1,16.67649755,4401.622852
57,16.67348014,16.66666667,30.05926175,30.01022022,-0.0007617499587,-0.0007842665682,1,1,16.67647497,4411.735821
57.02,16.67346449,16.66666667,30.05912564,30.01019674,-0.0007600003479,-0.0007824652394,1,1,16.67645245,4421.872072
57.04,16.67344888,16.66666667,30.05898984,30.01017332,-0.0007582547559,-0.0007806680481,1,1,16.67642997,4432.031656
57.06,16.6734333,16.66666667,30.05885435,30.01014996,-0.0007565131732,-0.0007788749847,1,1,16.67640755,4442.214629
57.08,16.67341776,16.66666667,30.05871917,30.01012664,-0.0007547755908,-0.0007770860398,1,1,16.67638517,4452.421045
57.1,16.67340226,16.66666667,30.0585843,30.01010338,-0.0007530419993,-0.0007753012039,1,1,16.67636285,4462.650956
57.12,16.67338679,16.66666667,30.05844975,30.01008018,-0.0007513123897,-0.0007735204675,1,1,16.67634058,4472.904417
57.14,16.67337135,16.66666667,30.0583155,30.01005703,-0.0007495867528,-0.0007717438213,1,1,16.67631836,4483.181483
57.16,16.67335595,16.66666667,30.05818156,30.01003393,-0.0007478650795,-0.0007699712558,1,1,16.67629619,4493.482207
57.18,16.67334059,16.66666667,30.05804793,30.01001088,-0.0007461473607,-0.0007682027617,1,1,16.67627408,4503.806645
57.2,16.67332526,16.66666667,30.0579146,30.00998789,-0.0007444335872,-0.0007664383296,1,1,16.67625201,4514.15485
57.22,16.67330996,16.66666667,30.05778158,30.00996495,-0.0007427237501,-0.0007646779502,1,1,16.67622999,4524.526878
57.24,16.67329471,16.66666667,30.05764887,30.00994206,-0.0007410178403,-0.0007629216142,1,1,16.67620803,4534.922783
57.26,16.67327948,16.66666667,30.05751646,30.00991922,-0.0007393158487,-0.0007611693123,1,1,16.67618611,4545.342621
57.28,16.67326429,16.66666667,30.05738436,30.00989644,-0.0007376177664,-0.0007594210352,1,1,16.67616425,4555.786446
57.3,16.67324914,16.66666667,30.05725256,30.00987371,-0.0007359235843,-0.0007576767737,1,1,16.67614244,4566.254313
57.32,16.67323402,16.66666667,30.05712106,30.00985103,-0.0007342332936,-0.0007559365186,1,1,16.67612067,4576.746278
57.34,16.67321894,16.66666667,30.05698986,30.00982841,-0.0007325468853,-0.0007542002606,1,1,16.67609896,4587.262397
57.36,16.67320389,16.66666667,30.05685897,30.00980583,-0.0007308643504,-0.0007524679905,1,1,16.67607729,4597.802725
57.38,16.67318887,16.66666667,30.05672837,30.00978331,-0.0007291856801,-0.0007507396993,1,1,16.67605568,4608.367318
57.4,16.67317389,16.66666667,30.05659808,30.00976084,-0.0007275108655,-0.0007490153778,1,1,16.67603411,4618.956231
57.42,16.67315895,16.66666667,30.05646808,30.00973842,-0.0007258398977,-0.0007472950168,1,1,16.6760126,4629.569521
57.44,16.67314404,16.66666667,30.05633839,30.00971605,-0.000724172768,-0.0007455786073,1,1,16.67599113,4640.207243
57.46,16.67312916,16.66666667,30.05620899,30.00969374,-0.0007225094674,-0.0007438661401,1,1,16.67596972,4650.869455
57.48,16.67311432,16.66666667,30.05607989,30.00967147,-0.0007208499872,-0.0007421576063,1,1,16.67594835,4661.556212
57.5,16.67309951,16.66666667,30.05595108,30.00964926,-0.0007191943186,-0.0007404529968,1,1,16.67592703,4672.267571
57.52,16.67308473,16.66666667,30.05582257,30.0096271,-0.0007175424529,-0.0007387523025,1,1,16.67590576,4683.003588
57.54,16.67306999,16.66666667,30.05569436,30.00960499,-0.0007158943813,-0.0007370555146,1,1,16.67588454,4693.764321
57.56,16.67305528,16.66666667,30.05556644,30.00958293,-0.0007142500951,-0.0007353626239,1,1,16.67586337,4704.549825
57.58,16.67304061,16.66666667,30.05543881,30.00956092,-0.0007126095856,-0.0007336736216,1,1,16.67584225,4715.360159
57.6,16.67302597,16.66666667,30.05531148,30.00953896,-0.0007109728442,-0.0007319884987,1,1,16.67582117,4726.19538
57.62,16.67301136,16.66666667,30.05518444,30.00951705,-0.0007093398621,-0.0007303072464,1,1,16.67580015,4737.055543
57.64,16.67299679,16.66666667,30.05505769,30.00949519,-0.0007077106308,-0.0007286298556,1,1,16.67577917,4747.940708
57.66,16.67298225,16.66666667,30.05493123,30.00947338,-0.0007060851416,-0.0007269563176,1,1,16.67575824,4758.850932
57.68,16.67296775,16.66666667,30.05480507,30.00945162,-0.0007044633859,-0.0007252866235,1,1,16.67573736,4769.786272
57.7,16.67295327,16.66666667,30.05467919,30.00942991,-0.0007028453552,-0.0007236207645,1,1,16.67571652,4780.746786
57.72,16.67293884,16.66666667,30.0545536,30.00940825,-0.000701231041,-0.0007219587318,1,1,16.67569574,4791.732532
57.74,16.67292443,16.66666667,30.0544283,30.00938664,-0.0006996204345,-0.0007203005165,1,1,16.675675,4802.743568
57.76,16.67291006,16.66666667,30.05430329,30.00936508,-0.0006980135275,-0.00071864611,1,1,16.67565431,4813.779953
57.78,16.67289572,16.66666667,30.05417857,30.00934357,-0.0006964103112,-0.0007169955034,1,1,16.67563367,4824.841744
57.8,16.67288141,16.66666667,30.05405413,30.00932211,-0.0006948107774,-0.000715348688,1,1,16.67561307,4835.929001
57.82,16.67286714,16.66666667,30.05392998,30.0093007,-0.0006932149174,-0.0007137056551,1,1,16.67559252,4847.041781
57.84,16.67285289,16.66666667,30.05380611,30.00927934,-0.000691622723,-0.0007120663961,1,1,16.67557202,4858.180144
57.86,16.67283869,16.66666667,30.05368253,30.00925803,-0.0006900341856,-0.0007104309023,1,1,16.67555157,4869.344149
57.88,16.67282451,16.66666667,30.05355923,30.00923676,-0.0006884492968,-0.0007087991649,1,1,16.67553116,4880.533854
57.9,16.67281037,16.66666667,30.05343621,30.00921555,-0.0006868680484,-0.0007071711755,1,1,16.6755108,4891.749319
57.92,16.67279625,16.66666667,30.05331348,30.00919438,-0.0006852904318,-0.0007055469253,1,1,16.67549049,4902.990603
57.94,16.67278218,16.66666667,30.05319103,30.00917326,-0.0006837164388,-0.0007039264058,1,1,16.67547022,4914.257765
57.96,16.67276813,16.66666667,30.05306886,30.0091522,-0.0006821460611,-0.0007023096085,1,1,16.67545,4925.550865
57.98,16.67275412,16.66666667,30.05294697,30.00913117,-0.0006805792903,-0.0007006965247,1,1,16.67542983,4936.869963
58,16.67274013,16.66666667,30.05282536,30.0091102,-0.0006790161182,-0.0006990871459,1,1,16.6754097,4948.215119
58.02,16.67272618,16.66666667,30.05270403,30.00908928,-0.0006774565365,-0.0006974814637,1,1,16.67538962,4959.586392
58.04,16.67271227,16.66666667,30.05258298,30.0090684,-0.0006759005369,-0.0006958794695,1,1,16.67536958,4970.983843
58.06,16.67269838,16.66666667,30.05246221,30.00904757,-0.0006743481112,-0.0006942811549,1,1,16.67534959,4982.407531
58.08,16.67268453,16.66666667,30.05234171,30.00902679,-0.0006727992512,-0.0006926865114,1,1,16.67532965,4993.857519
58.1,16.67267071,16.66666667,30.05222149,30.00900606,-0.0006712539488,-0.0006910955306,1,1,16.67530975,5005.333865
58.12,16.67265692,16.66666667,30.05210155,30.00898537,-0.0006697121957,-0.0006895082041,1,1,16.6752899,5016.83663
58.14,16.67264316,16.66666667,30.05198188,30.00896474,-0.0006681739838,-0.0006879245234,1,1,16.6752701,5028.365876
58.16,16.67262943,16.66666667,30.05186249,30.00894415,-0.0006666393049,-0.0006863444802,1,1,16.67525034,5039.921664
58.18,16.67261574,16.66666667,30.05174337,30.0089236,-0.000665108151,-0.0006847680662,1,1,16.67523062,5051.504053
58.2,16.67260207,16.66666667,30.05162453,30.00890311,-0.000663580514,-0.000683195273,1,1,16.67521095,5063.113107
58.22,16.67258844,16.66666667,30.05150596,30.00888266,-0.0006620563857,-0.0006816260923,1,1,16.67519133,5074.748886
58.24,16.67257484,16.66666667,30.05138766,30.00886226,-0.0006605357581,-0.0006800605157,1,1,16.67517175,5086.411451
58.26,16.67256127,16.66666667,30.05126963,30.0088419,-0.0006590186232,-0.0006784985351,1,1,16.67515221,5098.100864
58.28,16.67254773,16.66666667,30.05115187,30.00882159,-0.000657504973,-0.0006769401422,1,1,16.67513272,5109.817188
58.3,16.67253422,16.66666667,30.05103439,30.00880133,-0.0006559947993,-0.0006753853286,1,1,16.67511328,5121.560484
58.32,16.67252074,16.66666667,30.05091717,30.00878112,-0.0006544880944,-0.0006738340863,1,1,16.67509388,5133.330813
58.34,16.6725073,16.66666667,30.05080022,30.00876095,-0.0006529848501,-0.0006722864069,1,1,16.67507452,5145.128239
58.36,16.67249388,16.66666667,30.05068354,30.00874083,-0.0006514850586,-0.0006707422824,1,1,16.67505521,5156.952824
58.38,16.6724805,16.66666667,30.05056713,30.00872075,-0.0006499887119,-0.0006692017045,1,1,16.67503594,5168.80463
58.4,16.67246715,16.66666667,30.05045099,30.00870072,-0.000648495802,-0.0006676646651,1,1,16.67501672,5180.68372
58.42,16.67245382,16.66666667,30.05033511,30.00868074,-0.0006470063212,-0.000666131156,1,1,16.67499754,5192.590157
58.44,16.67244053,16.66666667,30.0502195,30.0086608,-0.0006455202615,-0.0006646011692,1,1,16.67497841,5204.524004
58.46,16.67242727,16.66666667,30.05010416,30.00864091,-0.0006440376151,-0.0006630746966,1,1,16.67495932,5216.485323
58.48,16.67241404,16.66666667,30.04998908,30.00862106,-0.0006425583741,-0.0006615517301,1,1,16.67494027,5228.474178
58.5,16.67240084,16.66666667,30.04987426,30.00860126,-0.0006410825307,-0.0006600322616,1,1,16.67492127,5240.490633
58.52,16.67238767,16.66666667,30.04975971,30.0085815,-0.0006396100771,-0.0006585162832,1,1,16.67490231,5252.534751
58.54,16.67237453,16.66666667,30.04964542,30.00856179,-0.0006381410055,-0.0006570037867,1,1,16.67488339,5264.606595
58.56,16.67236142,16.66666667,30.0495314,30.00854213,-0.0006366753082,-0.0006554947642,1,1,16.67486452,5276.70623
58.58,16.67234834,16.66666667,30.04941763,30.00852251,-0.0006352129773,-0.0006539892077,1,1,16.67484569,5288.833719
58.6,16.67233529,16.66666667,30.04930413,30.00850293,-0.0006337540053,-0.0006524871093,1,1,16.67482691,5300.989127
58.62,16.67232227,16.66666667,30.04919089,30.0084834,-0.0006322983843,-0.0006509884609,1,1,16.67480816,5313.172518
58.64,16.67230928,16.66666667,30.04907791,30.00846392,-0.0006308461066,-0.0006494932548,1,1,16.67478946,5325.383955
58.66,16.67229632,16.66666667,30.04896518,30.00844448,-0.0006293971646,-0.000648001483,1,1,16.67477081,5337.623505
58.68,16.67228339,16.66666667,30.04885272,30.00842508,-0.0006279515506,-0.0006465131375,1,1,16.67475219,5349.891232
58.7,16.67227049,16.66666667,30.04874051,30.00840573,-0.000626509257,-0.0006450282105,1,1,16.67473362,5362.187199
58.72,16.67225762,16.66666667,30.04862857,30.00838643,-0.0006250702761,-0.0006435466942,1,1,16.67471509,5374.511474
58.74,16.67224478,16.66666667,30.04851688,30.00836716,-0.0006236346003,-0.0006420685808,1,1,16.67469661,5386.864119
58.76,16.67223196,16.66666667,30.04840544,30.00834795,-0.0006222022221,-0.0006405938624,1,1,16.67467817,5399.245202
58.78,16.67221918,16.66666667,30.04829426,30.00832877,-0.0006207731338,-0.0006391225311,1,1,16.67465977,5411.654787
58.8,16.67220643,16.66666667,30.04818334,30.00830964,-0.000619347328,-0.0006376545793,1,1,16.67464141,5424.09294
58.82,16.6721937,16.66666667,30.04807267,30.00829056,-0.000617924797,-0.0006361899992,1,1,16.67462309,5436.559727
58.84,16.67218101,16.66666667,30.04796226,30.00827152,-0.0006165055334,-0.0006347287831,1,1,16.67460482,5449.055214
58.86,16.67216834,16.66666667,30.0478521,30.00825252,-0.0006150895296,-0.0006332709231,1,1,16.67458658,5461.579466
58.88,16.67215571,16.66666667,30.04774219,30.00823356,-0.0006136767781,-0.0006318164116,1,1,16.67456839,5474.13255
58.9,16.6721431,16.66666667,30.04763254,30.00821465,-0.0006122672715,-0.0006303652409,1,1,16.67455024,5486.714533
58.92,16.67213052,16.66666667,30.04752313,30.00819578,-0.0006108610024,-0.0006289174034,1,1,16.67453214,5499.32548
58.94,16.67211797,16.66666667,30.04741398,30.00817696,-0.0006094579633,-0.0006274728913,1,1,16.67451407,5511.965459
58.96,16.67210545,16.66666667,30.04730508,30.00815818,-0.0006080581467,-0.0006260316971,1,1,16.67449605,5524.634536
58.98,16.67209296,16.66666667,30.04719643,30.00813944,-0.0006066615453,-0.000624593813,1,1,16.67447806,5537.332779
59,16.6720805,16.66666667,30.04708803,30.00812075,-0.0006052681517,-0.0006231592316,1,1,16.67446012,5550.060254
59.02,16.67206806,16.66666667,30.04697988,30.00810209,-0.0006038779585,-0.0006217279452,1,1,16.67444222,5562.81703
59.04,16.67205566,16.66666667,30.04687197,30.00808349,-0.0006024909584,-0.0006202999463,1,1,16.67442436,5575.603172
59.06,16.67204328,16.66666667,30.04676432,30.00806492,-0.000601107144,-0.0006188752272,1,1,16.67440655,5588.418749
59.08,16.67203093,16.66666667,30.04665691,30.0080464,-0.000599726508,-0.0006174537806,1,1,16.67438877,5601.263829
59.1,16.67201861,16.66666667,30.04654975,30.00802791,-0.0005983490431,-0.0006160355988,1,1,16.67437103,5614.138479
59.12,16.67200632,16.66666667,30.04644283,30.00800948,-0.0005969747421,-0.0006146206743,1,1,16.67435334,5627.042768
59.14,16.67199405,16.66666667,30.04633616,30.00799108,-0.0005956035976,-0.0006132089997,1,1,16.67433568,5639.976764
59.16,16.67198182,16.66666667,30.04622974,30.00797273,-0.0005942356024,-0.0006118005676,1,1,16.67431807,5652.940535
59.18,16.67196961,16.66666667,30.04612355,30.00795441,-0.0005928707493,-0.0006103953704,1,1,16.67430049,5665.93415
59.2,16.67195743,16.66666667,30.04601762,30.00793614,-0.0005915090311,-0.0006089934007,1,1,16.67428296,5678.957677
59.22,16.67194528,16.66666667,30.04591192,30.00791792,-0.0005901504406,-0.0006075946511,1,1,16.67426547,5692.011186
59.24,16.67193315,16.66666667,30.04580647,30.00789973,-0.0005887949705,-0.0006061991143,1,1,16.67424802,5705.094745
59.26,16.67192106,16.66666667,30.04570126,30.00788159,-0.0005874426137,-0.0006048067828,1,1,16.6742306,5718.208424
59.28,16.67190899,16.66666667,30.0455963,30.00786348,-0.0005860933631,-0.0006034176492,1,1,16.67421323,5731.352291
59.3,16.67189695,16.66666667,30.04549157,30.00784542,-0.0005847472115,-0.0006020317063,1,1,16.6741959,5744.526417
59.32,16.67188494,16.66666667,30.04538708,30.0078274,-0.0005834041518,-0.0006006489468,1,1,16.6741786,5757.730871
59.34,16.67187295,16.66666667,30.04528284,30.00780943,-0.0005820641769,-0.0005992693632,1,1,16.67416135,5770.965723
59.36,16.67186099,16.66666667,30.04517883,30.00779149,-0.0005807272798,-0.0005978929483,1,1,16.67414414,5784.231042
59.38,16.67184906,16.66666667,30.04507507,30.00777359,-0.0005793934533,-0.0005965196948,1,1,16.67412696,5797.5269
59.4,16.67183716,16.66666667,30.04497154,30.00775574,-0.0005780626903,-0.0005951495955,1,1,16.67410983,5810.853366
59.42,16.67182528,16.66666667,30.04486825,30.00773792,-0.000576734984,-0.0005937826431,1,1,16.67409273,5824.210511
59.44,16.67181343,16.66666667,30.04476519,30.00772015,-0.0005754103272,-0.0005924188303,1,1,16.67407567,5837.598405
59.46,16.67180161,16.66666667,30.04466238,30.00770242,-0.0005740887129,-0.0005910581501,1,1,16.67405866,5851.017119
59.48,16.67178982,16.66666667,30.04455979,30.00768473,-0.0005727701341,-0.0005897005951,1,1,16.67404168,5864.466724
59.5,16.67177805,16.66666667,30.04445745,30.00766708,-0.0005714545839,-0.0005883461582,1,1,16.67402474,5877.947292
59.52,16.67176631,16.66666667,30.04435534,30.00764947,-0.0005701420554,-0.0005869948323,1,1,16.67400784,5891.458893
59.54,16.6717546,16.66666667,30.04425346,30.0076319,-0.0005688325415,-0.0005856466101,1,1,16.67399098,5905.001598
59.56,16.67174291,16.66666667,30.04415182,30.00761437,-0.0005675260354,-0.0005843014846,1,1,16.67397416,5918.575481
59.58,16.67173125,16.66666667,30.04405041,30.00759688,-0.0005662225301,-0.0005829594487,1,1,16.67395737,5932.180612
59.6,16.67171962,16.66666667,30.04394924,30.00757943,-0.0005649220188,-0.0005816204952,1,1,16.67394063,5945.817063
59.62,16.67170802,16.66666667,30.04384829,30.00756202,-0.0005636244945,-0.0005802846171,1,1,16.67392392,5959.484906
59.64,16.67169644,16.66666667,30.04374758,30.00754466,-0.0005623299504,-0.0005789518073,1,1,16.67390725,5973.184215
59.66,16.67168489,16.66666667,30.0436471,30.00752733,-0.0005610383798,-0.0005776220587,1,1,16.67389062,5986.91506
59.68,16.67167336,16.66666667,30.04354685,30.00751004,-0.0005597497756,-0.0005762953644,1,1,16.67387403,6000.677515
59.7,16.67166186,16.66666667,30.04344683,30.00749279,-0.0005584641312,-0.0005749717173,1,1,16.67385748,6014.471652
59.72,16.67165039,16.66666667,30.04334705,30.00747558,-0.0005571814397,-0.0005736511104,1,1,16.67384096,6028.297544
59.74,16.67163894,16.66666667,30.04324749,30.00745841,-0.0005559016943,-0.0005723335368,1,1,16.67382448,6042.155266
59.76,16.67162752,16.66666667,30.04314815,30.00744128,-0.0005546248883,-0.0005710189894,1,1,16.67380804,6056.044888
59.78,16.67161613,16.66666667,30.04304905,30.00742419,-0.000553351015,-0.0005697074613,1,1,16.67379164,6069.966486
59.8,16.67160476,16.66666667,30.04295018,30.00740714,-0.0005520800675,-0.0005683989456,1,1,16.67377527,6083.920133
59.82,16.67159342,16.66666667,30.04285153,30.00739012,-0.0005508120392,-0.0005670934353,1,1,16.67375895,6097.905903
59.84,16.6715821,16.66666667,30.04275311,30.00737315,-0.0005495469234,-0.0005657909236,1,1,16.67374266,6111.923869
59.86,16.67157081,16.66666667,30.04265491,30.00735622,-0.0005482847133,-0.0005644914036,1,1,16.67372641,6125.974105
59.88,16.67155955,16.66666667,30.04255694,30.00733932,-0.0005470254023,-0.0005631948684,1,1,16.67371019,6140.056687
59.9,16.67154831,16.66666667,30.04245919,30.00732246,-0.0005457689838,-0.0005619013111,1,1,16.67369401,6154.171688
59.92,16.6715371,16.66666667,30.04236167,30.00730564,-0.0005445154511,-0.0005606107249,1,1,16.67367787,6168.319183
59.94,16.67152591,16.66666667,30.04226438,30.00728886,-0.0005432647975,-0.000559323103,1,1,16.67366177,6182.499247
59.96,16.67151475,16.66666667,30.0421673,30.00727212,-0.0005420170165,-0.0005580384386,1,1,16.6736457,6196.711954
59.98,16.67150361,16.66666667,30.04207045,30.00725542,-0.0005407721014,-0.0005567567248,1,1,16.67362967,6210.957381
60,16.6714925,16.66666667,30.04197383,30.00723876,-0.0005395300457,-0.0005554779549,1,1,16.67361368,6225.235602
60.02,16.67148142,16.66666667,30.04187742,30.00722213,-0.0005382908429,-0.0005542021222,1,1,16.67359772,6239.546693
60.04,16.67147036,16.66666667,30.04178124,30.00720554,-0.0005370544862,-0.0005529292199,1,1,16.67358181,6253.890729
60.06,16.67145933,16.66666667,30.04168527,30.00718899,-0.0005358209693,-0.0005516592412,1,1,16.67356592,6268.267786
60.08,16.67144832,16.66666667,30.04158953,30.00717248,-0.0005345902856,-0.0005503921794,1,1,16.67355008,6282.677941
60.1,16.67143734,16.66666667,30.04149401,30.00715601,-0.0005333624286,-0.0005491280279,1,1,16.67353427,6297.121269
60.12,16.67142638,16.66666667,30.0413987,30.00713957,-0.0005321373917,-0.00054786678,1,1,16.67351849,6311.597847
60.14,16.67141545,16.66666667,30.04130362,30.00712317,-0.0005309151686,-0.0005466084289,1,1,16.67350276,6326.107752
60.16,16.67140454,16.66666667,30.04120875,30.00710681,-0.0005296957527,-0.0005453529681,1,1,16.67348705,6340.65106
60.18,16.67139366,16.66666667,30.0411141,30.00709049,-0.0005284791376,-0.0005441003909,1,1,16.67347139,6355.227847
60.2,16.6713828,16.66666667,30.04101967,30.0070742,-0.0005272653169,-0.0005428506906,1,1,16.67345576,6369.838192
60.22,16.67137197,16.66666667,30.04092546,30.00705796,-0.0005260542842,-0.0005416038607,1,1,16.67344017,6384.482171
60.24,16.67136116,16.66666667,30.04083146,30.00704174,-0.000524846033,-0.0005403598946,1,1,16.67342461,6399.159862
60.26,16.67135038,16.66666667,30.04073768,30.00702557,-0.0005236405569,-0.0005391187857,1,1,16.67340909,6413.871343
60.28,16.67133962,16.66666667,30.04064411,30.00700943,-0.0005224378497,-0.0005378805274,1,1,16.6733936,6428.616691
60.3,16.67132889,16.66666667,30.04055076,30.00699333,-0.0005212379048,-0.0005366451131,1,1,16.67337815,6443.395983
60.32,16.67131818,16.66666667,30.04045762,30.00697727,-0.0005200407161,-0.0005354125365,1,1,16.67336274,6458.209299
60.34,16.6713075,16.66666667,30.0403647,30.00696125,-0.0005188462771,-0.0005341827908,1,1,16.67334736,6473.056717
60.36,16.67129684,16.66666667,30.04027199,30.00694526,-0.0005176545815,-0.0005329558697,1,1,16.67333201,6487.938315
60.38,16.6712862,16.66666667,30.04017949,30.00692931,-0.0005164656231,-0.0005317317667,1,1,16.6733167,6502.854172
60.4,16.67127559,16.66666667,30.0400872,30.00691339,-0.0005152793955,-0.0005305104752,1,1,16.67330143,6517.804366
60.42,16.67126501,16.66666667,30.03999513,30.00689751,-0.0005140958925,-0.0005292919888,1,1,16.67328619,6532.788977
60.44,16.67125445,16.66666667,30.03990327,30.00688167,-0.0005129151077,-0.0005280763011,1,1,16.67327099,6547.808084
60.46,16.67124391,16.66666667,30.03981162,30.00686586,-0.0005117370351,-0.0005268634056,1,1,16.67325582,6562.861766
60.48,16.6712334,16.66666667,30.03972018,30.00685009,-0.0005105616683,-0.000525653296,1,1,16.67324068,6577.950104
60.5,16.67122291,16.66666667,30.03962895,30.00683436,-0.0005093890012,-0.0005244459658,1,1,16.67322558,6593.073176
60.52,16.67121244,16.66666667,30.03953793,30.00681866,-0.0005082190274,-0.0005232414086,1,1,16.67321052,6608.231063
60.54,16.671202,16.66666667,30.03944712,30.006803,-0.0005070517409,-0.0005220396181,1,1,16.67319549,6623.423845
60.56,16.67119159,16.66666667,30.03935652,30.00678738,-0.0005058871355,-0.0005208405879,1,1,16.67318049,6638.651601
60.58,16.67118119,16.66666667,30.03926612,30.00677179,-0.000504725205,-0.0005196443117,1,1,16.67316553,6653.914414
60.6,16.67117082,16.66666667,30.03917594,30.00675623,-0.0005035659432,-0.0005184507832,1,1,16.67315061,6669.212363
60.62,16.67116048,16.66666667,30.03908596,30.00674072,-0.0005024093441,-0.000517259996,1,1,16.67313571,6684.545529
60.64,16.67115016,16.66666667,30.03899618,30.00672523,-0.0005012554015,-0.0005160719438,1,1,16.67312086,6699.913994
60.66,16.67113986,16.66666667,30.03890662,30.00670979,-0.0005001041093,-0.0005148866205,1,1,16.67310603,6715.317839
60.68,16.67112958,16.66666667,30.03881726,30.00669438,-0.0004989554614,-0.0005137040196,1,1,16.67309124,6730.757144
60.7,16.67111933,16.66666667,30.0387281,30.006679,-0.0004978094518,-0.0005125241349,1,1,16.67307649,6746.231992
60.72,16.67110911,16.66666667,30.03863915,30.00666366,-0.0004966660744,-0.0005113469603,1,1,16.67306176,6761.742465
60.74,16.6710989,16.66666667,30.0385504,30.00664836,-0.0004955253232,-0.0005101724894,1,1,16.67304708,6777.288644
60.76,16.67108872,16.66666667,30.03846186,30.00663309,-0.0004943871921,-0.0005090007161,1,1,16.67303242,6792.870612
60.78,16.67107857,16.66666667,30.03837352,30.00661785,-0.000493251675,-0.0005078316342,1,1,16.6730178,6808.488451
60.8,16.67106843,16.66666667,30.03828538,30.00660265,-0.0004921187661,-0.0005066652374,1,1,16.67300321,6824.142244
60.82,16.67105832,16.66666667,30.03819745,30.00658749,-0.0004909884593,-0.0005055015197,1,1,16.67298866,6839.832073
60.84,16.67104824,16.66666667,30.03810972,30.00657236,-0.0004898607485,-0.0005043404749,1,1,16.67297414,6855.558022
60.86,16.67103817,16.66666667,30.03802219,30.00655726,-0.000488735628,-0.0005031820968,1,1,16.67295965,6871.320174
60.88,16.67102813,16.66666667,30.03793486,30.0065422,-0.0004876130917,-0.0005020263793,1,1,16.6729452,6887.118611
60.9,16.67101812,16.66666667,30.03784773,30.00652717,-0.0004864931336,-0.0005008733163,1,1,16.67293078,6902.953418
60.92,16.67100812,16.66666667,30.0377608,30.00651218,-0.000485375748,-0.0004997229017,1,1,16.67291639,6918.824678
60.94,16.67099815,16.66666667,30.03767407,30.00649722,-0.0004842609287,-0.0004985751294,1,1,16.67290204,6934.732475
60.96,16.6709882,16.66666667,30.03758754,30.0064823,-0.00048314867,-0.0004974299933,1,1,16.67288771,6950.676893
60.98,16.67097828,16.66666667,30.03750121,30.00646741,-0.000482038966,-0.0004962874875,1,1,16.67287343,6966.658017
61,16.67096837,16.66666667,30.03741507,30.00645256,-0.0004809318109,-0.0004951476057,1,1,16.67285917,6982.675931
61.02,16.67095849,16.66666667,30.03732914,30.00643774,-0.0004798271986,-0.0004940103422,1,1,16.67284495,6998.73072
61.04,16.67094863,16.66666667,30.0372434,30.00642295,-0.0004787251235,-0.0004928756907,1,1,16.67283076,7014.822468
61.06,16.6709388,16.66666667,30.03715786,30.0064082,-0.0004776255796,-0.0004917436453,1,1,16.6728166,7030.951261
61.08,16.67092899,16.66666667,30.03707251,30.00639348,-0.0004765285612,-0.0004906142,1,1,16.67280247,7047.117184
61.1,16.6709192,16.66666667,30.03698737,30.0063788,-0.0004754340625,-0.0004894873489,1,1,16.67278838,7063.320322
61.12,16.67090943,16.66666667,30.03690241,30.00636415,-0.0004743420777,-0.000488363086,1,1,16.67277432,7079.560762
61.14,16.67089969,16.66666667,30.03681766,30.00634953,-0.000473252601,-0.0004872414054,1,1,16.67276029,7095.838589
61.16,16.67088996,16.66666667,30.03673309,30.00633494,-0.0004721656266,-0.000486122301,1,1,16.6727463,7112.153888
61.18,16.67088026,16.66666667,30.03664872,30.00632039,-0.0004710811488,-0.0004850057671,1,1,16.67273233,7128.506747
61.2,16.67087059,16.66666667,30.03656455,30.00630588,-0.0004699991619,-0.0004838917976,1,1,16.6727184,7144.897252
61.22,16.67086093,16.66666667,30.03648057,30.00629139,-0.0004689196601,-0.0004827803867,1,1,16.6727045,7161.325489
61.24,16.6708513,16.66666667,30.03639678,30.00627694,-0.0004678426378,-0.0004816715286,1,1,16.67269063,7177.791546
61.26,16.67084168,16.66666667,30.03631318,30.00626253,-0.0004667680892,-0.0004805652174,1,1,16.6726768,7194.295509
61.28,16.6708321,16.66666667,30.03622978,30.00624814,-0.0004656960087,-0.0004794614471,1,1,16.67266299,7210.837466
61.3,16.67082253,16.66666667,30.03614656,30.00623379,-0.0004646263905,-0.000478360212,1,1,16.67264922,7227.417504
61.32,16.67081298,16.66666667,30.03606354,30.00621947,-0.0004635592291,-0.0004772615063,1,1,16.67263548,7244.03571
61.34,16.67080346,16.66666667,30.03598071,30.00620519,-0.0004624945188,-0.0004761653241,1,1,16.67262177,7260.692174
61.36,16.67079396,16.66666667,30.03589807,30.00619094,-0.0004614322539,-0.0004750716597,1,1,16.67260809,7277.386982
61.38,16.67078448,16.66666667,30.03581562,30.00617672,-0.0004603724289,-0.0004739805072,1,1,16.67259445,7294.120223
61.4,16.67077502,16.66666667,30.03573336,30.00616253,-0.0004593150381,-0.000472891861,1,1,16.67258083,7310.891985
61.42,16.67076558,16.66666667,30.03565128,30.00614838,-0.000458260076,-0.0004718057152,1,1,16.67256725,7327.702358
61.44,16.67075617,16.66666667,30.0355694,30.00613426,-0.000457207537,-0.000470722064,1,1,16.6725537,7344.55143
61.46,16.67074678,16.66666667,30.0354877,30.00612017,-0.0004561574154,-0.0004696409019,1,1,16.67254017,7361.43929
61.48,16.67073741,16.66666667,30.0354062,30.00610611,-0.0004551097058,-0.0004685622229,1,1,16.67252668,7378.366027
61.5,16.67072806,16.66666667,30.03532487,30.00609208,-0.0004540644026,-0.0004674860216,1,1,16.67251322,7395.331731
61.52,16.67071873,16.66666667,30.03524374,30.00607809,-0.0004530215003,-0.0004664122921,1,1,16.6724998,7412.336492
61.54,16.67070942,16.66666667,30.03516279,30.00606413,-0.0004519809934,-0.0004653410287,1,1,16.6724864,7429.3804
61.56,16.67070014,16.66666667,30.03508203,30.0060502,-0.0004509428763,-0.0004642722259,1,1,16.67247303,7446.463544
61.58,16.67069087,16.66666667,30.03500145,30.00603631,-0.0004499071436,-0.0004632058779,1,1,16.6724597,7463.586015
61.6,16.67068163,16.66666667,30.03492106,30.00602244,-0.0004488737898,-0.0004621419792,1,1,16.67244639,7480.747904
61.62,16.67067241,16.66666667,30.03484085,30.00600861,-0.0004478428095,-0.000461080524,1,1,16.67243312,7497.9493
61.64,16.67066321,16.66666667,30.03476083,30.00599481,-0.0004468141971,-0.0004600215069,1,1,16.67241987,7515.190297
61.66,16.67065403,16.66666667,30.03468099,30.00598104,-0.0004457879473,-0.0004589649221,1,1,16.67240666,7532.470983
61.68,16.67064487,16.66666667,30.03460134,30.0059673,-0.0004447640546,-0.0004579107641,1,1,16.67239347,7549.791452
61.7,16.67063573,16.66666667,30.03452186,30.0059536,-0.0004437425136,-0.0004568590273,1,1,16.67238032,7567.151793
61.72,16.67062662,16.66666667,30.03444257,30.00593992,-0.000442723319,-0.0004558097062,1,1,16.6723672,7584.5521
61.74,16.67061752,16.66666667,30.03436347,30.00592628,-0.0004417064652,-0.0004547627953,1,1,16.6723541,7601.992464
61.76,16.67060845,16.66666667,30.03428454,30.00591267,-0.000440691947,-0.0004537182889,1,1,16.67234104,7619.472977
61.78,16.67059939,16.66666667,30.03420579,30.00589909,-0.0004396797589,-0.0004526761815,1,1,16.67232801,7636.993732
61.8,16.67059036,16.66666667,30.03412723,30.00588554,-0.0004386698957,-0.0004516364677,1,1,16.672315,7654.554822
61.82,16.67058135,16.66666667,30.03404885,30.00587202,-0.000437662352,-0.0004505991419,1,1,16.67230203,7672.156339
61.84,16.67057236,16.66666667,30.03397064,30.00585854,-0.0004366571224,-0.0004495641987,1,1,16.67228909,7689.798376
61.86,16.67056339,16.66666667,30.03389262,30.00584508,-0.0004356542017,-0.0004485316326,1,1,16.67227617,7707.481026
61.88,16.67055444,16.66666667,30.03381477,30.00583165,-0.0004346535845,-0.0004475014382,1,1,16.67226329,7725.204384
61.9,16.67054551,16.66666667,30.03373711,30.00581826,-0.0004336552655,-0.0004464736099,1,1,16.67225044,7742.968543
61.92,16.6705366,16.66666667,30.03365962,30.0058049,-0.0004326592395,-0.0004454481423,1,1,16.67223761,7760.773597
61.94,16.67052771,16.66666667,30.03358231,30.00579156,-0.0004316655012,-0.0004444250301,1,1,16.67222482,7778.619639
61.96,16.67051884,16.66666667,30.03350518,30.00577826,-0.0004306740454,-0.0004434042678,1,1,16.67221205,7796.506765
61.98,16.67050999,16.66666667,30.03342822,30.00576499,-0.0004296848668,-0.00044238585,1,1,16.67219931,7814.435068
62,16.67050117,16.66666667,30.03335144,30.00575175,-0.0004286979601,-0.0004413697713,1,1,16.67218661,7832.404644
62.02,16.67049236,16.66666667,30.03327484,30.00573854,-0.0004277133202,-0.0004403560264,1,1,16.67217393,7850.415588
62.04,16.67048357,16.66666667,30.03319842,30.00572536,-0.0004267309418,-0.0004393446099,1,1,16.67216128,7868.467995
62.06,16.67047481,16.66666667,30.03312217,30.00571221,-0.0004257508198,-0.0004383355165,1,1,16.67214866,7886.56196
62.08,16.67046606,16.66666667,30.03304609,30.00569909,-0.000424772949,-0.0004373287408,1,1,16.67213607,7904.697579
62.1,16.67045733,16.66666667,30.03297019,30.005686,-0.0004237973242,-0.0004363242774,1,1,16.6721235,7922.874948
62.12,16.67044863,16.66666667,30.03289446,30.00567294,-0.0004228239402,-0.0004353221212,1,1,16.67211097,7941.094163
62.14,16.67043994,16.66666667,30.03281891,30.00565991,-0.0004218527919,-0.0004343222667,1,1,16.67209847,7959.35532
62.16,16.67043127,16.66666667,30.03274353,30.00564691,-0.0004208838742,-0.0004333247087,1,1,16.67208599,7977.658516
62.18,16.67042263,16.66666667,30.03266833,30.00563394,-0.0004199171819,-0.0004323294419,1,1,16.67207354,7996.003848
62.2,16.670414,16.66666667,30.03259329,30.005621,-0.0004189527099,-0.0004313364611,1,1,16.67206113,8014.391412
62.22,16.67040539,16.66666667,30.03251843,30.00560809,-0.0004179904531,-0.000430345761,1,1,16.67204874,8032.821307
62.24,16.67039681,16.66666667,30.03244374,30.00559521,-0.0004170304065,-0.0004293573364,1,1,16.67203637,8051.293629
62.26,16.67038824,16.66666667,30.03236923,30.00558236,-0.000416072565,-0.000428371182,1,1,16.67202404,8069.808475
62.28,16.67037969,16.66666667,30.03229488,30.00556954,-0.0004151169234,-0.0004273872926,1,1,16.67201174,8088.365945
62.3,16.67037116,16.66666667,30.03222071,30.00555674,-0.0004141634768,-0.0004264056631,1,1,16.67199946,8106.966136
62.32,16.67036265,16.66666667,30.0321467,30.00554398,-0.0004132122201,-0.0004254262882,1,1,16.67198721,8125.609146
62.34,16.67035416,16.66666667,30.03207287,30.00553125,-0.0004122631483,-0.0004244491628,1,1,16.67197499,8144.295074
62.36,16.6703457,16.66666667,30.0319992,30.00551854,-0.0004113162563,-0.0004234742816,1,1,16.6719628,8163.024019
62.38,16.67033725,16.66666667,30.03192571,30.00550587,-0.0004103715392,-0.0004225016396,1,1,16.67195063,8181.79608
62.4,16.67032881,16.66666667,30.03185238,30.00549322,-0.0004094289919,-0.0004215312316,1,1,16.6719385,8200.611356
62.42,16.6703204,16.66666667,30.03177922,30.00548061,-0.0004084886095,-0.0004205630524,1,1,16.67192639,8219.469946
62.44,16.67031201,16.66666667,30.03170623,30.00546802,-0.000407550387,-0.000419597097,1,1,16.67191431,8238.371951
62.46,16.67030364,16.66666667,30.03163341,30.00545546,-0.0004066143194,-0.0004186333602,1,1,16.67190226,8257.317469
62.48,16.67029529,16.66666667,30.03156075,30.00544293,-0.0004056804018,-0.0004176718369,1,1,16.67189023,8276.306602
62.5,16.67028695,16.66666667,30.03148826,30.00543043,-0.0004047486293,-0.0004167125221,1,1,16.67187823,8295.33945
62.52,16.67027864,16.66666667,30.03141594,30.00541795,-0.0004038189968,-0.0004157554107,1,1,16.67186626,8314.416114
62.54,16.67027034,16.66666667,30.03134378,30.00540551,-0.0004028914996,-0.0004148004976,1,1,16.67185432,8333.536693
62.56,16.67026206,16.66666667,30.03127179,30.00539309,-0.0004019661327,-0.0004138477777,1,1,16.67184241,8352.70129
62.58,16.67025381,16.66666667,30.03119997,30.00538071,-0.0004010428912,-0.0004128972461,1,1,16.67183052,8371.910006
62.6,16.67024557,16.66666667,30.03112831,30.00536835,-0.0004001217702,-0.0004119488977,1,1,16.67181866,8391.162942
62.62,16.67023735,16.66666667,30.03105681,30.00535602,-0.0003992027648,-0.0004110027275,1,1,16.67180682,8410.4602
62.64,16.67022914,16.66666667,30.03098548,30.00534372,-0.0003982858703,-0.0004100587305,1,1,16.67179502,8429.801882
62.66,16.67022096,16.66666667,30.03091431,30.00533144,-0.0003973710817,-0.0004091169017,1,1,16.67178324,8449.188091
62.68,16.6702128,16.66666667,30.03084331,30.0053192,-0.0003964583942,-0.0004081772361,1,1,16.67177149,8468.618928
62.7,16.67020465,16.66666667,30.03077246,30.00530698,-0.000395547803,-0.0004072397287,1,1,16.67175976,8488.094497
62.72,16.67019653,16.66666667,30.03070179,30.00529479,-0.0003946393032,-0.0004063043747,1,1,16.67174807,8507.614901
62.74,16.67018842,16.66666667,30.03063127,30.00528263,-0.0003937328902,-0.000405371169,1,1,16.67173639,8527.180242
62.76,16.67018033,16.66666667,30.03056092,30.0052705,-0.000392828559,-0.0004044401067,1,1,16.67172475,8546.790625
62.78,16.67017226,16.66666667,30.03049072,30.00525839,-0.0003919263049,-0.0004035111828,1,1,16.67171313,8566.446152
62.8,16.67016421,16.66666667,30.03042069,30.00524632,-0.0003910261231,-0.0004025843926,1,1,16.67170154,8586.146929
62.82,16.67015618,16.66666667,30.03035082,30.00523427,-0.0003901280088,-0.000401659731,1,1,16.67168998,8605.893059
62.84,16.67014816,16.66666667,30.03028111,30.00522224,-0.0003892319574,-0.0004007371933,1,1,16.67167844,8625.684646
62.86,16.67014017,16.66666667,30.03021156,30.00521025,-0.0003883379641,-0.0003998167744,1,1,16.67166693,8645.521795
62.88,16.67013219,16.66666667,30.03014217,30.00519828,-0.0003874460241,-0.0003988984696,1,1,16.67165544,8665.404611
62.9,16.67012423,16.66666667,30.03007294,30.00518634,-0.0003865561327,-0.0003979822739,1,1,16.67164399,8685.333199
62.92,16.67011629,16.66666667,30.03000387,30.00517443,-0.0003856682853,-0.0003970681826,1,1,16.67163255,8705.307665
62.94,16.67010836,16.66666667,30.02993496,30.00516255,-0.000384782477,-0.0003961561908,1,1,16.67162115,8725.328114
62.96,16.67010046,16.66666667,30.0298662,30.00515069,-0.0003838987034,-0.0003952462937,1,1,16.67160977,8745.394652
62.98,16.67009257,16.66666667,30.0297976,30.00513886,-0.0003830169596,-0.0003943384865,1,1,16.67159842,8765.507384
63,16.6700847,16.66666667,30.02972916,30.00512705,-0.000382137241,-0.0003934327644,1,1,16.67158709,8785.666419
63.02,16.67007685,16.66666667,30.02966088,30.00511528,-0.000381259543,-0.0003925291225,1,1,16.67157579,8805.871861
63.04,16.67006902,16.66666667,30.02959276,30.00510353,-0.0003803838608,-0.0003916275561,1,1,16.67156451,8826.123818
63.06,16.67006121,16.66666667,30.02952479,30.00509181,-0.00037951019,-0.0003907280605,1,1,16.67155326,8846.422397
63.08,16.67005341,16.66666667,30.02945697,30.00508011,-0.0003786385259,-0.0003898306309,1,1,16.67154204,8866.767706
63.1,16.67004563,16.66666667,30.02938932,30.00506845,-0.0003777688638,-0.0003889352625,1,1,16.67153084,8887.159851
63.12,16.67003787,16.66666667,30.02932182,30.0050568,-0.0003769011991,-0.0003880419506,1,1,16.67151967,8907.598941
63.14,16.67003013,16.66666667,30.02925447,30.00504519,-0.0003760355274,-0.0003871506905,1,1,16.67150852,8928.085083
63.16,16.6700224,16.66666667,30.02918728,30.0050336,-0.0003751718439,-0.0003862614774,1,1,16.6714974,8948.618387
63.18,16.67001469,16.66666667,30.02912024,30.00502204,-0.0003743101442,-0.0003853743067,1,1,16.67148631,8969.19896
63.2,16.670007,16.66666667,30.02905336,30.00501051,-0.0003734504236,-0.0003844891737,1,1,16.67147524,8989.826911
63.22,16.66999933,16.66666667,30.02898663,30.004999,-0.0003725926777,-0.0003836060737,1,1,16.67146419,9010.50235
63.24,16.66999168,16.66666667,30.02892005,30.00498752,-0.0003717369018,-0.000382725002,1,1,16.67145317,9031.225386
63.26,16.66998404,16.66666667,30.02885363,30.00497606,-0.0003708830915,-0.000381845954,1,1,16.67144218,9051.996129
63.28,16.66997642,16.66666667,30.02878735,30.00496463,-0.0003700312423,-0.000380968925,1,1,16.67143121,9072.814687
63.3,16.66996882,16.66666667,30.02872124,30.00495323,-0.0003691813496,-0.0003800939104,1,1,16.67142027,9093.681172
63.32,16.66996123,16.66666667,30.02865527,30.00494185,-0.000368333409,-0.0003792209055,1,1,16.67140935,9114.595693
63.34,16.66995367,16.66666667,30.02858945,30.0049305,-0.0003674874159,-0.0003783499058,1,1,16.67139846,9135.558362
63.36,16.66994612,16.66666667,30.02852379,30.00491918,-0.0003666433659,-0.0003774809066,1,1,16.67138759,9156.569289
63.38,16.66993859,16.66666667,30.02845827,30.00490788,-0.0003658012546,-0.0003766139034,1,1,16.67137675,9177.628585
63.4,16.66993107,16.66666667,30.02839291,30.00489661,-0.0003649610775,-0.0003757488915,1,1,16.67136593,9198.736361
63.42,16.66992357,16.66666667,30.0283277,30.00488536,-0.00036412283,-0.0003748858663,1,1,16.67135513,9219.892729
63.44,16.66991609,16.66666667,30.02826263,30.00487414,-0.0003632865079,-0.0003740248234,1,1,16.67134437,9241.097802
63.46,16.66990863,16.66666667,30.02819772,30.00486294,-0.0003624521067,-0.0003731657582,1,1,16.67133362,9262.35169
63.48,16.66990118,16.66666667,30.02813296,30.00485177,-0.0003616196219,-0.0003723086661,1,1,16.6713229,9283.654507
63.5,16.66989375,16.66666667,30.02806834,30.00484063,-0.0003607890493,-0.0003714535425,1,1,16.67131221,9305.006365
63.52,16.66988634,16.66666667,30.02800387,30.00482951,-0.0003599603842,-0.0003706003831,1,1,16.67130154,9326.407377
63.54,16.66987895,16.66666667,30.02793955,30.00481842,-0.0003591336225,-0.0003697491832,1,1,16.67129089,9347.857657
63.56,16.66987157,16.66666667,30.02787538,30.00480735,-0.0003583087597,-0.0003688999383,1,1,16.67128027,9369.357316
63.58,16.66986421,16.66666667,30.02781136,30.00479631,-0.0003574857915,-0.000368052644,1,1,16.67126968,9390.90647
63.6,16.66985686,16.66666667,30.02774748,30.0047853,-0.0003566647135,-0.0003672072958,1,1,16.6712591,9412.505233
63.62,16.66984954,16.66666667,30.02768375,30.0047743,-0.0003558455214,-0.0003663638892,1,1,16.67124856,9434.153717
63.64,16.66984223,16.66666667,30.02762016,30.00476334,-0.0003550282108,-0.0003655224198,1,1,16.67123803,9455.852039
63.66,16.66983493,16.66666667,30.02755673,30.0047524,-0.0003542127774,-0.0003646828831,1,1,16.67122753,9477.600312
63.68,16.66982766,16.66666667,30.02749343,30.00474148,-0.0003533992169,-0.0003638452746,1,1,16.67121706,9499.398652
63.7,16.6698204,16.66666667,30.02743029,30.00473059,-0.000352587525,-0.00036300959,1,1,16.67120661,9521.247173
63.72,16.66981315,16.66666667,30.02736728,30.00471973,-0.0003517776974,-0.0003621758248,1,1,16.67119618,9543.145992
63.74,16.66980592,16.66666667,30.02730443,30.00470889,-0.0003509697299,-0.0003613439746,1,1,16.67118577,9565.095224
63.76,16.66979871,16.66666667,30.02724171,30.00469807,-0.0003501636181,-0.000360514035,1,1,16.67117539,9587.094985
63.78,16.66979152,16.66666667,30.02717914,30.00468728,-0.0003493593578,-0.0003596860017,1,1,16.67116504,9609.145392
63.8,16.66978434,16.66666667,30.02711672,30.00467652,-0.0003485569448,-0.0003588598702,1,1,16.67115471,9631.246561
63.82,16.66977718,16.66666667,30.02705444,30.00466577,-0.0003477563747,-0.0003580356361,1,1,16.6711444,9653.398609
63.84,16.66977004,16.66666667,30.0269923,30.00465506,-0.0003469576435,-0.0003572132952,1,1,16.67113411,9675.601653
63.86,16.66976291,16.66666667,30.0269303,30.00464437,-0.0003461607467,-0.0003563928431,1,1,16.67112385,9697.855811
63.88,16.6697558,16.66666667,30.02686845,30.0046337,-0.0003453656803,-0.0003555742754,1,1,16.67111362,9720.1612
63.9,16.6697487,16.66666667,30.02680674,30.00462306,-0.00034457244,-0.0003547575878,1,1,16.6711034,9742.517937
63.92,16.66974163,16.66666667,30.02674517,30.00461244,-0.0003437810217,-0.000353942776,1,1,16.67109321,9764.926143
63.94,16.66973456,16.66666667,30.02668374,30.00460184,-0.0003429914211,-0.0003531298356,1,1,16.67108305,9787.385934
63.96,16.66972752,16.66666667,30.02662245,30.00459127,-0.000342203634,-0.0003523187625,1,1,16.6710729,9809.897429
63.98,16.66972049,16.66666667,30.0265613,30.00458073,-0.0003414176564,-0.0003515095522,1,1,16.67106278,9832.460749
64,16.66971347,16.66666667,30.0265003,30.00457021,-0.000340633484,-0.0003507022005,1,1,16.67105268,9855.076011
64.02,16.66970647,16.66666667,30.02643943,30.00455971,-0.0003398511128,-0.0003498967032,1,1,16.67104261,9877.743335
64.04,16.66969949,16.66666667,30.0263787,30.00454924,-0.0003390705384,-0.000349093056,1,1,16.67103256,9900.462842
64.06,16.66969253,16.66666667,30.02631812,30.00453879,-0.000338291757,-0.0003482912546,1,1,16.67102253,9923.234652
64.08,16.66968558,16.66666667,30.02625767,30.00452837,-0.0003375147642,-0.0003474912948,1,1,16.67101253,9946.058884
64.1,16.66967864,16.66666667,30.02619736,30.00451796,-0.0003367395561,-0.0003466931723,1,1,16.67100255,9968.93566
64.12,16.66967173,16.66666667,30.02613719,30.00450759,-0.0003359661285,-0.000345896883,1,1,16.67099259,9991.8651
64.14,16.66966482,16.66666667,30.02607716,30.00449723,-0.0003351944773,-0.0003451024227,1,1,16.67098265,10014.84733
64.16,16.66965794,16.66666667,30.02601726,30.00448691,-0.0003344245984,-0.000344309787,1,1,16.67097274,10037.88246
64.18,16.66965107,16.66666667,30.02595751,30.0044766,-0.0003336564878,-0.0003435189719,1,1,16.67096285,10060.97062
64.2,16.66964421,16.66666667,30.02589789,30.00446632,-0.0003328901415,-0.0003427299732,1,1,16.67095298,10084.11194
64.22,16.66963737,16.66666667,30.02583841,30.00445606,-0.0003321255553,-0.0003419427867,1,1,16.67094314,10107.30652
64.24,16.66963055,16.66666667,30.02577906,30.00444582,-0.0003313627252,-0.0003411574082,1,1,16.67093331,10130.55451
64.26,16.66962374,16.66666667,30.02571985,30.00443561,-0.0003306016472,-0.0003403738335,1,1,16.67092351,10153.85601
64.28,16.66961695,16.66666667,30.02566078,30.00442543,-0.0003298423172,-0.0003395920586,1,1,16.67091374,10177.21115
64.3,16.66961017,16.66666667,30.02560184,30.00441526,-0.0003290847313,-0.0003388120793,1,1,16.67090398,10200.62006
64.32,16.66960341,16.66666667,30.02554304,30.00440512,-0.0003283288854,-0.0003380338915,1,1,16.67089425,10224.08286
64.34,16.66959667,16.66666667,30.02548437,30.004395,-0.0003275747756,-0.000337257491,1,1,16.67088454,10247.59968
64.36,16.66958994,16.66666667,30.02542584,30.00438491,-0.0003268223978,-0.0003364828737,1,1,16.67087485,10271.17063
64.38,16.66958322,16.66666667,30.02536744,30.00437484,-0.0003260717481,-0.0003357100357,1,1,16.67086519,10294.79584
64.4,16.66957653,16.66666667,30.02530917,30.00436479,-0.0003253228225,-0.0003349389727,1,1,16.67085554,10318.47544
64.42,16.66956984,16.66666667,30.02525104,30.00435476,-0.0003245756171,-0.0003341696807,1,1,16.67084592,10342.20956
64.44,16.66956317,16.66666667,30.02519305,30.00434476,-0.0003238301279,-0.0003334021556,1,1,16.67083632,10365.99831
64.46,16.66955652,16.66666667,30.02513518,30.00433478,-0.0003230863509,-0.0003326363934,1,1,16.67082675,10389.84183
64.48,16.66954988,16.66666667,30.02507745,30.00432483,-0.0003223442822,-0.00033187239,1,1,16.67081719,10413.74023
64.5,16.66954326,16.66666667,30.02501985,30.00431489,-0.0003216039179,-0.0003311101413,1,1,16.67080766,10437.69366
64.52,16.66953665,16.66666667,30.02496239,30.00430498,-0.0003208652541,-0.0003303496435,1,1,16.67079815,10461.70222
64.54,16.66953006,16.66666667,30.02490505,30.00429509,-0.0003201282869,-0.0003295908923,1,1,16.67078866,10485.76606
64.56,16.66952349,16.66666667,30.02484785,30.00428523,-0.0003193930124,-0.0003288338839,1,1,16.67077919,10509.88529
64.58,16.66951692,16.66666667,30.02479078,30.00427539,-0.0003186594266,-0.0003280786142,1,1,16.67076975,10534.06005
64.6,16.66951038,16.66666667,30.02473384,30.00426557,-0.0003179275258,-0.0003273250792,1,1,16.67076032,10558.29046
64.62,16.66950385,16.66666667,30.02467703,30.00425577,-0.000317197306,-0.0003265732749,1,1,16.67075092,10582.57665
64.64,16.66949733,16.66666667,30.02462035,30.004246,-0.0003164687634,-0.0003258231974,1,1,16.67074154,10606.91875
64.66,16.66949083,16.66666667,30.02456381,30.00423624,-0.0003157418942,-0.0003250748427,1,1,16.67073218,10631.31689
64.68,16.66948434,16.66666667,30.02450739,30.00422651,-0.0003150166944,-0.0003243282068,1,1,16.67072284,10655.77119
64.7,16.66947787,16.66666667,30.0244511,30.00421681,-0.0003142931603,-0.0003235832858,1,1,16.67071353,10680.28179
64.72,16.66947141,16.66666667,30.02439494,30.00420712,-0.000313571288,-0.0003228400758,1,1,16.67070423,10704.84882
64.74,16.66946497,16.66666667,30.02433891,30.00419746,-0.0003128510737,-0.0003220985727,1,1,16.67069496,10729.4724
64.76,16.66945854,16.66666667,30.02428301,30.00418782,-0.0003121325136,-0.0003213587728,1,1,16.6706857,10754.15267
64.78,16.66945213,16.66666667,30.02422723,30.0041782,-0.0003114156039,-0.0003206206721,1,1,16.67067647,10778.88976
64.8,16.66944573,16.66666667,30.02417159,30.0041686,-0.0003107003408,-0.0003198842666,1,1,16.67066726,10803.68379
64.82,16.66943935,16.66666667,30.02411607,30.00415903,-0.0003099867206,-0.0003191495525,1,1,16.67065808,10828.5349
64.84,16.66943298,16.66666667,30.02406068,30.00414948,-0.0003092747394,-0.000318416526,1,1,16.67064891,10853.44322
64.86,16.66942663,16.66666667,30.02400542,30.00413994,-0.0003085643935,-0.0003176851831,1,1,16.67063976,10878.40888
64.88,16.66942029,16.66666667,30.02395028,30.00413044,-0.0003078556791,-0.0003169555199,1,1,16.67063064,10903.43201
64.9,16.66941397,16.66666667,30.02389527,30.00412095,-0.0003071485925,-0.0003162275326,1,1,16.67062153,10928.51275
64.92,16.66940766,16.66666667,30.02384039,30.00411148,-0.00030644313,-0.0003155012174,1,1,16.67061245,10953.65123
64.94,16.66940136,16.66666667,30.02378563,30.00410204,-0.0003057392878,-0.0003147765704,1,1,16.67060339,10978.84758
64.96,16.66939508,16.66666667,30.023731,30.00409262,-0.0003050370622,-0.0003140535878,1,1,16.67059434,11004.10193
64.98,16.66938881,16.66666667,30.0236765,30.00408322,-0.0003043364494,-0.0003133322658,1,1,16.67058532,11029.41443
65,16.66938256,16.66666667,30.02362212,30.00407384,-0.0003036374459,-0.0003126126005,1,1,16.67057632,11054.78519
