time,ego_speed,lead_speed,gap,desired_gap,command,acceleration,mode,lead_present,reference_speed,ttc
0,15,22.22222222,100,27.5,0.625,0,0,0,27.77777778,inf
0.02,15.001,22.22222222,100.1444344,27.5015,0.675,0.05,0,0,27.77777778,inf
0.04,15.003,22.22222222,100.2888389,27.5045,0.725,0.1,0,0,27.77777778,inf
0.06,15.006,22.22222222,100.4331933,27.509,0.775,0.15,0,0,27.77777778,inf
0.08,15.01,22.22222222,100.5774778,27.515,0.825,0.2,0,0,27.77777778,inf
0.1,15.015,22.22222222,100.7216722,27.5225,0.875,0.25,0,0,27.77777778,inf
0.12,15.021,22.22222222,100.8657567,27.5315,0.925,0.3,0,0,27.77777778,inf
0.14,15.028,22.22222222,101.0097111,27.542,0.975,0.35,0,0,27.77777778,inf
0.16,15.036,22.22222222,101.1535156,27.554,1.025,0.4,0,0,27.77777778,inf
0.18,15.045,22.22222222,101.29715,27.5675,1.075,0.45,0,0,27.77777778,inf
0.2,15.055,22.22222222,101.4405944,27.5825,1.125,0.5,0,0,27.77777778,inf
0.22,15.066,22.22222222,101.5838289,27.599,1.175,0.55,0,0,27.77777778,inf
0.24,15.078,22.22222222,101.7268333,27.617,1.225,0.6,0,0,27.77777778,inf
0.26,15.091,22.22222222,101.8695878,27.6365,1.275,0.65,0,0,27.77777778,inf
0.28,15.105,22.22222222,102.0120722,27.6575,1.325,0.7,0,0,27.77777778,inf
0.3,15.12,22.22222222,102.1542667,27.68,1.375,0.75,0,0,27.77777778,inf
0.32,15.136,22.22222222,102.2961511,27.704,1.425,0.8,0,0,27.77777778,inf
0.34,15.153,22.22222222,102.4377056,27.7295,1.475,0.85,0,0,27.77777778,inf
0.36,15.171,22.22222222,102.57891,27.7565,1.525,0.9,0,0,27.77777778,inf
0.38,15.19,22.22222222,102.7197444,27.785,1.575,0.95,0,0,27.77777778,inf
0.4,15.21,22.22222222,102.8601889,27.815,1.625,1,0,0,27.77777778,inf
0.42,15.231,22.22222222,103.0002233,27.8465,1.675,1.05,0,0,27.77777778,inf
0.44,15.253,22.22222222,103.1398278,27.8795,1.725,1.1,0,0,27.77777778,inf
0.46,15.276,22.22222222,103.2789822,27.914,1.775,1.15,0,0,27.77777778,inf
0.48,15.3,22.22222222,103.4176667,27.95,1.825,1.2,0,0,27.77777778,inf
0.5,15.325,22.22222222,103.5558611,27.9875,1.875,1.25,0,0,27.77777778,inf
0.52,15.351,22.22222222,103.6935456,28.0265,1.925,1.3,0,0,27.77777778,inf
0.54,15.378,22.22222222,103.8307,28.067,1.975,1.35,0,0,27.77777778,inf
0.56,15.406,22.22222222,103.9673044,28.109,2,1.4,0,0,27.77777778,inf
0.58,15.43496,22.22222222,104.1033393,28.15244,2,1.448,0,0,27.77777778,inf
0.6,15.4648032,22.22222222,104.2387861,28.1972048,2,1.49216,0,0,27.77777778,inf
0.62,15.49545894,22.22222222,104.3736279,28.24318842,2,1.5327872,0,0,27.77777778,inf
0.64,15.52686223,22.22222222,104.5078492,28.29029334,2,1.570164224,0,0,27.77777778,inf
0.66,15.55895325,22.22222222,104.6414354,28.33842988,2,1.604551086,0,0,27.77777778,inf
0.68,15.59167699,22.22222222,104.7743736,28.38751549,2,1.636186999,0,0,27.77777778,inf
0.7,15.62498283,22.22222222,104.9066514,28.43747425,2,1.665292039,0,0,27.77777778,inf
0.72,15.6588242,22.22222222,105.0382578,28.48823631,2,1.692068676,0,0,27.77777778,inf
0.74,15.69315827,22.22222222,105.1691824,28.5397374,2,1.716703182,0,0,27.77777778,inf
0.76,15.72794561,22.22222222,105.2994158,28.59191841,2,1.739366927,0,0,27.77777778,inf
0.78,15.76314996,22.22222222,105.4289493,28.64472494,2,1.760217573,0,0,27.77777778,inf
0.8,15.79873796,22.22222222,105.5577749,28.69810694,2,1.779400167,0,0,27.77777778,inf
0.82,15.83467892,22.22222222,105.6858852,28.75201839,2,1.797048154,0,0,27.77777778,inf
0.84,15.87094461,22.22222222,105.8132734,28.80641692,2,1.813284302,0,0,27.77777778,inf
0.86,15.90750904,22.22222222,105.9399333,28.86126356,2,1.828221558,0,0,27.77777778,inf
0.88,15.94434832,22.22222222,106.0658592,28.91652248,2,1.841963833,0,0,27.77777778,inf
0.9,15.98144045,22.22222222,106.1910457,28.97216068,2,1.854606726,0,0,27.77777778,inf
0.92,16.01876522,22.22222222,106.3154881,29.02814783,2,1.866238188,0,0,27.77777778,inf
0.94,16.056304,22.22222222,106.4391818,29.084456,2,1.876939133,0,0,27.77777778,inf
0.96,16.09403968,22.22222222,106.5621229,29.14105952,2,1.886784003,0,0,27.77777778,inf
0.98,16.13195651,22.22222222,106.6843073,29.19793476,2,1.895841282,0,0,27.77777778,inf
1,16.17003998,22.22222222,106.8057318,29.25505998,2,1.90417398,0,0,27.77777778,inf
1.02,16.20827679,22.22222222,106.9263931,29.31241518,2,1.911840061,0,0,27.77777778,inf
1.04,16.24665464,22.22222222,107.0462882,29.36998196,2,1.918892856,0,0,27.77777778,inf
1.06,16.28516227,22.22222222,107.1654145,29.42774341,2,1.925381428,0,0,27.77777778,inf
1.08,16.32378929,22.22222222,107.2837694,29.48568393,2,1.931350914,0,0,27.77777778,inf
1.1,16.36252615,22.22222222,107.4013507,29.54378922,2,1.936842841,0,0,27.77777778,inf
1.12,16.40136405,22.22222222,107.5181563,29.60204608,2,1.941895413,0,0,27.77777778,inf
1.14,16.44029493,22.22222222,107.6341841,29.6604424,2,1.94654378,0,0,27.77777778,inf
1.16,16.47931134,22.22222222,107.7494325,29.718967,2,1.950820278,0,0,27.77777778,inf
1.18,16.51840643,22.22222222,107.8638998,29.77760964,2,1.954754656,0,0,27.77777778,inf
1.2,16.55757391,22.22222222,107.9775844,29.83636087,2,1.958374283,0,0,27.77777778,inf
1.22,16.596808,22.22222222,108.090485,29.895212,2,1.961704341,0,0,27.77777778,inf
1.24,16.63610336,22.22222222,108.2026004,29.95415504,2,1.964767993,0,0,27.77777778,inf
1.26,16.67545509,22.22222222,108.3139292,30.01318264,2,1.967586554,0,0,27.77777778,inf
1.28,16.71485869,22.22222222,108.4244705,30.07228803,2,1.97017963,0,0,27.77777778,inf
1.3,16.75430999,22.22222222,108.5342233,30.13146499,2,1.972565259,0,0,27.77777778,inf
1.32,16.79380519,22.22222222,108.6431866,30.19070779,2,1.974760038,0,0,27.77777778,inf
1.34,16.83334078,22.22222222,108.7513596,30.25001116,2,1.976779235,0,0,27.77777778,inf
1.36,16.87291351,22.22222222,108.8587415,30.30937027,2,1.978636897,0,0,27.77777778,inf
1.38,16.91252043,22.22222222,108.9653316,30.36878065,2,1.980345945,0,0,27.77777778,inf
1.4,16.9521588,22.22222222,109.0711292,30.4282382,2,1.981918269,0,0,27.77777778,inf
1.42,16.99182609,22.22222222,109.1761338,30.48773914,2,1.983364808,0,0,27.77777778,inf
1.44,17.03152001,22.22222222,109.2803448,30.54728001,2,1.984695623,0,0,27.77777778,inf
1.46,17.07123841,22.22222222,109.3837617,30.60685761,2,1.985919973,0,0,27.77777778,inf
1.48,17.11097933,22.22222222,109.4863839,30.666469,2,1.987046375,0,0,27.77777778,inf
1.5,17.15074099,22.22222222,109.5882112,30.72611148,2,1.988082665,0,0,27.77777778,inf
1.52,17.19052171,22.22222222,109.689243,30.78578256,2,1.989036052,0,0,27.77777778,inf
1.54,17.23031997,22.22222222,109.789479,30.84547996,2,1.989913168,0,0,27.77777778,inf
1.56,17.27013437,22.22222222,109.8889189,30.90520156,2,1.990720115,0,0,27.77777778,inf
1.58,17.30996362,22.22222222,109.9875624,30.96494544,2,1.991462505,0,0,27.77777778,inf
1.6,17.34980653,22.22222222,110.0854091,31.0247098,2,1.992145505,0,0,27.77777778,inf
1.62,17.38966201,22.22222222,110.1824589,31.08449302,2,1.992773865,0,0,27.77777778,inf
1.64,17.42952905,22.22222222,110.2787114,31.14429358,2,1.993351955,0,0,27.77777778,inf
1.66,17.46940673,22.22222222,110.3741665,31.20411009,2,1.993883799,0,0,27.77777778,inf
1.68,17.50929419,22.22222222,110.4688239,31.26394128,2,1.994373095,0,0,27.77777778,inf
1.7,17.54919065,22.22222222,110.5626835,31.32378598,2,1.994823247,0,0,27.77777778,inf
1.72,17.5890954,22.22222222,110.6557451,31.3836431,2,1.995237388,0,0,27.77777778,inf
1.74,17.62900777,22.22222222,110.7480085,31.44351165,2,1.995618397,0,0,27.77777778,inf
1.76,17.66892715,22.22222222,110.8394736,31.50339072,2,1.995968925,0,0,27.77777778,inf
1.78,17.70885298,22.22222222,110.9301403,31.56327946,2,1.996291411,0,0,27.77777778,inf
1.8,17.74878474,22.22222222,111.0200083,31.62317711,2,1.996588098,0,0,27.77777778,inf
1.82,17.78872196,22.22222222,111.1090777,31.68308294,2,1.99686105,0,0,27.77777778,inf
1.84,17.8286642,22.22222222,111.1973483,31.7429963,2,1.997112166,0,0,27.77777778,inf
1.86,17.86861107,22.22222222,111.28482,31.8029166,2,1.997343193,0,0,27.77777778,inf
1.88,17.90856218,22.22222222,111.3714927,31.86284327,2,1.997555737,0,0,27.77777778,inf
1.9,17.94851721,22.22222222,111.4573664,31.92277581,2,1.997751278,0,0,27.77777778,inf
1.92,17.98847583,22.22222222,111.5424409,31.98271374,2,1.997931176,0,0,27.77777778,inf
1.94,18.02843776,22.22222222,111.6267162,32.04265664,2,1.998096682,0,0,27.77777778,inf
1.96,18.06840274,22.22222222,111.7101922,32.10260411,2,1.998248948,0,0,27.77777778,inf
1.98,18.10837052,22.22222222,111.7928689,32.16255578,2,1.998389032,0,0,27.77777778,inf
2,18.14834088,22.22222222,111.8747463,32.22251132,2,1.998517909,0,0,27.77777778,inf
2.02,18.18831361,22.22222222,111.9558242,32.28247042,2,1.998636476,0,0,27.77777778,inf
2.04,18.22828852,22.22222222,112.0361026,32.34243278,2,1.998745558,0,0,27.77777778,inf
2.06,18.26826544,22.22222222,112.1155815,32.40239816,2,1.998845914,0,0,27.77777778,inf
2.08,18.3082442,22.22222222,112.1942608,32.46236631,2,1.998938241,0,0,27.77777778,inf
2.1,18.34822467,22.22222222,112.2721406,32.522337,2,1.999023181,0,0,27.77777778,inf
2.12,18.38820669,22.22222222,112.3492207,32.58231004,2,1.999101327,0,0,27.77777778,inf
2.14,18.42819016,22.22222222,112.4255012,32.64228524,2,1.999173221,0,0,27.77777778,inf
2.16,18.46817495,22.22222222,112.500982,32.70226242,2,1.999239363,0,0,27.77777778,inf
2.18,18.50816095,22.22222222,112.5756631,32.76224143,2,1.999300214,0,0,27.77777778,inf
2.2,18.54814807,22.22222222,112.6495444,32.82222211,2,1.999356197,0,0,27.77777778,inf
2.22,18.58813623,22.22222222,112.722626,32.88220434,2,1.999407701,0,0,27.77777778,inf
2.24,18.62812533,22.22222222,112.7949079,32.942188,2,1.999455085,0,0,27.77777778,inf
2.26,18.6681153,22.22222222,112.8663899,33.00217296,2,1.999498678,0,0,27.77777778,inf
2.28,18.70810608,22.22222222,112.9370721,33.06215912,2,1.999538784,0,0,27.77777778,inf
2.3,18.74809759,22.22222222,113.0069545,33.12214639,2,1.999575681,0,0,27.77777778,inf
2.32,18.78808979,22.22222222,113.0760371,33.18213468,2,1.999609627,0,0,27.77777778,inf
2.34,18.8280826,22.22222222,113.1443198,33.2421239,2,1.999640857,0,0,27.77777778,inf
2.36,18.86807599,22.22222222,113.2118027,33.30211399,2,1.999669588,0,0,27.77777778,inf
2.38,18.90806992,22.22222222,113.2784857,33.36210487,2,1.999696021,0,0,27.77777778,inf
2.4,18.94806432,22.22222222,113.3443688,33.42209648,2,1.999720339,0,0,27.77777778,inf
2.42,18.98805918,22.22222222,113.409452,33.48208876,2,1.999742712,0,0,27.77777778,inf
2.44,19.02805444,22.22222222,113.4737353,33.54208166,2,1.999763295,0,0,27.77777778,inf
2.46,19.06805009,22.22222222,113.5372187,33.60207513,2,1.999782232,0,0,27.77777778,inf
2.48,19.10804608,22.22222222,113.5999022,33.66206912,2,1.999799653,0,0,27.77777778,inf
2.5,19.14804239,22.22222222,113.6617857,33.72206359,2,1.999815681,0,0,27.77777778,inf
2.52,19.188039,22.22222222,113.7228694,33.7820585,2,1.999830426,0,0,27.77777778,inf
2.54,19.22803588,22.22222222,113.7831531,33.84205382,2,1.999843992,0,0,27.77777778,inf
2.56,19.26803301,22.22222222,113.8426368,33.90204952,2,1.999856473,0,0,27.77777778,inf
2.58,19.30803037,22.22222222,113.9013206,33.96204556,2,1.999867955,0,0,27.77777778,inf
2.6,19.34802794,22.22222222,113.9592045,34.02204191,2,1.999878519,0,0,27.77777778,inf
2.62,19.38802571,22.22222222,114.0162884,34.08203856,2,1.999888237,0,0,27.77777778,inf
2.64,19.42802365,22.22222222,114.0725723,34.14203547,2,1.999897178,0,0,27.77777778,inf
2.66,19.46802176,22.22222222,114.1280563,34.20203264,2,1.999905404,0,0,27.77777778,inf
2.68,19.50802002,22.22222222,114.1827404,34.26203002,2,1.999912972,0,0,27.77777778,inf
2.7,19.54801842,22.22222222,114.2366244,34.32202762,2,1.999919934,0,0,27.77777778,inf
2.72,19.58801694,22.22222222,114.2897085,34.38202541,2,1.999926339,0,0,27.77777778,inf
2.74,19.62801559,22.22222222,114.3419926,34.44202338,2,1.999932232,0,0,27.77777778,inf
2.76,19.66801434,22.22222222,114.3934768,34.50202151,2,1.999937653,0,0,27.77777778,inf
2.78,19.70801319,22.22222222,114.4441609,34.56201979,2,1.999942641,0,0,27.77777778,inf
2.8,19.74801214,22.22222222,114.4940451,34.62201821,2,1.99994723,0,0,27.77777778,inf
2.82,19.78801117,22.22222222,114.5431293,34.68201675,2,1.999951452,0,0,27.77777778,inf
2.84,19.82801027,22.22222222,114.5914136,34.74201541,2,1.999955335,0,0,27.77777778,inf
2.86,19.86800945,22.22222222,114.6388978,34.80201418,2,1.999958909,0,0,27.77777778,inf
2.88,19.90800869,22.22222222,114.6855821,34.86201304,2,1.999962196,0,0,27.77777778,inf
2.9,19.948008,22.22222222,114.7314664,34.922012,2,1.99996522,0,0,27.77777778,inf
2.92,19.98800736,22.22222222,114.7765507,34.98201104,2,1.999968003,0,0,27.77777778,inf
2.94,20.02800677,22.22222222,114.820835,35.04201016,2,1.999970562,0,0,27.77777778,inf
2.96,20.06800623,22.22222222,114.8643193,35.10200934,2,1.999972917,0,0,27.77777778,inf
2.98,20.10800573,22.22222222,114.9070036,35.1620086,2,1.999975084,0,0,27.77777778,inf
3,20.14800527,22.22222222,114.9488879,35.22200791,2,1.999977077,0,0,27.77777778,inf
3.02,20.18800485,22.22222222,114.9899723,35.28200728,2,1.999978911,0,0,27.77777778,inf
3.04,20.22800446,22.22222222,115.0302566,35.34200669,2,1.999980598,0,0,27.77777778,inf
3.06,20.26800411,22.22222222,115.069741,35.40200616,2,1.99998215,0,0,27.77777778,inf
3.08,20.30800378,22.22222222,115.1084254,35.46200567,2,1.999983578,0,0,27.77777778,inf
3.1,20.34800347,22.22222222,115.1463097,35.52200521,2,1.999984892,0,0,27.77777778,inf
3.12,20.3880032,22.22222222,115.1833941,35.5820048,2,1.999986101,0,0,27.77777778,inf
3.14,20.42800294,22.22222222,115.2196785,35.64200441,2,1.999987213,0,0,27.77777778,inf
3.16,20.46800271,22.22222222,115.2551629,35.70200406,2,1.999988236,0,0,27.77777778,inf
3.18,20.50800249,22.22222222,115.2898473,35.76200373,2,1.999989177,0,0,27.77777778,inf
3.2,20.54800229,22.22222222,115.3237317,35.82200344,2,1.999990043,0,0,27.77777778,inf
3.22,20.58800211,22.22222222,115.3568161,35.88200316,2,1.999990839,0,0,27.77777778,inf
3.24,20.62800194,22.22222222,115.3891005,35.94200291,2,1.999991572,0,0,27.77777778,inf
3.26,20.66800178,22.22222222,115.4205849,36.00200268,2,1.999992246,0,0,27.77777778,inf
3.28,20.70800164,22.22222222,115.4512693,36.06200246,2,1.999992867,0,0,27.77777778,inf
3.3,20.74800151,22.22222222,115.4811537,36.12200226,2,1.999993437,0,0,27.77777778,inf
3.32,20.78800139,22.22222222,115.5102381,36.18200208,2,1.999993962,0,0,27.77777778,inf
3.34,20.82800128,22.22222222,115.5385225,36.24200192,2,1.999994445,0,0,27.77777778,inf
3.36,20.86800118,22.22222222,115.5660069,36.30200176,2,1.99999489,0,0,27.77777778,inf
3.38,20.90800108,22.22222222,115.5926914,36.36200162,2,1.999995299,0,0,27.77777778,inf
3.4,20.94800099,22.22222222,115.6185758,36.42200149,2,1.999995675,0,0,27.77777778,inf
3.42,20.98800092,22.22222222,115.6436602,36.48200137,2,1.999996021,0,0,27.77777778,inf
3.44,21.02800084,22.22222222,115.6679446,36.54200126,2,1.999996339,0,0,27.77777778,inf
3.46,21.06800077,22.22222222,115.6914291,36.60200116,2,1.999996632,0,0,27.77777778,inf
3.48,21.10800071,22.22222222,115.7141135,36.66200107,2,1.999996901,0,0,27.77777778,inf
3.5,21.14800066,22.22222222,115.7359979,36.72200098,2,1.999997149,0,0,27.77777778,inf
3.52,21.1880006,22.22222222,115.7570824,36.7820009,2,1.999997377,0,0,27.77777778,inf
3.54,21.22800055,22.22222222,115.7773668,36.84200083,2,1.999997587,0,0,27.77777778,inf
3.56,21.26800051,22.22222222,115.7968512,36.90200077,2,1.99999778,0,0,27.77777778,inf
3.58,21.30800047,22.22222222,115.8155357,36.9620007,2,1.999997958,0,0,27.77777778,inf
3.6,21.34800043,22.22222222,115.8334201,37.02200065,2,1.999998121,0,0,27.77777778,inf
3.62,21.3880004,22.22222222,115.8505045,37.0820006,2,1.999998271,0,0,27.77777778,inf
3.64,21.42800037,22.22222222,115.866789,37.14200055,2,1.99999841,0,0,27.77777778,inf
3.66,21.46800034,22.22222222,115.8822734,37.2020005,2,1.999998537,0,0,27.77777778,inf
3.68,21.50800031,22.22222222,115.8969579,37.26200046,2,1.999998654,0,0,27.77777778,inf
3.7,21.54800028,22.22222222,115.9108423,37.32200043,2,1.999998762,0,0,27.77777778,inf
3.72,21.58800026,22.22222222,115.9239267,37.38200039,2,1.999998861,0,0,27.77777778,inf
3.74,21.62800024,22.22222222,115.9362112,37.44200036,2,1.999998952,0,0,27.77777778,inf
3.76,21.66800022,22.22222222,115.9476956,37.50200033,2,1.999999036,0,0,27.77777778,inf
3.78,21.7080002,22.22222222,115.95838,37.56200031,2,1.999999113,0,0,27.77777778,inf
3.8,21.74800019,22.22222222,115.9682645,37.62200028,2,1.999999184,0,0,27.77777778,inf
3.82,21.78800017,22.22222222,115.9773489,37.68200026,2,1.999999249,0,0,27.77777778,inf
3.84,21.82800016,22.22222222,115.9856334,37.74200024,2,1.999999309,0,0,27.77777778,inf
3.86,21.86800015,22.22222222,115.9931178,37.80200022,2,1.999999364,0,0,27.77777778,inf
3.88,21.90800013,22.22222222,115.9998023,37.8620002,2,1.999999415,0,0,27.77777778,inf
3.9,21.94800012,22.22222222,116.0056867,37.92200019,2,1.999999462,0,0,27.77777778,inf
3.92,21.98800011,22.22222222,116.0107711,37.98200017,2,1.999999505,0,0,27.77777778,inf
3.94,22.0280001,22.22222222,116.0150556,38.04200016,2,1.999999545,0,0,27.77777778,inf
3.96,22.0680001,22.22222222,116.01854,38.10200014,2,1.999999581,0,0,27.77777778,inf
3.98,22.10800009,22.22222222,116.0212245,38.16200013,2,1.999999615,0,0,27.77777778,inf
4,22.14800008,22.22222222,116.0231089,38.22200012,2,1.999999645,0,0,27.77777778,inf
4.02,22.18800008,22.22222222,116.0241934,38.28200011,2,1.999999674,0,0,27.77777778,inf
4.04,22.22800007,22.22222222,116.0244778,38.3420001,2,1.9999997,0,0,27.77777778,inf
4.06,22.26800006,22.22222222,116.0239622,38.4020001,2,1.999999724,0,0,27.77777778,inf
4.08,22.30800006,22.22222222,116.0226467,38.46200009,2,1.999999746,0,0,27.77777778,inf
4.1,22.34800005,22.22222222,116.0205311,38.52200008,2,1.999999766,0,0,27.77777778,inf
4.12,22.38800005,22.22222222,116.0176156,38.58200007,2,1.999999785,0,0,27.77777778,inf
4.14,22.42800005,22.22222222,116.0139,38.64200007,2,1.999999802,0,0,27.77777778,inf
4.16,22.46800004,22.22222222,116.0093845,38.70200006,2,1.999999818,0,0,27.77777778,inf
4.18,22.50800004,22.22222222,116.0040689,38.76200006,2,1.999999833,0,0,27.77777778,inf
4.2,22.54800004,22.22222222,115.9979533,38.82200005,2,1.999999846,0,0,27.77777778,inf
4.22,22.58800003,22.22222222,115.9910378,38.88200005,2,1.999999858,0,0,27.77777778,inf
4.24,22.62800003,22.22222222,115.9833222,38.94200004,2,1.99999987,0,0,27.77777778,inf
4.26,22.66800003,22.22222222,115.9748067,39.00200004,2,1.99999988,0,0,27.77777778,inf
4.28,22.70800003,22.22222222,115.9654911,39.06200004,2,1.99999989,0,0,27.77777778,inf
4.3,22.74800002,22.22222222,115.9553756,39.12200004,2,1.999999898,0,0,27.77777778,inf
4.32,22.78800002,22.22222222,115.94446,39.18200003,2,1.999999907,0,0,27.77777778,inf
4.34,22.82800002,22.22222222,115.9327444,39.24200003,2,1.999999914,0,0,27.77777778,inf
4.36,22.86800002,22.22222222,115.9202289,39.30200003,2,1.999999921,0,0,27.77777778,inf
4.38,22.90800002,22.22222222,115.9069133,39.36200003,2,1.999999927,0,0,27.77777778,inf
4.4,22.94800002,22.22222222,115.8927978,39.42200002,2,1.999999933,0,0,27.77777778,inf
4.42,22.98800001,22.22222222,115.8778822,39.48200002,2,1.999999938,0,0,27.77777778,inf
4.44,23.02800001,22.22222222,115.8621667,39.54200002,2,1.999999943,0,0,27.77777778,inf
4.46,23.06800001,22.22222222,115.8456511,39.60200002,2,1.999999948,0,0,27.77777778,inf
4.48,23.10800001,22.22222222,115.8283356,39.66200002,2,1.999999952,0,0,27.77777778,inf
4.5,23.14800001,22.22222222,115.81022,39.72200002,2,1.999999956,0,0,27.77777778,inf
4.52,23.18800001,22.22222222,115.7913044,39.78200001,2,1.999999959,0,0,27.77777778,inf
4.54,23.22800001,22.22222222,115.7715889,39.84200001,2,1.999999963,0,0,27.77777778,inf
4.56,23.26800001,22.22222222,115.7510733,39.90200001,2,1.999999966,0,0,27.77777778,inf
4.58,23.30800001,22.22222222,115.7297578,39.96200001,2,1.999999968,0,0,27.77777778,inf
4.6,23.34800001,22.22222222,115.7076422,40.02200001,2,1.999999971,0,0,27.77777778,inf
4.62,23.38800001,22.22222222,115.6847267,40.08200001,2,1.999999973,0,0,27.77777778,inf
4.64,23.42800001,22.22222222,115.6610111,40.14200001,2,1.999999975,0,0,27.77777778,inf
4.66,23.46800001,22.22222222,115.6364956,40.20200001,2,1.999999977,0,0,27.77777778,inf
4.68,23.508,22.22222222,115.61118,40.26200001,2,1.999999979,0,0,27.77777778,inf
4.7,23.548,22.22222222,115.5850644,40.32200001,2,1.999999981,0,0,27.77777778,inf
4.72,23.588,22.22222222,115.5581489,40.38200001,2,1.999999982,0,0,27.77777778,inf
4.74,23.628,22.22222222,115.5304333,40.44200001,2,1.999999984,0,0,27.77777778,inf
4.76,23.668,22.22222222,115.5019178,40.50200001,2,1.999999985,0,0,27.77777778,inf
4.78,23.708,22.22222222,115.4726022,40.562,2,1.999999986,0,0,27.77777778,inf
4.8,23.748,22.22222222,115.4424867,40.622,2,1.999999987,0,0,27.77777778,inf
4.82,23.788,22.22222222,115.4115711,40.682,2,1.999999988,0,0,27.77777778,inf
4.84,23.828,22.22222222,115.3798556,40.742,2,1.999999989,0,0,27.77777778,inf
4.86,23.868,22.22222222,115.34734,40.802,2,1.99999999,0,0,27.77777778,inf
4.88,23.908,22.22222222,115.3140244,40.862,2,1.999999991,0,0,27.77777778,inf
4.9,23.948,22.22222222,115.2799089,40.922,2,1.999999992,0,0,27.77777778,inf
4.92,23.988,22.22222222,115.2449933,40.982,2,1.999999992,0,0,27.77777778,inf
4.94,24.028,22.22222222,115.2092778,41.042,2,1.999999993,0,0,27.77777778,inf
4.96,24.068,22.22222222,115.1727622,41.102,2,1.999999994,0,0,27.77777778,inf
4.98,24.108,22.22222222,115.1354467,41.162,2,1.999999994,0,0,27.77777778,inf
5,24.148,22.22222222,115.0973311,41.222,2,1.999999995,0,0,27.77777778,inf
5.02,24.188,22.22222222,115.0584156,41.282,2,1.999999995,0,0,27.77777778,inf
5.04,24.228,22.22222222,115.0187,41.342,2,1.999999995,0,0,27.77777778,inf
5.06,24.268,22.22222222,114.9781844,41.402,2,1.999999996,0,0,27.77777778,inf
5.08,24.308,22.22222222,114.9368689,41.462,2,1.999999996,0,0,27.77777778,inf
5.1,24.348,22.22222222,114.8947533,41.522,2,1.999999996,0,0,27.77777778,inf
5.12,24.388,22.22222222,114.8518378,41.582,2,1.999999997,0,0,27.77777778,inf
5.14,24.428,22.22222222,114.8081222,41.642,2,1.999999997,0,0,27.77777778,inf
5.16,24.468,22.22222222,114.7636067,41.702,2,1.999999997,0,0,27.77777778,inf
5.18,24.508,22.22222222,114.7182911,41.762,2,1.999999997,0,0,27.77777778,inf
5.2,24.548,22.22222222,114.6721756,41.822,2,1.999999998,0,0,27.77777778,inf
5.22,24.588,22.22222222,114.62526,41.882,2,1.999999998,0,0,27.77777778,inf
5.24,24.628,22.22222222,114.5775444,41.942,2,1.999999998,0,0,27.77777778,inf
5.26,24.668,22.22222222,114.5290289,42.002,2,1.999999998,0,0,27.77777778,inf
5.28,24.708,22.22222222,114.4797133,42.062,2,1.999999998,0,0,27.77777778,inf
5.3,24.748,22.22222222,114.4295978,42.122,2,1.999999998,0,0,27.77777778,inf
5.32,24.788,22.22222222,114.3786822,42.182,2,1.999999999,0,0,27.77777778,inf
5.34,24.828,22.22222222,114.3269667,42.242,2,1.999999999,0,0,27.77777778,inf
5.36,24.868,22.22222222,114.2744511,42.302,2,1.999999999,0,0,27.77777778,inf
5.38,24.908,22.22222222,114.2211356,42.362,2,1.999999999,0,0,27.77777778,inf
5.4,24.948,22.22222222,114.16702,42.422,2,1.999999999,0,0,27.77777778,inf
5.42,24.988,22.22222222,114.1121044,42.482,2,1.999999999,0,0,27.77777778,inf
5.44,25.028,22.22222222,114.0563889,42.542,2,1.999999999,0,0,27.77777778,inf
5.46,25.068,22.22222222,113.9998733,42.602,2,1.999999999,0,0,27.77777778,inf
5.48,25.108,22.22222222,113.9425578,42.662,1.975822223,1.999999999,0,0,27.77777778,inf
5.5,25.14796132,22.22222222,113.8844426,42.72194197,1.950274704,1.998065777,0,0,27.77777778,inf
5.52,25.18784617,22.22222222,113.825529,42.78176925,1.924718977,1.994242491,0,0,27.77777778,inf
5.54,25.22761978,22.22222222,113.7658188,42.84142967,1.899193277,1.98868061,0,0,27.77777778,inf
5.56,25.26725021,22.22222222,113.7053145,42.90087532,1.873731697,1.981521624,0,0,27.77777778,inf
5.58,25.30670818,22.22222222,113.6440194,42.96006227,1.848364563,1.972898429,0,0,27.77777778,inf
5.6,25.34596689,22.22222222,113.5819371,43.01895034,1.823118774,1.96293572,0,0,27.77777778,inf
5.62,25.3850019,22.22222222,113.5190718,43.07750285,1.798018112,1.951750364,0,0,27.77777778,inf
5.64,25.42379094,22.22222222,113.4554283,43.1356864,1.773083534,1.939451784,0,0,27.77777778,inf
5.66,25.46231378,22.22222222,113.3910117,43.19347067,1.748333428,1.926142324,0,0,27.77777778,inf
5.68,25.50055213,22.22222222,113.3258275,43.2508282,1.723783861,1.911917613,0,0,27.77777778,inf
5.7,25.53848947,22.22222222,113.2598815,43.30773421,1.699448792,1.896866912,0,0,27.77777778,inf
5.72,25.57611094,22.22222222,113.19318,43.36416641,1.67534028,1.881073463,0,0,27.77777778,inf
5.74,25.61340324,22.22222222,113.1257293,43.42010486,1.651468662,1.864614808,0,0,27.77777778,inf
5.76,25.6503545,22.22222222,113.0575362,43.47553175,1.627842725,1.847563116,0,0,27.77777778,inf
5.78,25.68695421,22.22222222,112.9886075,43.53043132,1.60446986,1.829985485,0,0,27.77777778,inf
5.8,25.7231931,22.22222222,112.9189505,43.58478964,1.581356199,1.811944235,0,0,27.77777778,inf
5.82,25.75906304,22.22222222,112.8485724,43.63859456,1.558506743,1.793497192,0,0,27.77777778,inf
5.84,25.794557,22.22222222,112.7774806,43.6918355,1.535925483,1.774697956,0,0,27.77777778,inf
5.86,25.82966892,22.22222222,112.7056828,43.74450338,1.513615497,1.755596158,0,0,27.77777778,inf
5.88,25.86439368,22.22222222,112.6331866,43.79659051,1.491579056,1.736237706,0,0,27.77777778,inf
5.9,25.89872698,22.22222222,112.5599999,43.84809046,1.469817704,1.716665014,0,0,27.77777778,inf
5.92,25.93266532,22.22222222,112.4861304,43.89899798,1.448332339,1.696917229,0,0,27.77777778,inf
5.94,25.96620593,22.22222222,112.4115861,43.94930889,1.427123289,1.677030438,0,0,27.77777778,inf
5.96,25.99934669,22.22222222,112.336375,43.99902003,1.406190371,1.657037866,0,0,27.77777778,inf
5.98,26.03208609,22.22222222,112.2605051,44.04812913,1.385532956,1.636970066,0,0,27.77777778,inf
6,26.06442319,22.22222222,112.1839845,44.09663478,1.365150017,1.616855097,0,0,27.77777778,inf
6.02,26.09635756,22.22222222,112.1068211,44.14453635,1.345040182,1.596718691,0,0,27.77777778,inf
6.04,26.12788925,22.22222222,112.0290231,44.19183388,1.325201773,1.57658441,0,0,27.77777778,inf
6.06,26.15901873,22.22222222,111.9505985,44.23852809,1.305632851,1.556473799,0,0,27.77777778,inf
6.08,26.18974686,22.22222222,111.8715553,44.28462029,1.286331244,1.536406523,0,0,27.77777778,inf
6.1,26.22007487,22.22222222,111.7919015,44.3301123,1.267294587,1.516400501,0,0,27.77777778,inf
6.12,26.25000431,22.22222222,111.7116451,44.37500646,1.248520344,1.496472028,0,0,27.77777778,inf
6.14,26.27953703,22.22222222,111.6307942,44.41930554,1.230005837,1.476635893,0,0,27.77777778,inf
6.16,26.30867514,22.22222222,111.5493565,44.4630127,1.211748266,1.456905489,0,0,27.77777778,inf
6.18,26.33742099,22.22222222,111.46734,44.50613149,1.193744736,1.437292911,0,0,27.77777778,inf
6.2,26.36577718,22.22222222,111.3847524,44.54866576,1.175992265,1.417809057,0,0,27.77777778,inf
6.22,26.39374645,22.22222222,111.3016016,44.59061968,1.158487812,1.398463714,0,0,27.77777778,inf
6.24,26.42133176,22.22222222,111.2178953,44.63199764,1.141228282,1.379265641,0,0,27.77777778,inf
6.26,26.44853622,22.22222222,111.1336411,44.67280432,1.124210543,1.360222653,0,0,27.77777778,inf
6.28,26.47536305,22.22222222,111.0488465,44.71304457,1.107431439,1.341341684,0,0,27.77777778,inf
6.3,26.50181563,22.22222222,110.9635192,44.75272344,1.090887795,1.322628864,0,0,27.77777778,inf
6.32,26.52789742,22.22222222,110.8776665,44.79184613,1.074576432,1.304089579,0,0,27.77777778,inf
6.34,26.55361199,22.22222222,110.7912958,44.83041798,1.05849417,1.285728527,0,0,27.77777778,inf
6.36,26.57896298,22.22222222,110.7044145,44.86844448,1.042637837,1.267549778,0,0,27.77777778,inf
6.38,26.60395412,22.22222222,110.6170298,44.90593118,1.027004273,1.249556823,0,0,27.77777778,inf
6.4,26.62858917,22.22222222,110.5291488,44.94288376,1.011590338,1.231752619,0,0,27.77777778,inf
6.42,26.65287197,22.22222222,110.4407787,44.97930795,0.9963929145,1.214139637,0,0,27.77777778,inf
6.44,26.67680636,22.22222222,110.3519263,45.01520955,0.9814089121,1.196719899,0,0,27.77777778,inf
6.46,26.70039626,22.22222222,110.2625987,45.0505944,0.9666352695,1.17949502,0,0,27.77777778,inf
6.48,26.72364559,22.22222222,110.1728028,45.08546838,0.9520689586,1.16246624,0,0,27.77777778,inf
6.5,26.74655828,22.22222222,110.0825452,45.11983742,0.937706986,1.145634457,0,0,27.77777778,inf
6.52,26.76913828,22.22222222,109.9918327,45.15370743,0.923546395,1.12900026,0,0,27.77777778,inf
6.54,26.79138956,22.22222222,109.9006718,45.18708434,0.9095842673,1.11256395,0,0,27.77777778,inf
6.56,26.81331607,22.22222222,109.8090692,45.21997411,0.8958177241,1.096325576,0,0,27.77777778,inf
6.58,26.83492177,22.22222222,109.7170313,45.25238266,0.882243927,1.080284948,0,0,27.77777778,inf
6.6,26.85621061,22.22222222,109.6245644,45.28431591,0.8688600786,1.064441666,0,0,27.77777778,inf
6.62,26.87718651,22.22222222,109.5316749,45.31577976,0.8556634231,1.048795139,0,0,27.77777778,inf
6.64,26.8978534,22.22222222,109.4383689,45.3467801,0.8426512465,1.033344602,0,0,27.77777778,inf
6.66,26.91821518,22.22222222,109.3446527,45.37732278,0.8298208768,1.018089133,0,0,27.77777778,inf
6.68,26.93827574,22.22222222,109.2505322,45.40741361,0.8171696839,1.003027673,0,0,27.77777778,inf
6.7,26.95803892,22.22222222,109.1560135,45.43705838,0.8046950795,0.9881590337,0,0,27.77777778,inf
6.72,26.97750856,22.22222222,109.0611025,45.46626283,0.7923945168,0.9734819174,0,0,27.77777778,inf
6.74,26.99668845,22.22222222,108.9658049,45.49503268,0.7802654902,0.9589949253,0,0,27.77777778,inf
6.76,27.01558239,22.22222222,108.8701267,45.52337358,0.7683055348,0.9446965705,0,0,27.77777778,inf
6.78,27.03419409,22.22222222,108.7740734,45.55129114,0.756512226,0.9305852877,0,0,27.77777778,inf
6.8,27.05252728,22.22222222,108.6776506,45.57879092,0.7448831791,0.9166594427,0,0,27.77777778,inf
6.82,27.07058563,22.22222222,108.5808639,45.60587844,0.7334160485,0.9029173416,0,0,27.77777778,inf
6.84,27.08837277,22.22222222,108.4837188,45.63255916,0.7221085269,0.8893572382,0,0,27.77777778,inf
6.86,27.10589232,22.22222222,108.3862206,45.65883848,0.7109583454,0.8759773413,0,0,27.77777778,inf
6.88,27.12314784,22.22222222,108.2883746,45.68472175,0.6999632719,0.8627758216,0,0,27.77777778,inf
6.9,27.14014285,22.22222222,108.1901861,45.71021428,0.6891211113,0.8497508176,0,0,27.77777778,inf
6.92,27.15688086,22.22222222,108.0916603,45.73532129,0.678429704,0.8369004411,0,0,27.77777778,inf
6.94,27.17336532,22.22222222,107.9928023,45.76004797,0.6678869259,0.8242227822,0,0,27.77777778,inf
6.96,27.18959963,22.22222222,107.8936171,45.78439945,0.6574906874,0.8117159137,0,0,27.77777778,inf
6.98,27.20558719,22.22222222,107.7941097,45.80838079,0.6472389326,0.7993778956,0,0,27.77777778,inf
7,27.22133133,22.22222222,107.694285,45.83199699,0.6371296387,0.7872067785,0,0,27.77777778,inf
7.02,27.23683534,22.22222222,107.5941477,45.85525301,0.6271608155,0.7752006073,0,0,27.77777778,inf
7.04,27.25210249,22.22222222,107.4937028,45.87815373,0.6173305045,0.763357424,0,0,27.77777778,inf
7.06,27.26713599,22.22222222,107.3929549,45.90070399,0.6076367782,0.7516752704,0,0,27.77777778,inf
7.08,27.28193904,22.22222222,107.2919086,45.92290856,0.5980777398,0.7401521911,0,0,27.77777778,inf
7.1,27.29651476,22.22222222,107.1905685,45.94477214,0.5886515222,0.728786235,0,0,27.77777778,inf
7.12,27.31086627,22.22222222,107.0889391,45.96629941,0.5793562873,0.7175754579,0,0,27.77777778,inf
7.14,27.32499663,22.22222222,106.9870249,45.98749495,0.5701902259,0.7065179243,0,0,27.77777778,inf
7.16,27.33890886,22.22222222,106.8848303,46.0083633,0.5611515564,0.6956117084,0,0,27.77777778,inf
7.18,27.35260596,22.22222222,106.7823596,46.02890894,0.5522385249,0.6848548963,0,0,27.77777778,inf
7.2,27.36609087,22.22222222,106.6796171,46.04913631,0.5434494042,0.6742455865,0,0,27.77777778,inf
7.22,27.37936651,22.22222222,106.5766069,46.06904977,0.5347824933,0.663781892,0,0,27.77777778,inf
7.24,27.39243575,22.22222222,106.4733334,46.08865363,0.526236117,0.6534619401,0,0,27.77777778,inf
7.26,27.40530143,22.22222222,106.3698004,46.10795214,0.5178086251,0.6432838742,0,0,27.77777778,inf
7.28,27.41796635,22.22222222,106.2660122,46.12694952,0.5094983923,0.6332458543,0,0,27.77777778,inf
7.3,27.43043327,22.22222222,106.1619727,46.1456499,0.5013038174,0.6233460573,0,0,27.77777778,inf
7.32,27.44270492,22.22222222,106.0576857,46.16405738,0.4932233229,0.6135826782,0,0,27.77777778,inf
7.34,27.454784,22.22222222,105.9531553,46.182176,0.4852553543,0.6039539297,0,0,27.77777778,inf
7.36,27.46667316,22.22222222,105.8483851,46.20000974,0.4773983803,0.5944580437,0,0,27.77777778,inf
7.38,27.47837503,22.22222222,105.7433791,46.21756254,0.4696508916,0.5850932706,0,0,27.77777778,inf
7.4,27.48989218,22.22222222,105.6381409,46.23483827,0.4620114009,0.5758578803,0,0,27.77777778,inf
7.42,27.50122719,22.22222222,105.5326741,46.25184078,0.4544784425,0.566750162,0,0,27.77777778,inf
7.44,27.51238255,22.22222222,105.4269825,46.26857383,0.4470505714,0.5577684244,0,0,27.77777778,inf
7.46,27.52336077,22.22222222,105.3210695,46.28504116,0.4397263638,0.5489109962,0,0,27.77777778,inf
7.48,27.5341643,22.22222222,105.2149387,46.30124645,0.4325044159,0.5401762256,0,0,27.77777778,inf
7.5,27.54479555,22.22222222,105.1085935,46.31719332,0.4253833438,0.5315624808,0,0,27.77777778,inf
7.52,27.55525691,22.22222222,105.0020375,46.33288537,0.4183617834,0.5230681498,0,0,27.77777778,inf
7.54,27.56555074,22.22222222,104.8952738,46.34832612,0.4114383898,0.5146916405,0,0,27.77777778,inf
7.56,27.57567937,22.22222222,104.788306,46.36351906,0.4046118367,0.5064313805,0,0,27.77777778,inf
7.58,27.58564509,22.22222222,104.6811372,46.37846763,0.3978808168,0.498285817,0,0,27.77777778,inf
7.6,27.59545016,22.22222222,104.5737707,46.39317524,0.3912440407,0.490253417,0,0,27.77777778,inf
7.62,27.60509681,22.22222222,104.4662096,46.40764522,0.3847002372,0.4823326669,0,0,27.77777778,inf
7.64,27.61458725,22.22222222,104.3584572,46.42188088,0.3782481526,0.4745220725,0,0,27.77777778,inf
7.66,27.62392365,22.22222222,104.2505166,46.43588548,0.3718865505,0.4668201589,0,0,27.77777778,inf
7.68,27.63310816,22.22222222,104.1423907,46.44966225,0.3656142117,0.4592254702,0,0,27.77777778,inf
7.7,27.6421429,22.22222222,104.0340826,46.46321434,0.3594299337,0.4517365695,0,0,27.77777778,inf
7.72,27.65102994,22.22222222,103.9255953,46.4765449,0.3533325305,0.4443520387,0,0,27.77777778,inf
7.74,27.65977135,22.22222222,103.8169318,46.48965702,0.3473208324,0.437070478,0,0,27.77777778,inf
7.76,27.66836916,22.22222222,103.7080948,46.50255373,0.3413936856,0.4298905064,0,0,27.77777778,inf
7.78,27.67682537,22.22222222,103.5990873,46.51523806,0.3355499522,0.4228107607,0,0,27.77777778,inf
7.8,27.68514197,22.22222222,103.4899121,46.52771295,0.3297885096,0.415829896,0,0,27.77777778,inf
7.82,27.6933209,22.22222222,103.3805719,46.53998135,0.3241082506,0.4089465851,0,0,27.77777778,inf
7.84,27.70136409,22.22222222,103.2710695,46.55204614,0.318508083,0.4021595184,0,0,27.77777778,inf
7.86,27.70927344,22.22222222,103.1614076,46.56391016,0.3129869292,0.3954674035,0,0,27.77777778,inf
7.88,27.71705082,22.22222222,103.0515888,46.57557623,0.3075437265,0.3888689656,0,0,27.77777778,inf
7.9,27.72469808,22.22222222,102.9416157,46.58704712,0.3021774264,0.3823629465,0,0,27.77777778,inf
7.92,27.73221704,22.22222222,102.831491,46.59832556,0.2968869943,0.3759481049,0,0,27.77777778,inf
7.94,27.7396095,22.22222222,102.7212172,46.60941426,0.29167141,0.369623216,0,0,27.77777778,inf
7.96,27.74687725,22.22222222,102.6107968,46.62031587,0.2865296666,0.3633870715,0,0,27.77777778,inf
7.98,27.75402201,22.22222222,102.5002322,46.63103302,0.281460771,0.3572384791,0,0,27.77777778,inf
8,27.76104554,22.22222222,102.389526,46.64156831,0.2764637433,0.3511762625,0,0,27.77777778,inf
8.02,27.76794953,22.22222222,102.2786805,46.65192429,0.2715376167,0.345199261,0,0,27.77777778,inf
8.04,27.77473565,22.22222222,102.1676981,46.66210348,0.2666814375,0.3393063294,0,0,27.77777778,inf
8.06,27.78140558,22.22222222,102.0565811,46.67210837,0.2618942646,0.3334963381,0,0,27.77777778,inf
8.08,27.78796094,22.22222222,101.9453319,46.68194141,0.2571751697,0.3277681722,0,0,27.77777778,inf
8.1,27.79440336,22.22222222,101.8339527,46.69160504,0.2525232366,0.322120732,0,0,27.77777778,inf
8.12,27.80073442,22.22222222,101.7224458,46.70110162,0.2479375616,0.3165529324,0,0,27.77777778,inf
8.14,27.80695569,22.22222222,101.6108133,46.71043353,0.2434172529,0.3110637027,0,0,27.77777778,inf
8.16,27.81306873,22.22222222,101.4990575,46.71960309,0.2389614306,0.3056519867,0,0,27.77777778,inf
8.18,27.81907506,22.22222222,101.3871805,46.7286126,0.2345692267,0.3003167422,0,0,27.77777778,inf
8.2,27.8249762,22.22222222,101.2751844,46.7374643,0.2302397846,0.295056941,0,0,27.77777778,inf
8.22,27.83077363,22.22222222,101.1630714,46.74616045,0.2259722592,0.2898715685,0,0,27.77777778,inf
8.24,27.83646883,22.22222222,101.0508434,46.75470324,0.2217658164,0.2847596237,0,0,27.77777778,inf
8.26,27.84206323,22.22222222,100.9385025,46.76309484,0.2176196335,0.2797201191,0,0,27.77777778,inf
8.28,27.84755827,22.22222222,100.8260508,46.77133741,0.2135328987,0.2747520803,0,0,27.77777778,inf
8.3,27.85295536,22.22222222,100.7134901,46.77943304,0.2095048107,0.2698545458,0,0,27.77777778,inf
8.32,27.85825589,22.22222222,100.6008224,46.78738384,0.2055345793,0.265026567,0,0,27.77777778,inf
8.34,27.86346124,22.22222222,100.4880497,46.79519186,0.2016214244,0.2602672079,0,0,27.77777778,inf
8.36,27.86857275,22.22222222,100.3751738,46.80285912,0.1977645765,0.2555755453,0,0,27.77777778,inf
8.38,27.87359176,22.22222222,100.2621966,46.81038764,0.1939632762,0.2509506678,0,0,27.77777778,inf
8.4,27.87851959,22.22222222,100.1491199,46.81777939,0.1902167742,0.2463916764,0,0,27.77777778,inf
8.42,27.88335755,22.22222222,100.0359456,46.82503632,0.1865243312,0.2418976843,0,0,27.77777778,inf
8.44,27.8881069,22.22222222,99.92267538,46.83216036,0.1828852176,0.237467816,0,0,27.77777778,inf
8.46,27.89276893,22.22222222,99.80931107,46.83915339,0.1792987137,0.2331012081,0,0,27.77777778,inf
8.48,27.89734487,22.22222222,99.69585437,46.8460173,0.175764109,0.2287970086,0,0,27.77777778,inf
8.5,27.90183596,22.22222222,99.58230701,46.85275394,0.1722807028,0.2245543766,0,0,27.77777778,inf
8.52,27.90624341,22.22222222,99.46867066,46.85936511,0.1688478034,0.2203724827,0,0,27.77777778,inf
8.54,27.91056842,22.22222222,99.35494699,46.86585262,0.1654647285,0.2162505084,0,0,27.77777778,inf
8.56,27.91481217,22.22222222,99.24113763,46.87221825,0.1621308046,0.212187646,0,0,27.77777778,inf
8.58,27.91897583,22.22222222,99.12724419,46.87846375,0.1588453674,0.2081830987,0,0,27.77777778,inf
8.6,27.92306055,22.22222222,99.01326827,46.88459083,0.1556077612,0.2042360802,0,0,27.77777778,inf
8.62,27.92706747,22.22222222,98.89921143,46.8906012,0.1524173391,0.2003458146,0,0,27.77777778,inf
8.64,27.9309977,22.22222222,98.78507523,46.89649655,0.1492734627,0.1965115366,0,0,27.77777778,inf
8.66,27.93485235,22.22222222,98.67086117,46.90227852,0.1461755021,0.1927324907,0,0,27.77777778,inf
8.68,27.93863251,22.22222222,98.55657077,46.90794876,0.1431228358,0.1890079316,0,0,27.77777778,inf
8.7,27.94233925,22.22222222,98.44220549,46.91350888,0.1401148506,0.1853371239,0,0,27.77777778,inf
8.72,27.94597364,22.22222222,98.32776681,46.91896046,0.1371509411,0.1817193421,0,0,27.77777778,inf
8.74,27.94953672,22.22222222,98.21325615,46.92430507,0.1342305104,0.17815387,0,0,27.77777778,inf
8.76,27.95302952,22.22222222,98.09867493,46.92954427,0.131352969,0.1746400012,0,0,27.77777778,inf
8.78,27.95645306,22.22222222,97.98402455,46.93467958,0.1285177358,0.1711770386,0,0,27.77777778,inf
8.8,27.95980834,22.22222222,97.86930638,46.93971251,0.1257242368,0.1677642944,0,0,27.77777778,inf
8.82,27.96309636,22.22222222,97.75452178,46.94464455,0.1229719061,0.1644010898,0,0,27.77777778,inf
8.84,27.9663181,22.22222222,97.63967208,46.94947715,0.120260185,0.1610867551,0,0,27.77777778,inf
8.86,27.96947451,22.22222222,97.5247586,46.95421177,0.1175885223,0.1578206295,0,0,27.77777778,inf
8.88,27.97256655,22.22222222,97.40978263,46.95884983,0.1149563741,0.1546020609,0,0,27.77777778,inf
8.9,27.97559516,22.22222222,97.29474546,46.96339274,0.1123632039,0.151430406,0,0,27.77777778,inf
8.92,27.97856126,22.22222222,97.17964834,46.96784189,0.109808482,0.1483050298,0,0,27.77777778,inf
8.94,27.98146577,22.22222222,97.06449251,46.97219865,0.1072916859,0.145225306,0,0,27.77777778,inf
8.96,27.98430958,22.22222222,96.9492792,46.97646437,0.1048123,0.1421906164,0,0,27.77777778,inf
8.98,27.98709359,22.22222222,96.83400962,46.98064038,0.1023698156,0.1392003511,0,0,27.77777778,inf
9,27.98981867,22.22222222,96.71868494,46.984728,0.09996373069,0.1362539082,0,0,27.77777778,inf
9.02,27.99248568,22.22222222,96.60330634,46.98872852,0.09759354986,0.133350694,0,0,27.77777778,inf
9.04,27.99509548,22.22222222,96.48787497,46.99264322,0.09525878437,0.1304901225,0,0,27.77777778,inf
9.06,27.99764891,22.22222222,96.37239197,46.99647337,0.09295895193,0.1276716154,0,0,27.77777778,inf
9.08,28.00014681,22.22222222,96.25685846,47.00022021,0.09069357666,0.1248946024,0,0,27.77777778,inf
9.1,28.00258998,22.22222222,96.14127554,47.00388496,0.08846218898,0.1221585203,0,0,27.77777778,inf
9.12,28.00497923,22.22222222,96.02564429,47.00746885,0.08626432557,0.1194628138,0,0,27.77777778,inf
9.14,28.00731537,22.22222222,95.90996579,47.01097306,0.08409952922,0.1168069347,0,0,27.77777778,inf
9.16,28.00959918,22.22222222,95.79424109,47.01439877,0.08196734884,0.1141903423,0,0,27.77777778,inf
9.18,28.01183143,22.22222222,95.67847123,47.01774714,0.07986733927,0.1116125028,0,0,27.77777778,inf
9.2,28.01401289,22.22222222,95.56265723,47.02101933,0.07779906132,0.1090728897,0,0,27.77777778,inf
9.22,28.01614431,22.22222222,95.4468001,47.02421646,0.07576208159,0.1065709835,0,0,27.77777778,inf
9.24,28.01822643,22.22222222,95.33090084,47.02733965,0.07375597246,0.1041062713,0,0,27.77777778,inf
9.26,28.02026,22.22222222,95.21496042,47.03038999,0.07178031198,0.1016782474,0,0,27.77777778,inf
9.28,28.02224572,22.22222222,95.0989798,47.03336859,0.0698346838,0.09928641258,0,0,27.77777778,inf
9.3,28.02418433,22.22222222,94.98295995,47.03627649,0.06791867712,0.09693027427,0,0,27.77777778,inf
9.32,28.02607652,22.22222222,94.86690178,47.03911477,0.06603188658,0.0946093465,0,0,27.77777778,inf
9.34,28.02792298,22.22222222,94.75080623,47.04188447,0.06417391221,0.09232314971,0,0,27.77777778,inf
9.36,28.0297244,22.22222222,94.6346742,47.04458661,0.06234435936,0.09007121071,0,0,27.77777778,inf
9.38,28.03148146,22.22222222,94.51850659,47.0472222,0.06054283864,0.0878530626,0,0,27.77777778,inf
9.4,28.03319483,22.22222222,94.40230427,47.04979224,0.0587689658,0.08566824468,0,0,27.77777778,inf
9.42,28.03486516,22.22222222,94.28606812,47.05229773,0.05702236174,0.08351630237,0,0,27.77777778,inf
9.44,28.03649309,22.22222222,94.16979898,47.05473964,0.05530265236,0.08139678712,0,0,27.77777778,inf
9.46,28.03807928,22.22222222,94.0534977,47.05711892,0.05360946857,0.07930925634,0,0,27.77777778,inf
9.48,28.03962434,22.22222222,93.93716511,47.05943651,0.05194244618,0.07725327332,0,0,27.77777778,inf
9.5,28.04112891,22.22222222,93.82080202,47.06169337,0.05030122582,0.07522840715,0,0,27.77777778,inf
9.52,28.0425936,22.22222222,93.70440924,47.06389039,0.04868545293,0.07323423264,0,0,27.77777778,inf
9.54,28.044019,22.22222222,93.58798756,47.0660285,0.04709477766,0.07127033026,0,0,27.77777778,inf
9.56,28.04540573,22.22222222,93.47153775,47.06810859,0.04552885481,0.06933628606,0,0,27.77777778,inf
9.58,28.04675436,22.22222222,93.3550606,47.07013154,0.04398734377,0.06743169156,0,0,27.77777778,inf
9.6,28.04806548,22.22222222,93.23855684,47.07209823,0.04246990848,0.06555614373,0,0,27.77777778,inf
9.62,28.04933967,22.22222222,93.12202724,47.0740095,0.04097621733,0.06370924491,0,0,27.77777778,inf
9.64,28.05057748,22.22222222,93.00547251,47.07586622,0.03950594316,0.06189060271,0,0,27.77777778,inf
9.66,28.05177948,22.22222222,92.88889338,47.07766922,0.03805876313,0.06009982994,0,0,27.77777778,inf
9.68,28.05294621,22.22222222,92.77229057,47.07941931,0.03663435872,0.0583365446,0,0,27.77777778,inf
9.7,28.05407822,22.22222222,92.65566477,47.08111732,0.03523241564,0.05660036973,0,0,27.77777778,inf
9.72,28.05517603,22.22222222,92.53901667,47.08276405,0.03385262381,0.0548909334,0,0,27.77777778,inf
9.74,28.05624019,22.22222222,92.42234696,47.08436029,0.03249467724,0.05320786863,0,0,27.77777778,inf
9.76,28.05727121,22.22222222,92.30565629,47.08590681,0.03115827407,0.05155081332,0,0,27.77777778,inf
9.78,28.0582696,22.22222222,92.18894532,47.08740439,0.02984311641,0.04991941018,0,0,27.77777778,inf
9.8,28.05923586,22.22222222,92.07221471,47.08885379,0.02854891039,0.04831330668,0,0,27.77777778,inf
9.82,28.06017051,22.22222222,91.95546509,47.09025576,0.02727536601,0.04673215498,0,0,27.77777778,inf
9.84,28.06107402,22.22222222,91.83869709,47.09161103,0.02602219718,0.04517561186,0,0,27.77777778,inf
9.86,28.06194688,22.22222222,91.72191133,47.09292033,0.02478912159,0.04364333869,0,0,27.77777778,inf
9.88,28.06278958,22.22222222,91.60510841,47.09418438,0.02357586072,0.04213500132,0,0,27.77777778,inf
9.9,28.06360259,22.22222222,91.48828893,47.09540389,0.02238213975,0.04065027007,0,0,27.77777778,inf
9.92,28.06438637,22.22222222,91.37145348,47.09657955,0.02120768753,0.03918881965,0,0,27.77777778,inf
9.94,28.06514137,22.22222222,91.25460265,47.09771206,0.02005223654,0.03775032908,0,0,27.77777778,inf
9.96,28.06586806,22.22222222,91.137737,47.09880209,0.0189155228,0.03633448167,0,0,27.77777778,inf
9.98,28.06656688,22.22222222,91.0208571,47.09985032,0.01779728589,0.03494096496,0,0,27.77777778,inf
10,28.06723827,22.22222222,90.90396349,47.10085741,0.01669726885,0.03356947064,0,0,27.77777778,inf
10.02,28.06788267,22.22222222,90.78705672,47.101824,0.01561521814,0.03221969449,0,0,27.77777778,inf
10.04,28.06850049,22.22222222,90.67013734,47.10275074,0.01455088362,0.03089133639,0,0,27.77777778,inf
10.06,28.06909217,22.22222222,90.55320586,47.10363826,0.01350401848,0.02958410016,0,0,27.77777778,inf
10.08,28.06965813,22.22222222,90.4362628,47.10448719,0.01247437923,0.02829769363,0,0,27.77777778,inf
10.1,28.07019876,22.22222222,90.31930867,47.10529815,0.0114617256,0.02703182848,0,0,27.77777778,inf
10.12,28.07071449,22.22222222,90.20234398,47.10607173,0.01046582056,0.02578622025,0,0,27.77777778,inf
10.14,28.0712057,22.22222222,90.08536923,47.10680855,0.00948643023,0.02456058827,0,0,27.77777778,inf
10.16,28.07167279,22.22222222,89.96838489,47.10750919,0.00852332386,0.02335465563,0,0,27.77777778,inf
10.18,28.07211616,22.22222222,89.85139144,47.10817424,0.007576273789,0.02216814909,0,0,27.77777778,inf
10.2,28.07253617,22.22222222,89.73438936,47.10880426,0.006645055397,0.02100079906,0,0,27.77777778,inf
10.22,28.07293322,22.22222222,89.61737911,47.10939983,0.005729447069,0.01985233957,0,0,27.77777778,inf
10.24,28.07330767,22.22222222,89.50036115,47.1099615,0.004829230154,0.01872250817,0,0,27.77777778,inf
10.26,28.07365989,22.22222222,89.38333592,47.11048984,0.003944188928,0.01761104593,0,0,27.77777778,inf
10.28,28.07399024,22.22222222,89.26630386,47.11098537,0.003074110552,0.01651769737,0,0,27.77777778,inf
10.3,28.07429909,22.22222222,89.14926541,47.11144863,0.002218785037,0.01544221042,0,0,27.77777778,inf
10.32,28.07458678,22.22222222,89.032221,47.11188016,0.001378005202,0.01438433639,0,0,27.77777778,inf
10.34,28.07485365,22.22222222,88.91517104,47.11228048,0.0005515666437,0.0133438299,0,0,27.77777778,inf
10.36,28.07510006,22.22222222,88.79811594,47.11265009,-0.000260732306,0.01232044884,0,0,27.77777778,inf
10.38,28.07532634,22.22222222,88.68105613,47.11298951,-0.001059090614,0.01131395435,0,0,27.77777778,inf
10.4,28.07553282,22.22222222,88.56399198,47.11329923,-0.00184370458,0.01032411075,0,0,27.77777778,inf
10.42,28.07571984,22.22222222,88.4469239,47.11357975,-0.002614767877,0.009350685523,0,0,27.77777778,inf
10.44,28.07588771,22.22222222,88.32985227,47.11383156,-0.003372471578,0.008393449251,0,0,27.77777778,inf
10.46,28.07603675,22.22222222,88.21277747,47.11405512,-0.004117004198,0.007452175585,0,0,27.77777778,inf
10.48,28.07616728,22.22222222,88.09569987,47.11425092,-0.004848551724,0.006526641202,0,0,27.77777778,inf
10.5,28.07627961,22.22222222,87.97861984,47.11441942,-0.005567297648,0.005616625768,0,0,27.77777778,inf
10.52,28.07637405,22.22222222,87.86153775,47.11456108,-0.006273423002,0.004721911895,0,0,27.77777778,inf
10.54,28.0764509,22.22222222,87.74445395,47.11467635,-0.006967106388,0.003842285103,0,0,27.77777778,inf
10.56,28.07651045,22.22222222,87.62736878,47.11476567,-0.007648524012,0.002977533784,0,0,27.77777778,inf
10.58,28.076553,22.22222222,87.51028259,47.1148295,-0.008317849716,0.00212744916,0,0,27.77777778,inf
10.6,28.07657883,22.22222222,87.39319571,47.11486825,-0.008975255007,0.00129182525,0,0,27.77777778,inf
10.62,28.07658824,22.22222222,87.27610849,47.11488236,-0.009620909092,0.0004704588293,0,0,27.77777778,inf
10.64,28.07658151,22.22222222,87.15902124,47.11487226,-0.0102549789,-0.0003368506044,0,0,27.77777778,inf
10.66,28.0765589,22.22222222,87.04193428,47.11483835,-0.01087762913,-0.001130300868,0,0,27.77777778,inf
10.68,28.0765207,22.22222222,86.92484792,47.11478105,-0.01148902225,-0.001910087129,0,0,27.77777778,inf
10.7,28.07646717,22.22222222,86.80776249,47.11470076,-0.01208931855,-0.002676401938,0,0,27.77777778,inf
10.72,28.07639858,22.22222222,86.69067828,47.11459787,-0.01267867619,-0.003429435267,0,0,27.77777778,inf
10.74,28.07631519,22.22222222,86.57359558,47.11447279,-0.01325725116,-0.004169374541,0,0,27.77777778,inf
10.76,28.07621727,22.22222222,86.4565147,47.1143259,-0.01382519739,-0.00489640467,0,0,27.77777778,inf
10.78,28.07610505,22.22222222,86.33943592,47.11415758,-0.01438266672,-0.005610708088,0,0,27.77777778,inf
10.8,28.0759788,22.22222222,86.22235953,47.1139682,-0.01492980896,-0.006312464779,0,0,27.77777778,inf
10.82,28.07583877,22.22222222,86.1052858,47.11375815,-0.01546677189,-0.007001852313,0,0,27.77777778,inf
10.84,28.07568518,22.22222222,85.988215,47.11352778,-0.0159937013,-0.007679045879,0,0,27.77777778,inf
10.86,28.0755183,22.22222222,85.87114741,47.11327745,-0.01651074104,-0.008344218313,0,0,27.77777778,inf
10.88,28.07533835,22.22222222,85.75408329,47.11300752,-0.01701803299,-0.008997540131,0,0,27.77777778,inf
10.9,28.07514557,22.22222222,85.6370229,47.11271835,-0.01751571715,-0.00963917956,0,0,27.77777778,inf
10.92,28.07494018,22.22222222,85.51996648,47.11241027,-0.01800393162,-0.01026930257,0,0,27.77777778,inf
10.94,28.07472242,22.22222222,85.4029143,47.11208363,-0.01848281263,-0.01088807289,0,0,27.77777778,inf
10.96,28.07449251,22.22222222,85.2858666,47.11173876,-0.01895249459,-0.01149565207,0,0,27.77777778,inf
10.98,28.07425066,22.22222222,85.16882361,47.11137599,-0.01941311009,-0.01209219947,0,0,27.77777778,inf
11,28.0739971,22.22222222,85.05178558,47.11099566,-0.01986478992,-0.01267787232,0,0,27.77777778,inf
11.02,28.07373205,22.22222222,84.93475273,47.11059807,-0.02030766313,-0.01325282573,0,0,27.77777778,inf
11.04,28.0734557,22.22222222,84.8177253,47.11018355,-0.02074185701,-0.01381721272,0,0,27.77777778,inf
11.06,28.07316828,22.22222222,84.7007035,47.10975242,-0.02116749715,-0.01437118427,0,0,27.77777778,inf
11.08,28.07286998,22.22222222,84.58368756,47.10930497,-0.02158470742,-0.0149148893,0,0,27.77777778,inf
11.1,28.07256101,22.22222222,84.4666777,47.10884152,-0.02199361003,-0.01544847475,0,0,27.77777778,inf
11.12,28.07224157,22.22222222,84.34967412,47.10836236,-0.02239432554,-0.01597208557,0,0,27.77777778,inf
11.14,28.07191185,22.22222222,84.23267703,47.10786778,-0.02278697288,-0.01648586477,0,0,27.77777778,inf
11.16,28.07157205,22.22222222,84.11568663,47.10735808,-0.02317166938,-0.01698995341,0,0,27.77777778,inf
11.18,28.07122236,22.22222222,83.99870313,47.10683355,-0.02354853076,-0.01748449069,0,0,27.77777778,inf
11.2,28.07086297,22.22222222,83.88172672,47.10629446,-0.02391767121,-0.0179696139,0,0,27.77777778,inf
11.22,28.07049406,22.22222222,83.7647576,47.10574109,-0.02427920335,-0.01844545848,0,0,27.77777778,inf
11.24,28.07011582,22.22222222,83.64779594,47.10517373,-0.02463323828,-0.01891215807,0,0,27.77777778,inf
11.26,28.06972842,22.22222222,83.53084195,47.10459263,-0.02497988559,-0.01936984449,0,0,27.77777778,inf
11.28,28.06933205,22.22222222,83.41389578,47.10399807,-0.02531925341,-0.01981864778,0,0,27.77777778,inf
11.3,28.06892688,22.22222222,83.29695764,47.10339031,-0.02565144839,-0.02025869623,0,0,27.77777778,inf
11.32,28.06851307,22.22222222,83.18002768,47.10276961,-0.02597657573,-0.0206901164,0,0,27.77777778,inf
11.34,28.06809081,22.22222222,83.06310609,47.10213622,-0.02629473921,-0.02111303315,0,0,27.77777778,inf
11.36,28.06766026,22.22222222,82.94619302,47.10149039,-0.02660604121,-0.02152756963,0,0,27.77777778,inf
11.38,28.06722158,22.22222222,82.82928865,47.10083238,-0.02691058271,-0.02193384736,0,0,27.77777778,inf
11.4,28.06677494,22.22222222,82.71239313,47.10016242,-0.02720846332,-0.02233198619,0,0,27.77777778,inf
11.42,28.0663205,22.22222222,82.59550662,47.09948075,-0.02749978132,-0.02272210436,0,0,27.77777778,inf
11.44,28.06585842,22.22222222,82.47862927,47.09878762,-0.02778463363,-0.02310431851,0,0,27.77777778,inf
11.46,28.06538884,22.22222222,82.36176125,47.09808326,-0.02806311587,-0.02347874372,0,0,27.77777778,inf
11.48,28.06491193,22.22222222,82.24490268,47.0973679,-0.02833532235,-0.02384549349,0,0,27.77777778,inf
11.5,28.06442784,22.22222222,82.12805373,47.09664176,-0.02860134611,-0.0242046798,0,0,27.77777778,inf
11.52,28.06393671,22.22222222,82.01121453,47.09590506,-0.02886127892,-0.02455641311,0,0,27.77777778,inf
11.54,28.06343869,22.22222222,81.89438522,47.09515804,-0.0291152113,-0.02490080237,0,0,27.77777778,inf
11.56,28.06293393,22.22222222,81.77756594,47.0944009,-0.02936323254,-0.02523795509,0,0,27.77777778,inf
11.58,28.06242258,22.22222222,81.66075682,47.09363386,-0.02960543073,-0.02556797728,0,0,27.77777778,inf
11.6,28.06190476,22.22222222,81.54395799,47.09285713,-0.02984189273,-0.02589097356,0,0,27.77777778,inf
11.62,28.06138061,22.22222222,81.42716958,47.09207092,-0.03007270425,-0.02620704709,0,0,27.77777778,inf
11.64,28.06085029,22.22222222,81.31039171,47.09127543,-0.03029794982,-0.02651629966,0,0,27.77777778,inf
11.66,28.06031391,22.22222222,81.19362452,47.09047087,-0.0305177128,-0.02681883168,0,0,27.77777778,inf
11.68,28.05977162,22.22222222,81.07686811,47.08965743,-0.03073207545,-0.02711474217,0,0,27.77777778,inf
11.7,28.05922353,22.22222222,80.9601226,47.0888353,-0.03094111889,-0.02740412883,0,0,27.77777778,inf
11.72,28.05866979,22.22222222,80.84338811,47.08800469,-0.03114492312,-0.02768708803,0,0,27.77777778,inf
11.74,28.05811052,22.22222222,80.72666475,47.08716578,-0.03134356708,-0.02796371484,0,0,27.77777778,inf
11.76,28.05754584,22.22222222,80.60995263,47.08631875,-0.0315371286,-0.02823410302,0,0,27.77777778,inf
11.78,28.05697587,22.22222222,80.49325186,47.0854638,-0.03172568447,-0.02849834507,0,0,27.77777778,inf
11.8,28.05640074,22.22222222,80.37656254,47.08460111,-0.03190931042,-0.02875653222,0,0,27.77777778,inf
11.82,28.05582056,22.22222222,80.25988477,47.08373085,-0.03208808116,-0.02900875448,0,0,27.77777778,inf
11.84,28.05523546,22.22222222,80.14321865,47.08285319,-0.03226207035,-0.02925510061,0,0,27.77777778,inf
11.86,28.05464555,22.22222222,80.02656429,47.08196832,-0.03243135068,-0.02949565819,0,0,27.77777778,inf
11.88,28.05405094,22.22222222,79.90992177,47.08107641,-0.03259599382,-0.02973051359,0,0,27.77777778,inf
11.9,28.05345174,22.22222222,79.79329118,47.08017762,-0.03275607046,-0.02995975201,0,0,27.77777778,inf
11.92,28.05284807,22.22222222,79.67667263,47.07927211,-0.03291165033,-0.03018345748,0,0,27.77777778,inf
11.94,28.05224004,22.22222222,79.56006619,47.07836006,-0.03306280221,-0.03040171291,0,0,27.77777778,inf
11.96,28.05162775,22.22222222,79.44347196,47.07744162,-0.03320959393,-0.03061460006,0,0,27.77777778,inf
11.98,28.0510113,22.22222222,79.32689001,47.07651696,-0.03335209238,-0.03082219956,0,0,27.77777778,inf
12,28.05039081,22.22222222,79.21032044,47.07558622,-0.03349036356,-0.03102459099,0,0,27.77777778,inf
12.02,28.04976638,22.22222222,79.09376331,47.07464956,-0.03362447254,-0.0312218528,0,0,27.77777778,inf
12.04,28.04913809,22.22222222,78.97721871,47.07370714,-0.03375448351,-0.03141406238,0,0,27.77777778,inf
12.06,28.04850607,22.22222222,78.86068671,47.0727591,-0.03388045977,-0.03160129607,0,0,27.77777778,inf
12.08,28.0478704,22.22222222,78.74416739,47.07180559,-0.03400246376,-0.03178362916,0,0,27.77777778,inf
12.1,28.04723117,22.22222222,78.62766082,47.07084676,-0.03412055706,-0.03196113593,0,0,27.77777778,inf
12.12,28.04658849,22.22222222,78.51116707,47.06988274,-0.03423480039,-0.03213388962,0,0,27.77777778,inf
12.14,28.04594246,22.22222222,78.3946862,47.06891368,-0.03434525365,-0.03230196248,0,0,27.77777778,inf
12.16,28.04529315,22.22222222,78.27821829,47.06793972,-0.03445197591,-0.03246542578,0,0,27.77777778,inf
12.18,28.04464066,22.22222222,78.1617634,47.06696099,-0.03455502543,-0.03262434979,0,0,27.77777778,inf
12.2,28.04398508,22.22222222,78.04532159,47.06597763,-0.03465445967,-0.03277880384,0,0,27.77777778,inf
12.22,28.04332651,22.22222222,77.92889292,47.06498976,-0.03475033528,-0.0329288563,0,0,27.77777778,inf
12.24,28.04266502,22.22222222,77.81247744,47.06399752,-0.03484270817,-0.03307457462,0,0,27.77777778,inf
12.26,28.04200069,22.22222222,77.69607523,47.06300104,-0.03493163342,-0.03321602531,0,0,27.77777778,inf
12.28,28.04133363,22.22222222,77.57968633,47.06200044,-0.0350171654,-0.03335327396,0,0,27.77777778,inf
12.3,28.0406639,22.22222222,77.4633108,47.06099585,-0.03509935771,-0.03348638527,0,0,27.77777778,inf
12.32,28.03999159,22.22222222,77.34694869,47.05998739,-0.03517826321,-0.03361542307,0,0,27.77777778,inf
12.34,28.03931678,22.22222222,77.23060005,47.05897518,-0.03525393403,-0.03374045028,0,0,27.77777778,inf
12.36,28.03863955,22.22222222,77.11426493,47.05795933,-0.03532642158,-0.03386152898,0,0,27.77777778,inf
12.38,28.03795998,22.22222222,76.99794338,47.05693997,-0.03539577656,-0.03397872039,0,0,27.77777778,inf
12.4,28.03727814,22.22222222,76.88163545,47.05591721,-0.03546204896,-0.03409208488,0,0,27.77777778,inf
12.42,28.0365941,22.22222222,76.76534117,47.05489116,-0.0355252881,-0.03420168201,0,0,27.77777778,inf
12.44,28.03590795,22.22222222,76.64906059,47.05386193,-0.03558554258,-0.03430757049,0,0,27.77777778,inf
12.46,28.03521976,22.22222222,76.53279376,47.05282963,-0.03564286037,-0.03440980826,0,0,27.77777778,inf
12.48,28.03452959,22.22222222,76.41654071,47.05179438,-0.03569728874,-0.03450845243,0,0,27.77777778,inf
12.5,28.03383752,22.22222222,76.30030148,47.05075627,-0.03574887432,-0.03460355934,0,0,27.77777778,inf
12.52,28.03314361,22.22222222,76.18407612,47.04971542,-0.03579766309,-0.03469518453,0,0,27.77777778,inf
12.54,28.03244794,22.22222222,76.06786465,47.04867192,-0.03584370039,-0.03478338282,0,0,27.77777778,inf
12.56,28.03175058,22.22222222,75.9516671,47.04762587,-0.03588703093,-0.03486820822,0,0,27.77777778,inf
12.58,28.03105159,22.22222222,75.83548353,47.04657738,-0.0359276988,-0.03494971404,0,0,27.77777778,inf
12.6,28.03035103,22.22222222,75.71931395,47.04552654,-0.03596574748,-0.03502795282,0,0,27.77777778,inf
12.62,28.02964897,22.22222222,75.60315839,47.04447345,-0.03600121983,-0.03510297639,0,0,27.77777778,inf
12.64,28.02894547,22.22222222,75.48701689,47.04341821,-0.03603415812,-0.03517483587,0,0,27.77777778,inf
12.66,28.0282406,22.22222222,75.37088947,47.0423609,-0.03606460405,-0.03524358165,0,0,27.77777778,inf
12.68,28.02753441,22.22222222,75.25477617,47.04130162,-0.03609259872,-0.03530926344,0,0,27.77777778,inf
12.7,28.02682698,22.22222222,75.138677,47.04024046,-0.03611818265,-0.03537193026,0,0,27.77777778,inf
12.72,28.02611834,22.22222222,75.02259199,47.03917751,-0.0361413958,-0.03543163045,0,0,27.77777778,inf
12.74,28.02540857,22.22222222,74.90652117,47.03811286,-0.03616227758,-0.03548841168,0,0,27.77777778,inf
12.76,28.02469773,22.22222222,74.79046455,47.03704659,-0.03618086685,-0.03554232095,0,0,27.77777778,inf
12.78,28.02398586,22.22222222,74.67442216,47.03597879,-0.03619720192,-0.03559340463,0,0,27.77777778,inf
12.8,28.02327303,22.22222222,74.55839401,47.03490954,-0.03621132055,-0.03564170841,0,0,27.77777778,inf
12.82,28.02255928,22.22222222,74.44238013,47.03383892,-0.03622326,-0.03568727738,0,0,27.77777778,inf
12.84,28.02184468,22.22222222,74.32638054,47.03276702,-0.03623305698,-0.03573015599,0,0,27.77777778,inf
12.86,28.02112927,22.22222222,74.21039524,47.0316939,-0.03624074771,-0.03577038807,0,0,27.77777778,inf
12.88,28.02041311,22.22222222,74.09442426,47.03061966,-0.03624636788,-0.03580801684,0,0,27.77777778,inf
12.9,28.01969625,22.22222222,73.97846761,47.02954437,-0.0362499527,-0.03584308492,0,0,27.77777778,inf
12.92,28.01897873,22.22222222,73.86252531,47.0284681,-0.03625153686,-0.03587563434,0,0,27.77777778,inf
12.94,28.01826062,22.22222222,73.74659736,47.02739093,-0.03625115458,-0.03590570655,0,0,27.77777778,inf
12.96,28.01754195,22.22222222,73.63068378,47.02631293,-0.03624883961,-0.03593334239,0,0,27.77777778,inf
12.98,28.01682278,22.22222222,73.51478457,47.02523417,-0.03624462519,-0.03595858217,0,0,27.77777778,inf
13,28.01610315,22.22222222,73.39889976,47.02415473,-0.03623854412,-0.03598146561,0,0,27.77777778,inf
13.02,28.01538311,22.22222222,73.28302934,47.02307467,-0.03623062873,-0.03600203189,0,0,27.77777778,inf
13.04,28.01466271,22.22222222,73.16717333,47.02199406,-0.03622091089,-0.03602031964,0,0,27.77777778,inf
13.06,28.01394198,22.22222222,73.05133173,47.02091297,-0.03620942202,-0.03603636694,0,0,27.77777778,inf
13.08,28.01322097,22.22222222,72.93550454,47.01983146,-0.0361961931,-0.03605021134,0,0,27.77777778,inf
13.1,28.01249974,22.22222222,72.81969178,47.0187496,-0.03618125467,-0.03606188988,0,0,27.77777778,inf
13.12,28.01177831,22.22222222,72.70389344,47.01766746,-0.03616463684,-0.03607143907,0,0,27.77777778,inf
13.14,28.01105673,22.22222222,72.58810954,47.01658509,-0.03614636929,-0.03607889489,0,0,27.77777778,inf
13.16,28.01033504,22.22222222,72.47234006,47.01550257,-0.03612648128,-0.03608429284,0,0,27.77777778,inf
13.18,28.00961329,22.22222222,72.35658502,47.01441994,-0.03610500167,-0.03608766792,0,0,27.77777778,inf
13.2,28.00889151,22.22222222,72.24084442,47.01333726,-0.03608195888,-0.03608905462,0,0,27.77777778,inf
13.22,28.00816974,22.22222222,72.12511825,47.01225461,-0.03605738095,-0.03608848696,0,0,27.77777778,inf
13.24,28.00744802,22.22222222,72.00940652,47.01117203,-0.03603129551,-0.03608599848,0,0,27.77777778,inf
13.26,28.00672639,22.22222222,71.89370922,47.01008958,-0.0360037298,-0.03608162224,0,0,27.77777778,inf
13.28,28.00600488,22.22222222,71.77802635,47.00900732,-0.03597471069,-0.03607539084,0,0,27.77777778,inf
13.3,28.00528353,22.22222222,71.66235791,47.0079253,-0.03594426463,-0.03606733643,0,0,27.77777778,inf
13.32,28.00456238,22.22222222,71.5467039,47.00684357,-0.03591241773,-0.03605749069,0,0,27.77777778,inf
13.34,28.00384147,22.22222222,71.4310643,47.0057622,-0.0358791957,-0.03604588485,0,0,27.77777778,inf
13.36,28.00312081,22.22222222,71.31543912,47.00468122,-0.03584462389,-0.03603254972,0,0,27.77777778,inf
13.38,28.00240046,22.22222222,71.19982836,47.0036007,-0.0358087273,-0.03601751565,0,0,27.77777778,inf
13.4,28.00168045,22.22222222,71.08423199,47.00252067,-0.03577153057,-0.03600081258,0,0,27.77777778,inf
13.42,28.0009608,22.22222222,70.96865002,47.0014412,-0.03573305796,-0.03598247002,0,0,27.77777778,inf
13.44,28.00024155,22.22222222,70.85308244,47.00036232,-0.03569333342,-0.03596251706,0,0,27.77777778,inf
13.46,27.99952273,22.22222222,70.73752925,46.99928409,-0.03565238054,-0.03594098237,0,0,27.77777778,inf
13.48,27.99880437,22.22222222,70.62199042,46.99820656,-0.03561022255,-0.03591789422,0,0,27.77777778,inf
13.5,27.9980865,22.22222222,70.50646596,46.99712976,-0.03556688239,-0.03589328049,0,0,27.77777778,inf
13.52,27.99736916,22.22222222,70.39095584,46.99605374,-0.03552238264,-0.03586716864,0,0,27.77777778,inf
13.54,27.99665237,22.22222222,70.27546007,46.99497855,-0.03547674555,-0.03583958576,0,0,27.77777778,inf
13.56,27.99593616,22.22222222,70.15997863,46.99390424,-0.03542999307,-0.03581055854,0,0,27.77777778,inf
13.58,27.99522056,22.22222222,70.04451151,46.99283083,-0.03538214683,-0.0357801133,0,0,27.77777778,inf
13.6,27.99450559,22.22222222,69.92905869,46.99175839,-0.03533322813,-0.03574827599,0,0,27.77777778,inf
13.62,27.99379129,22.22222222,69.81362017,46.99068693,-0.03528325798,-0.03571507216,0,0,27.77777778,inf
13.64,27.99307768,22.22222222,69.69819592,46.98961652,-0.03523225708,-0.03568052702,0,0,27.77777778,inf
13.66,27.99236479,22.22222222,69.58278594,46.98854718,-0.03518024583,-0.03564466543,0,0,27.77777778,inf
13.68,27.99165264,22.22222222,69.46739021,46.98747895,-0.03512724433,-0.03560751186,0,0,27.77777778,inf
13.7,27.99094125,22.22222222,69.35200872,46.98641188,-0.0350732724,-0.03556909046,0,0,27.77777778,inf
13.72,27.99023066,22.22222222,69.23664144,46.985346,-0.03501834957,-0.03552942501,0,0,27.77777778,inf
13.74,27.98952089,22.22222222,69.12128837,46.98428134,-0.03496249506,-0.03548853898,0,0,27.77777778,inf
13.76,27.98881197,22.22222222,69.00594949,46.98321795,-0.03490572785,-0.03544645547,0,0,27.77777778,inf
13.78,27.9881039,22.22222222,68.89062477,46.98215585,-0.03484806663,-0.03540319726,0,0,27.77777778,inf
13.8,27.98739673,22.22222222,68.77531421,46.98109509,-0.03478952979,-0.03535878681,0,0,27.77777778,inf
13.82,27.98669046,22.22222222,68.66001778,46.98003569,-0.03473013548,-0.03531324624,0,0,27.77777778,inf
13.84,27.98598513,22.22222222,68.54473547,46.97897769,-0.0346699016,-0.03526659738,0,0,27.77777778,inf
13.86,27.98528075,22.22222222,68.42946726,46.97792113,-0.03460884574,-0.03521886172,0,0,27.77777778,inf
13.88,27.98457735,22.22222222,68.31421312,46.97686603,-0.03454698527,-0.03517006044,0,0,27.77777778,inf
13.9,27.98387495,22.22222222,68.19897304,46.97581242,-0.03448433729,-0.03512021443,0,0,27.77777778,inf
13.92,27.98317356,22.22222222,68.083747,46.97476034,-0.03442091866,-0.03506934426,0,0,27.77777778,inf
13.94,27.98247321,22.22222222,67.96853498,46.97370981,-0.03435674599,-0.03501747021,0,0,27.77777778,inf
13.96,27.98177392,22.22222222,67.85333695,46.97266088,-0.03429183562,-0.03496461227,0,0,27.77777778,inf
13.98,27.9810757,22.22222222,67.7381529,46.97161355,-0.03422620369,-0.03491079014,0,0,27.77777778,inf
14,27.98037858,22.22222222,67.6229828,46.97056787,-0.03415986607,-0.03485602322,0,0,27.77777778,inf
14.02,27.97968257,22.22222222,67.50782664,46.96952386,-0.03409283841,-0.03480033065,0,0,27.77777778,inf
14.04,27.9789877,22.22222222,67.39268438,46.96848155,-0.03402513613,-0.03474373127,0,0,27.77777778,inf
14.06,27.97829397,22.22222222,67.277556,46.96744096,-0.03395677442,-0.03468624366,0,0,27.77777778,inf
14.08,27.97760142,22.22222222,67.1624415,46.96640213,-0.03388776824,-0.03462788612,0,0,27.77777778,inf
14.1,27.97691004,22.22222222,67.04734082,46.96536507,-0.03381813232,-0.03456867669,0,0,27.77777778,inf
14.12,27.97621987,22.22222222,66.93225397,46.96432981,-0.0337478812,-0.03450863314,0,0,27.77777778,inf
14.14,27.97553092,22.22222222,66.81718091,46.96329637,-0.03367702918,-0.03444777299,0,0,27.77777778,inf
14.16,27.97484319,22.22222222,66.70212161,46.96226479,-0.03360559034,-0.03438611348,0,0,27.77777778,inf
14.18,27.97415672,22.22222222,66.58707606,46.96123508,-0.03353357858,-0.03432367163,0,0,27.77777778,inf
14.2,27.97347151,22.22222222,66.47204422,46.96020727,-0.03346100757,-0.03426046419,0,0,27.77777778,inf
14.22,27.97278758,22.22222222,66.35702607,46.95918137,-0.03338789077,-0.03419650766,0,0,27.77777778,inf
14.24,27.97210494,22.22222222,66.24202159,46.95815742,-0.03331424146,-0.03413181831,0,0,27.77777778,inf
14.26,27.97142362,22.22222222,66.12703075,46.95713542,-0.03324007271,-0.03406641216,0,0,27.77777778,inf
14.28,27.97074361,22.22222222,66.01205352,46.95611541,-0.03316539738,-0.034000305,0,0,27.77777778,inf
14.3,27.97006494,22.22222222,65.89708988,46.95509741,-0.03309022816,-0.03393351239,0,0,27.77777778,inf
14.32,27.96938762,22.22222222,65.7821398,46.95408143,-0.03301457755,-0.03386604965,0,0,27.77777778,inf
14.34,27.96871166,22.22222222,65.66720325,46.95306749,-0.03293845783,-0.03379793189,0,0,27.77777778,inf
14.36,27.96803708,22.22222222,65.55228021,46.95205561,-0.03286188112,-0.03372917396,0,0,27.77777778,inf
14.38,27.96736388,22.22222222,65.43737064,46.95104582,-0.03278485936,-0.03365979053,0,0,27.77777778,inf
14.4,27.96669208,22.22222222,65.32247453,46.95003813,-0.0327074043,-0.03358979604,0,0,27.77777778,inf
14.42,27.9660217,22.22222222,65.20759183,46.94903255,-0.0326295275,-0.0335192047,0,0,27.77777778,inf
14.44,27.96535274,22.22222222,65.09272253,46.94802911,-0.03255124037,-0.03344803053,0,0,27.77777778,inf
14.46,27.96468521,22.22222222,64.9778666,46.94702782,-0.03247255412,-0.03337628731,0,0,27.77777778,inf
14.48,27.96401913,22.22222222,64.863024,46.9460287,-0.03239347982,-0.03330398866,0,0,27.77777778,inf
14.5,27.96335451,22.22222222,64.74819471,46.94503177,-0.03231402833,-0.03323114795,0,0,27.77777778,inf
14.52,27.96269136,22.22222222,64.63337869,46.94403703,-0.03223421039,-0.03315777838,0,0,27.77777778,inf
14.54,27.96202968,22.22222222,64.51857593,46.94304452,-0.03215403654,-0.03308389294,0,0,27.77777778,inf
14.56,27.96136949,22.22222222,64.40378638,46.94205423,-0.03207351717,-0.03300950443,0,0,27.77777778,inf
14.58,27.9607108,22.22222222,64.28901002,46.94106619,-0.03199266251,-0.03293462545,0,0,27.77777778,inf
14.6,27.96005361,22.22222222,64.17424682,46.94008042,-0.03191148265,-0.03285926841,0,0,27.77777778,inf
14.62,27.95939794,22.22222222,64.05949675,46.93909691,-0.03182998749,-0.03278344555,0,0,27.77777778,inf
14.64,27.9587438,22.22222222,63.94475978,46.9381157,-0.0317481868,-0.03270716891,0,0,27.77777778,inf
14.66,27.95809119,22.22222222,63.83003587,46.93713678,-0.0316660902,-0.03263045034,0,0,27.77777778,inf
14.68,27.95744012,22.22222222,63.715325,46.93616018,-0.03158370715,-0.03255330153,0,0,27.77777778,inf
14.7,27.95679061,22.22222222,63.60062714,46.93518591,-0.03150104697,-0.03247573398,0,0,27.77777778,inf
14.72,27.95614265,22.22222222,63.48594225,46.93421398,-0.03141811883,-0.03239775902,0,0,27.77777778,inf
14.74,27.95549627,22.22222222,63.37127031,46.9332444,-0.03133493176,-0.0323193878,0,0,27.77777778,inf
14.76,27.95485145,22.22222222,63.25661128,46.93227718,-0.03125149466,-0.03224063132,0,0,27.77777778,inf
14.78,27.95420822,22.22222222,63.14196512,46.93131233,-0.03116781627,-0.03216150039,0,0,27.77777778,inf
14.8,27.95356658,22.22222222,63.02733182,46.93034987,-0.0310839052,-0.03208200566,0,0,27.77777778,inf
14.82,27.95292654,22.22222222,62.91271133,46.92938981,-0.03099976994,-0.03200215762,0,0,27.77777778,inf
14.84,27.9522881,22.22222222,62.79810363,46.92843215,-0.03091541883,-0.03192196661,0,0,27.77777778,inf
14.86,27.95165127,22.22222222,62.68350868,46.92747691,-0.03083086008,-0.03184144278,0,0,27.77777778,inf
14.88,27.95101606,22.22222222,62.56892645,46.92652409,-0.03074610177,-0.03176059617,0,0,27.77777778,inf
14.9,27.95038247,22.22222222,62.45435691,46.92557371,-0.03066115186,-0.03167943662,0,0,27.77777778,inf
14.92,27.94975051,22.22222222,62.33980003,46.92462577,-0.03057601818,-0.03159797384,0,0,27.77777778,inf
14.94,27.94912019,22.22222222,62.22525576,46.92368028,-0.03049070844,-0.03151621738,0,0,27.77777778,inf
14.96,27.9484915,22.22222222,62.11072409,46.92273725,-0.03040523022,-0.03143417667,0,0,27.77777778,inf
14.98,27.94786447,22.22222222,61.99620498,46.9217967,-0.03031959097,-0.03135186095,0,0,27.77777778,inf
15,27.94723908,22.22222222,61.88169839,46.92085862,-0.03023379804,-0.03126927935,0,0,27.77777778,inf
15.02,27.94661535,22.22222222,61.76720429,46.91992303,-0.03014785865,-0.03118644085,0,0,27.77777778,inf
15.04,27.94599328,22.22222222,61.65272264,46.91898993,-0.03006177992,-0.03110335427,0,0,27.77777778,inf
15.06,27.94537288,22.22222222,61.53825343,46.91805933,-0.02997556884,-0.03102002832,0,0,27.77777778,inf
15.08,27.94475415,22.22222222,61.4237966,46.91713123,-0.02988923228,-0.03093647157,0,0,27.77777778,inf
15.1,27.9441371,22.22222222,61.30935213,46.91620565,-0.02980277702,-0.03085269242,0,0,27.77777778,inf
15.12,27.94352173,22.22222222,61.19491999,46.91528259,-0.02971620972,-0.03076869919,0,0,27.77777778,inf
15.14,27.94290804,22.22222222,61.08050014,46.91436205,-0.02962953693,-0.03068450003,0,0,27.77777778,inf
15.16,27.94229603,22.22222222,60.96609254,46.91344405,-0.02954276509,-0.03060010298,0,0,27.77777778,inf
15.18,27.94168572,22.22222222,60.85169717,46.91252859,-0.02945590054,-0.03051551595,0,0,27.77777778,inf
15.2,27.94107711,22.22222222,60.73731398,46.91161566,-0.02936894953,-0.03043074672,0,0,27.77777778,inf
15.22,27.94047019,22.22222222,60.62294295,46.91070529,-0.02928191818,-0.03034580294,0,0,27.77777778,inf
15.24,27.93986498,22.22222222,60.50858405,46.90979747,-0.02919481253,-0.03026069216,0,0,27.77777778,inf
15.26,27.93926147,22.22222222,60.39423723,46.90889221,-0.0291076385,-0.03017542179,0,0,27.77777778,inf
15.28,27.93865967,22.22222222,60.27990246,46.90798951,-0.02902040195,-0.03008999913,0,0,27.77777778,inf
15.3,27.93805958,22.22222222,60.16557971,46.90708937,-0.0289331086,-0.03000443135,0,0,27.77777778,inf
15.32,27.93746121,22.22222222,60.05126895,46.90619181,-0.0288457641,-0.02991872553,0,0,27.77777778,inf
15.34,27.93686455,22.22222222,59.93697013,46.90529682,-0.028758374,-0.02983288862,0,0,27.77777778,inf
15.36,27.93626961,22.22222222,59.82268324,46.90440442,-0.02867094376,-0.02974692745,0,0,27.77777778,inf
15.38,27.93567639,22.22222222,59.70840822,46.90351459,-0.02858347873,-0.02966084875,0,0,27.77777778,inf
15.4,27.9350849,22.22222222,59.59414505,46.90262735,-0.0284959842,-0.02957465915,0,0,27.77777778,inf
15.42,27.93449513,22.22222222,59.4798937,46.9017427,-0.02840846536,-0.02948836516,0,0,27.77777778,inf
15.44,27.93390709,22.22222222,59.36565412,46.90086064,-0.02832092729,-0.02940197317,0,0,27.77777778,inf
15.46,27.93332078,22.22222222,59.25142629,46.89998118,-0.02823337502,-0.0293154895,0,0,27.77777778,inf
15.48,27.93273621,22.22222222,59.13721016,46.89910431,-0.02814581347,-0.02922892034,0,0,27.77777778,inf
15.5,27.93215336,22.22222222,59.02300571,46.89823004,-0.02805824748,-0.02914227179,0,0,27.77777778,inf
15.52,27.93157225,22.22222222,58.9088129,46.89735837,-0.02797068182,-0.02905554985,0,0,27.77777778,inf
15.54,27.93099287,22.22222222,58.79463169,46.89648931,-0.02788312116,-0.02896876041,0,0,27.77777778,inf
15.56,27.93041524,22.22222222,58.68046205,46.89562285,-0.0277955701,-0.02888190927,0,0,27.77777778,inf
15.58,27.92983934,22.22222222,58.56630395,46.894759,-0.02770803316,-0.02879500213,0,0,27.77777778,inf
15.6,27.92926518,22.22222222,58.45215735,46.89389776,-0.02762051478,-0.02870804461,0,0,27.77777778,inf
15.62,27.92869275,22.22222222,58.33802222,46.89303913,-0.02753301932,-0.02862104223,0,0,27.77777778,inf
15.64,27.92812207,22.22222222,58.22389851,46.89218311,-0.02744555108,-0.02853400039,0,0,27.77777778,inf
15.66,27.92755314,22.22222222,58.10978621,46.8913297,-0.02735811426,-0.02844692445,0,0,27.77777778,inf
15.68,27.92698594,22.22222222,57.99568526,46.89047891,-0.02727071301,-0.02835981963,0,0,27.77777778,inf
15.7,27.92642049,22.22222222,57.88159564,46.88963073,-0.02718335138,-0.0282726911,0,0,27.77777778,inf
15.72,27.92585678,22.22222222,57.76751731,46.88878516,-0.02709603338,-0.02818554393,0,0,27.77777778,inf
15.74,27.92529481,22.22222222,57.65345024,46.88794221,-0.02700876293,-0.02809838308,0,0,27.77777778,inf
15.76,27.92473458,22.22222222,57.53939439,46.88710187,-0.02692154387,-0.02801121347,0,0,27.77777778,inf
15.78,27.9241761,22.22222222,57.42534973,46.88626415,-0.02683438,-0.0279240399,0,0,27.77777778,inf
15.8,27.92361936,22.22222222,57.31131622,46.88542905,-0.02674727502,-0.02783686711,0,0,27.77777778,inf
15.82,27.92306437,22.22222222,57.19729382,46.88459656,-0.0266602326,-0.02774969974,0,0,27.77777778,inf
15.84,27.92251112,22.22222222,57.08328251,46.88376668,-0.02657325632,-0.02766254237,0,0,27.77777778,inf
15.86,27.92195961,22.22222222,56.96928225,46.88293942,-0.02648634968,-0.02757539949,0,0,27.77777778,inf
15.88,27.92140985,22.22222222,56.855293,46.88211477,-0.02639951616,-0.0274882755,0,0,27.77777778,inf
15.9,27.92086182,22.22222222,56.74131473,46.88129273,-0.02631275913,-0.02740117476,0,0,27.77777778,inf
15.92,27.92031554,22.22222222,56.6273474,46.88047331,-0.02622608194,-0.02731410151,0,0,27.77777778,inf
15.94,27.919771,22.22222222,56.51339098,46.8796565,-0.02613948784,-0.02722705994,0,0,27.77777778,inf
15.96,27.9192282,22.22222222,56.39944543,46.8788423,-0.02605298005,-0.02714005417,0,0,27.77777778,inf
15.98,27.91868714,22.22222222,56.28551072,46.87803071,-0.02596656171,-0.02705308824,0,0,27.77777778,inf
16,27.91814781,22.22222222,56.17158682,46.87722172,-0.02588023591,-0.02696616612,0,0,27.77777778,inf
16.02,27.91761023,22.22222222,56.05767368,46.87641534,-0.02579400569,-0.0268792917,0,0,27.77777778,inf
16.04,27.91707438,22.22222222,55.94377128,46.87561157,-0.02570787402,-0.02679246882,0,0,27.77777778,inf
16.06,27.91654026,22.22222222,55.82987958,46.8748104,-0.02562184381,-0.02670570124,0,0,27.77777778,inf
16.08,27.91600788,22.22222222,55.71599854,46.87401183,-0.02553591793,-0.02661899264,0,0,27.77777778,inf
16.1,27.91547724,22.22222222,55.60212813,46.87321586,-0.02545009919,-0.02653234667,0,0,27.77777778,inf
16.12,27.91494832,22.22222222,55.48826832,46.87242248,-0.02536439034,-0.02644576687,0,0,27.77777778,inf
16.14,27.91442114,22.22222222,55.37441907,46.87163171,-0.02527879408,-0.02635925675,0,0,27.77777778,inf
16.16,27.91389568,22.22222222,55.26058035,46.87084352,-0.02519331307,-0.02627281973,0,0,27.77777778,inf
16.18,27.91337195,22.22222222,55.14675212,46.87005793,-0.02510794989,-0.0261864592,0,0,27.77777778,inf
16.2,27.91284995,22.22222222,55.03293434,46.86927492,-0.02502270709,-0.02610017846,0,0,27.77777778,inf
16.22,27.91232967,22.22222222,54.91912699,46.8684945,-0.02493758717,-0.02601398075,0,0,27.77777778,inf
16.24,27.91181111,22.22222222,54.80533003,46.86771667,-0.02485259258,-0.02592786926,0,0,27.77777778,inf
16.26,27.91129427,22.22222222,54.69154342,46.86694141,-0.02476772572,-0.02584184713,0,0,27.77777778,inf
16.28,27.91077916,22.22222222,54.57776713,46.86616873,-0.02468298893,-0.02575591741,0,0,27.77777778,inf
16.3,27.91026575,22.22222222,54.46400112,46.86539863,-0.02459838451,-0.02567008313,0,0,27.77777778,inf
16.32,27.90975407,22.22222222,54.35024537,46.8646311,-0.02451391473,-0.02558434724,0,0,27.77777778,inf
16.34,27.90924409,22.22222222,54.23649983,46.86386614,-0.0244295818,-0.02549871264,0,0,27.77777778,inf
16.36,27.90873583,22.22222222,54.12276448,46.86310374,-0.02434538787,-0.02541318218,0,0,27.77777778,inf
16.38,27.90822927,22.22222222,54.00903927,46.86234391,-0.02426133508,-0.02532775863,0,0,27.77777778,inf
16.4,27.90772443,22.22222222,53.89532418,46.86158664,-0.02417742549,-0.02524244475,0,0,27.77777778,inf
16.42,27.90722128,22.22222222,53.78161917,46.86083192,-0.02409366114,-0.02515724321,0,0,27.77777778,inf
16.44,27.90671984,22.22222222,53.6679242,46.86007976,-0.02401004403,-0.02507215664,0,0,27.77777778,inf
16.46,27.90622009,22.22222222,53.55423924,46.85933014,-0.02392657609,-0.02498718763,0,0,27.77777778,inf
16.48,27.90572205,22.22222222,53.44056427,46.85858307,-0.02384325925,-0.02490233871,0,0,27.77777778,inf
16.5,27.90522569,22.22222222,53.32689923,46.85783854,-0.02376009535,-0.02481761235,0,0,27.77777778,inf
16.52,27.90473103,22.22222222,53.21324411,46.85709655,-0.02367708624,-0.02473301099,0,0,27.77777778,inf
16.54,27.90423806,22.22222222,53.09959887,46.8563571,-0.02359423369,-0.02464853701,0,0,27.77777778,inf
16.56,27.90374678,22.22222222,52.98596346,46.85562017,-0.02351153947,-0.02456419275,0,0,27.77777778,inf
16.58,27.90325718,22.22222222,52.87233787,46.85488577,-0.02342900526,-0.02447998048,0,0,27.77777778,inf
16.6,27.90276926,22.22222222,52.75872205,46.85415389,-0.02334663276,-0.02439590247,0,0,27.77777778,inf
16.62,27.90228302,22.22222222,52.64511597,46.85342453,-0.02326442358,-0.02431196089,0,0,27.77777778,inf
16.64,27.90179846,22.22222222,52.5315196,46.85269769,-0.02318237933,-0.0242281579,0,0,27.77777778,inf
16.66,27.90131557,22.22222222,52.4179329,46.85197335,-0.02310050157,-0.02414449562,0,0,27.77777778,inf
16.68,27.90083435,22.22222222,52.30435585,46.85125153,-0.02301879183,-0.0240609761,0,0,27.77777778,inf
16.7,27.9003548,22.22222222,52.1907884,46.8505322,-0.02293725159,-0.02397760135,0,0,27.77777778,inf
16.72,27.89987691,22.22222222,52.07723053,46.84981537,-0.02285588232,-0.02389437337,0,0,27.77777778,inf
16.74,27.89940068,22.22222222,51.9636822,46.84910103,-0.02277468543,-0.02381129409,0,0,27.77777778,inf
16.76,27.89892612,22.22222222,51.85014337,46.84838918,-0.02269366231,-0.0237283654,0,0,27.77777778,inf
16.78,27.89845321,22.22222222,51.73661402,46.84767981,-0.02261281431,-0.02364558915,0,0,27.77777778,inf
16.8,27.89798195,22.22222222,51.62309412,46.84697292,-0.02253214277,-0.02356296716,0,0,27.77777778,inf
16.82,27.89751234,22.22222222,51.50958362,46.8462685,-0.02245164896,-0.02348050121,0,0,27.77777778,inf
16.84,27.89704437,22.22222222,51.39608249,46.84556656,-0.02237133416,-0.02339819303,0,0,27.77777778,inf
16.86,27.89657805,22.22222222,51.28259072,46.84486708,-0.02229119957,-0.02331604432,0,0,27.77777778,inf
16.88,27.89611337,22.22222222,51.16910825,46.84417006,-0.02221124642,-0.02323405674,0,0,27.77777778,inf
16.9,27.89565033,22.22222222,51.05563505,46.84347549,-0.02213147585,-0.02315223191,0,0,27.77777778,inf
16.92,27.89518891,22.22222222,50.9421711,46.84278337,-0.022051889,-0.02307057143,0,0,27.77777778,inf
16.94,27.89472913,22.22222222,50.82871637,46.8420937,-0.02197248699,-0.02298907684,0,0,27.77777778,inf
16.96,27.89427098,22.22222222,50.71527081,46.84140647,-0.0218932709,-0.02290774965,0,0,27.77777778,inf
16.98,27.89381445,22.22222222,50.6018344,46.84072167,-0.02181424176,-0.02282659135,0,0,27.77777778,inf
17,27.89335953,22.22222222,50.48840711,46.8400393,-0.02173540061,-0.02274560338,0,0,27.77777778,inf
17.02,27.89290624,22.22222222,50.37498889,46.83935936,-0.02165674844,-0.02266478716,0,0,27.77777778,inf
17.04,27.89245456,22.22222222,50.26157973,46.83868183,-0.02157828622,-0.02258414406,0,0,27.77777778,inf
17.06,27.89200448,22.22222222,50.14817958,46.83800672,-0.02150001488,-0.02250367543,0,0,27.77777778,inf
17.08,27.89155601,22.22222222,50.03478842,46.83733402,-0.02142193535,-0.02242338259,0,0,27.77777778,inf
17.1,27.89110915,22.22222222,49.92140622,46.83666372,-0.0213440485,-0.02234326681,0,0,27.77777778,inf
17.12,27.89066388,22.22222222,49.80803293,46.83599582,-0.02126635521,-0.02226332935,0,0,27.77777778,inf
17.14,27.89022021,22.22222222,49.69466853,46.83533032,-0.02118885631,-0.02218357142,0,0,27.77777778,inf
17.16,27.88977813,22.22222222,49.581313,46.8346672,-0.02111155262,-0.02210399421,0,0,27.77777778,inf
17.18,27.88933764,22.22222222,49.46796628,46.83400646,-0.02103444492,-0.02202459888,0,0,27.77777778,inf
17.2,27.88889873,22.22222222,49.35462836,46.8333481,-0.02095753397,-0.02194538656,0,0,27.77777778,inf
17.22,27.8884614,22.22222222,49.24129921,46.83269211,-0.02088082053,-0.02186635836,0,0,27.77777778,inf
17.24,27.88802565,22.22222222,49.12797878,46.83203848,-0.0208043053,-0.02178751533,0,0,27.77777778,inf
17.26,27.88759148,22.22222222,49.01466705,46.83138721,-0.02072798898,-0.02170885853,0,0,27.77777778,inf
17.28,27.88715887,22.22222222,48.90136399,46.8307383,-0.02065187224,-0.02163038896,0,0,27.77777778,inf
17.3,27.88672783,22.22222222,48.78806957,46.83009174,-0.02057595574,-0.02155210763,0,0,27.77777778,inf
17.32,27.88629835,22.22222222,48.67478375,46.82944752,-0.0205002401,-0.02147401548,0,0,27.77777778,inf
17.34,27.88587042,22.22222222,48.56150651,46.82880564,-0.02042472593,-0.02139611345,0,0,27.77777778,inf
17.36,27.88544406,22.22222222,48.44823781,46.82816608,-0.02034941381,-0.02131840244,0,0,27.77777778,inf
17.38,27.88501924,22.22222222,48.33497762,46.82752886,-0.02027430431,-0.02124088335,0,0,27.77777778,inf
17.4,27.88459597,22.22222222,48.22172591,46.82689395,-0.02019939797,-0.02116355703,0,0,27.77777778,inf
17.42,27.88417424,22.22222222,48.10848266,46.82626136,-0.02012469532,-0.02108642431,0,0,27.77777778,inf
17.44,27.88375405,22.22222222,47.99524782,46.82563107,-0.02005019686,-0.02100948599,0,0,27.77777778,inf
17.46,27.88333539,22.22222222,47.88202137,46.82500309,-0.01997590307,-0.02093274286,0,0,27.77777778,inf
17.48,27.88291827,22.22222222,47.76880328,46.82437741,-0.01990181443,-0.02085619567,0,0,27.77777778,inf
17.5,27.88250267,22.22222222,47.65559351,46.82375401,-0.01982793137,-0.02077984517,0,0,27.77777778,inf
17.52,27.8820886,22.22222222,47.54239204,46.8231329,-0.01975425432,-0.02070369207,0,0,27.77777778,inf
17.54,27.88167604,22.22222222,47.42919884,46.82251407,-0.0196807837,-0.02062773705,0,0,27.77777778,inf
17.56,27.88126501,22.22222222,47.31601387,46.82189751,-0.01960751989,-0.02055198078,0,0,27.77777778,inf
17.58,27.88085548,22.22222222,47.20283711,46.82128321,-0.01953446327,-0.02047642391,0,0,27.77777778,inf
17.6,27.88044746,22.22222222,47.08966853,46.82067118,-0.0194616142,-0.02040106706,0,0,27.77777778,inf
17.62,27.88004094,22.22222222,46.97650809,46.82006141,-0.019388973,-0.02032591083,0,0,27.77777778,inf
17.64,27.87963592,22.22222222,46.86335577,46.81945388,-0.01931654002,-0.0202509558,0,0,27.77777778,inf
17.66,27.87923239,22.22222222,46.75021153,46.81884859,-0.01924431554,-0.02017620254,0,0,27.77777778,inf
17.68,27.87883036,22.22222222,46.63707534,46.81824554,-0.01917229986,-0.02010165158,0,0,27.77777778,inf
17.7,27.87842981,22.22222222,46.52394719,46.81764472,-0.01910049325,-0.02002730344,0,0,27.77777778,inf
17.72,27.87803075,22.22222222,46.41082703,46.81704613,-0.01902889597,-0.01995315863,0,0,27.77777778,inf
17.74,27.87763317,22.22222222,46.29771483,46.81644975,-0.01895750826,-0.01987921761,0,0,27.77777778,inf
17.76,27.87723706,22.22222222,46.18461057,46.81585559,-0.01888633034,-0.01980548087,0,0,27.77777778,inf
17.78,27.87684242,22.22222222,46.07151422,46.81526363,-0.01881536243,-0.01973194882,0,0,27.77777778,inf
17.8,27.87644925,22.22222222,45.95842575,46.81467387,-0.01874460473,-0.01965862191,0,0,27.77777778,inf
17.82,27.87605754,22.22222222,45.84534513,46.8140863,-0.0186740574,-0.01958550054,0,0,27.77777778,inf
17.84,27.87566728,22.22222222,45.73227232,46.81350093,-0.01860372063,-0.01951258509,0,0,27.77777778,inf
17.86,27.87527849,22.22222222,45.61920731,46.81291773,-0.01853359455,-0.01943987593,0,0,27.77777778,inf
17.88,27.87489114,22.22222222,45.50615006,46.81233671,-0.01846367933,-0.01936737342,0,0,27.77777778,inf
17.9,27.87450524,22.22222222,45.39310054,46.81175786,-0.01839397506,-0.01929507789,0,0,27.77777778,inf
17.92,27.87412078,22.22222222,45.28005872,46.81118117,-0.01832448188,-0.01922298967,0,0,27.77777778,inf
17.94,27.87373776,22.22222222,45.16702458,46.81060663,-0.01825519987,-0.01915110904,0,0,27.77777778,inf
17.96,27.87335617,22.22222222,45.05399809,46.81003425,-0.01818612913,-0.01907943631,0,0,27.77777778,inf
17.98,27.87297601,22.22222222,44.94097921,46.80946401,-0.01811726972,-0.01900797174,0,0,27.77777778,inf
18,27.87259727,22.22222222,44.82796792,46.80889591,-0.01804862171,-0.01893671557,0,0,27.77777778,inf
18.02,27.87221996,22.22222222,44.71496419,46.80832994,-0.01798018515,-0.01886566807,0,0,27.77777778,inf
18.04,27.87184406,22.22222222,44.601968,46.8077661,-0.01791196006,-0.01879482943,0,0,27.77777778,inf
18.06,27.87146958,22.22222222,44.48897931,46.80720437,-0.01784394648,-0.01872419988,0,0,27.77777778,inf
18.08,27.8710965,22.22222222,44.37599809,46.80664476,-0.01777614442,-0.01865377961,0,0,27.77777778,inf
18.1,27.87072483,22.22222222,44.26302432,46.80608725,-0.01770855387,-0.0185835688,0,0,27.77777778,inf
18.12,27.87035456,22.22222222,44.15005797,46.80553184,-0.01764117483,-0.0185135676,0,0,27.77777778,inf
18.14,27.86998569,22.22222222,44.03709901,46.80497853,-0.01757400728,-0.01844377618,0,0,27.77777778,inf
18.16,27.8696182,22.22222222,43.92414742,46.8044273,-0.01750705117,-0.01837419467,0,0,27.77777778,inf
18.18,27.86925211,22.22222222,43.81120316,46.80387816,-0.01744030647,-0.01830482319,0,0,27.77777778,inf
18.2,27.86888739,22.22222222,43.69826621,46.80333109,-0.01737377313,-0.01823566185,0,0,27.77777778,inf
18.22,27.86852406,22.22222222,43.58533654,46.80278609,-0.01730745108,-0.01816671075,0,0,27.77777778,inf
18.24,27.8681621,22.22222222,43.47241412,46.80224315,-0.01724134025,-0.01809796998,0,0,27.77777778,inf
18.26,27.86780151,22.22222222,43.35949893,46.80170226,-0.01717544054,-0.0180294396,0,0,27.77777778,inf
18.28,27.86744229,22.22222222,43.24659094,46.80116343,-0.01710975187,-0.01796111968,0,0,27.77777778,inf
18.3,27.86708443,22.22222222,43.13369011,46.80062664,-0.01704427413,-0.01789301025,0,0,27.77777778,inf
18.32,27.86672792,22.22222222,43.02079644,46.80009189,-0.01697900722,-0.01782511136,0,0,27.77777778,inf
18.34,27.86637278,22.22222222,42.90790987,46.79955916,-0.01691395099,-0.01775742303,0,0,27.77777778,inf
18.36,27.86601898,22.22222222,42.7950304,46.79902847,-0.01684910533,-0.01768994527,0,0,27.77777778,inf
18.38,27.86566652,22.22222222,42.68215799,46.79849979,-0.01678447009,-0.01762267807,0,0,27.77777778,inf
18.4,27.86531541,22.22222222,42.56929261,46.79797312,-0.01672004513,-0.01755562143,0,0,27.77777778,inf
18.42,27.86496564,22.22222222,42.45643425,46.79744845,-0.01665583028,-0.01748877533,0,0,27.77777778,inf
18.44,27.86461719,22.22222222,42.34358286,46.79692579,-0.01659182537,-0.01742213973,0,0,27.77777778,inf
18.46,27.86427008,22.22222222,42.23073844,46.79640512,-0.01652803023,-0.01735571458,0,0,27.77777778,inf
18.48,27.86392429,22.22222222,42.11790094,46.79588643,-0.01646444469,-0.01728949983,0,0,27.77777778,inf
18.5,27.86357982,22.22222222,42.00507034,46.79536973,-0.01640106853,-0.01722349542,0,0,27.77777778,inf
18.52,27.86323667,22.22222222,41.89224662,46.794855,-0.01633790158,-0.01715770127,0,0,27.77777778,inf
18.54,27.86289482,22.22222222,41.77942975,46.79434223,-0.01627494361,-0.01709211729,0,0,27.77777778,inf
18.56,27.86255429,22.22222222,41.6666197,46.79383143,-0.01621219441,-0.0170267434,0,0,27.77777778,inf
18.58,27.86221506,22.22222222,41.55381645,46.79332258,-0.01614965376,-0.01696157948,0,0,27.77777778,inf
18.6,27.86187712,22.22222222,41.44101998,46.79281569,-0.01608732144,-0.01689662542,0,0,27.77777778,inf
18.62,27.86154049,22.22222222,41.32823025,46.79231073,-0.01602519719,-0.0168318811,0,0,27.77777778,inf
18.64,27.86120514,22.22222222,41.21544723,46.79180771,-0.01596328079,-0.01676734639,0,0,27.77777778,inf
18.66,27.86087108,22.22222222,41.10267092,46.79130662,-0.01590157197,-0.01670302114,0,0,27.77777778,inf
18.68,27.8605383,22.22222222,40.98990127,46.79080745,-0.01584007049,-0.01663890521,0,0,27.77777778,inf
18.7,27.8602068,22.22222222,40.87713826,46.7903102,-0.01577877607,-0.01657499843,0,0,27.77777778,inf
18.72,27.85987657,22.22222222,40.76438187,46.78981486,-0.01571768844,-0.01651130064,0,0,27.77777778,inf
18.74,27.85954762,22.22222222,40.65163207,46.78932143,-0.01565680733,-0.01644781167,0,0,27.77777778,inf
18.76,27.85921993,22.22222222,40.53888884,46.78882989,-0.01559613245,-0.01638453132,0,0,27.77777778,inf
18.78,27.8588935,22.22222222,40.42615215,46.78834025,-0.01553566352,-0.01632145941,0,0,27.77777778,inf
18.8,27.85856833,22.22222222,40.31342198,46.78785249,-0.01547540023,-0.01625859574,0,0,27.77777778,inf
18.82,27.85824441,22.22222222,40.2006983,46.78736661,-0.01541534229,-0.0161959401,0,0,27.77777778,inf
18.84,27.85792174,22.22222222,40.08798108,46.78688261,-0.01535548938,-0.01613349227,0,0,27.77777778,inf
18.86,27.85760031,22.22222222,39.9752703,46.78640047,-0.0152958412,-0.01607125204,0,0,27.77777778,inf
18.88,27.85728013,22.22222222,39.86256594,46.78592019,-0.01523639742,-0.01600921917,0,0,27.77777778,inf
18.9,27.85696118,22.22222222,39.74986797,46.78544177,-0.01517715772,-0.01594739343,0,0,27.77777778,inf
18.92,27.85664347,22.22222222,39.63717637,46.7849652,-0.01511812177,-0.01588577458,0,0,27.77777778,inf
18.94,27.85632698,22.22222222,39.52449111,46.78449047,-0.01505928924,-0.01582436235,0,0,27.77777778,inf
18.96,27.85601171,22.22222222,39.41181217,46.78401757,-0.01500065978,-0.0157631565,0,0,27.77777778,inf
18.98,27.85569767,22.22222222,39.29913952,46.78354651,-0.01494223305,-0.01570215676,0,0,27.77777778,inf
19,27.85538484,22.22222222,39.18647314,46.78307727,-0.0148840087,-0.01564136287,0,0,27.77777778,inf
19.02,27.85507323,22.22222222,39.073813,46.78260984,-0.01482598637,-0.01558077453,0,0,27.77777778,inf
19.04,27.85476282,22.22222222,38.96115909,46.78214423,-0.01476816571,-0.01552039148,0,0,27.77777778,inf
19.06,27.85445362,22.22222222,38.84851137,46.78168043,-0.01471054634,-0.01546021342,0,0,27.77777778,inf
19.08,27.85414561,22.22222222,38.73586982,46.78121842,-0.01465312791,-0.01540024005,0,0,27.77777778,inf
19.1,27.8538388,22.22222222,38.62323442,46.7807582,-0.01459591004,-0.01534047108,0,0,27.77777778,inf
19.12,27.85353318,22.22222222,38.51060514,46.78029978,-0.01453889234,-0.0152809062,0,0,27.77777778,inf
19.14,27.85322875,22.22222222,38.39798197,46.77984313,-0.01448207445,-0.01522154509,0,0,27.77777778,inf
19.16,27.85292551,22.22222222,38.28536487,46.77938826,-0.01442545597,-0.01516238744,0,0,27.77777778,inf
19.18,27.85262344,22.22222222,38.17275383,46.77893516,-0.0143690365,-0.01510343292,0,0,27.77777778,inf
19.2,27.85232254,22.22222222,38.06014881,46.77848382,-0.01431281567,-0.01504468121,0,0,27.77777778,inf
19.22,27.85202282,22.22222222,37.9475498,46.77803423,-0.01425679307,-0.01498613196,0,0,27.77777778,inf
19.24,27.85172427,22.22222222,37.83495677,46.7775864,-0.01420096829,-0.01492778485,0,0,27.77777778,inf
19.26,27.85142687,22.22222222,37.72236971,46.77714031,-0.01414534094,-0.01486963953,0,0,27.77777778,inf
19.28,27.85113064,22.22222222,37.60978858,46.77669596,-0.0140899106,-0.01481169564,0,0,27.77777778,inf
19.3,27.85083556,22.22222222,37.49721336,46.77625334,-0.01403467687,-0.01475395284,0,0,27.77777778,inf
19.32,27.85054163,22.22222222,37.38464403,46.77581245,-0.01397963931,-0.01469641076,0,0,27.77777778,inf
19.34,27.85024885,22.22222222,37.27208057,46.77537327,-0.01392479753,-0.01463906904,0,0,27.77777778,inf
19.36,27.84995721,22.22222222,37.15952296,46.77493582,-0.01387015109,-0.01458192732,0,0,27.77777778,inf
19.38,27.84966671,22.22222222,37.04697116,46.77450007,-0.01381569957,-0.01452498522,0,0,27.77777778,inf
19.4,27.84937735,22.22222222,36.93442516,46.77406602,-0.01376144253,-0.01446824237,0,0,27.77777778,inf
19.42,27.84908911,22.22222222,36.82188494,46.77363367,-0.01370737956,-0.01441169838,0,0,27.77777778,inf
19.44,27.84880201,22.22222222,36.70935048,46.77320301,-0.0136535102,-0.01435535288,0,0,27.77777778,inf
19.46,27.84851602,22.22222222,36.59682174,46.77277403,-0.01359983403,-0.01429920546,0,0,27.77777778,inf
19.48,27.84823116,22.22222222,36.48429871,46.77234673,-0.0135463506,-0.01424325575,0,0,27.77777778,inf
19.5,27.84794741,22.22222222,36.37178137,46.77192111,-0.01349305947,-0.01418750334,0,0,27.77777778,inf
19.52,27.84766477,22.22222222,36.2592697,46.77149715,-0.0134399602,-0.01413194783,0,0,27.77777778,inf
19.54,27.84738324,22.22222222,36.14676366,46.77107485,-0.01338705233,-0.01407658882,0,0,27.77777778,inf
19.56,27.84710281,22.22222222,36.03426324,46.77065421,-0.01333433542,-0.0140214259,0,0,27.77777778,inf
19.58,27.84682348,22.22222222,35.92176843,46.77023522,-0.013281809,-0.01396645866,0,0,27.77777778,inf
19.6,27.84654524,22.22222222,35.80927918,46.76981787,-0.01322947263,-0.01391168669,0,0,27.77777778,inf
19.62,27.8462681,22.22222222,35.69679549,46.76940215,-0.01317732585,-0.01385710956,0,0,27.77777778,inf
19.64,27.84599205,22.22222222,35.58431734,46.76898807,-0.01312536818,-0.01380272687,0,0,27.77777778,inf
19.66,27.84571708,22.22222222,35.47184469,46.76857562,-0.01307359918,-0.01374853817,0,0,27.77777778,inf
19.68,27.84544319,22.22222222,35.35937753,46.76816478,-0.01302201838,-0.01369454305,0,0,27.77777778,inf
19.7,27.84517037,22.22222222,35.24691584,46.76775556,-0.01297062531,-0.01364074108,0,0,27.77777778,inf
19.72,27.84489863,22.22222222,35.1344596,46.76734794,-0.01291941949,-0.01358713182,0,0,27.77777778,inf
19.74,27.84462795,22.22222222,35.02200877,46.76694193,-0.01286840046,-0.01353371483,0,0,27.77777778,inf
19.76,27.84435834,22.22222222,34.90956336,46.76653752,-0.01281756775,-0.01348048968,0,0,27.77777778,inf
19.78,27.8440898,22.22222222,34.79712332,46.76613469,-0.01276692088,-0.01342745593,0,0,27.77777778,inf
19.8,27.8438223,22.22222222,34.68468864,46.76573345,-0.01271645937,-0.01337461312,0,0,27.77777778,inf
19.82,27.84355586,22.22222222,34.5722593,46.7653338,-0.01266618275,-0.01332196082,0,0,27.77777778,inf
19.84,27.84329047,22.22222222,34.45983529,46.76493571,-0.01261609053,-0.01326949858,0,0,27.77777778,inf
19.86,27.84302613,22.22222222,34.34741656,46.76453919,-0.01256618224,-0.01321722593,0,0,27.77777778,inf
19.88,27.84276283,22.22222222,34.23500312,46.76414424,-0.01251645738,-0.01316514244,0,0,27.77777778,inf
19.9,27.84250056,22.22222222,34.12259493,46.76375084,-0.01246691548,-0.01311324763,0,0,27.77777778,inf
19.92,27.84223933,22.22222222,34.01019198,46.763359,-0.01241755604,-0.01306154106,0,0,27.77777778,inf
19.94,27.84197913,22.22222222,33.89779424,46.7629687,-0.01236837859,-0.01301002226,0,0,27.77777778,inf
19.96,27.84171996,22.22222222,33.78540169,46.76257993,-0.01231938263,-0.01295869077,0,0,27.77777778,inf
19.98,27.84146181,22.22222222,33.67301432,46.76219271,-0.01227056766,-0.01290754612,0,0,27.77777778,inf
20,27.84120467,22.22222222,33.5606321,46.76180701,-0.01222193321,-0.01285658784,0,0,27.77777778,inf
20.02,27.84094856,22.22222222,33.44825501,46.76142284,-0.01217347876,-0.01280581547,0,0,27.77777778,inf
20.04,27.84069345,22.22222222,33.33588303,46.76104018,-0.01212520384,-0.01275522853,0,0,27.77777778,inf
20.06,27.84043936,22.22222222,33.22351615,46.76065903,-0.01207710795,-0.01270482656,0,0,27.77777778,inf
20.08,27.84018626,22.22222222,33.11115434,46.7602794,-0.01202919058,-0.01265460907,0,0,27.77777778,inf
20.1,27.83993417,22.22222222,32.99879758,46.75990126,-0.01198145125,-0.01260457559,0,0,27.77777778,inf
20.12,27.83968308,22.22222222,32.88644585,46.75952462,-0.01193388945,-0.01255472564,0,0,27.77777778,inf
20.14,27.83943298,22.22222222,32.77409913,46.75914947,-0.01188650468,-0.01250505875,0,0,27.77777778,inf
20.16,27.83918387,22.22222222,32.66175741,46.7587758,-0.01183929645,-0.01245557442,0,0,27.77777778,inf
20.18,27.83893574,22.22222222,32.54942066,46.75840361,-0.01179226424,-0.01240627218,0,0,27.77777778,inf
20.2,27.8386886,22.22222222,32.43708886,46.7580329,-0.01174540757,-0.01235715155,0,0,27.77777778,inf
20.22,27.83844243,22.22222222,32.32476199,46.75766365,-0.01169872593,-0.01230821203,0,0,27.77777778,inf
20.24,27.83819724,22.22222222,32.21244004,46.75729587,-0.0116522188,-0.01225945314,0,0,27.77777778,inf
20.26,27.83795303,22.22222222,32.10012298,46.75692954,-0.0116058857,-0.0122108744,0,0,27.77777778,inf
20.28,27.83770978,22.22222222,31.9878108,46.75656467,-0.01155972611,-0.0121624753,0,0,27.77777778,inf
20.3,27.83746749,22.22222222,31.87550347,46.75620124,-0.01151373953,-0.01211425536,0,0,27.77777778,inf
20.32,27.83722617,22.22222222,31.76320098,46.75583925,-0.01146792546,-0.0120662141,0,0,27.77777778,inf
20.34,27.8369858,22.22222222,31.6509033,46.7554787,-0.01142228338,-0.01201835101,0,0,27.77777778,inf
20.36,27.83674639,22.22222222,31.53861042,46.75511958,-0.01137681278,-0.0119706656,0,0,27.77777778,inf
20.38,27.83650792,22.22222222,31.42632233,46.75476189,-0.01133151317,-0.01192315737,0,0,27.77777778,inf
20.4,27.83627041,22.22222222,31.31403899,46.75440561,-0.01128638403,-0.01187582584,0,0,27.77777778,inf
20.42,27.83603383,22.22222222,31.20176039,46.75405075,-0.01124142486,-0.01182867049,0,0,27.77777778,inf
20.44,27.8357982,22.22222222,31.08948651,46.7536973,-0.01119663514,-0.01178169084,0,0,27.77777778,inf
20.46,27.8355635,22.22222222,30.97721734,46.75334525,-0.01115201437,-0.01173488638,0,0,27.77777778,inf
20.48,27.83532974,22.22222222,30.86495285,46.75299461,-0.01110756203,-0.01168825662,0,0,27.77777778,inf
20.5,27.8350969,22.22222222,30.75269303,46.75264535,-0.01106327762,-0.01164180106,0,0,27.77777778,inf
20.52,27.83486499,22.22222222,30.64043786,46.75229749,-0.01101916063,-0.01159551918,0,0,27.77777778,inf
20.54,27.834634,22.22222222,30.52818731,46.751951,-0.01097521054,-0.0115494105,0,0,27.77777778,inf
20.56,27.83440393,22.22222222,30.41594138,46.7516059,-0.01093142685,-0.0115034745,0,0,27.77777778,inf
20.58,27.83417478,22.22222222,30.30370003,46.75126217,-0.01088780905,-0.01145771069,0,0,27.77777778,inf
20.6,27.83394654,22.22222222,30.19146326,46.7509198,-0.01084435662,-0.01141211856,0,0,27.77777778,inf
20.62,27.8337192,22.22222222,30.07923105,46.7505788,-0.01080106905,-0.0113666976,0,0,27.77777778,inf
20.64,27.83349277,22.22222222,29.96700338,46.75023916,-0.01075794584,-0.01132144732,0,0,27.77777778,inf
20.66,27.83326725,22.22222222,29.85478022,46.74990087,-0.01071498647,-0.0112763672,0,0,27.77777778,inf
20.68,27.83304262,22.22222222,29.74256157,46.74956393,-0.01067219043,-0.01123145674,0,0,27.77777778,inf
20.7,27.83281888,22.22222222,29.6303474,46.74922832,-0.01062955721,-0.01118671544,0,0,27.77777778,inf
20.72,27.83259604,22.22222222,29.51813769,46.74889406,-0.0105870863,-0.01114214278,0,0,27.77777778,inf
20.74,27.83237409,22.22222222,29.40593243,46.74856113,-0.01054477719,-0.01109773826,0,0,27.77777778,inf
20.76,27.83215302,22.22222222,29.29373161,46.74822952,-0.01050262936,-0.01105350137,0,0,27.77777778,inf
20.78,27.83193283,22.22222222,29.18153519,46.74789924,-0.01046064231,-0.01100943161,0,0,27.77777778,inf
20.8,27.83171352,22.22222222,29.06934317,46.74757027,-0.01041881553,-0.01096552847,0,0,27.77777778,inf
20.82,27.83149508,22.22222222,28.95715553,46.74724262,-0.01037714851,-0.01092179143,0,0,27.77777778,inf
20.84,27.83127752,22.22222222,28.84497225,46.74691627,-0.01033564073,-0.01087822,0,0,27.77777778,inf
20.86,27.83106082,22.22222222,28.73279331,46.74659123,-0.0102942917,-0.01083481366,0,0,27.77777778,inf
20.88,27.83084499,22.22222222,28.6206187,46.74626748,-0.01025310088,-0.0107915719,0,0,27.77777778,inf
20.9,27.83063002,22.22222222,28.50844839,46.74594503,-0.01021206779,-0.01074849422,0,0,27.77777778,inf
20.92,27.83041591,22.22222222,28.39628238,46.74562386,-0.0101711919,-0.01070558011,0,0,27.77777778,inf
20.94,27.83020265,22.22222222,28.28412064,46.74530398,-0.01013047272,-0.01066282905,0,0,27.77777778,inf
20.96,27.82999025,22.22222222,28.17196315,46.74498537,-0.01008990973,-0.01062024054,0,0,27.77777778,inf
20.98,27.82977869,22.22222222,28.05980991,46.74466803,-0.01004950242,-0.01057781408,0,0,27.77777778,inf
21,27.82956798,22.22222222,27.94766089,46.74435197,-0.01000925028,-0.01053554915,0,0,27.77777778,inf
21.02,27.82935811,22.22222222,27.83551607,46.74403716,-0.009969152822,-0.01049344524,0,0,27.77777778,inf
21.04,27.82914908,22.22222222,27.72337544,46.74372362,-0.009929209522,-0.01045150184,0,0,27.77777778,inf
21.06,27.82894088,22.22222222,27.61123899,46.74341133,-0.009889419879,-0.01040971846,0,0,27.77777778,inf
21.08,27.82873352,22.22222222,27.49910669,46.74310028,-0.009849783385,-0.01036809457,0,0,27.77777778,inf
21.1,27.82852699,22.22222222,27.38697853,46.74279049,-0.009810299537,-0.01032662968,0,0,27.77777778,inf
21.12,27.82832128,22.22222222,27.27485449,46.74248193,-0.009770967829,-0.01028532327,0,0,27.77777778,inf
21.14,27.8281164,22.22222222,27.16273456,46.7421746,-0.009731787757,-0.01024417483,0,0,27.77777778,inf
21.16,27.82791234,22.22222222,27.05061871,46.7418685,-0.009692758817,-0.01020318386,0,0,27.77777778,inf
21.18,27.82770909,22.22222222,26.93850694,46.74156363,-0.009653880505,-0.01016234986,0,0,27.77777778,inf
21.2,27.82750666,22.22222222,26.82639923,46.74125998,-0.00961515232,-0.01012167231,0,0,27.77777778,inf
21.22,27.82730503,22.22222222,26.71429556,46.74095755,-0.009576573759,-0.01008115071,0,0,27.77777778,inf
21.24,27.82710422,22.22222222,26.60219591,46.74065633,-0.00953814432,-0.01004078456,0,0,27.77777778,inf
21.26,27.82690421,22.22222222,26.49010027,46.74035631,-0.009499863502,-0.01000057334,0,0,27.77777778,inf
21.28,27.826705,22.22222222,26.37800862,46.74005749,-0.009461730806,-0.009960516551,0,0,27.77777778,inf
21.3,27.82650658,22.22222222,26.26592095,46.73975988,-0.009423745731,-0.009920613691,0,0,27.77777778,inf
21.32,27.82630897,22.22222222,26.15383724,46.73946345,-0.009385907779,-0.009880864254,0,0,27.77777778,inf
21.34,27.82611214,22.22222222,26.04175747,46.73916821,-0.009348216452,-0.009841267736,0,0,27.77777778,inf
21.36,27.8259161,22.22222222,25.92968163,46.73887416,-0.009310671252,-0.009801823634,0,0,27.77777778,inf
21.38,27.82572085,22.22222222,25.81760971,46.73858128,-0.009273271681,-0.009762531443,0,0,27.77777778,inf
21.4,27.82552639,22.22222222,25.70554168,46.73828958,-0.009236017245,-0.009723390662,0,0,27.77777778,inf
21.42,27.8253327,22.22222222,25.59347754,46.73799905,-0.009198907447,-0.009684400789,0,0,27.77777778,inf
21.44,27.82513979,22.22222222,25.48141726,46.73770968,-0.009161941794,-0.009645561321,0,0,27.77777778,inf
21.46,27.82494765,22.22222222,25.36936083,46.73742147,-0.00912511979,-0.009606871759,0,0,27.77777778,inf
21.48,27.82475628,22.22222222,25.25730823,46.73713442,-0.009088440944,-0.009568331602,0,0,27.77777778,inf
21.5,27.82456568,22.22222222,25.14525946,46.73684853,-0.009051904762,-0.009529940349,0,0,27.77777778,inf
21.52,27.82437585,22.22222222,25.03321448,46.73656377,-0.009015510754,-0.009491697502,0,0,27.77777778,inf
21.54,27.82418678,22.22222222,24.9211733,46.73628017,-0.008979258429,-0.009453602562,0,0,27.77777778,inf
21.56,27.82399846,22.22222222,24.80913589,46.7359977,-0.008943147297,-0.009415655032,0,0,27.77777778,inf
21.58,27.82381091,22.22222222,24.69710225,46.73571636,-0.008907176868,-0.009377854413,0,0,27.77777778,inf
21.6,27.8236241,22.22222222,24.58507234,46.73543616,-0.008871346656,-0.009340200209,0,0,27.77777778,inf
21.62,27.82343805,22.22222222,24.47304616,46.73515707,-0.008835656172,-0.009302691925,0,0,27.77777778,inf
21.64,27.82325274,22.22222222,24.3610237,46.73487911,-0.008800104931,-0.009265329065,0,0,27.77777778,inf
21.66,27.82306818,22.22222222,24.24900493,46.73460227,-0.008764692446,-0.009228111134,0,0,27.77777778,inf
21.68,27.82288436,22.22222222,24.13698985,46.73432654,-0.008729418234,-0.009191037639,0,0,27.77777778,inf
21.7,27.82270128,22.22222222,24.02497844,46.73405192,-0.00869428181,-0.009154108087,0,0,27.77777778,inf
21.72,27.82251893,22.22222222,23.91297068,46.7337784,-0.008659282692,-0.009117321984,0,0,27.77777778,inf
21.74,27.82233732,22.22222222,23.80096657,46.73350598,-0.008624420399,-0.009080678841,0,0,27.77777778,inf
21.76,27.82215643,22.22222222,23.68896607,46.73323465,-0.008589694448,-0.009044178166,0,0,27.77777778,inf
21.78,27.82197628,22.22222222,23.57696919,46.73296442,-0.008555104361,-0.009007819468,0,0,27.77777778,inf
21.8,27.82179685,22.22222222,23.4649759,46.73269527,-0.008520649658,-0.00897160226,0,0,27.77777778,inf
21.82,27.82161814,22.22222222,23.3529862,46.7324272,-0.008486329862,-0.008935526052,0,0,27.77777778,inf
21.84,27.82144014,22.22222222,23.24100006,46.73216022,-0.008452144495,-0.008899590356,0,0,27.77777778,inf
21.86,27.82126287,22.22222222,23.12901747,46.7318943,-0.008418093081,-0.008863794688,0,0,27.77777778,inf
21.88,27.8210863,22.22222222,23.01703843,46.73162946,-0.008384175146,-0.008828138559,0,0,27.77777778,inf
21.9,27.82091045,22.22222222,22.9050629,46.73136568,-0.008350390215,-0.008792621486,0,0,27.77777778,inf
21.92,27.82073531,22.22222222,22.79309089,46.73110296,-0.008316737816,-0.008757242984,0,0,27.77777778,inf
21.94,27.82056087,22.22222222,22.68112237,46.7308413,-0.008283217475,-0.008722002571,0,0,27.77777778,inf
21.96,27.82038713,22.22222222,22.56915734,46.73058069,-0.008249828723,-0.008686899763,0,0,27.77777778,inf
21.98,27.82021409,22.22222222,22.45719577,46.73032114,-0.00821657109,-0.00865193408,0,0,27.77777778,inf
22,27.82004175,22.22222222,22.34523766,46.73006262,-0.008183444106,-0.008617105041,0,0,27.77777778,inf
22.02,27.8198701,22.22222222,22.23328298,46.72980515,-0.008150447304,-0.008582412166,0,0,27.77777778,inf
22.04,27.81969914,22.22222222,22.12133173,46.72954872,-0.008117580217,-0.008547854977,0,0,27.77777778,inf
22.06,27.81952887,22.22222222,22.0093839,46.72929331,-0.008084842379,-0.008513432996,0,0,27.77777778,inf
22.08,27.81935929,22.22222222,21.89743946,46.72903894,-0.008052233326,-0.008479145747,0,0,27.77777778,inf
22.1,27.81919039,22.22222222,21.78549841,46.72878559,-0.008019752593,-0.008444992753,0,0,27.77777778,inf
22.12,27.81902217,22.22222222,21.67356073,46.72853326,-0.00798739972,-0.00841097354,0,0,27.77777778,inf
22.14,27.81885463,22.22222222,21.5616264,46.72828195,-0.007955174243,-0.008377087635,0,0,27.77777778,inf
22.16,27.81868776,22.22222222,21.44969542,46.72803165,-0.007923075704,-0.008343334563,0,0,27.77777778,inf
22.18,27.81852157,22.22222222,21.33776777,46.72778235,-0.007891103642,-0.008309713855,0,0,27.77777778,inf
22.2,27.81835605,22.22222222,21.22584344,46.72753407,-0.007859257599,-0.008276225038,0,0,27.77777778,inf
22.22,27.81819119,22.22222222,21.11392242,46.72728678,-0.00782753712,-0.008242867642,0,0,27.77777778,inf
22.24,27.818027,22.22222222,21.00200468,46.72704049,-0.007795941747,-0.008209641201,0,0,27.77777778,inf
22.26,27.81786346,22.22222222,20.89009022,46.7267952,-0.007764471026,-0.008176545244,0,0,27.77777778,inf
22.28,27.81770059,22.22222222,20.77817902,46.72655089,-0.007733124503,-0.008143579307,0,0,27.77777778,inf
22.3,27.81753838,22.22222222,20.66627108,46.72630757,-0.007701901727,-0.008110742923,0,0,27.77777778,inf
22.32,27.81737682,22.22222222,20.55436637,46.72606523,-0.007670802245,-0.008078035627,0,0,27.77777778,inf
22.34,27.81721591,22.22222222,20.44246489,46.72582386,-0.007639825608,-0.008045456956,0,0,27.77777778,inf
22.36,27.81705565,22.22222222,20.33056661,46.72558347,-0.007608971366,-0.008013006448,0,0,27.77777778,inf
22.38,27.81689603,22.22222222,20.21867154,46.72534405,-0.007578239071,-0.007980683642,0,0,27.77777778,inf
22.4,27.81673706,22.22222222,20.10677966,46.7251056,-0.007547628277,-0.007948488076,0,0,27.77777778,inf
22.42,27.81657874,22.22222222,19.99489094,46.7248681,-0.007517138539,-0.007916419292,0,0,27.77777778,inf
22.44,27.81642105,22.22222222,19.88300539,46.72463157,-0.007486769411,-0.007884476832,0,0,27.77777778,inf
22.46,27.81626399,22.22222222,19.77112298,46.72439599,-0.00745652045,-0.007852660238,0,0,27.77777778,inf
22.48,27.81610757,22.22222222,19.65924371,46.72416136,-0.007426391215,-0.007820969055,0,0,27.77777778,inf
22.5,27.81595179,22.22222222,19.54736756,46.72392768,-0.007396381265,-0.007789402828,0,0,27.77777778,inf
22.52,27.81579663,22.22222222,19.43549452,46.72369494,-0.007366490159,-0.007757961103,0,0,27.77777778,inf
22.54,27.81564209,22.22222222,19.32362458,46.72346314,-0.00733671746,-0.007726643427,0,0,27.77777778,inf
22.56,27.81548818,22.22222222,19.21175772,46.72323228,-0.007307062729,-0.00769544935,0,0,27.77777778,inf
22.58,27.8153349,22.22222222,19.09989394,46.72300235,-0.007277525531,-0.00766437842,0,0,27.77777778,inf
22.6,27.81518223,22.22222222,18.98803321,46.72277334,-0.007248105431,-0.007633430189,0,0,27.77777778,inf
22.62,27.81503018,22.22222222,18.87617553,46.72254526,-0.007218801995,-0.007602604209,0,0,27.77777778,inf
22.64,27.81487874,22.22222222,18.76432088,46.72231811,-0.007189614791,-0.007571900032,0,0,27.77777778,inf
22.66,27.81472791,22.22222222,18.65246926,46.72209187,-0.007160543386,-0.007541317212,0,0,27.77777778,inf
22.68,27.8145777,22.22222222,18.54062065,46.72186654,-0.007131587351,-0.007510855306,0,0,27.77777778,inf
22.7,27.81442808,22.22222222,18.42877504,46.72164213,-0.007102746257,-0.00748051387,0,0,27.77777778,inf
22.72,27.81427908,22.22222222,18.31693241,46.72141862,-0.007074019675,-0.007450292461,0,0,27.77777778,inf
22.74,27.81413068,22.22222222,18.20509276,46.72119601,-0.007045407181,-0.007420190638,0,0,27.77777778,inf
22.76,27.81398287,22.22222222,18.09325607,46.72097431,-0.007016908347,-0.007390207961,0,0,27.77777778,inf
22.78,27.81383566,22.22222222,17.98142233,46.7207535,-0.00698852275,-0.007360343992,0,0,27.77777778,inf
22.8,27.81368905,22.22222222,17.86959152,46.72053358,-0.006960249967,-0.007330598293,0,0,27.77777778,inf
22.82,27.81354303,22.22222222,17.75776365,46.72031455,-0.006932089577,-0.007300970427,0,0,27.77777778,inf
22.84,27.8133976,22.22222222,17.64593868,46.72009641,-0.006904041158,-0.007271459959,0,0,27.77777778,inf
22.86,27.81325276,22.22222222,17.53411662,46.71987914,-0.006876104292,-0.007242066455,0,0,27.77777778,inf
22.88,27.81310851,22.22222222,17.42229746,46.71966276,-0.00684827856,-0.007212789482,0,0,27.77777778,inf
22.9,27.81296483,22.22222222,17.31048117,46.71944725,-0.006820563546,-0.007183628608,0,0,27.77777778,inf
22.92,27.81282174,22.22222222,17.19866775,46.71923261,-0.006792958833,-0.007154583403,0,0,27.77777778,inf
22.94,27.81267923,22.22222222,17.08685718,46.71901884,-0.006765464009,-0.007125653437,0,0,27.77777778,inf
22.96,27.81253729,22.22222222,16.97504946,46.71880594,-0.006738078658,-0.007096838283,0,0,27.77777778,inf
22.98,27.81239593,22.22222222,16.86324457,46.71859389,-0.006710802371,-0.007068137513,0,0,27.77777778,inf
23,27.81225514,22.22222222,16.75144251,46.71838271,-0.006683634735,-0.007039550702,0,0,27.77777778,inf
23.02,27.81211492,22.22222222,16.63964325,46.71817238,-0.006656575341,-0.007011077424,0,0,27.77777778,inf
23.04,27.81197526,22.22222222,16.52784679,46.71796289,-0.006629623781,-0.006982717258,0,0,27.77777778,inf
23.06,27.81183617,22.22222222,16.41605312,46.71775426,-0.006602779648,-0.006954469779,0,0,27.77777778,inf
23.08,27.81169765,22.22222222,16.30426223,46.71754647,-0.006576042537,-0.006926334569,0,0,27.77777778,inf
23.1,27.81155968,22.22222222,16.1924741,46.71733952,-0.006549412042,-0.006898311206,0,0,27.77777778,inf
23.12,27.81142227,22.22222222,16.08068873,46.71713341,-0.006522887761,-0.006870399273,0,0,27.77777778,inf
23.14,27.81128542,22.22222222,15.96890609,46.71692813,-0.006496469291,-0.006842598352,0,0,27.77777778,inf
23.16,27.81114912,22.22222222,15.85712619,46.71672368,-0.006470156231,-0.006814908027,0,0,27.77777778,inf
23.18,27.81101338,22.22222222,15.74534901,46.71652006,-0.006443948182,-0.006787327884,0,0,27.77777778,inf
23.2,27.81087818,22.22222222,15.63357454,46.71631727,-0.006417844746,-0.006759857508,0,0,27.77777778,inf
23.22,27.81074353,22.22222222,15.52180277,46.71611529,-0.006391845525,-0.006732496487,0,0,27.77777778,inf
23.24,27.81060942,22.22222222,15.41003368,46.71591414,-0.006365950123,-0.00670524441,0,0,27.77777778,inf
23.26,27.81047586,22.22222222,15.29826727,46.71571379,-0.006340158146,-0.006678100867,0,0,27.77777778,inf
23.28,27.81034284,22.22222222,15.18650353,46.71551426,-0.0063144692,-0.006651065449,0,0,27.77777778,inf
23.3,27.81021036,22.22222222,15.07474244,46.71531554,-0.006288882892,-0.006624137749,0,0,27.77777778,inf
23.32,27.81007841,22.22222222,14.962984,46.71511762,-0.006263398833,-0.006597317361,0,0,27.77777778,inf
23.34,27.809947,22.22222222,14.85122819,46.7149205,-0.006238016633,-0.006570603878,0,0,27.77777778,inf
23.36,27.80981612,22.22222222,14.739475,46.71472418,-0.006212735902,-0.006543996899,0,0,27.77777778,inf
23.38,27.80968577,22.22222222,14.62772443,46.71452865,-0.006187556253,-0.006517496019,0,0,27.77777778,inf
23.4,27.80955595,22.22222222,14.51597646,46.71433392,-0.006162477301,-0.006491100838,0,0,27.77777778,inf
23.42,27.80942665,22.22222222,14.40423108,46.71413998,-0.00613749866,-0.006464810955,0,0,27.77777778,inf
23.44,27.80929788,22.22222222,14.29248827,46.71394682,-0.006112619947,-0.006438625971,0,0,27.77777778,inf
23.46,27.80916963,22.22222222,14.18074804,46.71375444,-0.00608784078,-0.006412545489,0,0,27.77777778,inf
23.48,27.8090419,22.22222222,14.06901037,46.71356284,-0.006063160778,-0.006386569113,0,0,27.77777778,inf
23.5,27.80891468,22.22222222,13.95727525,46.71337202,-0.00603857956,-0.006360696446,0,0,27.77777778,inf
23.52,27.80878798,22.22222222,13.84554267,46.71318198,-0.006014096748,-0.006334927095,0,0,27.77777778,inf
23.54,27.8086618,22.22222222,13.73381262,46.7129927,-0.005989711964,-0.006309260667,0,0,27.77777778,inf
23.56,27.80853612,22.22222222,13.62208508,46.71280419,-0.005965424833,-0.006283696771,0,0,27.77777778,inf
23.58,27.80841096,22.22222222,13.51036006,46.71261644,-0.005941234979,-0.006258235016,0,0,27.77777778,inf
23.6,27.8082863,22.22222222,13.39863753,46.71242945,-0.005917142029,-0.006232875013,0,0,27.77777778,inf
23.62,27.80816215,22.22222222,13.28691749,46.71224323,-0.005893145609,-0.006207616374,0,0,27.77777778,inf
23.64,27.8080385,22.22222222,13.17519992,46.71205775,-0.005869245349,-0.006182458713,0,0,27.77777778,inf
23.66,27.80791535,22.22222222,13.06348483,46.71187303,-0.005845440879,-0.006157401644,0,0,27.77777778,inf
23.68,27.8077927,22.22222222,12.95177219,46.71168906,-0.00582173183,-0.006132444783,0,0,27.77777778,inf
23.7,27.80767055,22.22222222,12.84006201,46.71150583,-0.005798117833,-0.006107587746,0,0,27.77777778,inf
23.72,27.8075489,22.22222222,12.72835426,46.71132334,-0.005774598524,-0.006082830153,0,0,27.77777778,inf
23.74,27.80742773,22.22222222,12.61664893,46.7111416,-0.005751173535,-0.006058171623,0,0,27.77777778,inf
23.76,27.80730706,22.22222222,12.50494603,46.71096059,-0.005727842504,-0.006033611776,0,0,27.77777778,inf
23.78,27.80718688,22.22222222,12.39324554,46.71078032,-0.005704605068,-0.006009150234,0,0,27.77777778,inf
23.8,27.80706718,22.22222222,12.28154744,46.71060077,-0.005681460865,-0.005984786621,0,0,27.77777778,inf
23.82,27.80694797,22.22222222,12.16985173,46.71042196,-0.005658409534,-0.00596052056,0,0,27.77777778,inf
23.84,27.80682924,22.22222222,12.05815841,46.71024387,-0.005635450717,-0.005936351678,0,0,27.77777778,inf
23.86,27.806711,22.22222222,11.94646745,46.7100665,-0.005612584056,-0.005912279601,0,0,27.77777778,inf
23.88,27.80659323,22.22222222,11.83477885,46.70988985,-0.005589809193,-0.005888303958,0,0,27.77777778,inf
23.9,27.80647594,22.22222222,11.7230926,46.70971392,-0.005567125774,-0.005864424377,0,0,27.77777778,inf
23.92,27.80635913,22.22222222,11.6114087,46.7095387,-0.005544533444,-0.005840640488,0,0,27.77777778,inf
23.94,27.80624279,22.22222222,11.49972712,46.70936419,-0.005522031849,-0.005816951925,0,0,27.77777778,inf
23.96,27.80612692,22.22222222,11.38804787,46.70919039,-0.005499620639,-0.005793358319,0,0,27.77777778,inf
23.98,27.80601153,22.22222222,11.27637093,46.70901729,-0.005477299461,-0.005769859304,0,0,27.77777778,inf
24,27.8058966,22.22222222,11.16469629,46.7088449,-0.005455067968,-0.005746454517,0,0,27.77777778,inf
24.02,27.80578214,22.22222222,11.05302395,46.7086732,-0.00543292581,-0.005723143593,0,0,27.77777778,inf
24.04,27.80566814,22.22222222,10.94135389,46.70850221,-0.00541087264,-0.00569992617,0,0,27.77777778,inf
24.06,27.8055546,22.22222222,10.82968611,46.7083319,-0.005388908112,-0.005676801888,0,0,27.77777778,inf
24.08,27.80544153,22.22222222,10.71802059,46.70816229,-0.005367031882,-0.005653770386,0,0,27.77777778,inf
24.1,27.80532891,22.22222222,10.60635733,46.70799336,-0.005345243606,-0.005630831306,0,0,27.77777778,inf
24.12,27.80521675,22.22222222,10.49469632,46.70782512,-0.005323542941,-0.00560798429,0,0,27.77777778,inf
24.14,27.80510504,22.22222222,10.38303754,46.70765757,-0.005301929547,-0.005585228982,0,0,27.77777778,inf
24.16,27.80499379,22.22222222,10.271381,46.70749069,-0.005280403083,-0.005562565027,0,0,27.77777778,inf
24.18,27.80488299,22.22222222,10.15972668,46.70732449,-0.00525896321,-0.005539992071,0,0,27.77777778,inf
24.2,27.80477264,22.22222222,10.04807457,46.70715896,-0.005237609592,-0.005517509763,0,0,27.77777778,inf
24.22,27.80466274,22.22222222,9.936424656,46.70699411,-0.00521634189,-0.005495117749,0,0,27.77777778,inf
24.24,27.80455328,22.22222222,9.824776941,46.70682993,-0.005195159771,-0.00547281568,0,0,27.77777778,inf
24.26,27.80444427,22.22222222,9.713131409,46.70666641,-0.005174062899,-0.005450603207,0,0,27.77777778,inf
24.28,27.8043357,22.22222222,9.601488054,46.70650355,-0.005153050943,-0.005428479983,0,0,27.77777778,inf
24.3,27.80422757,22.22222222,9.489846866,46.70634136,-0.005132123569,-0.00540644566,0,0,27.77777778,inf
24.32,27.80411988,22.22222222,9.378207836,46.70617983,-0.005111280448,-0.005384499892,0,0,27.77777778,inf
24.34,27.80401263,22.22222222,9.266570955,46.70601895,-0.00509052125,-0.005362642337,0,0,27.77777778,inf
24.36,27.80390581,22.22222222,9.154936215,46.70585872,-0.005069845646,-0.00534087265,0,0,27.77777778,inf
24.38,27.80379943,22.22222222,9.043303607,46.70569914,-0.00504925331,-0.00531919049,0,0,27.77777778,inf
24.4,27.80369348,22.22222222,8.931673122,46.70554022,-0.005028743915,-0.005297595515,0,0,27.77777778,inf
24.42,27.80358796,22.22222222,8.820044752,46.70538193,-0.005008317137,-0.005276087387,0,0,27.77777778,inf
24.44,27.80348286,22.22222222,8.708418489,46.70522429,-0.004987972651,-0.005254665767,0,0,27.77777778,inf
24.46,27.8033782,22.22222222,8.596794322,46.70506729,-0.004967710136,-0.005233330318,0,0,27.77777778,inf
24.48,27.80327395,22.22222222,8.485172245,46.70491093,-0.00494752927,-0.005212080703,0,0,27.77777778,inf
24.5,27.80317014,22.22222222,8.373552249,46.7047552,-0.004927429732,-0.005190916589,0,0,27.77777778,inf
24.52,27.80306674,22.22222222,8.261934325,46.70460011,-0.004907411204,-0.00516983764,0,0,27.77777778,inf
24.54,27.80296376,22.22222222,8.150318464,46.70444564,-0.004887473367,-0.005148843525,0,0,27.77777778,inf
24.56,27.8028612,22.22222222,8.038704659,46.70429181,-0.004867615905,-0.005127933913,0,0,27.77777778,inf
24.58,27.80275906,22.22222222,7.927092901,46.70413859,-0.004847838501,-0.005107108472,0,0,27.77777778,inf
24.6,27.80265733,22.22222222,7.815483181,46.703986,-0.004828140842,-0.005086366874,0,0,27.77777778,inf
24.62,27.80255602,22.22222222,7.703875492,46.70383403,-0.004808522614,-0.005065708792,0,0,27.77777778,inf
24.64,27.80245512,22.22222222,7.592269825,46.70368268,-0.004788983504,-0.005045133898,0,0,27.77777778,inf
24.66,27.80235462,22.22222222,7.480666172,46.70353194,-0.004769523201,-0.005024641866,0,0,27.77777778,inf
24.68,27.80225454,22.22222222,7.369064525,46.70338181,-0.004750141396,-0.005004232373,0,0,27.77777778,inf
24.7,27.80215486,22.22222222,7.257464875,46.70323229,-0.004730837778,-0.004983905095,0,0,27.77777778,inf
24.72,27.80205559,22.22222222,7.145867215,46.70308338,-0.004711612041,-0.004963659709,0,0,27.77777778,inf
24.74,27.80195672,22.22222222,7.034271537,46.70293508,-0.004692463877,-0.004943495896,0,0,27.77777778,inf
24.76,27.80185825,22.22222222,6.922677831,46.70278738,-0.004673392981,-0.004923413334,0,0,27.77777778,inf
24.78,27.80176018,22.22222222,6.811086091,46.70264027,-0.004654399049,-0.004903411706,0,0,27.77777778,inf
24.8,27.80166251,22.22222222,6.699496309,46.70249377,-0.004635481776,-0.004883490694,0,0,27.77777778,inf
24.82,27.80156524,22.22222222,6.587908476,46.70234786,-0.00461664086,-0.00486364998,0,0,27.77777778,inf
24.84,27.80146836,22.22222222,6.476322584,46.70220254,-0.004597876001,-0.004843889251,0,0,27.77777778,inf
24.86,27.80137188,22.22222222,6.364738626,46.70205782,-0.004579186899,-0.004824208191,0,0,27.77777778,inf
24.88,27.80127579,22.22222222,6.253156594,46.70191368,-0.004560573253,-0.004804606487,0,0,27.77777778,inf
24.9,27.80118008,22.22222222,6.14157648,46.70177013,-0.004542034766,-0.004785083828,0,0,27.77777778,inf
24.92,27.80108477,22.22222222,6.029998276,46.70162716,-0.004523571142,-0.004765639903,0,0,27.77777778,inf
24.94,27.80098985,22.22222222,5.918421974,46.70148477,-0.004505182084,-0.004746274403,0,0,27.77777778,inf
24.96,27.80089531,22.22222222,5.806847567,46.70134296,-0.004486867298,-0.004726987017,0,0,27.77777778,inf
24.98,27.80080115,22.22222222,5.695275047,46.70120173,-0.00446862649,-0.00470777744,0,0,27.77777778,inf
25,27.80070738,22.22222222,5.583704406,46.70106107,-0.004450459367,-0.004688645364,0,0,27.77777778,inf
25.02,27.80061399,22.22222222,5.472135637,46.70092098,-0.004432365639,-0.004669590484,0,0,27.77777778,inf
25.04,27.80052097,22.22222222,5.360568732,46.70078146,-0.004414345014,-0.004650612496,0,0,27.77777778,inf
25.06,27.80042834,22.22222222,5.249003683,46.70064251,-0.004396397204,-0.004631711098,0,0,27.77777778,inf
25.08,27.80033608,22.22222222,5.137440483,46.70050412,-0.00437852192,-0.004612885986,0,0,27.77777778,inf
25.1,27.8002442,22.22222222,5.025879125,46.7003663,-0.004360718875,-0.004594136861,0,0,27.77777778,inf
25.12,27.80015269,22.22222222,4.9143196,46.70022903,-0.004342987783,-0.004575463422,0,0,27.77777778,inf
25.14,27.80006155,22.22222222,4.802761902,46.70009233,-0.004325328358,-0.004556865371,0,0,27.77777778,inf
25.16,27.79997079,22.22222222,4.691206023,46.69995618,-0.004307740317,-0.00453834241,0,0,27.77777778,inf
25.18,27.79988039,22.22222222,4.579651956,46.69982058,-0.004290223376,-0.004519894242,0,0,27.77777778,inf
25.2,27.79979036,22.22222222,4.468099693,46.69968554,-0.004272777255,-0.004501520573,0,0,27.77777778,inf
25.22,27.79970069,22.22222222,4.356549227,46.69955104,-0.004255401671,-0.004483221108,0,0,27.77777778,inf
25.24,27.79961139,22.22222222,4.245000551,46.69941709,-0.004238096345,-0.004464995553,0,0,27.77777778,inf
25.26,27.79952246,22.22222222,4.133453657,46.69928368,-0.004220860998,-0.004446843616,0,0,27.77777778,inf
25.28,27.79943388,22.22222222,4.021908538,46.69915082,-0.004203695353,-0.004428765007,0,0,27.77777778,inf
25.3,27.79934567,22.22222222,3.910365187,46.6990185,-0.004186599132,-0.004410759434,0,0,27.77777778,inf
25.32,27.79925781,22.22222222,3.798823596,46.69888671,-0.00416957206,-0.00439282661,0,0,27.77777778,inf
25.34,27.79917031,22.22222222,3.68728376,46.69875546,-0.004152613863,-0.004374966246,0,0,27.77777778,inf
25.36,27.79908317,22.22222222,3.575745669,46.69862475,-0.004135724266,-0.004357178055,0,0,27.77777778,inf
25.38,27.79899638,22.22222222,3.464209318,46.69849457,-0.004118902997,-0.004339461752,0,0,27.77777778,inf
25.4,27.79890994,22.22222222,3.3526747,46.69836491,-0.004102149784,-0.004321817052,0,0,27.77777778,inf
25.42,27.79882386,22.22222222,3.241141806,46.69823578,-0.004085464357,-0.00430424367,0,0,27.77777778,inf
25.44,27.79873812,22.22222222,3.129610631,46.69810718,-0.004068846447,-0.004286741325,0,0,27.77777778,inf
25.46,27.79865273,22.22222222,3.018081167,46.6979791,-0.004052295784,-0.004269309735,0,0,27.77777778,inf
25.48,27.7985677,22.22222222,2.906553407,46.69785154,-0.004035812101,-0.004251948619,0,0,27.77777778,inf
25.5,27.798483,22.22222222,2.795027344,46.6977245,-0.004019395131,-0.004234657697,0,0,27.77777778,inf
25.52,27.79839865,22.22222222,2.683502972,46.69759798,-0.004003044609,-0.004217436692,0,0,27.77777778,inf
25.54,27.79831465,22.22222222,2.571980284,46.69747197,-0.003986760271,-0.004200285326,0,0,27.77777778,inf
25.56,27.79823098,22.22222222,2.460459272,46.69734648,-0.003970541853,-0.004183203321,0,0,27.77777778,inf
25.58,27.79814766,22.22222222,2.34893993,46.69722149,-0.003954389091,-0.004166190404,0,0,27.77777778,inf
25.6,27.79806468,22.22222222,2.237422251,46.69709701,-0.003938301726,-0.004149246299,0,0,27.77777778,inf
25.62,27.79798203,22.22222222,2.125906228,46.69697304,-0.003922279495,-0.004132370733,0,0,27.77777778,inf
25.64,27.79789972,22.22222222,2.014391855,46.69684957,-0.00390632214,-0.004115563434,0,0,27.77777778,inf
25.66,27.79781774,22.22222222,1.902879125,46.69672661,-0.003890429401,-0.00409882413,0,0,27.77777778,inf
25.68,27.7977361,22.22222222,1.791368031,46.69660415,-0.003874601022,-0.004082152552,0,0,27.77777778,inf
25.7,27.79765479,22.22222222,1.679858567,46.69648218,-0.003858836745,-0.00406554843,0,0,27.77777778,inf
25.72,27.79757381,22.22222222,1.568350725,46.69636071,-0.003843136314,-0.004049011495,0,0,27.77777778,inf
25.74,27.79749315,22.22222222,1.4568445,46.69623973,-0.003827499476,-0.00403254148,0,0,27.77777778,inf
25.76,27.79741283,22.22222222,1.345339885,46.69611925,-0.003811925976,-0.00401613812,0,0,27.77777778,inf
25.78,27.79733284,22.22222222,1.233836873,46.69599925,-0.003796415561,-0.003999801148,0,0,27.77777778,inf
25.8,27.79725317,22.22222222,1.122335457,46.69587975,-0.003780967979,-0.003983530301,0,0,27.77777778,inf
25.82,27.79717382,22.22222222,1.010835632,46.69576073,-0.003765582981,-0.003967325316,0,0,27.77777778,inf
25.84,27.7970948,22.22222222,0.8993373899,46.69564219,-0.003750260315,-0.003951185929,0,0,27.77777778,inf
25.86,27.79701609,22.22222222,0.7878407255,46.69552414,-0.003734999732,-0.00393511188,0,0,27.77777778,inf
25.88,27.79693771,22.22222222,0.6763456319,46.69540657,-0.003719800986,-0.003919102908,0,0,27.77777778,inf
25.9,27.79685965,22.22222222,0.5648521028,46.69528947,-0.003704663827,-0.003903158754,0,0,27.77777778,inf
25.92,27.7967819,22.22222222,0.4533601317,46.69517285,-0.003689588011,-0.00388727916,0,0,27.77777778,inf
25.94,27.79670447,22.22222222,0.3418697124,46.69505671,-0.003674573293,-0.003871463868,0,0,27.77777778,inf
25.96,27.79662736,22.22222222,0.2303808385,46.69494104,-0.003659619427,-0.003855712622,0,0,27.77777778,inf
25.98,27.79655056,22.22222222,0.1188935038,46.69482584,-0.00364472617,-0.003840025166,0,0,27.77777778,inf
26,27.79647407,22.22222222,0.007407701966,46.69471111,-0.003629893281,-0.003824401247,0,0,27.77777778,inf
26.02,27.79639789,22.22222222,-0.1040765732,46.69459684,-0.003615120517,-0.003808840609,0,0,27.77777778,inf
26.04,27.79632203,22.22222222,-0.215559328,46.69448304,-0.003600407639,-0.003793343002,0,0,27.77777778,inf
26.06,27.79624647,22.22222222,-0.3270405685,46.6943697,-0.003585754405,-0.003777908173,0,0,27.77777778,inf
26.08,27.79617122,22.22222222,-0.4385203009,46.69425683,-0.003571160579,-0.003762535872,0,0,27.77777778,inf
26.1,27.79609627,22.22222222,-0.5499985314,46.69414441,-0.003556625921,-0.003747225848,0,0,27.77777778,inf
26.12,27.79602163,22.22222222,-0.661475266,46.69403245,-0.003542150195,-0.003731977854,0,0,27.77777778,inf
26.14,27.7959473,22.22222222,-0.7729505108,46.69392095,-0.003527733165,-0.003716791641,0,0,27.77777778,inf
26.16,27.79587326,22.22222222,-0.884424272,46.6938099,-0.003513374596,-0.003701666963,0,0,27.77777778,inf
26.18,27.79579953,22.22222222,-0.9958965555,46.6936993,-0.003499074253,-0.003686603574,0,0,27.77777778,inf
26.2,27.7957261,22.22222222,-1.107367367,46.69358915,-0.003484831904,-0.003671601228,0,0,27.77777778,inf
26.22,27.79565297,22.22222222,-1.218836714,46.69347945,-0.003470647316,-0.003656659682,0,0,27.77777778,inf
26.24,27.79558013,22.22222222,-1.3303046,46.6933702,-0.003456520257,-0.003641778693,0,0,27.77777778,inf
26.26,27.79550759,22.22222222,-1.441771033,46.69326139,-0.003442450497,-0.003626958018,0,0,27.77777778,inf
26.28,27.79543535,22.22222222,-1.553236018,46.69315302,-0.003428437806,-0.003612197416,0,0,27.77777778,inf
26.3,27.7953634,22.22222222,-1.664699561,46.6930451,-0.003414481956,-0.003597496648,0,0,27.77777778,inf
26.32,27.79529174,22.22222222,-1.776161668,46.69293761,-0.003400582718,-0.003582855472,0,0,27.77777778,inf
26.34,27.79522038,22.22222222,-1.887622345,46.69283056,-0.003386739865,-0.003568273652,0,0,27.77777778,inf
26.36,27.7951493,22.22222222,-1.999081597,46.69272395,-0.003372953171,-0.003553750949,0,0,27.77777778,inf
26.38,27.79507852,22.22222222,-2.110539431,46.69261777,-0.003359222411,-0.003539287127,0,0,27.77777778,inf
26.4,27.79500802,22.22222222,-2.221995852,46.69251203,-0.003345547361,-0.003524881949,0,0,27.77777778,inf
26.42,27.79493781,22.22222222,-2.333450865,46.69240671,-0.003331927796,-0.003510535182,0,0,27.77777778,inf
26.44,27.79486788,22.22222222,-2.444904478,46.69230182,-0.003318363494,-0.003496246591,0,0,27.77777778,inf
26.46,27.79479824,22.22222222,-2.556356695,46.69219736,-0.003304854234,-0.003482015944,0,0,27.77777778,inf
26.48,27.79472888,22.22222222,-2.667807521,46.69209333,-0.003291399794,-0.003467843007,0,0,27.77777778,inf
26.5,27.79465981,22.22222222,-2.779256964,46.69198972,-0.003277999953,-0.00345372755,0,0,27.77777778,inf
26.52,27.79459102,22.22222222,-2.890705028,46.69188653,-0.003264654494,-0.003439669342,0,0,27.77777778,inf
26.54,27.7945225,22.22222222,-3.002151719,46.69178375,-0.003251363197,-0.003425668154,0,0,27.77777778,inf
26.56,27.79445427,22.22222222,-3.113597042,46.6916814,-0.003238125845,-0.003411723758,0,0,27.77777778,inf
26.58,27.79438631,22.22222222,-3.225041003,46.69157947,-0.003224942221,-0.003397835925,0,0,27.77777778,inf
26.6,27.79431863,22.22222222,-3.336483608,46.69147795,-0.003211812109,-0.003384004428,0,0,27.77777778,inf
26.62,27.79425123,22.22222222,-3.447924862,46.69137684,-0.003198735294,-0.003370229043,0,0,27.77777778,inf
26.64,27.7941841,22.22222222,-3.559364771,46.69127615,-0.003185711562,-0.003356509543,0,0,27.77777778,inf
26.66,27.79411724,22.22222222,-3.67080334,46.69117586,-0.003172740699,-0.003342845704,0,0,27.77777778,inf
26.68,27.79405066,22.22222222,-3.782240575,46.69107598,-0.003159822493,-0.003329237304,0,0,27.77777778,inf
26.7,27.79398434,22.22222222,-3.89367648,46.69097651,-0.003146956733,-0.003315684119,0,0,27.77777778,inf
26.72,27.7939183,22.22222222,-4.005111062,46.69087745,-0.003134143207,-0.003302185928,0,0,27.77777778,inf
26.74,27.79385252,22.22222222,-4.116544326,46.69077879,-0.003121381705,-0.00328874251,0,0,27.77777778,inf
26.76,27.79378702,22.22222222,-4.227976277,46.69068052,-0.003108672017,-0.003275353646,0,0,27.77777778,inf
26.78,27.79372178,22.22222222,-4.33940692,46.69058266,-0.003096013937,-0.003262019116,0,0,27.77777778,inf
26.8,27.7936568,22.22222222,-4.450836262,46.6904852,-0.003083407255,-0.003248738701,0,0,27.77777778,inf
26.82,27.79359209,22.22222222,-4.562264306,46.69038814,-0.003070851765,-0.003235512186,0,0,27.77777778,inf
26.84,27.79352764,22.22222222,-4.673691059,46.69029147,-0.003058347261,-0.003222339352,0,0,27.77777778,inf
26.86,27.79346346,22.22222222,-4.785116526,46.69019519,-0.003045893538,-0.003209219985,0,0,27.77777778,inf
26.88,27.79339954,22.22222222,-4.896540711,46.6900993,-0.003033490391,-0.003196153869,0,0,27.77777778,inf
26.9,27.79333587,22.22222222,-5.007963621,46.69000381,-0.003021137617,-0.003183140791,0,0,27.77777778,inf
26.92,27.79327247,22.22222222,-5.11938526,46.68990871,-0.003008835013,-0.003170180537,0,0,27.77777778,inf
26.94,27.79320932,22.22222222,-5.230805633,46.68981399,-0.002996582377,-0.003157272895,0,0,27.77777778,inf
26.96,27.79314644,22.22222222,-5.342224746,46.68971965,-0.002984379508,-0.003144417654,0,0,27.77777778,inf
26.98,27.7930838,22.22222222,-5.453642604,46.68962571,-0.002972226205,-0.003131614602,0,0,27.77777778,inf
27,27.79302143,22.22222222,-5.565059212,46.68953214,-0.002960122268,-0.00311886353,0,0,27.77777778,inf
27.02,27.7929593,22.22222222,-5.676474575,46.68943896,-0.002948067499,-0.003106164229,0,0,27.77777778,inf
27.04,27.79289743,22.22222222,-5.787888698,46.68934615,-0.002936061699,-0.003093516491,0,0,27.77777778,inf
27.06,27.79283581,22.22222222,-5.899301586,46.68925372,-0.002924104672,-0.003080920107,0,0,27.77777778,inf
27.08,27.79277445,22.22222222,-6.010713244,46.68916167,-0.002912196221,-0.003068374873,0,0,27.77777778,inf
27.1,27.79271333,22.22222222,-6.122123678,46.68906999,-0.002900336149,-0.00305588058,0,0,27.77777778,inf
27.12,27.79265246,22.22222222,-6.233532891,46.68897869,-0.002888524262,-0.003043437026,0,0,27.77777778,inf
27.14,27.79259184,22.22222222,-6.34494089,46.68888776,-0.002876760366,-0.003031044005,0,0,27.77777778,inf
27.16,27.79253147,22.22222222,-6.456347678,46.6887972,-0.002865044268,-0.003018701314,0,0,27.77777778,inf
27.18,27.79247134,22.22222222,-6.567753262,46.68870701,-0.002853375773,-0.00300640875,0,0,27.77777778,inf
27.2,27.79241145,22.22222222,-6.679157645,46.68861718,-0.002841754692,-0.002994166112,0,0,27.77777778,inf
27.22,27.79235182,22.22222222,-6.790560834,46.68852772,-0.002830180831,-0.002981973198,0,0,27.77777778,inf
27.24,27.79229242,22.22222222,-6.901962831,46.68843863,-0.002818654001,-0.002969829809,0,0,27.77777778,inf
27.26,27.79223326,22.22222222,-7.013363644,46.6883499,-0.002807174013,-0.002957735744,0,0,27.77777778,inf
27.28,27.79217435,22.22222222,-7.124763275,46.68826152,-0.002795740677,-0.002945690806,0,0,27.77777778,inf
27.3,27.79211568,22.22222222,-7.236161731,46.68817351,-0.002784353804,-0.002933694796,0,0,27.77777778,inf
27.32,27.79205724,22.22222222,-7.347559016,46.68808586,-0.002773013209,-0.002921747516,0,0,27.77777778,inf
27.34,27.79199904,22.22222222,-7.458955134,46.68799857,-0.002761718702,-0.002909848772,0,0,27.77777778,inf
27.36,27.79194108,22.22222222,-7.570350091,46.68791163,-0.0027504701,-0.002897998366,0,0,27.77777778,inf
27.38,27.79188336,22.22222222,-7.681743891,46.68782504,-0.002739267216,-0.002886196105,0,0,27.77777778,inf
27.4,27.79182587,22.22222222,-7.793136539,46.68773881,-0.002728109866,-0.002874441794,0,0,27.77777778,inf
27.42,27.79176862,22.22222222,-7.90452804,46.68765293,-0.002716997867,-0.00286273524,0,0,27.77777778,inf
27.44,27.7917116,22.22222222,-8.015918397,46.68756739,-0.002705931034,-0.00285107625,0,0,27.77777778,inf
27.46,27.79165481,22.22222222,-8.127307617,46.68748221,-0.002694909186,-0.002839464632,0,0,27.77777778,inf
27.48,27.79159825,22.22222222,-8.238695703,46.68739737,-0.002683932141,-0.002827900197,0,0,27.77777778,inf
27.5,27.79154192,22.22222222,-8.35008266,46.68731288,-0.002672999719,-0.002816382752,0,0,27.77777778,inf
27.52,27.79148582,22.22222222,-8.461468493,46.68722873,-0.002662111738,-0.00280491211,0,0,27.77777778,inf
27.54,27.79142995,22.22222222,-8.572853206,46.68714493,-0.002651268019,-0.00279348808,0,0,27.77777778,inf
27.56,27.79137431,22.22222222,-8.684236805,46.68706147,-0.002640468385,-0.002782110475,0,0,27.77777778,inf
27.58,27.79131889,22.22222222,-8.795619292,46.68697834,-0.002629712656,-0.002770779108,0,0,27.77777778,inf
27.6,27.7912637,22.22222222,-8.907000674,46.68689556,-0.002619000655,-0.002759493792,0,0,27.77777778,inf
27.62,27.79120874,22.22222222,-9.018380954,46.68681311,-0.002608332205,-0.002748254341,0,0,27.77777778,inf
27.64,27.791154,22.22222222,-9.129760137,46.686731,-0.002597707132,-0.00273706057,0,0,27.77777778,inf
27.66,27.79109948,22.22222222,-9.241138227,46.68664922,-0.002587125258,-0.002725912295,0,0,27.77777778,inf
27.68,27.79104518,22.22222222,-9.352515229,46.68656778,-0.00257658641,-0.002714809332,0,0,27.77777778,inf
27.7,27.79099111,22.22222222,-9.463891148,46.68648666,-0.002566090414,-0.002703751498,0,0,27.77777778,inf
27.72,27.79093725,22.22222222,-9.575265987,46.68640588,-0.002555637097,-0.002692738611,0,0,27.77777778,inf
27.74,27.79088362,22.22222222,-9.686639751,46.68632543,-0.002545226286,-0.00268177049,0,0,27.77777778,inf
27.76,27.7908302,22.22222222,-9.798012445,46.6862453,-0.002534857809,-0.002670846954,0,0,27.77777778,inf
27.78,27.790777,22.22222222,-9.909384073,46.6861655,-0.002524531495,-0.002659967822,0,0,27.77777778,inf
27.8,27.79072402,22.22222222,-10.02075464,46.68608603,-0.002514247173,-0.002649132916,0,0,27.77777778,inf
27.82,27.79067125,22.22222222,-10.13212415,46.68600688,-0.002504004675,-0.002638342057,0,0,27.77777778,inf
27.84,27.7906187,22.22222222,-10.2434926,46.68592805,-0.00249380383,-0.002627595066,0,0,27.77777778,inf
27.86,27.79056636,22.22222222,-10.35486001,46.68584954,-0.002483644471,-0.002616891767,0,0,27.77777778,inf
27.88,27.79051424,22.22222222,-10.46622637,46.68577136,-0.002473526429,-0.002606231984,0,0,27.77777778,inf
27.9,27.79046233,22.22222222,-10.57759169,46.68569349,-0.002463449537,-0.002595615539,0,0,27.77777778,inf
27.92,27.79041063,22.22222222,-10.68895598,46.68561594,-0.00245341363,-0.002585042259,0,0,27.77777778,inf
27.94,27.79035914,22.22222222,-10.80031923,46.6855387,-0.00244341854,-0.002574511969,0,0,27.77777778,inf
27.96,27.79030785,22.22222222,-10.91168145,46.68546178,-0.002433464104,-0.002564024494,0,0,27.77777778,inf
27.98,27.79025678,22.22222222,-11.02304266,46.68538517,-0.002423550156,-0.002553579663,0,0,27.77777778,inf
28,27.79020592,22.22222222,-11.13440284,46.68530888,-0.002413676533,-0.002543177303,0,0,27.77777778,inf
28.02,27.79015526,22.22222222,-11.24576201,46.68523289,-0.002403843071,-0.002532817241,0,0,27.77777778,inf
28.04,27.79010481,22.22222222,-11.35712016,46.68515722,-0.002394049608,-0.002522499307,0,0,27.77777778,inf
28.06,27.79005457,22.22222222,-11.46847731,46.68508185,-0.002384295983,-0.002512223331,0,0,27.77777778,inf
28.08,27.79000453,22.22222222,-11.57983346,46.68500679,-0.002374582033,-0.002501989144,0,0,27.77777778,inf
28.1,27.78995469,22.22222222,-11.69118861,46.68493204,-0.002364907599,-0.002491796575,0,0,27.77777778,inf
28.12,27.78990506,22.22222222,-11.80254276,46.68485759,-0.00235527252,-0.002481645457,0,0,27.77777778,inf
28.14,27.78985563,22.22222222,-11.91389592,46.68478344,-0.002345676637,-0.002471535622,0,0,27.77777778,inf
28.16,27.7898064,22.22222222,-12.0252481,46.6847096,-0.002336119792,-0.002461466903,0,0,27.77777778,inf
28.18,27.78975737,22.22222222,-12.13659929,46.68463606,-0.002326601826,-0.002451439134,0,0,27.77777778,inf
28.2,27.78970854,22.22222222,-12.24794951,46.68456281,-0.002317122582,-0.002441452149,0,0,27.77777778,inf
28.22,27.78965991,22.22222222,-12.35929875,46.68448987,-0.002307681903,-0.002431505784,0,0,27.77777778,inf
28.24,27.78961148,22.22222222,-12.47064702,46.68441722,-0.002298279633,-0.002421599873,0,0,27.77777778,inf
28.26,27.78956325,22.22222222,-12.58199432,46.68434487,-0.002288915616,-0.002411734254,0,0,27.77777778,inf
28.28,27.78951521,22.22222222,-12.69334066,46.68427281,-0.002279589698,-0.002401908763,0,0,27.77777778,inf
28.3,27.78946736,22.22222222,-12.80468604,46.68420105,-0.002270301724,-0.002392123238,0,0,27.77777778,inf
28.32,27.78941972,22.22222222,-12.91603047,46.68412958,-0.002261051541,-0.002382377517,0,0,27.77777778,inf
28.34,27.78937226,22.22222222,-13.02737394,46.6840584,-0.002251838995,-0.002372671439,0,0,27.77777778,inf
28.36,27.789325,22.22222222,-13.13871647,46.68398751,-0.002242663934,-0.002363004843,0,0,27.77777778,inf
28.38,27.78927794,22.22222222,-13.25005805,46.6839169,-0.002233526207,-0.002353377571,0,0,27.77777778,inf
28.4,27.78923106,22.22222222,-13.3613987,46.68384659,-0.002224425661,-0.002343789461,0,0,27.77777778,inf
28.42,27.78918438,22.22222222,-13.47273841,46.68377656,-0.002215362147,-0.002334240357,0,0,27.77777778,inf
28.44,27.78913788,22.22222222,-13.58407719,46.68370682,-0.002206335513,-0.002324730101,0,0,27.77777778,inf
28.46,27.78909158,22.22222222,-13.69541504,46.68363736,-0.002197345612,-0.002315258534,0,0,27.77777778,inf
28.48,27.78904546,22.22222222,-13.80675196,46.68356819,-0.002188392294,-0.0023058255,0,0,27.77777778,inf
28.5,27.78899953,22.22222222,-13.91808797,46.6834993,-0.00217947541,-0.002296430843,0,0,27.77777778,inf
28.52,27.78895379,22.22222222,-14.02942306,46.68343068,-0.002170594813,-0.002287074409,0,0,27.77777778,inf
28.54,27.78890823,22.22222222,-14.14075723,46.68336235,-0.002161750356,-0.002277756041,0,0,27.77777778,inf
28.56,27.78886286,22.22222222,-14.2520905,46.6832943,-0.002152941893,-0.002268475586,0,0,27.77777778,inf
28.58,27.78881768,22.22222222,-14.36342286,46.68322652,-0.002144169277,-0.002259232891,0,0,27.77777778,inf
28.6,27.78877268,22.22222222,-14.47475432,46.68315902,-0.002135432364,-0.002250027802,0,0,27.77777778,inf
28.62,27.78872786,22.22222222,-14.58608488,46.68309179,-0.002126731008,-0.002240860167,0,0,27.77777778,inf
28.64,27.78868323,22.22222222,-14.69741455,46.68302484,-0.002118065066,-0.002231729834,0,0,27.77777778,inf
28.66,27.78863877,22.22222222,-14.80874332,46.68295816,-0.002109434393,-0.002222636653,0,0,27.77777778,inf
28.68,27.7885945,22.22222222,-14.92007121,46.68289175,-0.002100838847,-0.002213580472,0,0,27.77777778,inf
28.7,27.78855041,22.22222222,-15.03139822,46.68282562,-0.002092278286,-0.002204561142,0,0,27.77777778,inf
28.72,27.7885065,22.22222222,-15.14272434,46.68275975,-0.002083752567,-0.002195578513,0,0,27.77777778,inf
28.74,27.78846277,22.22222222,-15.25404959,46.68269415,-0.00207526155,-0.002186632438,0,0,27.77777778,inf
28.76,27.78841921,22.22222222,-15.36537396,46.68262882,-0.002066805093,-0.002177722767,0,0,27.77777778,inf
28.78,27.78837584,22.22222222,-15.47669747,46.68256375,-0.002058383057,-0.002168849353,0,0,27.77777778,inf
28.8,27.78833264,22.22222222,-15.58802011,46.68249895,-0.002049995301,-0.002160012049,0,0,27.77777778,inf
28.82,27.78828961,22.22222222,-15.69934189,46.68243442,-0.002041641687,-0.002151210709,0,0,27.77777778,inf
28.84,27.78824676,22.22222222,-15.81066281,46.68237014,-0.002033322077,-0.002142445188,0,0,27.77777778,inf
28.86,27.78820409,22.22222222,-15.92198287,46.68230613,-0.002025036332,-0.002133715339,0,0,27.77777778,inf
28.88,27.78816159,22.22222222,-16.03330208,46.68224238,-0.002016784315,-0.002125021018,0,0,27.77777778,inf
28.9,27.78811926,22.22222222,-16.14462045,46.68217889,-0.002008565889,-0.002116362082,0,0,27.77777778,inf
28.92,27.78807711,22.22222222,-16.25593797,46.68211566,-0.002000380918,-0.002107738386,0,0,27.77777778,inf
28.94,27.78803512,22.22222222,-16.36725465,46.68205268,-0.001992229266,-0.002099149789,0,0,27.77777778,inf
28.96,27.78799331,22.22222222,-16.47857049,46.68198997,-0.001984110798,-0.002090596147,0,0,27.77777778,inf
28.98,27.78795167,22.22222222,-16.58988549,46.6819275,-0.00197602538,-0.002082077319,0,0,27.77777778,inf
29,27.7879102,22.22222222,-16.70119967,46.6818653,-0.001967972877,-0.002073593164,0,0,27.77777778,inf
29.02,27.78786889,22.22222222,-16.81251301,46.68180334,-0.001959953155,-0.002065143541,0,0,27.77777778,inf
29.04,27.78782776,22.22222222,-16.92382553,46.68174164,-0.001951966083,-0.00205672831,0,0,27.77777778,inf
29.06,27.78778679,22.22222222,-17.03513724,46.68168019,-0.001944011526,-0.002048347332,0,0,27.77777778,inf
29.08,27.78774599,22.22222222,-17.14644812,46.68161899,-0.001936089354,-0.002040000467,0,0,27.77777778,inf
29.1,27.78770536,22.22222222,-17.25775819,46.68155804,-0.001928199435,-0.002031687578,0,0,27.77777778,inf
29.12,27.78766489,22.22222222,-17.36906745,46.68149734,-0.001920341638,-0.002023408527,0,0,27.77777778,inf
29.14,27.78762459,22.22222222,-17.4803759,46.68143688,-0.001912515832,-0.002015163176,0,0,27.77777778,inf
29.16,27.78758445,22.22222222,-17.59168354,46.68137667,-0.001904721888,-0.002006951388,0,0,27.77777778,inf
29.18,27.78754447,22.22222222,-17.70299039,46.68131671,-0.001896959677,-0.001998773028,0,0,27.77777778,inf
29.2,27.78750466,22.22222222,-17.81429643,46.68125699,-0.001889229069,-0.00199062796,0,0,27.77777778,inf
29.22,27.78746501,22.22222222,-17.92560169,46.68119752,-0.001881529936,-0.001982516049,0,0,27.77777778,inf
29.24,27.78742552,22.22222222,-18.03690615,46.68113828,-0.001873862151,-0.00197443716,0,0,27.77777778,inf
29.26,27.78738619,22.22222222,-18.14820982,46.68107929,-0.001866225586,-0.001966391159,0,0,27.77777778,inf
29.28,27.78734703,22.22222222,-18.25951271,46.68102054,-0.001858620115,-0.001958377913,0,0,27.77777778,inf
29.3,27.78730802,22.22222222,-18.37081481,46.68096203,-0.001851045611,-0.001950397289,0,0,27.77777778,inf
29.32,27.78726917,22.22222222,-18.48211614,46.68090375,-0.001843501949,-0.001942449155,0,0,27.77777778,inf
29.34,27.78723048,22.22222222,-18.59341669,46.68084572,-0.001835989003,-0.001934533379,0,0,27.77777778,inf
29.36,27.78719195,22.22222222,-18.70471647,46.68078792,-0.001828506648,-0.001926649829,0,0,27.77777778,inf
29.38,27.78715357,22.22222222,-18.81601548,46.68073036,-0.001821054761,-0.001918798374,0,0,27.77777778,inf
29.4,27.78711535,22.22222222,-18.92731373,46.68067303,-0.001813633218,-0.001910978885,0,0,27.77777778,inf
29.42,27.78707729,22.22222222,-19.03861121,46.68061593,-0.001806241895,-0.001903191232,0,0,27.77777778,inf
29.44,27.78703938,22.22222222,-19.14990793,46.68055907,-0.00179888067,-0.001895435285,0,0,27.77777778,inf
29.46,27.78700162,22.22222222,-19.2612039,46.68050244,-0.001791549421,-0.001887710916,0,0,27.77777778,inf
29.48,27.78696402,22.22222222,-19.37249911,46.68044604,-0.001784248025,-0.001880017996,0,0,27.77777778,inf
29.5,27.78692658,22.22222222,-19.48379357,46.68038986,-0.001776976362,-0.001872356398,0,0,27.77777778,inf
29.52,27.78688928,22.22222222,-19.59508729,46.68033392,-0.00176973431,-0.001864725995,0,0,27.77777778,inf
29.54,27.78685214,22.22222222,-19.70638026,46.68027821,-0.00176252175,-0.001857126661,0,0,27.77777778,inf
29.56,27.78681515,22.22222222,-19.81767248,46.68022272,-0.001755338562,-0.001849558268,0,0,27.77777778,inf
29.58,27.78677831,22.22222222,-19.92896397,46.68016746,-0.001748184626,-0.001842020691,0,0,27.77777778,inf
29.6,27.78674162,22.22222222,-20.04025473,46.68011243,-0.001741059824,-0.001834513806,0,0,27.77777778,inf
29.62,27.78670508,22.22222222,-20.15154475,46.68005762,-0.001733964036,-0.001827037487,0,0,27.77777778,inf
29.64,27.78666868,22.22222222,-20.26283404,46.68000303,-0.001726897147,-0.001819591611,0,0,27.77777778,inf
29.66,27.78663244,22.22222222,-20.37412261,46.67994866,-0.001719859037,-0.001812176054,0,0,27.77777778,inf
29.68,27.78659635,22.22222222,-20.48541045,46.67989452,-0.00171284959,-0.001804790693,0,0,27.77777778,inf
29.7,27.7865604,22.22222222,-20.59669758,46.6798406,-0.00170586869,-0.001797435405,0,0,27.77777778,inf
29.72,27.78652459,22.22222222,-20.70798398,46.67978689,-0.00169891622,-0.001790110067,0,0,27.77777778,inf
29.74,27.78648894,22.22222222,-20.81926967,46.67973341,-0.001691992066,-0.00178281456,0,0,27.77777778,inf
29.76,27.78645343,22.22222222,-20.93055465,46.67968014,-0.001685096112,-0.00177554876,0,0,27.77777778,inf
29.78,27.78641806,22.22222222,-21.04183892,46.67962709,-0.001678228243,-0.001768312548,0,0,27.77777778,inf
29.8,27.78638284,22.22222222,-21.15312249,46.67957426,-0.001671388345,-0.001761105804,0,0,27.77777778,inf
29.82,27.78634776,22.22222222,-21.26440535,46.67952164,-0.001664576305,-0.001753928407,0,0,27.77777778,inf
29.84,27.78631282,22.22222222,-21.37568751,46.67946924,-0.001657792009,-0.001746780239,0,0,27.77777778,inf
29.86,27.78627803,22.22222222,-21.48696898,46.67941705,-0.001651035346,-0.001739661181,0,0,27.77777778,inf
29.88,27.78624338,22.22222222,-21.59824974,46.67936507,-0.001644306201,-0.001732571114,0,0,27.77777778,inf
29.9,27.78620887,22.22222222,-21.70952982,46.6793133,-0.001637604464,-0.001725509921,0,0,27.77777778,inf
29.92,27.7861745,22.22222222,-21.82080921,46.67926175,-0.001630930024,-0.001718477484,0,0,27.77777778,inf
29.94,27.78614027,22.22222222,-21.93208792,46.67921041,-0.001624282769,-0.001711473687,0,0,27.77777778,inf
29.96,27.78610618,22.22222222,-22.04336594,46.67915927,-0.001617662588,-0.001704498414,0,0,27.77777778,inf
29.98,27.78607223,22.22222222,-22.15464328,46.67910834,-0.001611069372,-0.001697551548,0,0,27.77777778,inf
30,27.78603842,22.22222222,-22.26591994,46.67905763,-0.001604503012,-0.001690632974,0,0,27.77777778,inf
30.02,27.78600474,22.22222222,-22.37719592,46.67900711,-0.001597963397,-0.001683742577,0,0,27.77777778,inf
30.04,27.7859712,22.22222222,-22.48847124,46.67895681,-0.001591450419,-0.001676880242,0,0,27.77777778,inf
30.06,27.7859378,22.22222222,-22.59974589,46.67890671,-0.001584963971,-0.001670045857,0,0,27.77777778,inf
30.08,27.78590454,22.22222222,-22.71101986,46.67885681,-0.001578503943,-0.001663239306,0,0,27.77777778,inf
30.1,27.78587141,22.22222222,-22.82229318,46.67880711,-0.00157207023,-0.001656460477,0,0,27.77777778,inf
30.12,27.78583842,22.22222222,-22.93356583,46.67875762,-0.001565662723,-0.001649709257,0,0,27.77777778,inf
30.14,27.78580556,22.22222222,-23.04483783,46.67870833,-0.001559281316,-0.001642985534,0,0,27.77777778,inf
30.16,27.78577283,22.22222222,-23.15610917,46.67865925,-0.001552925904,-0.001636289197,0,0,27.77777778,inf
30.18,27.78574024,22.22222222,-23.26737985,46.67861036,-0.001546596379,-0.001629620133,0,0,27.77777778,inf
30.2,27.78570778,22.22222222,-23.37864989,46.67856167,-0.001540292638,-0.001622978233,0,0,27.77777778,inf
30.22,27.78567545,22.22222222,-23.48991928,46.67851318,-0.001534014576,-0.001616363385,0,0,27.77777778,inf
30.24,27.78564326,22.22222222,-23.60118802,46.67846488,-0.001527762087,-0.001609775481,0,0,27.77777778,inf
30.26,27.78561119,22.22222222,-23.71245612,46.67841679,-0.001521535068,-0.001603214409,0,0,27.77777778,inf
30.28,27.78557926,22.22222222,-23.82372358,46.67836889,-0.001515333416,-0.001596680062,0,0,27.77777778,inf
30.3,27.78554745,22.22222222,-23.9349904,46.67832118,-0.001509157027,-0.00159017233,0,0,27.77777778,inf
30.32,27.78551578,22.22222222,-24.04625659,46.67827367,-0.001503005798,-0.001583691106,0,0,27.77777778,inf
30.34,27.78548424,22.22222222,-24.15752215,46.67822635,-0.001496879628,-0.001577236281,0,0,27.77777778,inf
30.36,27.78545282,22.22222222,-24.26878707,46.67817923,-0.001490778414,-0.001570807749,0,0,27.77777778,inf
30.38,27.78542153,22.22222222,-24.38005137,46.6781323,-0.001484702055,-0.001564405402,0,0,27.77777778,inf
30.4,27.78539037,22.22222222,-24.49131505,46.67808556,-0.001478650449,-0.001558029134,0,0,27.77777778,inf
30.42,27.78535934,22.22222222,-24.6025781,46.67803901,-0.001472623497,-0.00155167884,0,0,27.77777778,inf
30.44,27.78532843,22.22222222,-24.71384053,46.67799265,-0.001466621097,-0.001545354412,0,0,27.77777778,inf
30.46,27.78529765,22.22222222,-24.82510235,46.67794647,-0.00146064315,-0.001539055747,0,0,27.77777778,inf
30.48,27.78526699,22.22222222,-24.93636355,46.67790049,-0.001454689557,-0.001532782739,0,0,27.77777778,inf
30.5,27.78523646,22.22222222,-25.04762414,46.67785469,-0.001448760219,-0.001526535285,0,0,27.77777778,inf
30.52,27.78520606,22.22222222,-25.15888412,46.67780908,-0.001442855036,-0.001520313279,0,0,27.77777778,inf
30.54,27.78517577,22.22222222,-25.2701435,46.67776366,-0.001436973911,-0.00151411662,0,0,27.77777778,inf
30.56,27.78514562,22.22222222,-25.38140226,46.67771842,-0.001431116745,-0.001507945203,0,0,27.77777778,inf
30.58,27.78511558,22.22222222,-25.49266043,46.67767337,-0.001425283442,-0.001501798927,0,0,27.77777778,inf
30.6,27.78508567,22.22222222,-25.603918,46.6776285,-0.001419473904,-0.001495677688,0,0,27.77777778,inf
30.62,27.78505587,22.22222222,-25.71517497,46.67758381,-0.001413688034,-0.001489581385,0,0,27.77777778,inf
30.64,27.7850262,22.22222222,-25.82643135,46.67753931,-0.001407925737,-0.001483509917,0,0,27.77777778,inf
30.66,27.78499665,22.22222222,-25.93768713,46.67749498,-0.001402186916,-0.001477463183,0,0,27.77777778,inf
30.68,27.78496723,22.22222222,-26.04894233,46.67745084,-0.001396471476,-0.001471441081,0,0,27.77777778,inf
30.7,27.78493792,22.22222222,-26.16019693,46.67740688,-0.001390779322,-0.001465443513,0,0,27.77777778,inf
30.72,27.78490873,22.22222222,-26.27145095,46.67736309,-0.001385110359,-0.001459470378,0,0,27.77777778,inf
30.74,27.78487966,22.22222222,-26.38270439,46.67731949,-0.001379464492,-0.001453521576,0,0,27.77777778,inf
30.76,27.78485071,22.22222222,-26.49395725,46.67727606,-0.001373841628,-0.001447597009,0,0,27.77777778,inf
30.78,27.78482187,22.22222222,-26.60520953,46.67723281,-0.001368241674,-0.001441696579,0,0,27.77777778,inf
30.8,27.78479315,22.22222222,-26.71646124,46.67718973,-0.001362664535,-0.001435820187,0,0,27.77777778,inf
30.82,27.78476456,22.22222222,-26.82771237,46.67714683,-0.001357110119,-0.001429967734,0,0,27.77777778,inf
30.84,27.78473607,22.22222222,-26.93896293,46.67710411,-0.001351578334,-0.001424139125,0,0,27.77777778,inf
30.86,27.78470771,22.22222222,-27.05021293,46.67706156,-0.001346069088,-0.001418334262,0,0,27.77777778,inf
30.88,27.78467945,22.22222222,-27.16146236,46.67701918,-0.001340582289,-0.001412553048,0,0,27.77777778,inf
30.9,27.78465132,22.22222222,-27.27271122,46.67697698,-0.001335117845,-0.001406795387,0,0,27.77777778,inf
30.92,27.7846233,22.22222222,-27.38395952,46.67693495,-0.001329675666,-0.001401061184,0,0,27.77777778,inf
30.94,27.78459539,22.22222222,-27.49520726,46.67689309,-0.00132425566,-0.001395350342,0,0,27.77777778,inf
30.96,27.7845676,22.22222222,-27.60645445,46.6768514,-0.001318857739,-0.001389662768,0,0,27.77777778,inf
30.98,27.78453992,22.22222222,-27.71770108,46.67680988,-0.001313481811,-0.001383998366,0,0,27.77777778,inf
31,27.78451235,22.22222222,-27.82894716,46.67676853,-0.001308127788,-0.001378357041,0,0,27.77777778,inf
31.02,27.7844849,22.22222222,-27.94019269,46.67672734,-0.00130279558,-0.001372738701,0,0,27.77777778,inf
31.04,27.78445755,22.22222222,-28.05143767,46.67668633,-0.001297485099,-0.001367143251,0,0,27.77777778,inf
31.06,27.78443032,22.22222222,-28.1626821,46.67664548,-0.001292196255,-0.001361570599,0,0,27.77777778,inf
31.08,27.7844032,22.22222222,-28.27392599,46.6766048,-0.001286928962,-0.001356020652,0,0,27.77777778,inf
31.1,27.78437619,22.22222222,-28.38516934,46.67656429,-0.001281683131,-0.001350493316,0,0,27.77777778,inf
31.12,27.78434929,22.22222222,-28.49641215,46.67652394,-0.001276458676,-0.001344988502,0,0,27.77777778,inf
31.14,27.7843225,22.22222222,-28.60765442,46.67648375,-0.001271255508,-0.001339506116,0,0,27.77777778,inf
31.16,27.78429582,22.22222222,-28.71889616,46.67644373,-0.001266073541,-0.001334046067,0,0,27.77777778,inf
31.18,27.78426925,22.22222222,-28.83013737,46.67640387,-0.00126091269,-0.001328608265,0,0,27.77777778,inf
31.2,27.78424278,22.22222222,-28.94137804,46.67636418,-0.001255772868,-0.001323192619,0,0,27.77777778,inf
31.22,27.78421643,22.22222222,-29.05261819,46.67632464,-0.001250653989,-0.001317799039,0,0,27.77777778,inf
31.24,27.78419018,22.22222222,-29.16385781,46.67628527,-0.001245555969,-0.001312427435,0,0,27.77777778,inf
31.26,27.78416404,22.22222222,-29.27509691,46.67624606,-0.001240478723,-0.001307077718,0,0,27.77777778,inf
31.28,27.784138,22.22222222,-29.38633549,46.676207,-0.001235422165,-0.001301749798,0,0,27.77777778,inf
31.3,27.78411207,22.22222222,-29.49757354,46.67616811,-0.001230386212,-0.001296443587,0,0,27.77777778,inf
31.32,27.78408625,22.22222222,-29.60881108,46.67612938,-0.001225370779,-0.001291158997,0,0,27.77777778,inf
31.34,27.78406053,22.22222222,-29.72004811,46.6760908,-0.001220375784,-0.00128589594,0,0,27.77777778,inf
31.36,27.78403492,22.22222222,-29.83128462,46.67605238,-0.001215401143,-0.001280654327,0,0,27.77777778,inf
31.38,27.78400941,22.22222222,-29.94252062,46.67601412,-0.001210446774,-0.001275434073,0,0,27.77777778,inf
31.4,27.78398401,22.22222222,-30.0537561,46.67597601,-0.001205512593,-0.001270235089,0,0,27.77777778,inf
31.42,27.78395871,22.22222222,-30.16499109,46.67593806,-0.001200598519,-0.001265057289,0,0,27.77777778,inf
31.44,27.78393351,22.22222222,-30.27622557,46.67590026,-0.001195704469,-0.001259900587,0,0,27.77777778,inf
31.46,27.78390841,22.22222222,-30.38745954,46.67586262,-0.001190830363,-0.001254764898,0,0,27.77777778,inf
31.48,27.78388342,22.22222222,-30.49869301,46.67582513,-0.001185976119,-0.001249650135,0,0,27.77777778,inf
31.5,27.78385853,22.22222222,-30.60992599,46.67578779,-0.001181141656,-0.001244556214,0,0,27.77777778,inf
31.52,27.78383374,22.22222222,-30.72115847,46.67575061,-0.001176326893,-0.001239483049,0,0,27.77777778,inf
31.54,27.78380905,22.22222222,-30.83239045,46.67571357,-0.001171531751,-0.001234430557,0,0,27.77777778,inf
31.56,27.78378446,22.22222222,-30.94362194,46.67567669,-0.00116675615,-0.001229398652,0,0,27.77777778,inf
31.58,27.78375997,22.22222222,-31.05485294,46.67563996,-0.00116200001,-0.001224387252,0,0,27.77777778,inf
31.6,27.78373559,22.22222222,-31.16608345,46.67560338,-0.001157263251,-0.001219396273,0,0,27.77777778,inf
31.62,27.7837113,22.22222222,-31.27731348,46.67556695,-0.001152545796,-0.001214425631,0,0,27.77777778,inf
31.64,27.78368711,22.22222222,-31.38854302,46.67553066,-0.001147847565,-0.001209475244,0,0,27.77777778,inf
31.66,27.78366302,22.22222222,-31.49977207,46.67549453,-0.001143168479,-0.00120454503,0,0,27.77777778,inf
31.68,27.78363902,22.22222222,-31.61100065,46.67545854,-0.001138508462,-0.001199634906,0,0,27.77777778,inf
31.7,27.78361513,22.22222222,-31.72222875,46.67542269,-0.001133867436,-0.00119474479,0,0,27.77777778,inf
31.72,27.78359133,22.22222222,-31.83345637,46.675387,-0.001129245323,-0.001189874602,0,0,27.77777778,inf
31.74,27.78356763,22.22222222,-31.94468351,46.67535145,-0.001124642045,-0.00118502426,0,0,27.77777778,inf
31.76,27.78354403,22.22222222,-32.05591018,46.67531604,-0.001120057528,-0.001180193683,0,0,27.77777778,inf
31.78,27.78352052,22.22222222,-32.16713638,46.67528078,-0.001115491693,-0.00117538279,0,0,27.77777778,inf
31.8,27.78349711,22.22222222,-32.27836212,46.67524566,-0.001110944466,-0.001170591502,0,0,27.77777778,inf
31.82,27.78347379,22.22222222,-32.38958738,46.67521069,-0.001106415769,-0.001165819739,0,0,27.77777778,inf
31.84,27.78345057,22.22222222,-32.50081218,46.67517586,-0.001101905529,-0.001161067422,0,0,27.77777778,inf
31.86,27.78342744,22.22222222,-32.61203652,46.67514117,-0.001097413669,-0.00115633447,0,0,27.77777778,inf
31.88,27.78340441,22.22222222,-32.72326039,46.67510662,-0.001092940115,-0.001151620806,0,0,27.77777778,inf
31.9,27.78338147,22.22222222,-32.8344838,46.67507221,-0.001088484792,-0.001146926351,0,0,27.77777778,inf
31.92,27.78335863,22.22222222,-32.94570676,46.67503794,-0.001084047627,-0.001142251026,0,0,27.77777778,inf
31.94,27.78333588,22.22222222,-33.05692926,46.67500381,-0.001079628544,-0.001137594754,0,0,27.77777778,inf
31.96,27.78331322,22.22222222,-33.16815131,46.67496983,-0.001075227471,-0.001132957458,0,0,27.77777778,inf
31.98,27.78329065,22.22222222,-33.2793729,46.67493598,-0.001070844335,-0.001128339059,0,0,27.77777778,inf
32,27.78326818,22.22222222,-33.39059405,46.67490226,-0.001066479061,-0.001123739481,0,0,27.77777778,inf
32.02,27.78324579,22.22222222,-33.50181474,46.67486869,-0.001062131578,-0.001119158647,0,0,27.77777778,inf
32.04,27.7832235,22.22222222,-33.61303499,46.67483525,-0.001057801812,-0.001114596482,0,0,27.77777778,inf
32.06,27.7832013,22.22222222,-33.72425479,46.67480195,-0.001053489693,-0.001110052908,0,0,27.77777778,inf
32.08,27.78317919,22.22222222,-33.83547415,46.67476878,-0.001049195147,-0.001105527851,0,0,27.77777778,inf
32.1,27.78315717,22.22222222,-33.94669307,46.67473575,-0.001044918104,-0.001101021235,0,0,27.77777778,inf
32.12,27.78313524,22.22222222,-34.05791155,46.67470286,-0.001040658492,-0.001096532984,0,0,27.77777778,inf
32.14,27.7831134,22.22222222,-34.16912959,46.67467009,-0.00103641624,-0.001092063025,0,0,27.77777778,inf
32.16,27.78309164,22.22222222,-34.2803472,46.67463747,-0.001032191277,-0.001087611282,0,0,27.77777778,inf
32.18,27.78306998,22.22222222,-34.39156437,46.67460497,-0.001027983534,-0.001083177682,0,0,27.77777778,inf
32.2,27.78304841,22.22222222,-34.50278111,46.67457261,-0.001023792939,-0.00107876215,0,0,27.77777778,inf
32.22,27.78302692,22.22222222,-34.61399742,46.67454038,-0.001019619424,-0.001074364613,0,0,27.77777778,inf
32.24,27.78300552,22.22222222,-34.7252133,46.67450828,-0.001015462917,-0.001069984998,0,0,27.77777778,inf
32.26,27.78298421,22.22222222,-34.83642875,46.67447631,-0.001011323352,-0.001065623231,0,0,27.77777778,inf
32.28,27.78296298,22.22222222,-34.94764378,46.67444447,-0.001007200657,-0.001061279241,0,0,27.77777778,inf
32.3,27.78294184,22.22222222,-35.05885838,46.67441276,-0.001003094765,-0.001056952954,0,0,27.77777778,inf
32.32,27.78292079,22.22222222,-35.17007257,46.67438118,-0.0009990056067,-0.001052644299,0,0,27.77777778,inf
32.34,27.78289982,22.22222222,-35.28128633,46.67434973,-0.0009949331145,-0.001048353204,0,0,27.77777778,inf
32.36,27.78287894,22.22222222,-35.39249967,46.67431841,-0.0009908772205,-0.001044079597,0,0,27.77777778,inf
32.38,27.78285814,22.22222222,-35.5037126,46.67428721,-0.0009868378569,-0.001039823406,0,0,27.77777778,inf
32.4,27.78283743,22.22222222,-35.61492511,46.67425615,-0.0009828149565,-0.001035584563,0,0,27.77777778,inf
32.42,27.7828168,22.22222222,-35.72613721,46.67422521,-0.0009788084521,-0.001031362994,0,0,27.77777778,inf
32.44,27.78279626,22.22222222,-35.83734889,46.67419439,-0.000974818277,-0.001027158631,0,0,27.77777778,inf
32.46,27.7827758,22.22222222,-35.94856017,46.6741637,-0.0009708443648,-0.001022971402,0,0,27.77777778,inf
32.48,27.78275543,22.22222222,-36.05977104,46.67413314,-0.0009668866491,-0.001018801239,0,0,27.77777778,inf
32.5,27.78273513,22.22222222,-36.1709815,46.6741027,-0.000962945064,-0.001014648072,0,0,27.77777778,inf
32.52,27.78271492,22.22222222,-36.28219155,46.67407238,-0.0009590195437,-0.001010511831,0,0,27.77777778,inf
32.54,27.78269479,22.22222222,-36.39340121,46.67404219,-0.000955110023,-0.001006392448,0,0,27.77777778,inf
32.56,27.78267475,22.22222222,-36.50461046,46.67401212,-0.0009512164365,-0.001002289854,0,0,27.77777778,inf
32.58,27.78265478,22.22222222,-36.61581931,46.67398218,-0.0009473387194,-0.000998203981,0,0,27.77777778,inf
32.6,27.7826349,22.22222222,-36.72702776,46.67395235,-0.0009434768071,-0.0009941347601,0,0,27.77777778,inf
32.62,27.7826151,22.22222222,-36.83823582,46.67392265,-0.0009396306351,-0.0009900821238,0,0,27.77777778,inf
32.64,27.78259538,22.22222222,-36.94944348,46.67389307,-0.0009358001394,-0.0009860460047,0,0,27.77777778,inf
32.66,27.78257574,22.22222222,-37.06065074,46.67386361,-0.0009319852561,-0.0009820263355,0,0,27.77777778,inf
32.68,27.78255618,22.22222222,-37.17185762,46.67383427,-0.0009281859217,-0.0009780230492,0,0,27.77777778,inf
32.7,27.7825367,22.22222222,-37.2830641,46.67380505,-0.0009244020726,-0.000974036079,0,0,27.77777778,inf
32.72,27.7825173,22.22222222,-37.3942702,46.67377594,-0.000920633646,-0.0009700653585,0,0,27.77777778,inf
32.74,27.78249797,22.22222222,-37.50547591,46.67374696,-0.000916880579,-0.0009661108215,0,0,27.77777778,inf
32.76,27.78247873,22.22222222,-37.61668123,46.6737181,-0.000913142809,-0.0009621724021,0,0,27.77777778,inf
32.78,27.78245957,22.22222222,-37.72788617,46.67368935,-0.0009094202736,-0.0009582500346,0,0,27.77777778,inf
32.8,27.78244048,22.22222222,-37.83909072,46.67366072,-0.0009057129109,-0.0009543436537,0,0,27.77777778,inf
32.82,27.78242147,22.22222222,-37.9502949,46.6736322,-0.0009020206591,-0.0009504531943,0,0,27.77777778,inf
32.84,27.78240254,22.22222222,-38.06149869,46.67360381,-0.0008983434565,-0.0009465785915,0,0,27.77777778,inf
32.86,27.78238368,22.22222222,-38.17270211,46.67357553,-0.0008946812419,-0.0009427197807,0,0,27.77777778,inf
32.88,27.78236491,22.22222222,-38.28390515,46.67354736,-0.0008910339542,-0.0009388766976,0,0,27.77777778,inf
32.9,27.78234621,22.22222222,-38.39510782,46.67351931,-0.0008874015326,-0.0009350492781,0,0,27.77777778,inf
32.92,27.78232758,22.22222222,-38.50631011,46.67349137,-0.0008837839165,-0.0009312374585,0,0,27.77777778,inf
32.94,27.78230903,22.22222222,-38.61751204,46.67346355,-0.0008801810457,-0.0009274411751,0,0,27.77777778,inf
32.96,27.78229056,22.22222222,-38.72871359,46.67343584,-0.0008765928601,-0.0009236603648,0,0,27.77777778,inf
32.98,27.78227216,22.22222222,-38.83991477,46.67340824,-0.0008730192998,-0.0009198949644,0,0,27.77777778,inf
33,27.78225384,22.22222222,-38.95111558,46.67338076,-0.0008694603053,-0.0009161449112,0,0,27.77777778,inf
33.02,27.78223559,22.22222222,-39.06231603,46.67335338,-0.0008659158172,-0.0009124101428,0,0,27.77777778,inf
33.04,27.78221742,22.22222222,-39.17351612,46.67332612,-0.0008623857764,-0.0009086905967,0,0,27.77777778,inf
33.06,27.78219932,22.22222222,-39.28471584,46.67329897,-0.0008588701241,-0.0009049862111,0,0,27.77777778,inf
33.08,27.78218129,22.22222222,-39.3959152,46.67327193,-0.0008553688017,-0.0009012969241,0,0,27.77777778,inf
33.1,27.78216334,22.22222222,-39.50711421,46.67324501,-0.0008518817507,-0.0008976226743,0,0,27.77777778,inf
33.12,27.78214546,22.22222222,-39.61831285,46.67321819,-0.000848408913,-0.0008939634004,0,0,27.77777778,inf
33.14,27.78212765,22.22222222,-39.72951114,46.67319148,-0.0008449502308,-0.0008903190414,0,0,27.77777778,inf
33.16,27.78210992,22.22222222,-39.84070907,46.67316488,-0.0008415056464,-0.0008866895366,0,0,27.77777778,inf
33.18,27.78209226,22.22222222,-39.95190665,46.67313838,-0.0008380751022,-0.0008830748254,0,0,27.77777778,inf
33.2,27.78207467,22.22222222,-40.06310387,46.673112,-0.0008346585412,-0.0008794748475,0,0,27.77777778,inf
33.22,27.78205715,22.22222222,-40.17430074,46.67308572,-0.0008312559063,-0.000875889543,0,0,27.77777778,inf
33.24,27.7820397,22.22222222,-40.28549727,46.67305955,-0.0008278671409,-0.0008723188521,0,0,27.77777778,inf
33.26,27.78202233,22.22222222,-40.39669344,46.67303349,-0.0008244921884,-0.0008687627152,0,0,27.77777778,inf
33.28,27.78200502,22.22222222,-40.50788927,46.67300753,-0.0008211309925,-0.000865221073,0,0,27.77777778,inf
33.3,27.78198779,22.22222222,-40.61908476,46.67298168,-0.0008177834971,-0.0008616938666,0,0,27.77777778,inf
33.32,27.78197063,22.22222222,-40.7302799,46.67295594,-0.0008144496466,-0.000858181037,0,0,27.77777778,inf
33.34,27.78195353,22.22222222,-40.84147469,46.6729303,-0.0008111293852,-0.0008546825258,0,0,27.77777778,inf
33.36,27.78193651,22.22222222,-40.95266915,46.67290476,-0.0008078226576,-0.0008511982746,0,0,27.77777778,inf
33.38,27.78191955,22.22222222,-41.06386327,46.67287933,-0.0008045294087,-0.0008477282252,0,0,27.77777778,inf
33.4,27.78190267,22.22222222,-41.17505704,46.672854,-0.0008012495836,-0.0008442723199,0,0,27.77777778,inf
33.42,27.78188585,22.22222222,-41.28625048,46.67282878,-0.0007979831275,-0.000840830501,0,0,27.77777778,inf
33.44,27.7818691,22.22222222,-41.39744359,46.67280366,-0.000794729986,-0.0008374027111,0,0,27.77777778,inf
33.46,27.78185242,22.22222222,-41.50863636,46.67277864,-0.0007914901048,-0.0008339888931,0,0,27.77777778,inf
33.48,27.78183581,22.22222222,-41.6198288,46.67275372,-0.0007882634299,-0.00083058899,0,0,27.77777778,inf
33.5,27.78181927,22.22222222,-41.7310209,46.6727289,-0.0007850499076,-0.0008272029452,0,0,27.77777778,inf
33.52,27.78180279,22.22222222,-41.84221268,46.67270419,-0.0007818494841,-0.0008238307022,0,0,27.77777778,inf
33.54,27.78178638,22.22222222,-41.95340413,46.67267957,-0.0007786621062,-0.0008204722048,0,0,27.77777778,inf
33.56,27.78177004,22.22222222,-42.06459525,46.67265506,-0.0007754877207,-0.0008171273969,0,0,27.77777778,inf
33.58,27.78175376,22.22222222,-42.17578604,46.67263064,-0.0007723262746,-0.0008137962228,0,0,27.77777778,inf
33.6,27.78173755,22.22222222,-42.28697651,46.67260633,-0.0007691777153,-0.0008104786269,0,0,27.77777778,inf
33.62,27.78172141,22.22222222,-42.39816666,46.67258212,-0.0007660419901,-0.000807174554,0,0,27.77777778,inf
33.64,27.78170533,22.22222222,-42.50935648,46.672558,-0.0007629190469,-0.0008038839489,0,0,27.77777778,inf
33.66,27.78168932,22.22222222,-42.62054598,46.67253398,-0.0007598088336,-0.0008006067567,0,0,27.77777778,inf
33.68,27.78167337,22.22222222,-42.73173516,46.67251006,-0.0007567112982,-0.0007973429229,0,0,27.77777778,inf
33.7,27.78165749,22.22222222,-42.84292403,46.67248624,-0.0007536263891,-0.0007940923929,0,0,27.77777778,inf
33.72,27.78164167,22.22222222,-42.95411257,46.67246251,-0.0007505540549,-0.0007908551126,0,0,27.77777778,inf
33.74,27.78162592,22.22222222,-43.06530081,46.67243888,-0.0007474942443,-0.000787631028,0,0,27.77777778,inf
33.76,27.78161023,22.22222222,-43.17648872,46.67241535,-0.0007444469063,-0.0007844200853,0,0,27.77777778,inf
33.78,27.78159461,22.22222222,-43.28767633,46.67239191,-0.0007414119901,-0.000781222231,0,0,27.77777778,inf
33.8,27.78157905,22.22222222,-43.39886362,46.67236857,-0.000738389445,-0.0007780374117,0,0,27.77777778,inf
33.82,27.78156355,22.22222222,-43.5100506,46.67234533,-0.0007353792207,-0.0007748655744,0,0,27.77777778,inf
33.84,27.78154812,22.22222222,-43.62123727,46.67232218,-0.000732381267,-0.0007717066661,0,0,27.77777778,inf
33.86,27.78153275,22.22222222,-43.73242364,46.67229912,-0.0007293955338,-0.0007685606341,0,0,27.77777778,inf
33.88,27.78151744,22.22222222,-43.84360969,46.67227616,-0.0007264219713,-0.0007654274261,0,0,27.77777778,inf
33.9,27.78150219,22.22222222,-43.95479545,46.67225329,-0.0007234605299,-0.0007623069897,0,0,27.77777778,inf
33.92,27.78148701,22.22222222,-44.06598089,46.67223051,-0.0007205111604,-0.0007591992729,0,0,27.77777778,inf
33.94,27.78147188,22.22222222,-44.17716604,46.67220783,-0.0007175738134,-0.0007561042239,0,0,27.77777778,inf
33.96,27.78145682,22.22222222,-44.28835088,46.67218524,-0.00071464844,-0.0007530217911,0,0,27.77777778,inf
33.98,27.78144183,22.22222222,-44.39953542,46.67216274,-0.0007117349913,-0.000749951923,0,0,27.77777778,inf
34,27.78142689,22.22222222,-44.51071967,46.67214033,-0.0007088334189,-0.0007468945685,0,0,27.77777778,inf
34.02,27.78141201,22.22222222,-44.62190361,46.67211802,-0.0007059436743,-0.0007438496765,0,0,27.77777778,inf
34.04,27.78139719,22.22222222,-44.73308726,46.67209579,-0.0007030657092,-0.0007408171963,0,0,27.77777778,inf
34.06,27.78138244,22.22222222,-44.84427061,46.67207366,-0.0007001994758,-0.0007377970774,0,0,27.77777778,inf
34.08,27.78136774,22.22222222,-44.95545367,46.67205161,-0.0006973449261,-0.0007347892692,0,0,27.77777778,inf
34.1,27.78135311,22.22222222,-45.06663643,46.67202966,-0.0006945020127,-0.0007317937218,0,0,27.77777778,inf
34.12,27.78133853,22.22222222,-45.1778189,46.6720078,-0.000691670688,-0.0007288103851,0,0,27.77777778,inf
34.14,27.78132401,22.22222222,-45.28900108,46.67198602,-0.0006888509048,-0.0007258392093,0,0,27.77777778,inf
34.16,27.78130956,22.22222222,-45.40018297,46.67196433,-0.0006860426161,-0.0007228801449,0,0,27.77777778,inf
34.18,27.78129516,22.22222222,-45.51136458,46.67194274,-0.0006832457751,-0.0007199331426,0,0,27.77777778,inf
34.2,27.78128082,22.22222222,-45.62254589,46.67192123,-0.0006804603351,-0.0007169981532,0,0,27.77777778,inf
34.22,27.78126654,22.22222222,-45.73372692,46.6718998,-0.0006776862497,-0.0007140751278,0,0,27.77777778,inf
34.24,27.78125231,22.22222222,-45.84490767,46.67187847,-0.0006749234725,-0.0007111640175,0,0,27.77777778,inf
34.26,27.78123815,22.22222222,-45.95608813,46.67185722,-0.0006721719575,-0.0007082647739,0,0,27.77777778,inf
34.28,27.78122404,22.22222222,-46.0672683,46.67183606,-0.0006694316588,-0.0007053773486,0,0,27.77777778,inf
34.3,27.78120999,22.22222222,-46.1784482,46.67181498,-0.0006667025307,-0.0007025016934,0,0,27.77777778,inf
34.32,27.781196,22.22222222,-46.28962781,46.671794,-0.0006639845277,-0.0006996377604,0,0,27.77777778,inf
34.34,27.78118206,22.22222222,-46.40080715,46.67177309,-0.0006612776044,-0.0006967855018,0,0,27.77777778,inf
34.36,27.78116818,22.22222222,-46.51198621,46.67175227,-0.0006585817157,-0.00069394487,0,0,27.77777778,inf
34.38,27.78115436,22.22222222,-46.62316499,46.67173154,-0.0006558968166,-0.0006911158177,0,0,27.77777778,inf
34.4,27.78114059,22.22222222,-46.7343435,46.67171089,-0.0006532228624,-0.0006882982976,0,0,27.77777778,inf
34.42,27.78112688,22.22222222,-46.84552173,46.67169033,-0.0006505598083,-0.0006854922628,0,0,27.77777778,inf
34.44,27.78111323,22.22222222,-46.95669968,46.67166985,-0.00064790761,-0.0006826976664,0,0,27.77777778,inf
34.46,27.78109963,22.22222222,-47.06787737,46.67164945,-0.0006452662233,-0.0006799144619,0,0,27.77777778,inf
34.48,27.78108609,22.22222222,-47.17905478,46.67162913,-0.0006426356041,-0.0006771426028,0,0,27.77777778,inf
34.5,27.7810726,22.22222222,-47.29023192,46.6716089,-0.0006400157085,-0.0006743820429,0,0,27.77777778,inf
34.52,27.78105917,22.22222222,-47.40140879,46.67158875,-0.0006374064929,-0.0006716327362,0,0,27.77777778,inf
34.54,27.78104579,22.22222222,-47.5125854,46.67156869,-0.0006348079136,-0.0006688946367,0,0,27.77777778,inf
34.56,27.78103247,22.22222222,-47.62376174,46.6715487,-0.0006322199273,-0.0006661676989,0,0,27.77777778,inf
34.58,27.7810192,22.22222222,-47.73493781,46.6715288,-0.0006296424909,-0.0006634518771,0,0,27.77777778,inf
34.6,27.78100598,22.22222222,-47.84611362,46.67150898,-0.0006270755614,-0.0006607471262,0,0,27.77777778,inf
34.62,27.78099282,22.22222222,-47.95728916,46.67148923,-0.000624519096,-0.0006580534011,0,0,27.77777778,inf
34.64,27.78097972,22.22222222,-48.06846444,46.67146957,-0.0006219730519,-0.0006553706566,0,0,27.77777778,inf
34.66,27.78096666,22.22222222,-48.17963946,46.67144999,-0.0006194373868,-0.0006526988483,0,0,27.77777778,inf
34.68,27.78095366,22.22222222,-48.29081422,46.67143049,-0.0006169120583,-0.0006500379314,0,0,27.77777778,inf
34.7,27.78094071,22.22222222,-48.40198872,46.67141107,-0.0006143970244,-0.0006473878615,0,0,27.77777778,inf
34.72,27.78092782,22.22222222,-48.51316296,46.67139173,-0.0006118922429,-0.0006447485945,0,0,27.77777778,inf
34.74,27.78091498,22.22222222,-48.62433694,46.67137246,-0.0006093976723,-0.0006421200864,0,0,27.77777778,inf
34.76,27.78090219,22.22222222,-48.73551067,46.67135328,-0.0006069132708,-0.0006395022933,0,0,27.77777778,inf
34.78,27.78088945,22.22222222,-48.84668414,46.67133417,-0.000604438997,-0.0006368951715,0,0,27.77777778,inf
34.8,27.78087676,22.22222222,-48.95785736,46.67131514,-0.0006019748096,-0.0006342986775,0,0,27.77777778,inf
34.82,27.78086413,22.22222222,-49.06903033,46.67129619,-0.0005995206676,-0.0006317127681,0,0,27.77777778,inf
34.84,27.78085154,22.22222222,-49.18020304,46.67127732,-0.00059707653,-0.0006291374001,0,0,27.77777778,inf
34.86,27.78083901,22.22222222,-49.2913755,46.67125852,-0.0005946423559,-0.0006265725304,0,0,27.77777778,inf
34.88,27.78082653,22.22222222,-49.40254771,46.6712398,-0.0005922181049,-0.0006240181165,0,0,27.77777778,inf
34.9,27.7808141,22.22222222,-49.51371967,46.67122115,-0.0005898037364,-0.0006214741156,0,0,27.77777778,inf
34.92,27.78080172,22.22222222,-49.62489139,46.67120259,-0.0005873992102,-0.0006189404852,0,0,27.77777778,inf
34.94,27.7807894,22.22222222,-49.73606285,46.67118409,-0.0005850044862,-0.0006164171832,0,0,27.77777778,inf
34.96,27.78077712,22.22222222,-49.84723407,46.67116568,-0.0005826195244,-0.0006139041675,0,0,27.77777778,inf
34.98,27.78076489,22.22222222,-49.95840505,46.67114733,-0.0005802442851,-0.000611401396,0,0,27.77777778,inf
35,27.78075271,22.22222222,-50.06957578,46.67112907,-0.0005778787285,-0.0006089088271,0,0,27.77777778,inf
