time,ego_speed,lead_speed,gap,desired_gap,command,acceleration,mode,lead_present,reference_speed,ttc
0,22.22222222,22.22222222,40,38.33333333,0.2666666667,0,1,1,22.55555556,inf
0.02,22.22264889,22.22222222,39.99999573,38.33397333,0.2668202434,0.02133333333,1,1,22.5554267,93749.99
0.04,22.22346833,22.22222222,39.99997901,38.3352025,0.2663937835,0.04097228614,1,1,22.55517752,32099.81647
0.06,22.22464845,22.22222222,39.99994228,38.33697268,0.2654481604,0.05900600593,1,1,22.55481614,16486.44231
0.08,22.22615888,22.22222222,39.99987865,38.33923832,0.2640391405,0.07552137829,1,1,22.55435029,10160.8668
0.1,22.22797094,22.22222222,39.9997818,38.34195641,0.2622177633,0.09060279926,1,1,22.5537873,6958.03748
0.12,22.23005758,22.22222222,39.99964596,38.34508637,0.2600306968,0.1043319964,1,1,22.55313414,5105.019609
0.14,22.23239334,22.22222222,39.99946589,38.34859,0.2575205685,0.1167878924,1,1,22.5523974,3932.653448
0.16,22.23495427,22.22222222,39.99923686,38.3524314,0.2547262744,0.1280465065,1,1,22.55158331,3141.619442
0.18,22.23771788,22.22222222,39.99895459,38.35657683,0.2516832677,0.1381808879,1,1,22.55069777,2581.300192
0.2,22.24066311,22.22222222,39.99861522,38.36099466,0.2484238263,0.1472610783,1,1,22.54974633,2169.018403
0.22,22.24377019,22.22222222,39.99821533,38.36565528,0.2449773027,0.1553540982,1,1,22.54873423,1856.240942
0.24,22.24702067,22.22222222,39.99775187,38.370531,0.2413703562,0.1625239545,1,1,22.5476664,1612.91375
0.26,22.2503973,22.22222222,39.99722213,38.37559595,0.2376271682,0.1688316667,1,1,22.54654746,1419.595807
0.28,22.25388401,22.22222222,39.99662376,38.38082601,0.2337696425,0.1743353068,1,1,22.54538177,1263.246063
0.3,22.25746581,22.22222222,39.99595471,38.38619871,0.229817591,0.1790900536,1,1,22.54417342,1134.843542
0.32,22.26112877,22.22222222,39.99521321,38.39169316,0.2257889057,0.1831482566,1,1,22.54292623,1027.981489
0.34,22.26485996,22.22222222,39.99439777,38.39728994,0.2216997183,0.1865595085,1,1,22.54164379,938.0046313
0.36,22.26864738,22.22222222,39.99350714,38.40297107,0.2175645475,0.1893707253,1,1,22.54032944,861.4620113
0.38,22.2724799,22.22222222,39.99254031,38.40871985,0.2133964359,0.1916262311,1,1,22.53898631,795.7498407
0.4,22.27634726,22.22222222,39.99149648,38.41452089,0.2092070759,0.1933678475,1,1,22.53761734,738.8724191
0.42,22.28023996,22.22222222,39.99037505,38.42035994,0.2050069259,0.1946349858,1,1,22.53622525,689.2784487
0.44,22.28414925,22.22222222,39.98917561,38.42622388,0.2008053187,0.195464741,1,1,22.53481257,645.7466972
0.46,22.28806709,22.22222222,39.98789789,38.43210064,0.1966105598,0.1958919872,1,1,22.53338167,607.3046777
0.48,22.29198608,22.22222222,39.9865418,38.43797912,0.1924300192,0.195949473,1,1,22.53193476,573.169859
0.5,22.29589944,22.22222222,39.98510739,38.44384916,0.1882702156,0.1956679167,1,1,22.53047387,542.7065284
0.52,22.29980096,22.22222222,39.98359483,38.44970144,0.1841368936,0.1950761006,1,1,22.5290009,515.3937103
0.54,22.30368498,22.22222222,39.98200441,38.45552747,0.1800350949,0.194200964,1,1,22.52751761,490.8010064
0.56,22.30754634,22.22222222,39.98033655,38.4613195,0.1759692241,0.1930676945,1,1,22.52602563,468.5701954
0.58,22.31138033,22.22222222,39.97859172,38.4670705,0.171943108,0.1916998169,1,1,22.52452647,448.4010685
0.6,22.31518272,22.22222222,39.97677054,38.47277408,0.1679600515,0.1901192802,1,1,22.52302151,430.0404203
0.62,22.31894965,22.22222222,39.97487366,38.47842447,0.1640228872,0.1883465419,1,1,22.52151206,413.2734136
0.64,22.32267766,22.22222222,39.97290183,38.48401649,0.1601340225,0.1864006495,1,1,22.51999929,397.9167491
0.66,22.32636365,22.22222222,39.97085586,38.48954547,0.156295481,0.1842993193,1,1,22.5184843,383.8132194
0.68,22.33000483,22.22222222,39.96873662,38.49500724,0.1525089419,0.1820590123,1,1,22.5169681,370.827336
0.7,22.33359873,22.22222222,39.96654503,38.50039809,0.1487757746,0.1796950066,1,1,22.51545161,358.8417921
0.72,22.33714316,22.22222222,39.96428205,38.50571474,0.1450970716,0.1772214681,1,1,22.51393569,347.7545837
0.74,22.34063619,22.22222222,39.96194871,38.51095428,0.1414736772,0.1746515164,1,1,22.51242111,337.476652
0.76,22.34407613,22.22222222,39.95954603,38.5161142,0.1379062148,0.1719972892,1,1,22.51090859,327.9299411
0.78,22.34746153,22.22222222,39.95707509,38.5211923,0.1343951106,0.1692700033,1,1,22.50939878,319.0457899
0.8,22.35079113,22.22222222,39.95453701,38.5261867,0.1309406162,0.1664800119,1,1,22.50789228,310.7635932
0.82,22.35406387,22.22222222,39.95193291,38.53109581,0.1275428286,0.1636368602,1,1,22.50638964,303.0296814
0.84,22.35727886,22.22222222,39.94926392,38.53591829,0.1242017082,0.1607493377,1,1,22.50489135,295.7963797
0.86,22.36043537,22.22222222,39.94653123,38.54065305,0.1209170952,0.1578255273,1,1,22.50339786,289.0212131
0.88,22.36353283,22.22222222,39.94373599,38.54529924,0.1176887248,0.1548728528,1,1,22.50190957,282.6662333
0.9,22.36657079,22.22222222,39.9408794,38.54985618,0.1145162405,0.1518981225,1,1,22.50042687,276.6974453
0.92,22.36954894,22.22222222,39.93796264,38.55432341,0.1113992062,0.148907572,1,1,22.49895007,271.0843178
0.94,22.37246708,22.22222222,39.93498693,38.55870062,0.1083371172,0.1459069027,1,1,22.49747948,265.7993636
0.96,22.3753251,22.22222222,39.93195345,38.56298766,0.10532941,0.1429013199,1,1,22.49601538,260.8177782
0.98,22.37812302,22.22222222,39.92886341,38.56718452,0.102375471,0.1398955671,1,1,22.494558,256.1171283
1,22.38086089,22.22222222,39.92571802,38.57129134,0.09947464491,0.1368939594,1,1,22.49310756,251.6770813
1.02,22.3835389,22.22222222,39.92251847,38.57530835,0.09662624116,0.1339004142,1,1,22.49166424,247.4791716
1.04,22.38615727,22.22222222,39.91926595,38.57923591,0.09382954068,0.1309184804,1,1,22.49022823,243.5065955
1.06,22.3887163,22.22222222,39.91596166,38.58307445,0.09108380138,0.1279513652,1,1,22.48879966,239.7440333
1.08,22.39121634,22.22222222,39.91260678,38.58682451,0.08838826318,0.1250019601,1,1,22.48737868,236.1774928
1.1,22.3936578,22.22222222,39.90920248,38.59048669,0.08574215243,0.1220728643,1,1,22.48596538,232.7941719
1.12,22.39604112,22.22222222,39.90574993,38.59406169,0.08314468588,0.1191664074,1,1,22.48455987,229.582338
1.14,22.39836682,22.22222222,39.9022503,38.59755023,0.08059507409,0.1162846697,1,1,22.48316224,226.5312211
1.16,22.40063541,22.22222222,39.89870472,38.60095311,0.07809252451,0.113429502,1,1,22.48177254,223.6309194
1.18,22.40284746,22.22222222,39.89511434,38.60427119,0.07563624413,0.1106025438,1,1,22.48039085,220.8723162
1.2,22.40500356,22.22222222,39.89148027,38.60750535,0.07322544177,0.1078052398,1,1,22.47901721,218.2470049
1.22,22.40710434,22.22222222,39.88780364,38.61065651,0.07085933014,0.105038856,1,1,22.47765165,215.7472231
1.24,22.40915043,22.22222222,39.88408553,38.61372565,0.06853712753,0.1023044939,1,1,22.4762942,213.3657938
1.26,22.41114249,22.22222222,39.88032705,38.61671374,0.06625805932,0.09960310462,1,1,22.47494488,211.0960724
1.28,22.4130812,22.22222222,39.87652926,38.6196218,0.06402135924,0.096935501,1,1,22.47360371,208.9318993
1.3,22.41496725,22.22222222,39.87269322,38.62245087,0.06182627044,0.09430236966,1,1,22.47227069,206.8675581
1.32,22.41680134,22.22222222,39.86881997,38.625202,0.05967204637,0.09170428172,1,1,22.47094582,204.8977369
1.34,22.41858417,22.22222222,39.86491056,38.62787625,0.05755795149,0.08914170289,1,1,22.46962908,203.0174944
1.36,22.42031647,22.22222222,39.860966,38.6304747,0.05548326192,0.08661500278,1,1,22.46832048,201.2222289
1.38,22.42199896,22.22222222,39.85698729,38.63299844,0.05344726584,0.08412446351,1,1,22.46701999,199.5076501
1.4,22.42363236,22.22222222,39.85297542,38.63544855,0.05144926389,0.0816702877,1,1,22.4657276,197.8697544
1.42,22.42521742,22.22222222,39.84893137,38.63782613,0.04948856943,0.07925260579,1,1,22.46444327,196.3048014
1.44,22.42675485,22.22222222,39.84485609,38.64013227,0.04756450868,0.07687148288,1,1,22.46316699,194.8092938
1.46,22.42824538,22.22222222,39.84075053,38.64236808,0.04567642086,0.07452692495,1,1,22.46189871,193.3799579
1.48,22.42968976,22.22222222,39.83661563,38.64453464,0.04382365823,0.07221888462,1,1,22.46063842,192.0137268
1.5,22.43108871,22.22222222,39.83245229,38.64663306,0.04200558603,0.06994726651,1,1,22.45938607,190.7077248
1.52,22.43244295,22.22222222,39.82826141,38.64866442,0.04022158246,0.06771193207,1,1,22.45814162,189.459253
1.54,22.4337532,22.22222222,39.8240439,38.6506298,0.03847103856,0.0655127041,1,1,22.45690504,188.2657764
1.56,22.43502019,22.22222222,39.81980061,38.65253028,0.03675335804,0.06334937086,1,1,22.45567629,187.1249118
1.58,22.43624462,22.22222222,39.8155324,38.65436693,0.03506795716,0.06122168983,1,1,22.45445532,186.0344172
1.6,22.43742721,22.22222222,39.81124013,38.65614081,0.03341426449,0.05912939122,1,1,22.45324209,184.9921816
1.62,22.43856865,22.22222222,39.80692462,38.65785298,0.03179172072,0.05707218108,1,1,22.45203655,183.9962157
1.64,22.43966965,22.22222222,39.80258668,38.65950447,0.03019977841,0.05504974425,1,1,22.45083866,183.044644
1.66,22.44073088,22.22222222,39.79822712,38.66109632,0.02863790178,0.05306174698,1,1,22.44964838,182.1356963
1.68,22.44175304,22.22222222,39.79384672,38.66262956,0.02710556639,0.05110783937,1,1,22.44846565,181.2677014
1.7,22.44273679,22.22222222,39.78944627,38.66410519,0.02560225896,0.04918765753,1,1,22.44729044,180.4390798
1.72,22.44368281,22.22222222,39.78502652,38.66552421,0.02412747703,0.04730082564,1,1,22.44612268,179.6483382
1.74,22.44459175,22.22222222,39.78058822,38.66688762,0.02268072874,0.04544695775,1,1,22.44496234,178.8940635
1.76,22.44546426,22.22222222,39.7761321,38.66819639,0.02126153254,0.04362565943,1,1,22.44380936,178.1749179
1.78,22.44630099,22.22222222,39.77165889,38.66945149,0.01986941691,0.04183652928,1,1,22.4426637,177.4896338
1.8,22.44710258,22.22222222,39.7671693,38.67065386,0.01850392012,0.04007916029,1,1,22.44152531,176.8370099
1.82,22.44786964,22.22222222,39.76266402,38.67180446,0.01716458994,0.03835314108,1,1,22.44039414,176.2159065
1.84,22.4486028,22.22222222,39.75814374,38.6729042,0.01585098337,0.03665805699,1,1,22.43927013,175.6252421
1.86,22.44930267,22.22222222,39.75360913,38.673954,0.01456266641,0.0349934911,1,1,22.43815325,175.0639899
1.88,22.44996985,22.22222222,39.74906085,38.67495478,0.0132992138,0.03335902512,1,1,22.43704344,174.5311739
1.9,22.45060493,22.22222222,39.74449955,38.6759074,0.01206020875,0.03175424022,1,1,22.43594065,174.0258669
1.92,22.45120851,22.22222222,39.73992586,38.67681276,0.01084524274,0.0301787177,1,1,22.43484484,173.5471865
1.94,22.45178115,22.22222222,39.73534041,38.67767173,0.009653915234,0.0286320397,1,1,22.43375596,173.0942934
1.96,22.45232343,22.22222222,39.7307438,38.67848514,0.008485833495,0.02711378974,1,1,22.43267396,172.6663885
1.98,22.4528359,22.22222222,39.72613666,38.67925385,0.007340612343,0.02562355324,1,1,22.43159878,172.2627104
2,22.45331912,22.22222222,39.72151955,38.67997867,0.006217873949,0.02416091797,1,1,22.4305304,171.8825339
2.02,22.45377362,22.22222222,39.71689307,38.68066044,0.00511724762,0.02272547445,1,1,22.42946875,171.5251674
2.04,22.45419996,22.22222222,39.71225778,38.68129994,0.004038369605,0.0213168163,1,1,22.42841379,171.1899511
2.06,22.45459865,22.22222222,39.70761423,38.68189798,0.002980882897,0.01993454057,1,1,22.42736547,170.8762558
2.08,22.45497022,22.22222222,39.70296299,38.68245533,0.001944437047,0.01857824795,1,1,22.42632376,170.5834805
2.1,22.45531517,22.22222222,39.69830458,38.68297275,0.0009286879868,0.01724754308,1,1,22.42528859,170.3110512
2.12,22.45563401,22.22222222,39.69363953,38.68345101,-6.670214874e-05,0.01594203467,1,1,22.42425993,170.0584199
2.14,22.45592724,22.22222222,39.68896837,38.68389085,-0.001042065187,0.01466133573,1,1,22.42323772,169.8250623
2.16,22.45619534,22.22222222,39.68429158,38.684293,-0.001997727077,0.01340506366,1,1,22.42222194,169.6104774
2.18,22.45643879,22.22222222,39.67960969,38.68465819,-0.002934008049,0.0121728404,1,1,22.42121252,169.4141859
2.2,22.45665808,22.22222222,39.67492316,38.68498712,-0.003851222756,0.01096429252,1,1,22.42020943,169.2357291
2.22,22.45685366,22.22222222,39.67023249,38.68528049,-0.004749680423,0.009779051299,1,1,22.41921262,169.0746682
2.24,22.457026,22.22222222,39.66553814,38.68553899,-0.005629684983,0.008616752761,1,1,22.41822205,168.9305825
2.26,22.45717554,22.22222222,39.66084057,38.6857633,-0.006491535208,0.007477037742,1,1,22.41723767,168.8030696
2.28,22.45730273,22.22222222,39.65614023,38.68595409,-0.007335524834,0.006359551906,1,1,22.41625945,168.6917436
2.3,22.45740801,22.22222222,39.65143757,38.68611201,-0.00816194269,0.005263945767,1,1,22.41528733,168.5962347
2.32,22.4574918,22.22222222,39.64673301,38.6862377,-0.008971072807,0.00418987469,1,1,22.41432128,168.5161882
2.34,22.45755454,22.22222222,39.64202699,38.68633181,-0.009763194536,0.00313699889,1,1,22.41336126,168.4512642
2.36,22.45759664,22.22222222,39.63731993,38.68639496,-0.01053858266,0.002104983416,1,1,22.41240721,168.4011364
2.38,22.45761851,22.22222222,39.63261222,38.68642777,-0.01129750748,0.00109349813,1,1,22.41145911,168.3654917
2.4,22.45762056,22.22222222,39.62790427,38.68643084,-0.01204023494,0.0001022176817,1,1,22.41051691,168.3440295
2.42,22.45760317,22.22222222,39.62319648,38.68640476,-0.01276702671,-0.0008691785279,1,1,22.40958057,168.3364615
2.44,22.45756675,22.22222222,39.61848922,38.68635013,-0.01347814028,-0.001821006383,1,1,22.40865004,168.3425104
2.46,22.45751168,22.22222222,39.61378288,38.68626752,-0.01417382905,-0.002753577094,1,1,22.40772529,168.3619101
2.48,22.45743834,22.22222222,39.60907783,38.68615751,-0.01485434241,-0.003667197251,1,1,22.40680629,168.3944048
2.5,22.45734709,22.22222222,39.60437442,38.68602064,-0.01551992584,-0.004562168863,1,1,22.40589298,168.4397486
2.52,22.45723832,22.22222222,39.59967301,38.68585748,-0.01617082096,-0.005438789421,1,1,22.40498533,168.4977053
2.54,22.45711237,22.22222222,39.59497395,38.68566856,-0.01680726565,-0.006297351944,1,1,22.4040833,168.5680477
2.56,22.45696961,22.22222222,39.59027757,38.68545441,-0.01742949409,-0.007138145041,1,1,22.40318685,168.6505572
2.58,22.45681038,22.22222222,39.58558422,38.68521557,-0.01803773683,-0.007961452965,1,1,22.40229595,168.7450236
2.6,22.45663503,22.22222222,39.58089421,38.68495254,-0.01863222089,-0.008767555674,1,1,22.40141055,168.8512449
2.62,22.45644389,22.22222222,39.57620786,38.68466584,-0.01921316978,-0.009556728891,1,1,22.40053063,168.9690263
2.64,22.45623731,22.22222222,39.57152549,38.68435596,-0.01978080364,-0.01032924416,1,1,22.39965613,169.0981807
2.66,22.4560156,22.22222222,39.56684741,38.6840234,-0.0203353392,-0.01108536892,1,1,22.39878702,169.2385278
2.68,22.45577909,22.22222222,39.56217391,38.68366864,-0.02087698994,-0.01182536654,1,1,22.39792328,169.3898942
2.7,22.4555281,22.22222222,39.55750528,38.68329216,-0.02140596609,-0.01254949642,1,1,22.39706485,169.5521127
2.72,22.45526294,22.22222222,39.55284181,38.68289442,-0.02192247469,-0.01325801399,1,1,22.3962117,169.7250225
2.74,22.45498392,22.22222222,39.54818379,38.68247588,-0.02242671967,-0.01395117084,1,1,22.3953638,169.9084686
2.76,22.45469134,22.22222222,39.54353148,38.68203701,-0.02291890188,-0.01462921475,1,1,22.39452112,170.1023018
2.78,22.45438549,22.22222222,39.53888516,38.68157823,-0.02339921919,-0.01529238972,1,1,22.39368361,170.3063784
2.8,22.45406667,22.22222222,39.53424508,38.68110001,-0.02386786644,-0.01594093608,1,1,22.39285124,170.5205599
2.82,22.45373517,22.22222222,39.52961151,38.68060275,-0.02432503562,-0.01657509051,1,1,22.39202397,170.7447128
2.84,22.45339127,22.22222222,39.52498469,38.6800869,-0.0247709158,-0.01719508612,1,1,22.39120178,170.9787086
2.86,22.45303524,22.22222222,39.52036487,38.67955287,-0.02520569325,-0.01780115249,1,1,22.39038462,171.2224234
2.88,22.45266737,22.22222222,39.51575228,38.67900106,-0.02562955148,-0.01839351575,1,1,22.38957247,171.4757377
2.9,22.45228793,22.22222222,39.51114718,38.67843189,-0.02604267122,-0.01897239861,1,1,22.38876528,171.7385366
2.92,22.45189716,22.22222222,39.50654977,38.67784575,-0.02644523057,-0.01953802042,1,1,22.38796303,172.0107091
2.94,22.45149535,22.22222222,39.50196029,38.67724303,-0.02683740493,-0.02009059723,1,1,22.38716567,172.2921485
2.96,22.45108275,22.22222222,39.49737895,38.67662412,-0.02721936713,-0.02063034185,1,1,22.38637319,172.5827516
2.98,22.4506596,22.22222222,39.49280597,38.6759894,-0.02759128741,-0.02115746387,1,1,22.38558554,172.8824192
3,22.45022615,22.22222222,39.48824156,38.67533923,-0.02795333352,-0.02167216975,1,1,22.38480269,173.1910557
3.02,22.44978266,22.22222222,39.48368592,38.67467399,-0.02830567068,-0.02217466285,1,1,22.38402461,173.5085688
3.04,22.44932936,22.22222222,39.47913924,38.67399404,-0.0286484617,-0.02266514348,1,1,22.38325126,173.8348697
3.06,22.44886648,22.22222222,39.47460173,38.67329972,-0.02898186694,-0.02314380894,1,1,22.38248262,174.1698727
3.08,22.44839426,22.22222222,39.47007356,38.6725914,-0.0293060444,-0.02361085358,1,1,22.38171866,174.5134953
3.1,22.44791293,22.22222222,39.46555494,38.6718694,-0.02962114976,-0.02406646884,1,1,22.38095933,174.865658
3.12,22.44742272,22.22222222,39.46104602,38.67113408,-0.02992733636,-0.02451084332,1,1,22.38020461,175.2262841
3.14,22.44692383,22.22222222,39.456547,38.67038575,-0.03022475529,-0.02494416276,1,1,22.37945447,175.5952999
3.16,22.4464165,22.22222222,39.45205804,38.66962475,-0.03051355538,-0.02536661016,1,1,22.37870888,175.9726341
3.18,22.44590094,22.22222222,39.44757931,38.6688514,-0.03079388328,-0.02577836578,1,1,22.3779678,176.3582185
3.2,22.44537734,22.22222222,39.44311098,38.66806601,-0.03106588346,-0.02617960718,1,1,22.37723121,176.7519869
3.22,22.44484593,22.22222222,39.43865319,38.6672689,-0.03132969822,-0.02657050928,1,1,22.37649908,177.1538759
3.24,22.44430691,22.22222222,39.4342061,38.66646036,-0.03158546779,-0.0269512444,1,1,22.37577137,177.5638243
3.26,22.44376047,22.22222222,39.42976987,38.6656407,-0.03183333029,-0.02732198227,1,1,22.37504806,177.9817733
3.28,22.44320681,22.22222222,39.42534465,38.66481022,-0.03207342179,-0.02768289011,1,1,22.37432911,178.4076662
3.3,22.44264613,22.22222222,39.42093056,38.66396919,-0.03230587637,-0.02803413265,1,1,22.3736145,178.8414485
3.32,22.44207861,22.22222222,39.41652776,38.66311792,-0.03253082608,-0.02837587214,1,1,22.37290419,179.2830679
3.34,22.44150444,22.22222222,39.41213637,38.66225667,-0.03274840102,-0.02870826846,1,1,22.37219816,179.7324739
3.36,22.44092382,22.22222222,39.40775653,38.66138572,-0.03295872936,-0.02903147906,1,1,22.37149638,180.189618
3.38,22.4403369,22.22222222,39.40338837,38.66050535,-0.03316193735,-0.02934565909,1,1,22.37079883,180.6544538
3.4,22.43974388,22.22222222,39.39903201,38.65961582,-0.03335814938,-0.02965096135,1,1,22.37010546,181.1269364
3.42,22.43914493,22.22222222,39.39468756,38.6587174,-0.03354748795,-0.02994753639,1,1,22.36941626,181.6070229
3.44,22.43854022,22.22222222,39.39035516,38.65781033,-0.03373007378,-0.03023553251,1,1,22.36873119,182.0946721
3.46,22.43792992,22.22222222,39.3860349,38.65689488,-0.03390602574,-0.03051509582,1,1,22.36805023,182.5898443
3.48,22.43731419,22.22222222,39.3817269,38.65597129,-0.03407546095,-0.03078637021,1,1,22.36737335,183.0925018
3.5,22.4366932,22.22222222,39.37743127,38.6550398,-0.03423849478,-0.03104949747,1,1,22.36670052,183.6026079
3.52,22.43606711,22.22222222,39.37314811,38.65410066,-0.03439524086,-0.03130461725,1,1,22.36603171,184.120128
3.54,22.43543607,22.22222222,39.36887753,38.65315411,-0.03454581112,-0.03155186714,1,1,22.36536691,184.6450287
3.56,22.43480024,22.22222222,39.36461961,38.65220037,-0.03469031583,-0.03179138266,1,1,22.36470607,185.177278
3.58,22.43415978,22.22222222,39.36037445,38.65123967,-0.03482886357,-0.03202329731,1,1,22.36404918,185.7168453
3.6,22.43351482,22.22222222,39.35614215,38.65027224,-0.03496156131,-0.03224774261,1,1,22.36339621,186.2637016
3.62,22.43286553,22.22222222,39.35192279,38.64929829,-0.03508851443,-0.03246484811,1,1,22.36274712,186.8178188
3.64,22.43221203,22.22222222,39.34771646,38.64831805,-0.03520982669,-0.03267474142,1,1,22.3621019,187.3791706
3.66,22.43155448,22.22222222,39.34352324,38.64733172,-0.0353256003,-0.03287754824,1,1,22.36146053,187.9477315
3.68,22.43089301,22.22222222,39.33934321,38.64633952,-0.03543593593,-0.0330733924,1,1,22.36082296,188.5234774
3.7,22.43022777,22.22222222,39.33517645,38.64534165,-0.03554093274,-0.03326239588,1,1,22.36018918,189.1063853
3.72,22.42955887,22.22222222,39.33102302,38.64433831,-0.03564068836,-0.03344467883,1,1,22.35955917,189.6964336
3.74,22.42888646,22.22222222,39.32688302,38.6433297,-0.03573529898,-0.0336203596,1,1,22.35893289,190.2936014
3.76,22.42821067,22.22222222,39.32275649,38.64231601,-0.03582485931,-0.03378955475,1,1,22.35831032,190.8978692
3.78,22.42753163,22.22222222,39.31864351,38.64129744,-0.03590946264,-0.03395237911,1,1,22.35769144,191.5092185
3.8,22.42684945,22.22222222,39.31454414,38.64027417,-0.03598920082,-0.03410894579,1,1,22.35707622,192.1276317
3.82,22.42616426,22.22222222,39.31045845,38.63924639,-0.03606416433,-0.0342593662,1,1,22.35646463,192.7530924
3.84,22.42547618,22.22222222,39.30638649,38.63821428,-0.03613444226,-0.03440375005,1,1,22.35585666,193.385585
3.86,22.42478534,22.22222222,39.30232832,38.63717801,-0.03620012235,-0.03454220542,1,1,22.35525228,194.0250949
3.88,22.42409184,22.22222222,39.29828399,38.63613777,-0.03626129099,-0.03467483878,1,1,22.35465147,194.6716085
3.9,22.42339581,22.22222222,39.29425356,38.63509371,-0.03631803326,-0.03480175496,1,1,22.35405419,195.325113
3.92,22.42269735,22.22222222,39.29023707,38.63404602,-0.03637043294,-0.03492305722,1,1,22.35346043,195.9855965
3.94,22.42199657,22.22222222,39.28623458,38.63299486,-0.03641857253,-0.03503884728,1,1,22.35287017,196.653048
3.96,22.42129359,22.22222222,39.28224612,38.63194038,-0.03646253326,-0.0351492253,1,1,22.35228337,197.3274573
3.98,22.4205885,22.22222222,39.27827175,38.63088275,-0.03650239512,-0.03525428993,1,1,22.35170002,198.0088152
4,22.41988142,22.22222222,39.27431149,38.62982213,-0.03653823686,-0.03535413835,1,1,22.35112009,198.6971128
4.02,22.41917244,22.22222222,39.2703654,38.62875866,-0.03657013604,-0.03544886623,1,1,22.35054357,199.3923426
4.04,22.41846167,22.22222222,39.2664335,38.6276925,-0.03659816901,-0.03553856782,1,1,22.34997042,200.0944974
4.06,22.4177492,22.22222222,39.26251584,38.6266238,-0.03662241094,-0.03562333591,1,1,22.34940063,200.8035709
4.08,22.41703514,22.22222222,39.25861244,38.62555271,-0.03664293585,-0.03570326191,1,1,22.34883417,201.5195576
4.1,22.41631957,22.22222222,39.25472333,38.62447935,-0.03665981661,-0.03577843583,1,1,22.34827102,202.2424525
4.12,22.41560259,22.22222222,39.25084856,38.62340388,-0.03667312497,-0.03584894629,1,1,22.34771116,202.9722515
4.14,22.41488429,22.22222222,39.24698813,38.62232644,-0.03668293156,-0.03591488059,1,1,22.34715456,203.7089511
4.16,22.41416477,22.22222222,39.24314209,38.62124715,-0.03668930591,-0.03597632466,1,1,22.34660121,204.4525483
4.18,22.4134441,22.22222222,39.23931044,38.62016615,-0.03669231648,-0.03603336316,1,1,22.34605108,205.203041
4.2,22.41272238,22.22222222,39.23549322,38.61908356,-0.03669203067,-0.03608607943,1,1,22.34550415,205.9604274
4.22,22.41199969,22.22222222,39.23169045,38.61799953,-0.03668851481,-0.03613455553,1,1,22.34496041,206.7247068
4.24,22.41127611,22.22222222,39.22790213,38.61691416,-0.0366818342,-0.03617887227,1,1,22.34441982,207.4958786
4.26,22.41055173,22.22222222,39.2241283,38.61582759,-0.03667205314,-0.03621910922,1,1,22.34388236,208.273943
4.28,22.40982662,22.22222222,39.22036896,38.61473993,-0.03665923491,-0.03625534474,1,1,22.34334803,209.0589008
4.3,22.40910087,22.22222222,39.21662413,38.6136513,-0.03664344178,-0.03628765595,1,1,22.34281679,209.8507533
4.32,22.40837454,22.22222222,39.21289382,38.61256182,-0.03662473508,-0.03631611882,1,1,22.34228862,210.6495023
4.34,22.40764773,22.22222222,39.20917804,38.61147159,-0.03660317514,-0.03634080812,1,1,22.34176351,211.4551503
4.36,22.40692049,22.22222222,39.2054768,38.61038074,-0.03657882138,-0.03636179748,1,1,22.34124144,212.2677001
4.38,22.40619291,22.22222222,39.20179011,38.60928936,-0.03655173224,-0.03637915939,1,1,22.34072237,213.0871552
4.4,22.40546505,22.22222222,39.19811798,38.60819757,-0.03652196527,-0.03639296522,1,1,22.3402063,213.9135196
4.42,22.40473698,22.22222222,39.1944604,38.60710547,-0.0364895771,-0.03640328522,1,1,22.33969321,214.7467975
4.44,22.40400878,22.22222222,39.19081739,38.60601317,-0.03645462346,-0.03641018857,1,1,22.33918307,215.5869939
4.46,22.4032805,22.22222222,39.18718894,38.60492076,-0.03641715919,-0.03641374337,1,1,22.33867586,216.4341142
4.48,22.40255222,22.22222222,39.18357506,38.60382834,-0.03637723828,-0.03641401663,1,1,22.33817157,217.2881641
4.5,22.401824,22.22222222,39.17997574,38.602736,-0.03633491385,-0.03641107436,1,1,22.33767017,218.14915
4.52,22.4010959,22.22222222,39.17639099,38.60164385,-0.03629023816,-0.03640498152,1,1,22.33717165,219.0170784
4.54,22.40036799,22.22222222,39.17282079,38.60055198,-0.03624326266,-0.03639580205,1,1,22.33667598,219.8919567
4.56,22.39964032,22.22222222,39.16926515,38.59946047,-0.03619403797,-0.0363835989,1,1,22.33618316,220.7737922
4.58,22.39891295,22.22222222,39.16572406,38.59836942,-0.03614261388,-0.03636843403,1,1,22.33569315,221.662593
4.6,22.39818594,22.22222222,39.16219752,38.59727891,-0.03608903942,-0.03635036842,1,1,22.33520594,222.5583674
4.62,22.39745935,22.22222222,39.15868551,38.59618902,-0.03603336279,-0.0363294621,1,1,22.33472152,223.4611242
4.64,22.39673323,22.22222222,39.15518803,38.59509985,-0.03597563145,-0.03630577415,1,1,22.33423986,224.3708725
4.66,22.39600765,22.22222222,39.15170507,38.59401147,-0.03591589207,-0.03627936274,1,1,22.33376094,225.2876219
4.68,22.39528264,22.22222222,39.14823661,38.59292396,-0.03585419058,-0.03625028508,1,1,22.33328475,226.2113822
4.7,22.39455827,22.22222222,39.14478264,38.5918374,-0.03579057217,-0.03621859752,1,1,22.33281127,227.1421638
4.72,22.39383458,22.22222222,39.14134316,38.59075187,-0.03572508128,-0.03618435549,1,1,22.33234048,228.0799772
4.74,22.39311163,22.22222222,39.13791814,38.58966744,-0.03565776165,-0.03614761356,1,1,22.33187236,229.0248334
4.76,22.39238946,22.22222222,39.13450757,38.58858419,-0.03558865629,-0.0361084254,1,1,22.3314069,229.9767437
4.78,22.39166812,22.22222222,39.13111144,38.58750219,-0.03551780753,-0.03606684387,1,1,22.33094407,230.9357199
4.8,22.39094767,22.22222222,39.12772973,38.5864215,-0.035445257,-0.03602292097,1,1,22.33048387,231.9017738
4.82,22.39022813,22.22222222,39.12436242,38.5853422,-0.03537104563,-0.03597670785,1,1,22.33002627,232.8749177
4.84,22.38950957,22.22222222,39.12100948,38.58426435,-0.03529521372,-0.03592825487,1,1,22.32957125,233.8551643
4.86,22.38879201,22.22222222,39.11767091,38.58318802,-0.03521780087,-0.03587761158,1,1,22.3291188,234.8425266
4.88,22.38807552,22.22222222,39.11434668,38.58211328,-0.03513884605,-0.03582482672,1,1,22.3286689,235.8370177
4.9,22.38736012,22.22222222,39.11103677,38.58104018,-0.03505838758,-0.03576994827,1,1,22.32822154,236.8386511
4.92,22.38664586,22.22222222,39.10774115,38.57996879,-0.03497646316,-0.03571302341,1,1,22.3277767,237.8474408
4.94,22.38593278,22.22222222,39.10445981,38.57889917,-0.03489310984,-0.03565409859,1,1,22.32733435,238.8634009
4.96,22.38522091,22.22222222,39.10119272,38.57783137,-0.0348083641,-0.03559321949,1,1,22.32689449,239.8865456
4.98,22.3845103,22.22222222,39.09793985,38.57676546,-0.03472226176,-0.03553043106,1,1,22.3264571,240.9168898
5,22.38380099,22.22222222,39.09470118,38.57570148,-0.03463483809,-0.03546577752,1,1,22.32602216,241.9544484
5.02,22.383093,22.22222222,39.09147669,38.5746395,-0.03454612775,-0.03539930236,1,1,22.32558966,242.9992365
5.04,22.38238638,22.22222222,39.08826634,38.57357957,-0.03445616482,-0.03533104839,1,1,22.32515958,244.0512696
5.06,22.38168116,22.22222222,39.08507011,38.57252174,-0.03436498281,-0.03526105771,1,1,22.3247319,245.1105636
5.08,22.38097737,22.22222222,39.08188797,38.57146606,-0.03427261469,-0.03518937172,1,1,22.3243066,246.1771343
5.1,22.38027505,22.22222222,39.07871989,38.57041258,-0.03417909285,-0.03511603115,1,1,22.32388368,247.250998
5.12,22.37957423,22.22222222,39.07556584,38.56936135,-0.03408444913,-0.03504107609,1,1,22.32346312,248.3321712
5.14,22.37887494,22.22222222,39.07242579,38.56831241,-0.03398871486,-0.03496454593,1,1,22.3230449,249.4206706
5.16,22.37817721,22.22222222,39.06929971,38.56726581,-0.03389192082,-0.03488647945,1,1,22.322629,250.5165131
5.18,22.37748107,22.22222222,39.06618758,38.56622161,-0.03379409727,-0.03480691476,1,1,22.32221542,251.6197159
5.2,22.37678655,22.22222222,39.06308934,38.56517983,-0.03369527397,-0.03472588936,1,1,22.32180412,252.7302964
5.22,22.37609369,22.22222222,39.06000499,38.56414053,-0.03359548014,-0.03464344013,1,1,22.32139511,253.8482723
5.24,22.37540249,22.22222222,39.05693447,38.56310374,-0.03349474454,-0.03455960333,1,1,22.32098837,254.9736613
5.26,22.374713,22.22222222,39.05387776,38.56206951,-0.03339309541,-0.03447441462,1,1,22.32058387,256.1064815
5.28,22.37402525,22.22222222,39.05083482,38.56103787,-0.03329056051,-0.03438790909,1,1,22.32018161,257.2467512
5.3,22.37333924,22.22222222,39.04780562,38.56000887,-0.03318716715,-0.0343001212,1,1,22.31978157,258.3944889
5.32,22.37265502,22.22222222,39.04479012,38.55898253,-0.03308294212,-0.03421108488,1,1,22.31938374,259.5497131
5.34,22.37197261,22.22222222,39.04178829,38.55795891,-0.03297791179,-0.03412083346,1,1,22.3189881,260.7124428
5.36,22.37129202,22.22222222,39.03880009,38.55693803,-0.03287210206,-0.03402939972,1,1,22.31859463,261.882697
5.38,22.37061328,22.22222222,39.03582548,38.55591992,-0.03276553836,-0.03393681591,1,1,22.31820333,263.060495
5.4,22.36993642,22.22222222,39.03286443,38.55490463,-0.03265824571,-0.03384311371,1,1,22.31781418,264.2458562
5.42,22.36926145,22.22222222,39.02991689,38.55389218,-0.03255024867,-0.03374832427,1,1,22.31742716,265.4388001
5.44,22.3685884,22.22222222,39.02698284,38.5528826,-0.03244157138,-0.03365247822,1,1,22.31704227,266.6393467
5.46,22.36791729,22.22222222,39.02406223,38.55187594,-0.03233223755,-0.03355560567,1,1,22.31665948,267.8475158
5.48,22.36724814,22.22222222,39.02115502,38.5508722,-0.03222227048,-0.03345773622,1,1,22.31627878,269.0633276
5.5,22.36658096,22.22222222,39.01826117,38.54987144,-0.03211169305,-0.03335889896,1,1,22.31590017,270.2868025
5.52,22.36591578,22.22222222,39.01538065,38.54887366,-0.03200052775,-0.03325912249,1,1,22.31552362,271.5179608
5.54,22.36525261,22.22222222,39.01251341,38.54787891,-0.03188879665,-0.03315843491,1,1,22.31514912,272.7568232
5.56,22.36459147,22.22222222,39.00965941,38.5468872,-0.03177652144,-0.03305686385,1,1,22.31477666,274.0034106
5.58,22.36393238,22.22222222,39.00681862,38.54589857,-0.03166372343,-0.03295443646,1,1,22.31440623,275.2577439
5.6,22.36327536,22.22222222,39.00399098,38.54491304,-0.03155042353,-0.03285117941,1,1,22.31403781,276.5198441
5.62,22.36262042,22.22222222,39.00117647,38.54393062,-0.03143664229,-0.03274711894,1,1,22.31367139,277.7897326
5.64,22.36196757,22.22222222,38.99837504,38.54295135,-0.03132239988,-0.03264228081,1,1,22.31330696,279.0674308
5.66,22.36131684,22.22222222,38.99558664,38.54197525,-0.03120771612,-0.03253669034,1,1,22.3129445,280.3529602
5.68,22.36066823,22.22222222,38.99281123,38.54100234,-0.03109261045,-0.0324303724,1,1,22.312584,281.6463425
5.7,22.36002176,22.22222222,38.99004877,38.54003264,-0.03097710198,-0.03232335144,1,1,22.31222545,282.9475995
5.72,22.35937745,22.22222222,38.98729923,38.53906617,-0.03086120944,-0.03221565149,1,1,22.31186883,284.2567532
5.74,22.3587353,22.22222222,38.98456254,38.53810295,-0.03074495126,-0.03210729612,1,1,22.31151414,285.5738258
5.76,22.35809534,22.22222222,38.98183868,38.537143,-0.0306283455,-0.03199830853,1,1,22.31116136,286.8988394
5.78,22.35745756,22.22222222,38.9791276,38.53618634,-0.0305114099,-0.03188871149,1,1,22.31081047,288.2318164
5.8,22.35682199,22.22222222,38.97642925,38.53523299,-0.03039416187,-0.03177852736,1,1,22.31046147,289.5727794
5.82,22.35618864,22.22222222,38.97374358,38.53428295,-0.03027661849,-0.03166777812,1,1,22.31011435,290.9217508
5.84,22.35555751,22.22222222,38.97107057,38.53333626,-0.03015879653,-0.03155648535,1,1,22.30976908,292.2787536
5.86,22.35492861,22.22222222,38.96841015,38.53239292,-0.03004071246,-0.03144467025,1,1,22.30942567,293.6438104
5.88,22.35430197,22.22222222,38.96576229,38.53145295,-0.02992238242,-0.03133235362,1,1,22.30908409,295.0169443
5.9,22.35367757,22.22222222,38.96312694,38.53051636,-0.02980382225,-0.03121955593,1,1,22.30874434,296.3981783
5.92,22.35305545,22.22222222,38.96050405,38.52958317,-0.02968504751,-0.03110629723,1,1,22.3084064,297.7875357
5.94,22.3524356,22.22222222,38.95789359,38.52865339,-0.02956607345,-0.03099259726,1,1,22.30807026,299.1850398
5.96,22.35181803,22.22222222,38.95529549,38.52772704,-0.02944691502,-0.03087847535,1,1,22.30773591,300.5907139
5.98,22.35120275,22.22222222,38.95270973,38.52680412,-0.02932758692,-0.03076395052,1,1,22.30740334,302.0045815
6,22.35058977,22.22222222,38.95013625,38.52588465,-0.02920810353,-0.03064904144,1,1,22.30707254,303.4266663
6.02,22.34997909,22.22222222,38.94757501,38.52496864,-0.02908847898,-0.0305337664,1,1,22.3067435,304.8569921
6.04,22.34937073,22.22222222,38.94502595,38.52405609,-0.02896872711,-0.03041814341,1,1,22.30641619,306.2955824
6.06,22.34876469,22.22222222,38.94248904,38.52314703,-0.02884886152,-0.03030219011,1,1,22.30609063,307.7424614
6.08,22.34816097,22.22222222,38.93996423,38.52224145,-0.02872889551,-0.03018592382,1,1,22.30576678,309.197653
6.1,22.34755958,22.22222222,38.93745147,38.52133937,-0.02860884214,-0.03006936155,1,1,22.30544464,310.6611812
6.12,22.34696053,22.22222222,38.93495071,38.52044079,-0.02848871422,-0.02995252,1,1,22.30512421,312.1330703
6.14,22.34636382,22.22222222,38.93246191,38.51954573,-0.0283685243,-0.02983541554,1,1,22.30480546,313.6133444
6.16,22.34576946,22.22222222,38.92998503,38.51865419,-0.02824828467,-0.02971806424,1,1,22.30448839,315.102028
6.18,22.34517745,22.22222222,38.92752,38.51776617,-0.02812800739,-0.02960048187,1,1,22.30417299,316.5991454
6.2,22.3445878,22.22222222,38.92506679,38.51688169,-0.02800770429,-0.02948268392,1,1,22.30385924,318.1047211
6.22,22.3440005,22.22222222,38.92262535,38.51600075,-0.02788738695,-0.02936468555,1,1,22.30354714,319.6187798
6.24,22.34341557,22.22222222,38.92019564,38.51512336,-0.0277670667,-0.02924650166,1,1,22.30323668,321.1413461
6.26,22.34283301,22.22222222,38.9177776,38.51424951,-0.02764675468,-0.02912814686,1,1,22.30292784,322.6724447
6.28,22.34225282,22.22222222,38.91537118,38.51337923,-0.02752646177,-0.02900963549,1,1,22.30262061,324.2121003
6.3,22.341675,22.22222222,38.91297635,38.5125125,-0.02740619865,-0.02889098159,1,1,22.30231499,325.760338
6.32,22.34109955,22.22222222,38.91059305,38.51164933,-0.02728597578,-0.02877219895,1,1,22.30201097,327.3171825
6.34,22.34052649,22.22222222,38.90822123,38.51078973,-0.02716580338,-0.0286533011,1,1,22.30170852,328.882659
6.36,22.3399558,22.22222222,38.90586085,38.5099337,-0.02704569148,-0.02853430128,1,1,22.30140765,330.4567924
6.38,22.3393875,22.22222222,38.90351187,38.50908125,-0.02692564991,-0.0284152125,1,1,22.30110835,332.0396079
6.4,22.33882158,22.22222222,38.90117422,38.50823236,-0.02680568827,-0.02829604749,1,1,22.30081059,333.6311306
6.42,22.33825804,22.22222222,38.89884787,38.50738706,-0.02668581598,-0.02817681875,1,1,22.30051438,335.2313859
6.44,22.33769689,22.22222222,38.89653276,38.50654533,-0.02656604224,-0.02805753853,1,1,22.30021971,336.8403989
6.46,22.33713812,22.22222222,38.89422886,38.50570719,-0.02644637608,-0.02793821883,1,1,22.29992656,338.4581951
6.48,22.33658175,22.22222222,38.8919361,38.50487262,-0.02632682631,-0.02781887141,1,1,22.29963492,340.0847999
6.5,22.33602776,22.22222222,38.88965445,38.50404164,-0.02620740158,-0.0276995078,1,1,22.29934479,341.7202386
6.52,22.33547615,22.22222222,38.88738386,38.50321423,-0.02608811033,-0.0275801393,1,1,22.29905615,343.3645368
6.54,22.33492694,22.22222222,38.88512427,38.50239041,-0.02596896082,-0.02746077698,1,1,22.29876899,345.0177201
6.56,22.33438011,22.22222222,38.88287564,38.50157016,-0.02584996114,-0.02734143169,1,1,22.29848332,346.679814
6.58,22.33383567,22.22222222,38.88063793,38.5007535,-0.0257311192,-0.02722211405,1,1,22.29819911,348.3508442
6.6,22.33329361,22.22222222,38.87841108,38.49994042,-0.02561244273,-0.02710283446,1,1,22.29791636,350.0308363
6.62,22.33275394,22.22222222,38.87619505,38.49913091,-0.02549393928,-0.02698360312,1,1,22.29763505,351.7198161
6.64,22.33221665,22.22222222,38.87398979,38.49832498,-0.02537561625,-0.02686443001,1,1,22.29735519,353.4178092
6.66,22.33168174,22.22222222,38.87179525,38.49752262,-0.02525748086,-0.02674532491,1,1,22.29707675,355.1248416
6.68,22.33114922,22.22222222,38.86961139,38.49672383,-0.02513954018,-0.02662629739,1,1,22.29679973,356.8409389
6.7,22.33061907,22.22222222,38.86743815,38.49592861,-0.0250218011,-0.02650735681,1,1,22.29652413,358.5661271
6.72,22.3300913,22.22222222,38.86527549,38.49513695,-0.02490427036,-0.02638851236,1,1,22.29624993,360.3004321
6.74,22.3295659,22.22222222,38.86312336,38.49434886,-0.02478695455,-0.026269773,1,1,22.29597712,362.0438796
6.76,22.32904288,22.22222222,38.86098172,38.49356432,-0.0246698601,-0.02615114752,1,1,22.2957057,363.7964958
6.78,22.32852223,22.22222222,38.85885051,38.49278334,-0.02455299328,-0.02603264453,1,1,22.29543566,365.5583065
6.8,22.32800394,22.22222222,38.85672969,38.49200592,-0.02443636024,-0.02591427243,1,1,22.29516698,367.3293377
6.82,22.32748802,22.22222222,38.85461922,38.49123203,-0.02431996696,-0.02579603945,1,1,22.29489966,369.1096155
6.84,22.32697446,22.22222222,38.85251904,38.4904617,-0.02420381927,-0.02567795365,1,1,22.29463369,370.8991659
6.86,22.32646326,22.22222222,38.8504291,38.4896949,-0.02408792289,-0.0255600229,1,1,22.29436906,372.6980149
6.88,22.32595442,22.22222222,38.84834937,38.48893163,-0.02397228337,-0.0254422549,1,1,22.29410577,374.5061885
6.9,22.32544793,22.22222222,38.84627979,38.48817189,-0.02385690613,-0.02532465718,1,1,22.2938438,376.323713
6.92,22.32494378,22.22222222,38.84422032,38.48741567,-0.02374179648,-0.02520723709,1,1,22.29358315,378.1506143
6.94,22.32444198,22.22222222,38.84217091,38.48666297,-0.02362695956,-0.02509000185,1,1,22.29332381,379.9869186
6.96,22.32394252,22.22222222,38.84013151,38.48591378,-0.0235124004,-0.02497295846,1,1,22.29306577,381.8326519
6.98,22.3234454,22.22222222,38.83810207,38.4851681,-0.02339812392,-0.02485611382,1,1,22.29280902,383.6878405
7,22.32295061,22.22222222,38.83608256,38.48442591,-0.02328413487,-0.02473947463,1,1,22.29255355,385.5525105
7.02,22.32245815,22.22222222,38.83407291,38.48368722,-0.02317043792,-0.02462304745,1,1,22.29229936,387.4266879
7.04,22.32196801,22.22222222,38.8320731,38.48295202,-0.02305703758,-0.02450683868,1,1,22.29204644,389.310399
7.06,22.32148019,22.22222222,38.83008306,38.48222029,-0.02294393828,-0.0243908546,1,1,22.29179478,391.2036699
7.08,22.32099469,22.22222222,38.82810275,38.48149204,-0.02283114431,-0.02427510129,1,1,22.29154437,393.1065267
7.1,22.3205115,22.22222222,38.82613214,38.48076725,-0.02271865983,-0.02415958473,1,1,22.2912952,395.0189956
7.12,22.32003061,22.22222222,38.82417116,38.48004592,-0.02260648892,-0.02404431074,1,1,22.29104727,396.9411028
7.14,22.31955203,22.22222222,38.82221978,38.47932804,-0.02249463553,-0.02392928499,1,1,22.29080057,398.8728744
7.16,22.31907574,22.22222222,38.82027794,38.47861361,-0.02238310349,-0.02381451304,1,1,22.29055509,400.8143365
7.18,22.31860174,22.22222222,38.81834561,38.47790261,-0.02227189654,-0.02370000027,1,1,22.29031082,402.7655153
7.2,22.31813002,22.22222222,38.81642274,38.47719504,-0.02216101832,-0.02358575198,1,1,22.29006776,404.7264369
7.22,22.31766059,22.22222222,38.81450928,38.47649088,-0.02205047233,-0.02347177328,1,1,22.2898259,406.6971274
7.24,22.31719343,22.22222222,38.81260518,38.47579014,-0.02194026201,-0.02335806921,1,1,22.28958523,408.6776129
7.26,22.31672853,22.22222222,38.81071041,38.4750928,-0.02183039066,-0.02324464463,1,1,22.28934574,410.6679196
7.28,22.3162659,22.22222222,38.80882491,38.47439886,-0.02172086152,-0.02313150431,1,1,22.28910743,412.6680734
7.3,22.31580553,22.22222222,38.80694864,38.4737083,-0.02161167771,-0.02301865289,1,1,22.28887029,414.6781006
7.32,22.31534741,22.22222222,38.80508155,38.47302111,-0.02150284225,-0.02290609488,1,1,22.28863431,416.6980271
7.34,22.31489153,22.22222222,38.80322361,38.4723373,-0.02139435808,-0.02279383467,1,1,22.28839948,418.727879
7.36,22.31443789,22.22222222,38.80137476,38.47165684,-0.02128622803,-0.02268187654,1,1,22.28816581,420.7676823
7.38,22.31398649,22.22222222,38.79953496,38.47097974,-0.02117845486,-0.02257022466,1,1,22.28793327,422.817463
7.4,22.31353731,22.22222222,38.79770417,38.47030597,-0.02107104123,-0.02245888307,1,1,22.28770186,424.877247
7.42,22.31309036,22.22222222,38.79588233,38.46963553,-0.02096398972,-0.02234785573,1,1,22.28747158,426.9470604
7.44,22.31264561,22.22222222,38.79406942,38.46896842,-0.0208573028,-0.02223714645,1,1,22.28724242,429.026929
7.46,22.31220308,22.22222222,38.79226538,38.46830462,-0.02075098288,-0.02212675895,1,1,22.28701437,431.1168787
7.48,22.31176274,22.22222222,38.79047016,38.46764411,-0.02064503229,-0.02201669687,1,1,22.28678743,433.2169355
7.5,22.3113246,22.22222222,38.78868373,38.46698691,-0.02053945325,-0.0219069637,1,1,22.28656159,435.3271252
7.52,22.31088865,22.22222222,38.78690605,38.46633298,-0.02043424793,-0.02179756287,1,1,22.28633684,437.4474735
7.54,22.31045488,22.22222222,38.78513705,38.46568232,-0.0203294184,-0.02168849767,1,1,22.28611317,439.5780064
7.56,22.31002329,22.22222222,38.78337672,38.46503493,-0.02022496667,-0.02157977133,1,1,22.28589058,441.7187494
7.58,22.30959386,22.22222222,38.78162499,38.46439079,-0.02012089465,-0.02147138696,1,1,22.28566906,443.8697284
7.6,22.30916659,22.22222222,38.77988183,38.46374989,-0.02001720421,-0.02136334757,1,1,22.28544861,446.030969
7.62,22.30874148,22.22222222,38.77814719,38.46311222,-0.01991389711,-0.0212556561,1,1,22.28522922,448.2024969
7.64,22.30831851,22.22222222,38.77642104,38.46247777,-0.01981097507,-0.02114831538,1,1,22.28501088,450.3843377
7.66,22.30789769,22.22222222,38.77470332,38.46184653,-0.01970843971,-0.02104132816,1,1,22.28479358,452.576517
7.68,22.30747899,22.22222222,38.772994,38.46121849,-0.0196062926,-0.02093469708,1,1,22.28457732,454.7790602
7.7,22.30706242,22.22222222,38.77129303,38.46059364,-0.01950453524,-0.02082842472,1,1,22.2843621,456.9919929
7.72,22.30664797,22.22222222,38.76960037,38.45997196,-0.01940316905,-0.02072251357,1,1,22.2841479,459.2153406
7.74,22.30623563,22.22222222,38.76791598,38.45935345,-0.0193021954,-0.020616966,1,1,22.28393473,461.4491285
7.76,22.3058254,22.22222222,38.76623981,38.4587381,-0.01920161559,-0.02051178436,1,1,22.28372256,463.6933822
7.78,22.30541726,22.22222222,38.76457183,38.45812589,-0.01910143086,-0.02040697086,1,1,22.28351141,465.9481268
7.8,22.30501121,22.22222222,38.76291199,38.45751681,-0.01900164237,-0.02030252766,1,1,22.28330126,468.2133877
7.82,22.30460724,22.22222222,38.76126025,38.45691086,-0.01890225124,-0.02019845683,1,1,22.2830921,470.4891901
7.84,22.30420534,22.22222222,38.75961657,38.45630802,-0.01880325852,-0.02009476038,1,1,22.28288393,472.7755591
7.86,22.30380552,22.22222222,38.7579809,38.45570827,-0.01870466521,-0.01999144024,1,1,22.28267675,475.0725198
7.88,22.30340775,22.22222222,38.75635322,38.45511162,-0.01860647224,-0.01988849823,1,1,22.28247054,477.3800973
7.9,22.30301203,22.22222222,38.75473346,38.45451804,-0.0185086805,-0.01978593616,1,1,22.28226531,479.6983167
7.92,22.30261835,22.22222222,38.7531216,38.45392753,-0.0184112908,-0.0196837557,1,1,22.28206104,482.0272028
7.94,22.30222671,22.22222222,38.7515176,38.45334007,-0.01831430391,-0.01958195851,1,1,22.28185773,484.3667806
7.96,22.3018371,22.22222222,38.7499214,38.45275565,-0.01821772055,-0.01948054614,1,1,22.28165537,486.7170748
7.98,22.30144951,22.22222222,38.74833298,38.45217427,-0.01812154138,-0.01937952009,1,1,22.28145396,489.0781103
8,22.30106393,22.22222222,38.74675229,38.4515959,-0.01802576702,-0.0192788818,1,1,22.2812535,491.4499119
8.02,22.30068036,22.10222222,38.74397929,38.45102054,-0.1578460344,-0.01917863262,1,1,22.16081397,195.224945
8.04,22.30007492,21.98222222,38.73881618,38.45011238,-0.2941997854,-0.03027202476,1,1,22.03996298,121.8766314
8.06,22.2990472,21.86222222,38.73126941,38.44857079,-0.4271379207,-0.05138624561,1,1,21.91876194,88.6654192
8.08,22.29741827,21.74222222,38.7213492,38.4461274,-0.556718723,-0.08144637961,1,1,21.79726658,69.7435608
8.1,22.2950289,21.62222222,38.70906917,38.44254336,-0.683006524,-0.1194681671,1,1,21.67552738,57.53371683
8.12,22.29173788,21.50222222,38.69444595,38.43760682,-0.7895512356,-0.1645512356,1,1,21.55359005,49.01035914
8.14,22.28744686,21.38222222,38.67749854,38.43117028,-0.8395512356,-0.2145512356,1,1,21.43148787,42.72696204
8.16,22.28215583,21.26222222,38.65824696,38.42323375,-0.8895512356,-0.2645512356,1,1,21.30922487,37.90270919
8.18,22.27586481,21.14222222,38.6367112,38.41379721,-0.9395512356,-0.3145512356,1,1,21.18680502,34.08191589
8.2,22.26857378,21.02222222,38.61291126,38.40286067,-0.9895512356,-0.3645512356,1,1,21.06423234,30.98075416
8.22,22.26028276,20.90222222,38.58686714,38.39042414,-1.039551236,-0.4145512356,1,1,20.94151082,28.41321587
8.24,22.25099173,20.78222222,38.55859884,38.3764876,-1.089551236,-0.4645512356,1,1,20.81864447,26.25231432
8.26,22.24070071,20.66222222,38.52812636,38.36105106,-4,-0.5145512356,2,1,27.77777778,24.408395
8.28,22.22483296,20.54222222,38.49551546,38.33724945,-4,-0.7933871368,2,1,27.77777778,22.87844389
8.3,22.20383464,20.42222222,38.46087323,38.30575196,-4,-1.049916166,2,1,27.77777778,21.58767688
8.32,22.17811618,20.30222222,38.42429817,38.26717428,-4,-1.285922873,2,1,27.77777778,20.48319306
8.34,22.1480552,20.18222222,38.3858809,38.2220828,-4,-1.503049043,2,1,27.77777778,19.52652198
8.36,22.1139991,20.06222222,38.3457048,38.17099865,-4,-1.702805119,2,1,27.77777778,18.68902277
8.38,22.07626749,19.94222222,38.30384658,38.11440123,-4,-1.88658071,2,1,27.77777778,17.94893821
8.4,22.0351544,19.82222222,38.26037681,38.0527316,-4,-2.055654253,2,1,27.77777778,17.28944844
8.42,21.99093036,19.70222222,38.2153604,37.98639554,-4,-2.211201913,2,1,27.77777778,16.69734979
8.44,21.94384425,19.58222222,38.1688571,37.91576637,-4,-2.35430576,2,1,27.77777778,16.16213631
8.46,21.89412502,19.46222222,38.12092185,37.84118753,-4,-2.485961299,2,1,27.77777778,15.67534766
8.48,21.84198333,19.34222222,38.07160521,37.762975,-4,-2.607084395,2,1,27.77777778,15.2300974
8.5,21.78761298,19.22222222,38.02095369,37.68141947,-4,-2.718517643,2,1,27.77777778,14.82072607
8.52,21.73119226,19.10222222,37.96901009,37.59678838,-4,-2.821036232,2,1,27.77777778,14.44254198
8.54,21.67288519,18.98222222,37.91581376,37.50932778,-4,-2.915353333,2,1,27.77777778,14.09162508
8.56,21.61284269,18.86222222,37.86140092,37.41926403,-4,-3.002125067,2,1,27.77777778,13.76467651
8.58,21.55120359,18.74222222,37.8058049,37.32680538,-4,-3.081955061,2,1,27.77777778,13.458902
8.6,21.48809561,18.62222222,37.74905636,37.23214342,-4,-3.155398656,2,1,27.77777778,13.17192046
8.62,21.42363628,18.50222222,37.69118348,37.13545442,-4,-3.222966764,2,1,27.77777778,12.9016917
8.64,21.35793369,18.38222222,37.63221223,37.03690054,-4,-3.285129423,2,1,27.77777778,12.64645871
8.66,21.29108731,18.26222222,37.57216646,36.93663096,-4,-3.342319069,2,1,27.77777778,12.40470123
8.68,21.22318864,18.14222222,37.51106815,36.83478296,-4,-3.394933544,2,1,27.77777778,12.17509803
8.7,21.15432186,18.02222222,37.44893749,36.73148279,-4,-3.44333886,2,1,27.77777778,11.95649622
8.72,21.08456443,17.90222222,37.38579307,36.62684664,-4,-3.487871751,2,1,27.77777778,11.74788589
8.74,21.01398759,17.78222222,37.32165199,36.52098138,-4,-3.528842011,2,1,27.77777778,11.54837923
8.76,20.94265689,17.66222222,37.25652999,36.41398534,-4,-3.56653465,2,1,27.77777778,11.3571931
8.78,20.87063266,17.54222222,37.19044154,36.30594898,-4,-3.601211878,2,1,27.77777778,11.17363447
8.8,20.79797036,17.42222222,37.12339995,36.19695553,-4,-3.633114928,2,1,27.77777778,10.99708819
8.82,20.72472104,17.30222222,37.05541748,36.08708156,-4,-3.662465734,2,1,27.77777778,10.82700665
8.84,20.65093167,17.18222222,36.9865054,35.97639751,-4,-3.689468475,2,1,27.77777778,10.66290098
8.86,20.57664545,17.06222222,36.91667408,35.86496818,-4,-3.714310997,2,1,27.77777778,10.50433362
8.88,20.50190213,16.94222222,36.84593304,35.7528532,-4,-3.737166117,2,1,27.77777778,10.35091188
8.9,20.42673827,16.82222222,36.77429108,35.64010741,-4,-3.758192828,2,1,27.77777778,10.20228251
8.92,20.35118753,16.70222222,36.70175627,35.52678129,-4,-3.777537402,2,1,27.77777778,10.05812695
8.94,20.27528084,16.58222222,36.62833603,35.41292126,-4,-3.79533441,2,1,27.77777778,9.918157238
8.96,20.19904668,16.46222222,36.5540372,35.29857003,-4,-3.811707657,2,1,27.77777778,9.782112479
8.98,20.12251126,16.34222222,36.47886607,35.18376689,-4,-3.826771044,2,1,27.77777778,9.649755791
9,20.04569868,16.22222222,36.40282841,35.06854801,-4,-3.840629361,2,1,27.77777778,9.520871607
9.02,19.9686311,16.10222222,36.32592956,34.95294664,-4,-3.853379012,2,1,27.77777778,9.395263343
9.04,19.89132892,15.98222222,36.2481744,34.83699338,-4,-3.865108691,2,1,27.77777778,9.272751343
9.06,19.81381092,15.86222222,36.16956745,34.72071638,-4,-3.875899996,2,1,27.77777778,9.15317109
9.08,19.73609436,15.74222222,36.09011284,34.60414154,-4,-3.885827996,2,1,27.77777778,9.036371615
9.1,19.65819513,15.62222222,36.00981439,34.48729269,-4,-3.894961756,2,1,27.77777778,8.922214108
9.12,19.58012783,15.50222222,35.9286756,34.37019175,-4,-3.903364816,2,1,27.77777778,8.810570683
9.14,19.50190592,15.38222222,35.84669971,34.25285888,-4,-3.911095631,2,1,27.77777778,8.701323295
9.16,19.42354176,15.26222222,35.76388968,34.13531264,-4,-3.91820798,2,1,27.77777778,8.594362766
9.18,19.34504673,15.14222222,35.68024824,34.0175701,-4,-3.924751342,2,1,27.77777778,8.489587933
9.2,19.26643131,15.02222222,35.5957779,33.89964696,-4,-3.930771234,2,1,27.77777778,8.386904884
9.22,19.18770512,14.90222222,35.51048098,33.78155767,-4,-3.936309536,2,1,27.77777778,8.286226281
9.24,19.10887702,14.78222222,35.42435961,33.66331553,-4,-3.941404773,2,1,27.77777778,8.187470749
9.26,19.02995517,14.66222222,35.33741573,33.54493276,-4,-3.946092391,2,1,27.77777778,8.090562341
9.28,18.95094707,14.54222222,35.24965115,33.42642061,-4,-3.950405,2,1,27.77777778,7.995430049
9.3,18.87185962,14.42222222,35.16106753,33.30778943,-4,-3.9543726,2,1,27.77777778,7.902007372
9.32,18.79269917,14.30222222,35.07166638,33.18904875,-4,-3.958022792,2,1,27.77777778,7.810231926
9.34,18.71347155,14.18222222,34.98144912,33.07020732,-4,-3.961380968,2,1,27.77777778,7.720045096
9.36,18.63418214,14.06222222,34.89041703,32.9512732,-4,-3.964470491,2,1,27.77777778,7.63139172
9.38,18.55483588,13.94222222,34.79857129,32.83225382,-4,-3.967312852,2,1,27.77777778,7.544219803
9.4,18.47543732,13.82222222,34.70591301,32.71315598,-4,-3.969927823,2,1,27.77777778,7.458480267
9.42,18.39599065,13.70222222,34.61244317,32.59398598,-4,-3.972333598,2,1,27.77777778,7.374126717
9.44,18.31649971,13.58222222,34.51816271,32.47474957,-4,-3.97454691,2,1,27.77777778,7.29111523
9.46,18.23696805,13.46222222,34.42307248,32.35545207,-4,-3.976583157,2,1,27.77777778,7.20940417
9.48,18.15739892,13.34222222,34.32717325,32.23609838,-4,-3.978456504,2,1,27.77777778,7.128954016
9.5,18.07779532,13.22222222,34.23046575,32.11669298,-4,-3.980179984,2,1,27.77777778,7.049727204
9.52,17.99816001,13.10222222,34.13295065,31.99724001,-4,-3.981765585,2,1,27.77777778,6.971687987
9.54,17.91849552,12.98222222,34.03462853,31.87774328,-4,-3.983224339,2,1,27.77777778,6.894802308
9.56,17.83880419,12.86222222,33.93549998,31.75820629,-4,-3.984566391,2,1,27.77777778,6.819037681
9.58,17.75908817,12.74222222,33.8355655,31.63863226,-4,-3.98580108,2,1,27.77777778,6.744363083
9.6,17.67934943,12.62222222,33.73482557,31.51902415,-4,-3.986936994,2,1,27.77777778,6.670748861
9.62,17.59958979,12.50222222,33.63328062,31.39938469,-4,-3.987982034,2,1,27.77777778,6.598166636
9.64,17.51981092,12.38222222,33.53093106,31.27971638,-4,-3.988943471,2,1,27.77777778,6.526589228
9.66,17.44001436,12.26222222,33.42777725,31.16002154,-4,-3.989827994,2,1,27.77777778,6.455990575
9.68,17.36020153,12.14222222,33.32381954,31.04030229,-4,-3.990641754,2,1,27.77777778,6.38634567
9.7,17.28037372,12.02222222,33.21905823,30.92056058,-4,-3.991390414,2,1,27.77777778,6.317630493
9.72,17.20053213,11.90222222,33.11349362,30.8007982,-4,-3.992079181,2,1,27.77777778,6.249821955
9.74,17.12067788,11.78222222,33.00712596,30.68101682,-4,-3.992712846,2,1,27.77777778,6.182897844
9.76,17.04081196,11.66222222,32.89995551,30.56121794,-4,-3.993295819,2,1,27.77777778,6.116836774
9.78,16.96093532,11.54222222,32.79198248,30.44140298,-4,-3.993832153,2,1,27.77777778,6.051618142
9.8,16.88104881,11.42222222,32.68320708,30.32157321,-4,-3.994325581,2,1,27.77777778,5.987222084
9.82,16.80115322,11.30222222,32.57362951,30.20172982,-4,-3.994779534,2,1,27.77777778,5.923629437
9.84,16.72124927,11.18222222,32.46324993,30.08187391,-4,-3.995197172,2,1,27.77777778,5.860821698
9.86,16.64133764,11.06222222,32.3520685,29.96200647,-4,-3.995581398,2,1,27.77777778,5.798780999
9.88,16.56141895,10.94222222,32.24008538,29.84212842,-4,-3.995934886,2,1,27.77777778,5.737490065
9.9,16.48149374,10.82222222,32.1273007,29.72224062,-4,-3.996260095,2,1,27.77777778,5.676932193
9.92,16.40156256,10.70222222,32.01371458,29.60234384,-4,-3.996559288,2,1,27.77777778,5.617091222
9.94,16.32162587,10.58222222,31.89932714,29.4824388,-4,-3.996834545,2,1,27.77777778,5.557951506
9.96,16.24168411,10.46222222,31.78413848,29.36252617,-4,-3.997087781,2,1,27.77777778,5.499497892
9.98,16.1617377,10.34222222,31.66814871,29.24260655,-4,-3.997320759,2,1,27.77777778,5.441715697
10,16.081787,10.22222222,31.55135791,29.12268049,-4,-3.997535098,2,1,27.77777778,5.384590687
10.02,16.00183235,10.10222222,31.43376616,29.00274852,-4,-3.99773229,2,1,27.77777778,5.328109058
10.04,15.92187408,9.982222222,31.31537354,28.88281111,-4,-3.997913707,2,1,27.77777778,5.272257417
10.06,15.84191246,9.862222222,31.19618012,28.7628687,-4,-3.99808061,2,1,27.77777778,5.217022765
10.08,15.76194778,9.742222222,31.07618596,28.64292167,-4,-3.998234161,2,1,27.77777778,5.162392481
10.1,15.68198027,9.622222222,30.95539112,28.52297041,-4,-3.998375429,2,1,27.77777778,5.108354306
10.12,15.60201016,9.502222222,30.83379566,28.40301525,-4,-3.998505394,2,1,27.77777778,5.054896327
10.14,15.52203766,9.382222222,30.71139963,28.2830565,-4,-3.998624963,2,1,27.77777778,5.002006969
10.16,15.44206297,9.262222222,30.58820307,28.16309445,-4,-3.998734966,2,1,27.77777778,4.949674974
10.18,15.36208624,9.142222222,30.46420602,28.04312936,-4,-3.998836168,2,1,27.77777778,4.897889395
10.2,15.28210766,9.022222222,30.33940852,27.92316148,-4,-3.998929275,2,1,27.77777778,4.846639582
10.22,15.20212736,8.902222222,30.21381062,27.80319104,-4,-3.999014933,2,1,27.77777778,4.795915172
10.24,15.12214548,8.782222222,30.08741234,27.68321822,-4,-3.999093738,2,1,27.77777778,4.745706075
10.26,15.04216216,8.662222222,29.9602137,27.56324324,-4,-3.999166239,2,1,27.77777778,4.696002471
10.28,14.9621775,8.542222222,29.83221475,27.44326625,-4,-3.99923294,2,1,27.77777778,4.646794793
10.3,14.88219161,8.422222222,29.7034155,27.32328742,-4,-3.999294305,2,1,27.77777778,4.598073722
10.32,14.8022046,8.302222222,29.57381599,27.2033069,-4,-3.999350761,2,1,27.77777778,4.549830181
10.34,14.72221654,8.182222222,29.44341622,27.08332482,-4,-3.9994027,2,1,27.77777778,4.502055319
10.36,14.64222753,8.062222222,29.31221622,26.9633413,-4,-3.999450484,2,1,27.77777778,4.454740511
10.38,14.56223765,7.942222222,29.18021602,26.84335647,-4,-3.999494445,2,1,27.77777778,4.407877346
10.4,14.48224695,7.822222222,29.04741561,26.72337042,-4,-3.999534889,2,1,27.77777778,4.361457624
10.42,14.40225551,7.702222222,28.91381503,26.60338326,-4,-3.999572098,2,1,27.77777778,4.315473343
10.44,14.32226338,7.582222222,28.77941429,26.48339507,-4,-3.99960633,2,1,27.77777778,4.269916699
10.46,14.24227062,7.462222222,28.64421339,26.36340593,-4,-3.999637824,2,1,27.77777778,4.224780076
10.48,14.16227729,7.342222222,28.50821236,26.24341593,-4,-3.999666798,2,1,27.77777778,4.180056039
10.5,14.08228342,7.222222222,28.3714112,26.12342513,-4,-3.999693454,2,1,27.77777778,4.135737334
10.52,14.00228906,7.102222222,28.23380992,26.00343359,-4,-3.999717978,2,1,27.77777778,4.091816875
10.54,13.92229425,6.982222222,28.09540853,25.88344137,-4,-3.99974054,2,1,27.77777778,4.048287745
10.56,13.84229902,6.862222222,27.95620704,25.76344853,-4,-3.999761296,2,1,27.77777778,4.005143188
10.58,13.76230341,6.742222222,27.81620546,25.64345512,-4,-3.999780393,2,1,27.77777778,3.962376603
10.6,13.68230745,6.622222222,27.6754038,25.52346118,-4,-3.999797961,2,1,27.77777778,3.919981542
10.62,13.60231117,6.502222222,27.53380205,25.40346676,-4,-3.999814124,2,1,27.77777778,3.877951706
10.64,13.52231459,6.382222222,27.39140024,25.28347189,-4,-3.999828994,2,1,27.77777778,3.836280936
10.66,13.44231774,6.262222222,27.24819836,25.16347661,-4,-3.999842675,2,1,27.77777778,3.794963215
10.68,13.36232063,6.142222222,27.10419642,25.04348095,-4,-3.999855261,2,1,27.77777778,3.753992658
10.7,13.2823233,6.022222222,26.95939443,24.92348494,-4,-3.99986684,2,1,27.77777778,3.713363513
10.72,13.20232575,5.902222222,26.81379238,24.80348862,-4,-3.999877493,2,1,27.77777778,3.673070155
10.74,13.122328,5.782222222,26.66739029,24.683492,-4,-3.999887293,2,1,27.77777778,3.633107082
10.76,13.04233007,5.662222222,26.52018815,24.56349511,-4,-3.99989631,2,1,27.77777778,3.593468915
10.78,12.96233198,5.542222222,26.37218598,24.44349797,-4,-3.999904605,2,1,27.77777778,3.554150387
10.8,12.88233374,5.422222222,26.22338376,24.32350061,-4,-3.999912237,2,1,27.77777778,3.51514635
10.82,12.80233535,5.302222222,26.07378152,24.20350303,-4,-3.999919258,2,1,27.77777778,3.476451763
10.84,12.72233684,5.182222222,25.92337924,24.08350526,-4,-3.999925717,2,1,27.77777778,3.438061695
10.86,12.6423382,5.062222222,25.77217693,23.96350731,-4,-3.99993166,2,1,27.77777778,3.399971319
10.88,12.56233946,4.942222222,25.6201746,23.84350919,-4,-3.999937127,2,1,27.77777778,3.362175908
10.9,12.48234062,4.822222222,25.46737225,23.72351093,-4,-3.999942157,2,1,27.77777778,3.324670837
10.92,12.40234168,4.702222222,25.31376987,23.60351253,-4,-3.999946784,2,1,27.77777778,3.287451577
10.94,12.32234266,4.582222222,25.15936747,23.48351399,-4,-3.999951042,2,1,27.77777778,3.250513692
10.96,12.24234356,4.462222222,25.00416505,23.36351535,-4,-3.999954958,2,1,27.77777778,3.213852838
10.98,12.16234439,4.342222222,24.84816261,23.24351659,-4,-3.999958562,2,1,27.77777778,3.17746476
11,12.08234515,4.222222222,24.69136016,23.12351773,-4,-3.999961877,2,1,27.77777778,3.141345291
11.02,12.00234586,4.102222222,24.5337577,23.00351878,-4,-3.999964927,2,1,27.77777778,3.105490349
11.04,11.9223465,3.982222222,24.37535522,22.88351975,-4,-3.999967732,2,1,27.77777778,3.069895931
11.06,11.8423471,3.862222222,24.21615273,22.76352064,-4,-3.999970314,2,1,27.77777778,3.034558119
11.08,11.76234764,3.742222222,24.05615022,22.64352146,-4,-3.999972689,2,1,27.77777778,2.999473071
11.1,11.68234814,3.622222222,23.89534771,22.52352222,-4,-3.999974874,2,1,27.77777778,2.964637022
11.12,11.60234861,3.502222222,23.73374519,22.40352291,-4,-3.999976884,2,1,27.77777778,2.930046281
11.14,11.52234903,3.382222222,23.57134266,22.28352355,-4,-3.999978733,2,1,27.77777778,2.89569723
11.16,11.44234942,3.262222222,23.40814012,22.16352413,-4,-3.999980434,2,1,27.77777778,2.861586323
11.18,11.36234978,3.142222222,23.24413757,22.04352467,-4,-3.999982,2,1,27.77777778,2.827710081
11.2,11.28235011,3.022222222,23.07933501,21.92352517,-4,-3.99998344,2,1,27.77777778,2.794065094
11.22,11.20235042,2.902222222,22.91373245,21.80352563,-4,-3.999984764,2,1,27.77777778,2.760648018
11.24,11.1223507,2.782222222,22.74732989,21.68352605,-4,-3.999985983,2,1,27.77777778,2.727455572
11.26,11.04235096,2.662222222,22.58012731,21.56352644,-4,-3.999987105,2,1,27.77777778,2.694484539
11.28,10.96235119,2.542222222,22.41212474,21.44352679,-4,-3.999988136,2,1,27.77777778,2.661731763
11.3,10.88235141,2.422222222,22.24332216,21.32352712,-4,-3.999989085,2,1,27.77777778,2.629194148
11.32,10.80235161,2.302222222,22.07371957,21.20352742,-4,-3.999989959,2,1,27.77777778,2.596868654
11.34,10.7223518,2.182222222,21.90331698,21.0835277,-4,-3.999990762,2,1,27.77777778,2.564752301
11.36,10.64235197,2.062222222,21.73211439,20.96352795,-4,-3.999991501,2,1,27.77777778,2.532842163
11.38,10.56235212,1.942222222,21.56011179,20.84352819,-4,-3.999992181,2,1,27.77777778,2.50113537
11.4,10.48235227,1.822222222,21.38730919,20.7235284,-4,-3.999992806,2,1,27.77777778,2.469629102
11.42,10.4023524,1.702222222,21.21370659,20.6035286,-4,-3.999993382,2,1,27.77777778,2.438320594
11.44,10.32235252,1.582222222,21.03930398,20.48352878,-4,-3.999993911,2,1,27.77777778,2.407207131
11.46,10.24235263,1.462222222,20.86410138,20.36352895,-4,-3.999994398,2,1,27.77777778,2.376286045
11.48,10.16235274,1.342222222,20.68809877,20.24352911,-4,-3.999994847,2,1,27.77777778,2.345554721
11.5,10.08235283,1.222222222,20.51129616,20.12352925,-4,-3.999995259,2,1,27.77777778,2.315010586
11.52,10.00235292,1.102222222,20.33369354,20.00352938,-4,-3.999995638,2,1,27.77777778,2.284651117
11.54,9.922353,0.9822222222,20.15529093,19.8835295,-4,-3.999995987,2,1,27.77777778,2.254473836
11.56,9.842353074,0.8622222222,19.97608831,19.76352961,-4,-3.999996308,2,1,27.77777778,2.224476307
11.58,9.762353142,0.7422222222,19.79608569,19.64352971,-4,-3.999996603,2,1,27.77777778,2.194656139
11.6,9.682353204,0.6222222222,19.61528308,19.52352981,-4,-3.999996875,2,1,27.77777778,2.165010982
11.62,9.602353262,0.5022222222,19.43368045,19.40352989,-4,-3.999997125,2,1,27.77777778,2.135538529
11.64,9.522353315,0.3822222222,19.25127783,19.28352997,-4,-3.999997355,2,1,27.77777778,2.106236512
11.66,9.442353363,0.2622222222,19.06807521,19.16353005,-4,-3.999997567,2,1,27.77777778,2.077102703
11.68,9.362353408,0.1422222222,18.88407259,19.04353011,-4,-3.999997761,2,1,27.77777778,2.048134913
11.7,9.282353449,0.0222222222,18.69926996,18.92353017,-4,-3.99999794,2,1,27.77777778,2.019330991
11.72,9.202353487,0,18.51446405,18.80353023,-4,-3.999998105,2,1,27.77777778,2.011927065
11.74,9.122353522,0,18.33121698,18.68353028,-4,-3.999998257,2,1,27.77777778,2.009483291
11.76,9.042353554,0,18.14956991,18.56353033,-4,-3.999998396,2,1,27.77777778,2.007173221
11.78,8.962353584,0,17.96952283,18.44353038,-4,-3.999998525,2,1,27.77777778,2.005000435
11.8,8.882353611,0,17.79107576,18.32353042,-4,-3.999998643,2,1,27.77777778,2.002968643
11.82,8.802353636,0,17.61422869,18.20353045,-4,-3.999998751,2,1,27.77777778,2.00108169
11.84,8.722353659,0,17.43898162,18.08353049,-4,-3.999998851,2,1,27.77777778,1.99934356
11.86,8.64235368,0,17.26533454,17.96353052,-4,-3.999998943,2,1,27.77777778,1.997758387
11.88,8.562353699,0,17.09328747,17.84353055,-4,-3.999999028,2,1,27.77777778,1.996330457
11.9,8.482353717,0,16.9228404,17.72353058,-4,-3.999999105,2,1,27.77777778,1.995064219
11.92,8.402353734,0,16.75399332,17.6035306,-4,-3.999999177,2,1,27.77777778,1.993964293
11.94,8.322353749,0,16.58674625,17.48353062,-4,-3.999999243,2,1,27.77777778,1.993035474
11.96,8.242353763,0,16.42109917,17.36353064,-4,-3.999999303,2,1,27.77777778,1.992282744
11.98,8.162353776,0,16.2570521,17.24353066,-4,-3.999999359,2,1,27.77777778,1.991711281
12,8.082353787,0,16.09460502,17.12353068,-4,-3.99999941,2,1,27.77777778,1.991326468
12.02,8.002353798,0,15.93375794,17.0035307,-4,-3.999999458,2,1,27.77777778,1.991133902
12.04,7.922353808,0,15.77451087,16.88353071,-4,-3.999999501,2,1,27.77777778,1.991139408
12.06,7.842353817,0,15.61686379,16.76353073,-4,-3.999999541,2,1,27.77777778,1.991349046
12.08,7.762353826,0,15.46081672,16.64353074,-4,-3.999999578,2,1,27.77777778,1.991769129
12.1,7.682353834,0,15.30636964,16.52353075,-4,-3.999999611,2,1,27.77777778,1.99240623
12.12,7.602353841,0,15.15352256,16.40353076,-4,-3.999999642,2,1,27.77777778,1.993267201
12.14,7.522353847,0,15.00227549,16.28353077,-4,-3.999999671,2,1,27.77777778,1.994359185
12.16,7.442353853,0,14.85262841,16.16353078,-4,-3.999999697,2,1,27.77777778,1.99568963
12.18,7.362353859,0,14.70458133,16.04353079,-4,-3.999999722,2,1,27.77777778,1.997266311
12.2,7.282353864,0,14.55813425,15.9235308,-4,-3.999999744,2,1,27.77777778,1.999097342
12.22,7.202353869,0,14.41328718,15.8035308,-4,-3.999999764,2,1,27.77777778,2.001191199
12.24,7.122353873,0,14.2700401,15.68353081,-4,-3.999999783,2,1,27.77777778,2.003556739
12.26,7.042353877,0,14.12839302,15.56353082,-4,-3.999999801,2,1,27.77777778,2.00620322
12.28,6.962353881,0,13.98834594,15.44353082,-4,-3.999999817,2,1,27.77777778,2.009140326
12.3,6.882353884,0,13.84989887,15.32353083,-4,-3.999999831,2,1,27.77777778,2.012378192
12.32,6.802353887,0,13.71305179,15.20353083,-4,-3.999999845,2,1,27.77777778,2.01592743
12.34,6.72235389,0,13.57780471,15.08353084,-4,-3.999999857,2,1,27.77777778,2.019799156
12.36,6.642353893,0,13.44415763,14.96353084,-4,-3.999999869,2,1,27.77777778,2.024005021
12.38,6.562353895,0,13.31211056,14.84353084,-4,-3.999999879,2,1,27.77777778,2.028557248
12.4,6.482353897,0,13.18166348,14.72353085,-4,-3.999999889,2,1,27.77777778,2.033468658
12.42,6.4023539,0,13.0528164,14.60353085,-4,-3.999999898,2,1,27.77777778,2.038752716
12.44,6.322353901,0,12.92556932,14.48353085,-4,-3.999999906,2,1,27.77777778,2.044423568
12.46,6.242353903,0,12.79992224,14.36353085,-4,-3.999999913,2,1,27.77777778,2.050496086
12.48,6.162353905,0,12.67587517,14.24353086,-4,-3.99999992,2,1,27.77777778,2.056985912
12.5,6.082353906,0,12.55342809,14.12353086,-4,-3.999999927,2,1,27.77777778,2.063909513
12.52,6.002353908,0,12.43258101,14.00353086,-4,-3.999999933,2,1,27.77777778,2.071284233
12.54,5.922353909,0,12.31333393,13.88353086,-4,-3.999999938,2,1,27.77777778,2.079128353
12.56,5.84235391,0,12.19568685,13.76353086,-4,-3.999999943,2,1,27.77777778,2.087461157
12.58,5.762353911,0,12.07963977,13.64353087,-4,-3.999999947,2,1,27.77777778,2.096302997
12.6,5.682353912,0,11.9651927,13.52353087,-4,-3.999999952,2,1,27.77777778,2.105675374
12.62,5.602353913,0,11.85234562,13.40353087,-4,-3.999999956,2,1,27.77777778,2.115601014
12.64,5.522353914,0,11.74109854,13.28353087,-4,-3.999999959,2,1,27.77777778,2.126103963
12.66,5.442353914,0,11.63145146,13.16353087,-4,-3.999999962,2,1,27.77777778,2.137209679
12.68,5.362353915,0,11.52340438,13.04353087,-4,-3.999999965,2,1,27.77777778,2.14894514
12.7,5.282353916,0,11.41695731,12.92353087,-4,-3.999999968,2,1,27.77777778,2.161338957
12.72,5.202353916,0,11.31211023,12.80353087,-4,-3.999999971,2,1,27.77777778,2.174421504
12.74,5.122353917,0,11.20886315,12.68353088,-4,-3.999999973,2,1,27.77777778,2.188225049
12.76,5.042353917,0,11.10721607,12.56353088,-4,-3.999999975,2,1,27.77777778,2.202783908
12.78,4.962353918,0,11.00716899,12.44353088,-4,-3.999999977,2,1,27.77777778,2.218134614
12.8,4.882353918,0,10.90872191,12.32353088,-4,-3.999999979,2,1,27.77777778,2.234316089
12.82,4.802353919,0,10.81187483,12.20353088,-4,-3.999999981,2,1,27.77777778,2.251369853
12.84,4.722353919,0,10.71662776,12.08353088,-4,-3.999999982,2,1,27.77777778,2.269340236
12.86,4.642353919,0,10.62298068,11.96353088,-4,-3.999999984,2,1,27.77777778,2.288274626
12.88,4.56235392,0,10.5309336,11.84353088,-4,-3.999999985,2,1,27.77777778,2.308223734
12.9,4.48235392,0,10.44048652,11.72353088,-4,-3.999999986,2,1,27.77777778,2.329241891
12.92,4.40235392,0,10.35163944,11.60353088,-4,-3.999999987,2,1,27.77777778,2.351387378
12.94,4.32235392,0,10.26439236,11.48353088,-4,-3.999999988,2,1,27.77777778,2.374722791
12.96,4.242353921,0,10.17874529,11.36353088,-4,-3.999999989,2,1,27.77777778,2.399315445
12.98,4.162353921,0,10.09469821,11.24353088,-4,-3.99999999,2,1,27.77777778,2.425237834
13,4.082353921,0,10.01225113,11.12353088,-4,-3.999999991,2,1,27.77777778,2.452568132
13.02,4.002353921,0,9.931404051,11.00353088,-4,-3.999999992,2,1,27.77777778,2.481390763
13.04,3.922353921,0,9.852156973,10.88353088,-4,-3.999999992,2,1,27.77777778,2.511797041
13.06,3.842353921,0,9.774509894,10.76353088,-4,-3.999999993,2,1,27.77777778,2.543885882
13.08,3.762353922,0,9.698462816,10.64353088,-4,-3.999999993,2,1,27.77777778,2.577764617
13.1,3.682353922,0,9.624015737,10.52353088,-4,-3.999999994,2,1,27.77777778,2.613549904
13.12,3.602353922,0,9.551168659,10.40353088,-4,-3.999999994,2,1,27.77777778,2.651368762
13.14,3.522353922,0,9.47992158,10.28353088,-4,-3.999999995,2,1,27.77777778,2.691359753
13.16,3.442353922,0,9.410274502,10.16353088,-4,-3.999999995,2,1,27.77777778,2.733674316
13.18,3.362353922,0,9.342227423,10.04353088,-4,-3.999999996,2,1,27.77777778,2.778478304
13.2,3.282353922,0,9.275780345,9.923530883,-4,-3.999999996,2,1,27.77777778,2.825953741
13.22,3.202353922,0,9.210933267,9.803530883,-4,-3.999999996,2,1,27.77777778,2.876300837
13.24,3.122353922,0,9.147686188,9.683530883,-4,-3.999999997,2,1,27.77777778,2.929740323
13.26,3.042353922,0,9.08603911,9.563530884,-4,-3.999999997,2,1,27.77777778,2.986516146
13.28,2.962353922,0,9.025992031,9.443530884,-4,-3.999999997,2,1,27.77777778,3.046898604
13.3,2.882353922,0,8.967544953,9.323530884,-4,-3.999999997,2,1,27.77777778,3.111188006
13.32,2.802353923,0,8.910697874,9.203530884,-4,-3.999999998,2,1,27.77777778,3.179718951
13.34,2.722353923,0,8.855450796,9.083530884,-4,-3.999999998,2,1,27.77777778,3.252865369
13.36,2.642353923,0,8.801803717,8.963530884,-4,-3.999999998,2,1,27.77777778,3.331046474
13.38,2.562353923,0,8.749756639,8.843530884,-4,-3.999999998,2,1,27.77777778,3.414733836
13.4,2.482353923,0,8.699309561,8.723530884,-4,-3.999999998,2,1,27.77777778,3.504459812
13.42,2.402353923,0,8.650462482,8.603530884,-4,-3.999999998,2,1,27.77777778,3.600827672
13.44,2.322353923,0,8.603215404,8.483530884,-4,-3.999999999,2,1,27.77777778,3.704523811
13.46,2.242353923,0,8.557568325,8.363530884,-4,-3.999999999,2,1,27.77777778,3.816332577
13.48,2.162353923,0,8.513521247,8.243530884,-4,-3.999999999,2,1,27.77777778,3.937154393
13.5,2.082353923,0,8.471074168,8.123530884,-4,-3.999999999,2,1,27.77777778,4.06802805
13.52,2.002353923,0,8.43022709,8.003530884,-4,-3.999999999,2,1,27.77777778,4.210158351
13.54,1.922353923,0,8.390980011,7.883530884,-4,-3.999999999,2,1,27.77777778,4.364950653
13.56,1.842353923,0,8.353332933,7.763530884,-4,-3.999999999,2,1,27.77777778,4.534054412
13.58,1.762353923,0,8.317285854,7.643530884,-4,-3.999999999,2,1,27.77777778,4.719418584
13.6,1.682353923,0,8.282838776,7.523530884,-4,-3.999999999,2,1,27.77777778,4.923362833
13.62,1.602353923,0,8.249991698,7.403530884,-4,-3.999999999,2,1,27.77777778,5.148670078
13.64,1.522353923,0,8.218744619,7.283530884,-4,-3.999999999,2,1,27.77777778,5.398708208
13.66,1.442353923,0,8.189097541,7.163530884,-4,-3.999999999,2,1,27.77777778,5.67759231
13.68,1.362353923,0,8.161050462,7.043530884,-4,-3.999999999,2,1,27.77777778,5.990404053
13.7,1.282353923,0,8.134603384,6.923530884,-4,-4,2,1,27.77777778,6.343493195
13.72,1.202353923,0,8.109756305,6.803530884,-4,-4,2,1,27.77777778,6.744899443
13.74,1.122353923,0,8.086509227,6.683530884,-4,-4,2,1,27.77777778,7.204954749
13.76,1.042353923,0,8.064862148,6.563530884,-4,-4,2,1,27.77777778,7.737162945
13.78,0.962353923,0,8.04481507,6.443530884,-4,-4,2,1,27.77777778,8.359518133
13.8,0.882353923,0,8.026367991,6.323530884,-4,-4,2,1,27.77777778,9.096540268
13.82,0.802353923,0,8.009520913,6.203530884,-4,-4,2,1,27.77777778,9.982528512
13.84,0.722353923,0,7.994273835,6.083530884,-4,-4,2,1,27.77777778,11.06697642
13.86,0.642353923,0,7.980626756,5.963530885,-4,-4,2,1,27.77777778,12.42403365
13.88,0.562353923,0,7.968579678,5.843530885,-4,-4,2,1,27.77777778,14.17004372
13.9,0.482353923,0,7.958132599,5.723530885,-4,-4,2,1,27.77777778,16.498534
13.92,0.402353923,0,7.949285521,5.603530885,-4,-4,2,1,27.77777778,19.75694797
13.94,0.322353923,0,7.942038442,5.483530885,-4,-4,2,1,27.77777778,24.63763545
13.96,0.242353923,0,7.936391364,5.363530885,-4,-4,2,1,27.77777778,32.74711325
13.98,0.162353923,0,7.932344285,5.243530885,-4,-4,2,1,27.77777778,48.85834686
14,0.08235392303,0,7.929897207,5.123530885,-4,-4,2,1,27.77777778,96.29046092
14.02,0.00235392303,0,7.929050128,5.003530885,-4,-4,2,1,27.77777778,3368.440695
14.04,0,0,7.929049436,5,-4,0,2,1,27.77777778,inf
14.06,0,0,7.929049436,5,-4,0,2,1,27.77777778,inf
14.08,0,0,7.929049436,5,-4,0,2,1,27.77777778,inf
14.1,0,0,7.929049436,5,-4,0,2,1,27.77777778,inf
14.12,0,0,7.929049436,5,-4,0,2,1,27.77777778,inf
14.14,0,0,7.929049436,5,-4,0,2,1,27.77777778,inf
14.16,0,0,7.929049436,5,-4,0,2,1,27.77777778,inf
14.18,0,0,7.929049436,5,-4,0,2,1,27.77777778,inf
14.2,0,0,7.929049436,5,-4,0,2,1,27.77777778,inf
14.22,0,0,7.929049436,5,-4,0,2,1,27.77777778,inf
14.24,0,0,7.929049436,5,-4,0,2,1,27.77777778,inf
14.26,0,0,7.929049436,5,-4,0,2,1,27.77777778,inf
14.28,0,0,7.929049436,5,-4,0,2,1,27.77777778,inf
14.3,0,0,7.929049436,5,-4,0,2,1,27.77777778,inf
14.32,0,0,7.929049436,5,-4,0,2,1,27.77777778,inf
14.34,0,0,7.929049436,5,-4,0,2,1,27.77777778,inf
14.36,0,0,7.929049436,5,-4,0,2,1,27.77777778,inf
14.38,0,0,7.929049436,5,-4,0,2,1,27.77777778,inf
14.4,0,0,7.929049436,5,-4,0,2,1,27.77777778,inf
14.42,0,0,7.929049436,5,-4,0,2,1,27.77777778,inf
14.44,0,0,7.929049436,5,-4,0,2,1,27.77777778,inf
14.46,0,0,7.929049436,5,-4,0,2,1,27.77777778,inf
14.48,0,0,7.929049436,5,-4,0,2,1,27.77777778,inf
14.5,0,0,7.929049436,5,-4,0,2,1,27.77777778,inf
14.52,0,0,7.929049436,5,-4,0,2,1,27.77777778,inf
14.54,0,0,7.929049436,5,-4,0,2,1,27.77777778,inf
14.56,0,0,7.929049436,5,-4,0,2,1,27.77777778,inf
14.58,0,0,7.929049436,5,-4,0,2,1,27.77777778,inf
14.6,0,0,7.929049436,5,-4,0,2,1,27.77777778,inf
14.62,0,0,7.929049436,5,-4,0,2,1,27.77777778,inf
14.64,0,0,7.929049436,5,-4,0,2,1,27.77777778,inf
14.66,0,0,7.929049436,5,-4,0,2,1,27.77777778,inf
14.68,0,0,7.929049436,5,-4,0,2,1,27.77777778,inf
14.7,0,0,7.929049436,5,-4,0,2,1,27.77777778,inf
14.72,0,0,7.929049436,5,-4,0,2,1,27.77777778,inf
14.74,0,0,7.929049436,5,-4,0,2,1,27.77777778,inf
14.76,0,0,7.929049436,5,-4,0,2,1,27.77777778,inf
14.78,0,0,7.929049436,5,-4,0,2,1,27.77777778,inf
14.8,0,0,7.929049436,5,-4,0,2,1,27.77777778,inf
14.82,0,0,7.929049436,5,-4,0,2,1,27.77777778,inf
14.84,0,0,7.929049436,5,-4,0,2,1,27.77777778,inf
14.86,0,0,7.929049436,5,-4,0,2,1,27.77777778,inf
14.88,0,0,7.929049436,5,-4,0,2,1,27.77777778,inf
14.9,0,0,7.929049436,5,-4,0,2,1,27.77777778,inf
14.92,0,0,7.929049436,5,-4,0,2,1,27.77777778,inf
14.94,0,0,7.929049436,5,-4,0,2,1,27.77777778,inf
14.96,0,0,7.929049436,5,-4,0,2,1,27.77777778,inf
14.98,0,0,7.929049436,5,-4,0,2,1,27.77777778,inf
15,0,0,7.929049436,5,-4,0,2,1,27.77777778,inf
15.02,0,0,7.929049436,5,-4,0,2,1,27.77777778,inf
15.04,0,0,7.929049436,5,-4,0,2,1,27.77777778,inf
15.06,0,0,7.929049436,5,-4,0,2,1,27.77777778,inf
15.08,0,0,7.929049436,5,-4,0,2,1,27.77777778,inf
15.1,0,0,7.929049436,5,-4,0,2,1,27.77777778,inf
15.12,0,0,7.929049436,5,-4,0,2,1,27.77777778,inf
15.14,0,0,7.929049436,5,-4,0,2,1,27.77777778,inf
15.16,0,0,7.929049436,5,-4,0,2,1,27.77777778,inf
15.18,0,0,7.929049436,5,-4,0,2,1,27.77777778,inf
15.2,0,0,7.929049436,5,-4,0,2,1,27.77777778,inf
15.22,0,0,7.929049436,5,-4,0,2,1,27.77777778,inf
15.24,0,0,7.929049436,5,-4,0,2,1,27.77777778,inf
15.26,0,0,7.929049436,5,-4,0,2,1,27.77777778,inf
15.28,0,0,7.929049436,5,-4,0,2,1,27.77777778,inf
15.3,0,0,7.929049436,5,-4,0,2,1,27.77777778,inf
15.32,0,0,7.929049436,5,-4,0,2,1,27.77777778,inf
15.34,0,0,7.929049436,5,-4,0,2,1,27.77777778,inf
15.36,0,0,7.929049436,5,-4,0,2,1,27.77777778,inf
15.38,0,0,7.929049436,5,-4,0,2,1,27.77777778,inf
15.4,0,0,7.929049436,5,-4,0,2,1,27.77777778,inf
15.42,0,0,7.929049436,5,-4,0,2,1,27.77777778,inf
15.44,0,0,7.929049436,5,-4,0,2,1,27.77777778,inf
15.46,0,0,7.929049436,5,-4,0,2,1,27.77777778,inf
15.48,0,0,7.929049436,5,-4,0,2,1,27.77777778,inf
15.5,0,0,7.929049436,5,-4,0,2,1,27.77777778,inf
15.52,0,0,7.929049436,5,-4,0,2,1,27.77777778,inf
15.54,0,0,7.929049436,5,-4,0,2,1,27.77777778,inf
15.56,0,0,7.929049436,5,-4,0,2,1,27.77777778,inf
15.58,0,0,7.929049436,5,-4,0,2,1,27.77777778,inf
15.6,0,0,7.929049436,5,-4,0,2,1,27.77777778,inf
15.62,0,0,7.929049436,5,-4,0,2,1,27.77777778,inf
15.64,0,0,7.929049436,5,-4,0,2,1,27.77777778,inf
15.66,0,0,7.929049436,5,-4,0,2,1,27.77777778,inf
15.68,0,0,7.929049436,5,-4,0,2,1,27.77777778,inf
15.7,0,0,7.929049436,5,-4,0,2,1,27.77777778,inf
15.72,0,0,7.929049436,5,-4,0,2,1,27.77777778,inf
15.74,0,0,7.929049436,5,-4,0,2,1,27.77777778,inf
15.76,0,0,7.929049436,5,-4,0,2,1,27.77777778,inf
15.78,0,0,7.929049436,5,-4,0,2,1,27.77777778,inf
15.8,0,0,7.929049436,5,-4,0,2,1,27.77777778,inf
15.82,0,0,7.929049436,5,-4,0,2,1,27.77777778,inf
15.84,0,0,7.929049436,5,-4,0,2,1,27.77777778,inf
15.86,0,0,7.929049436,5,-4,0,2,1,27.77777778,inf
15.88,0,0,7.929049436,5,-4,0,2,1,27.77777778,inf
15.9,0,0,7.929049436,5,-4,0,2,1,27.77777778,inf
15.92,0,0,7.929049436,5,-4,0,2,1,27.77777778,inf
15.94,0,0,7.929049436,5,-4,0,2,1,27.77777778,inf
15.96,0,0,7.929049436,5,-4,0,2,1,27.77777778,inf
15.98,0,0,7.929049436,5,-4,0,2,1,27.77777778,inf
16,0,0,7.929049436,5,-4,0,2,1,27.77777778,inf
16.02,0,0,7.929049436,5,-4,0,2,1,27.77777778,inf
16.04,0,0,7.929049436,5,-4,0,2,1,27.77777778,inf
16.06,0,0,7.929049436,5,-4,0,2,1,27.77777778,inf
16.08,0,0,7.929049436,5,-4,0,2,1,27.77777778,inf
16.1,0,0,7.929049436,5,-4,0,2,1,27.77777778,inf
16.12,0,0,7.929049436,5,-4,0,2,1,27.77777778,inf
16.14,0,0,7.929049436,5,-4,0,2,1,27.77777778,inf
16.16,0,0,7.929049436,5,-4,0,2,1,27.77777778,inf
16.18,0,0,7.929049436,5,-4,0,2,1,27.77777778,inf
16.2,0,0,7.929049436,5,-4,0,2,1,27.77777778,inf
16.22,0,0,7.929049436,5,-4,0,2,1,27.77777778,inf
16.24,0,0,7.929049436,5,-4,0,2,1,27.77777778,inf
16.26,0,0,7.929049436,5,-4,0,2,1,27.77777778,inf
16.28,0,0,7.929049436,5,-4,0,2,1,27.77777778,inf
16.3,0,0,7.929049436,5,-4,0,2,1,27.77777778,inf
16.32,0,0,7.929049436,5,-4,0,2,1,27.77777778,inf
16.34,0,0,7.929049436,5,-4,0,2,1,27.77777778,inf
16.36,0,0,7.929049436,5,-4,0,2,1,27.77777778,inf
16.38,0,0,7.929049436,5,-4,0,2,1,27.77777778,inf
16.4,0,0,7.929049436,5,-4,0,2,1,27.77777778,inf
16.42,0,0,7.929049436,5,-4,0,2,1,27.77777778,inf
16.44,0,0,7.929049436,5,-4,0,2,1,27.77777778,inf
16.46,0,0,7.929049436,5,-4,0,2,1,27.77777778,inf
16.48,0,0,7.929049436,5,-4,0,2,1,27.77777778,inf
16.5,0,0,7.929049436,5,-4,0,2,1,27.77777778,inf
16.52,0,0,7.929049436,5,-4,0,2,1,27.77777778,inf
16.54,0,0,7.929049436,5,-4,0,2,1,27.77777778,inf
16.56,0,0,7.929049436,5,-4,0,2,1,27.77777778,inf
16.58,0,0,7.929049436,5,-4,0,2,1,27.77777778,inf
16.6,0,0,7.929049436,5,-4,0,2,1,27.77777778,inf
16.62,0,0,7.929049436,5,-4,0,2,1,27.77777778,inf
16.64,0,0,7.929049436,5,-4,0,2,1,27.77777778,inf
16.66,0,0,7.929049436,5,-4,0,2,1,27.77777778,inf
16.68,0,0,7.929049436,5,-4,0,2,1,27.77777778,inf
16.7,0,0,7.929049436,5,-4,0,2,1,27.77777778,inf
16.72,0,0,7.929049436,5,-4,0,2,1,27.77777778,inf
16.74,0,0,7.929049436,5,-4,0,2,1,27.77777778,inf
16.76,0,0,7.929049436,5,-4,0,2,1,27.77777778,inf
16.78,0,0,7.929049436,5,-4,0,2,1,27.77777778,inf
16.8,0,0,7.929049436,5,-4,0,2,1,27.77777778,inf
16.82,0,0,7.929049436,5,-4,0,2,1,27.77777778,inf
16.84,0,0,7.929049436,5,-4,0,2,1,27.77777778,inf
16.86,0,0,7.929049436,5,-4,0,2,1,27.77777778,inf
16.88,0,0,7.929049436,5,-4,0,2,1,27.77777778,inf
16.9,0,0,7.929049436,5,-4,0,2,1,27.77777778,inf
16.92,0,0,7.929049436,5,-4,0,2,1,27.77777778,inf
16.94,0,0,7.929049436,5,-4,0,2,1,27.77777778,inf
16.96,0,0,7.929049436,5,-4,0,2,1,27.77777778,inf
16.98,0,0,7.929049436,5,-4,0,2,1,27.77777778,inf
17,0,0,7.929049436,5,-4,0,2,1,27.77777778,inf
17.02,0,0,7.929049436,5,-4,0,2,1,27.77777778,inf
17.04,0,0,7.929049436,5,-4,0,2,1,27.77777778,inf
17.06,0,0,7.929049436,5,-4,0,2,1,27.77777778,inf
17.08,0,0,7.929049436,5,-4,0,2,1,27.77777778,inf
17.1,0,0,7.929049436,5,-4,0,2,1,27.77777778,inf
17.12,0,0,7.929049436,5,-4,0,2,1,27.77777778,inf
17.14,0,0,7.929049436,5,-4,0,2,1,27.77777778,inf
17.16,0,0,7.929049436,5,-4,0,2,1,27.77777778,inf
17.18,0,0,7.929049436,5,-4,0,2,1,27.77777778,inf
17.2,0,0,7.929049436,5,-4,0,2,1,27.77777778,inf
17.22,0,0,7.929049436,5,-4,0,2,1,27.77777778,inf
17.24,0,0,7.929049436,5,-4,0,2,1,27.77777778,inf
17.26,0,0,7.929049436,5,-4,0,2,1,27.77777778,inf
17.28,0,0,7.929049436,5,-4,0,2,1,27.77777778,inf
17.3,0,0,7.929049436,5,-4,0,2,1,27.77777778,inf
17.32,0,0,7.929049436,5,-4,0,2,1,27.77777778,inf
17.34,0,0,7.929049436,5,-4,0,2,1,27.77777778,inf
17.36,0,0,7.929049436,5,-4,0,2,1,27.77777778,inf
17.38,0,0,7.929049436,5,-4,0,2,1,27.77777778,inf
17.4,0,0,7.929049436,5,-4,0,2,1,27.77777778,inf
17.42,0,0,7.929049436,5,-4,0,2,1,27.77777778,inf
17.44,0,0,7.929049436,5,-4,0,2,1,27.77777778,inf
17.46,0,0,7.929049436,5,-4,0,2,1,27.77777778,inf
17.48,0,0,7.929049436,5,-4,0,2,1,27.77777778,inf
17.5,0,0,7.929049436,5,-4,0,2,1,27.77777778,inf
17.52,0,0,7.929049436,5,-4,0,2,1,27.77777778,inf
17.54,0,0,7.929049436,5,-4,0,2,1,27.77777778,inf
17.56,0,0,7.929049436,5,-4,0,2,1,27.77777778,inf
17.58,0,0,7.929049436,5,-4,0,2,1,27.77777778,inf
17.6,0,0,7.929049436,5,-4,0,2,1,27.77777778,inf
17.62,0,0,7.929049436,5,-4,0,2,1,27.77777778,inf
17.64,0,0,7.929049436,5,-4,0,2,1,27.77777778,inf
17.66,0,0,7.929049436,5,-4,0,2,1,27.77777778,inf
17.68,0,0,7.929049436,5,-4,0,2,1,27.77777778,inf
17.7,0,0,7.929049436,5,-4,0,2,1,27.77777778,inf
17.72,0,0,7.929049436,5,-4,0,2,1,27.77777778,inf
17.74,0,0,7.929049436,5,-4,0,2,1,27.77777778,inf
17.76,0,0,7.929049436,5,-4,0,2,1,27.77777778,inf
17.78,0,0,7.929049436,5,-4,0,2,1,27.77777778,inf
17.8,0,0,7.929049436,5,-4,0,2,1,27.77777778,inf
17.82,0,0,7.929049436,5,-4,0,2,1,27.77777778,inf
17.84,0,0,7.929049436,5,-4,0,2,1,27.77777778,inf
17.86,0,0,7.929049436,5,-4,0,2,1,27.77777778,inf
17.88,0,0,7.929049436,5,-4,0,2,1,27.77777778,inf
17.9,0,0,7.929049436,5,-4,0,2,1,27.77777778,inf
17.92,0,0,7.929049436,5,-4,0,2,1,27.77777778,inf
17.94,0,0,7.929049436,5,-4,0,2,1,27.77777778,inf
17.96,0,0,7.929049436,5,-4,0,2,1,27.77777778,inf
17.98,0,0,7.929049436,5,-4,0,2,1,27.77777778,inf
18,0,0,7.929049436,5,-4,0,2,1,27.77777778,inf
18.02,0,0,7.929049436,5,-4,0,2,1,27.77777778,inf
18.04,0,0,7.929049436,5,-4,0,2,1,27.77777778,inf
18.06,0,0,7.929049436,5,-4,0,2,1,27.77777778,inf
18.08,0,0,7.929049436,5,-4,0,2,1,27.77777778,inf
18.1,0,0,7.929049436,5,-4,0,2,1,27.77777778,inf
18.12,0,0,7.929049436,5,-4,0,2,1,27.77777778,inf
18.14,0,0,7.929049436,5,-4,0,2,1,27.77777778,inf
18.16,0,0,7.929049436,5,-4,0,2,1,27.77777778,inf
18.18,0,0,7.929049436,5,-4,0,2,1,27.77777778,inf
18.2,0,0,7.929049436,5,-4,0,2,1,27.77777778,inf
18.22,0,0,7.929049436,5,-4,0,2,1,27.77777778,inf
18.24,0,0,7.929049436,5,-4,0,2,1,27.77777778,inf
18.26,0,0,7.929049436,5,-4,0,2,1,27.77777778,inf
18.28,0,0,7.929049436,5,-4,0,2,1,27.77777778,inf
18.3,0,0,7.929049436,5,-4,0,2,1,27.77777778,inf
18.32,0,0,7.929049436,5,-4,0,2,1,27.77777778,inf
18.34,0,0,7.929049436,5,-4,0,2,1,27.77777778,inf
18.36,0,0,7.929049436,5,-4,0,2,1,27.77777778,inf
18.38,0,0,7.929049436,5,-4,0,2,1,27.77777778,inf
18.4,0,0,7.929049436,5,-4,0,2,1,27.77777778,inf
18.42,0,0,7.929049436,5,-4,0,2,1,27.77777778,inf
18.44,0,0,7.929049436,5,-4,0,2,1,27.77777778,inf
18.46,0,0,7.929049436,5,-4,0,2,1,27.77777778,inf
18.48,0,0,7.929049436,5,-4,0,2,1,27.77777778,inf
18.5,0,0,7.929049436,5,-4,0,2,1,27.77777778,inf
18.52,0,0,7.929049436,5,-4,0,2,1,27.77777778,inf
18.54,0,0,7.929049436,5,-4,0,2,1,27.77777778,inf
18.56,0,0,7.929049436,5,-4,0,2,1,27.77777778,inf
18.58,0,0,7.929049436,5,-4,0,2,1,27.77777778,inf
18.6,0,0,7.929049436,5,-4,0,2,1,27.77777778,inf
18.62,0,0,7.929049436,5,-4,0,2,1,27.77777778,inf
18.64,0,0,7.929049436,5,-4,0,2,1,27.77777778,inf
18.66,0,0,7.929049436,5,-4,0,2,1,27.77777778,inf
18.68,0,0,7.929049436,5,-4,0,2,1,27.77777778,inf
18.7,0,0,7.929049436,5,-4,0,2,1,27.77777778,inf
18.72,0,0,7.929049436,5,-4,0,2,1,27.77777778,inf
18.74,0,0,7.929049436,5,-4,0,2,1,27.77777778,inf
18.76,0,0,7.929049436,5,-4,0,2,1,27.77777778,inf
18.78,0,0,7.929049436,5,-4,0,2,1,27.77777778,inf
18.8,0,0,7.929049436,5,-4,0,2,1,27.77777778,inf
18.82,0,0,7.929049436,5,-4,0,2,1,27.77777778,inf
18.84,0,0,7.929049436,5,-4,0,2,1,27.77777778,inf
18.86,0,0,7.929049436,5,-4,0,2,1,27.77777778,inf
18.88,0,0,7.929049436,5,-4,0,2,1,27.77777778,inf
18.9,0,0,7.929049436,5,-4,0,2,1,27.77777778,inf
18.92,0,0,7.929049436,5,-4,0,2,1,27.77777778,inf
18.94,0,0,7.929049436,5,-4,0,2,1,27.77777778,inf
18.96,0,0,7.929049436,5,-4,0,2,1,27.77777778,inf
18.98,0,0,7.929049436,5,-4,0,2,1,27.77777778,inf
19,0,0,7.929049436,5,-4,0,2,1,27.77777778,inf
19.02,0,0,7.929049436,5,-4,0,2,1,27.77777778,inf
19.04,0,0,7.929049436,5,-4,0,2,1,27.77777778,inf
19.06,0,0,7.929049436,5,-4,0,2,1,27.77777778,inf
19.08,0,0,7.929049436,5,-4,0,2,1,27.77777778,inf
19.1,0,0,7.929049436,5,-4,0,2,1,27.77777778,inf
19.12,0,0,7.929049436,5,-4,0,2,1,27.77777778,inf
19.14,0,0,7.929049436,5,-4,0,2,1,27.77777778,inf
19.16,0,0,7.929049436,5,-4,0,2,1,27.77777778,inf
19.18,0,0,7.929049436,5,-4,0,2,1,27.77777778,inf
19.2,0,0,7.929049436,5,-4,0,2,1,27.77777778,inf
19.22,0,0,7.929049436,5,-4,0,2,1,27.77777778,inf
19.24,0,0,7.929049436,5,-4,0,2,1,27.77777778,inf
19.26,0,0,7.929049436,5,-4,0,2,1,27.77777778,inf
19.28,0,0,7.929049436,5,-4,0,2,1,27.77777778,inf
19.3,0,0,7.929049436,5,-4,0,2,1,27.77777778,inf
19.32,0,0,7.929049436,5,-4,0,2,1,27.77777778,inf
19.34,0,0,7.929049436,5,-4,0,2,1,27.77777778,inf
19.36,0,0,7.929049436,5,-4,0,2,1,27.77777778,inf
19.38,0,0,7.929049436,5,-4,0,2,1,27.77777778,inf
19.4,0,0,7.929049436,5,-4,0,2,1,27.77777778,inf
19.42,0,0,7.929049436,5,-4,0,2,1,27.77777778,inf
19.44,0,0,7.929049436,5,-4,0,2,1,27.77777778,inf
19.46,0,0,7.929049436,5,-4,0,2,1,27.77777778,inf
19.48,0,0,7.929049436,5,-4,0,2,1,27.77777778,inf
19.5,0,0,7.929049436,5,-4,0,2,1,27.77777778,inf
19.52,0,0,7.929049436,5,-4,0,2,1,27.77777778,inf
19.54,0,0,7.929049436,5,-4,0,2,1,27.77777778,inf
19.56,0,0,7.929049436,5,-4,0,2,1,27.77777778,inf
19.58,0,0,7.929049436,5,-4,0,2,1,27.77777778,inf
19.6,0,0,7.929049436,5,-4,0,2,1,27.77777778,inf
19.62,0,0,7.929049436,5,-4,0,2,1,27.77777778,inf
19.64,0,0,7.929049436,5,-4,0,2,1,27.77777778,inf
19.66,0,0,7.929049436,5,-4,0,2,1,27.77777778,inf
19.68,0,0,7.929049436,5,-4,0,2,1,27.77777778,inf
19.7,0,0,7.929049436,5,-4,0,2,1,27.77777778,inf
19.72,0,0,7.929049436,5,-4,0,2,1,27.77777778,inf
19.74,0,0,7.929049436,5,-4,0,2,1,27.77777778,inf
19.76,0,0,7.929049436,5,-4,0,2,1,27.77777778,inf
19.78,0,0,7.929049436,5,-4,0,2,1,27.77777778,inf
19.8,0,0,7.929049436,5,-4,0,2,1,27.77777778,inf
19.82,0,0,7.929049436,5,-4,0,2,1,27.77777778,inf
19.84,0,0,7.929049436,5,-4,0,2,1,27.77777778,inf
19.86,0,0,7.929049436,5,-4,0,2,1,27.77777778,inf
19.88,0,0,7.929049436,5,-4,0,2,1,27.77777778,inf
19.9,0,0,7.929049436,5,-4,0,2,1,27.77777778,inf
19.92,0,0,7.929049436,5,-4,0,2,1,27.77777778,inf
19.94,0,0,7.929049436,5,-4,0,2,1,27.77777778,inf
19.96,0,0,7.929049436,5,-4,0,2,1,27.77777778,inf
19.98,0,0,7.929049436,5,-4,0,2,1,27.77777778,inf
20,0,0,7.929049436,5,-4,0,2,1,27.77777778,inf
20.02,0,0,7.929049436,5,-4,0,2,1,27.77777778,inf
20.04,0,0,7.929049436,5,-4,0,2,1,27.77777778,inf
20.06,0,0,7.929049436,5,-4,0,2,1,27.77777778,inf
20.08,0,0,7.929049436,5,-4,0,2,1,27.77777778,inf
20.1,0,0,7.929049436,5,-4,0,2,1,27.77777778,inf
20.12,0,0,7.929049436,5,-4,0,2,1,27.77777778,inf
20.14,0,0,7.929049436,5,-4,0,2,1,27.77777778,inf
20.16,0,0,7.929049436,5,-4,0,2,1,27.77777778,inf
20.18,0,0,7.929049436,5,-4,0,2,1,27.77777778,inf
20.2,0,0,7.929049436,5,-4,0,2,1,27.77777778,inf
20.22,0,0,7.929049436,5,-4,0,2,1,27.77777778,inf
20.24,0,0,7.929049436,5,-4,0,2,1,27.77777778,inf
20.26,0,0,7.929049436,5,-4,0,2,1,27.77777778,inf
20.28,0,0,7.929049436,5,-4,0,2,1,27.77777778,inf
20.3,0,0,7.929049436,5,-4,0,2,1,27.77777778,inf
20.32,0,0,7.929049436,5,-4,0,2,1,27.77777778,inf
20.34,0,0,7.929049436,5,-4,0,2,1,27.77777778,inf
20.36,0,0,7.929049436,5,-4,0,2,1,27.77777778,inf
20.38,0,0,7.929049436,5,-4,0,2,1,27.77777778,inf
20.4,0,0,7.929049436,5,-4,0,2,1,27.77777778,inf
20.42,0,0,7.929049436,5,-4,0,2,1,27.77777778,inf
20.44,0,0,7.929049436,5,-4,0,2,1,27.77777778,inf
20.46,0,0,7.929049436,5,-4,0,2,1,27.77777778,inf
20.48,0,0,7.929049436,5,-4,0,2,1,27.77777778,inf
20.5,0,0,7.929049436,5,-4,0,2,1,27.77777778,inf
20.52,0,0,7.929049436,5,-4,0,2,1,27.77777778,inf
20.54,0,0,7.929049436,5,-4,0,2,1,27.77777778,inf
20.56,0,0,7.929049436,5,-4,0,2,1,27.77777778,inf
20.58,0,0,7.929049436,5,-4,0,2,1,27.77777778,inf
20.6,0,0,7.929049436,5,-4,0,2,1,27.77777778,inf
20.62,0,0,7.929049436,5,-4,0,2,1,27.77777778,inf
20.64,0,0,7.929049436,5,-4,0,2,1,27.77777778,inf
20.66,0,0,7.929049436,5,-4,0,2,1,27.77777778,inf
20.68,0,0,7.929049436,5,-4,0,2,1,27.77777778,inf
20.7,0,0,7.929049436,5,-4,0,2,1,27.77777778,inf
20.72,0,0,7.929049436,5,-4,0,2,1,27.77777778,inf
20.74,0,0,7.929049436,5,-4,0,2,1,27.77777778,inf
20.76,0,0,7.929049436,5,-4,0,2,1,27.77777778,inf
20.78,0,0,7.929049436,5,-4,0,2,1,27.77777778,inf
20.8,0,0,7.929049436,5,-4,0,2,1,27.77777778,inf
20.82,0,0,7.929049436,5,-4,0,2,1,27.77777778,inf
20.84,0,0,7.929049436,5,-4,0,2,1,27.77777778,inf
20.86,0,0,7.929049436,5,-4,0,2,1,27.77777778,inf
20.88,0,0,7.929049436,5,-4,0,2,1,27.77777778,inf
20.9,0,0,7.929049436,5,-4,0,2,1,27.77777778,inf
20.92,0,0,7.929049436,5,-4,0,2,1,27.77777778,inf
20.94,0,0,7.929049436,5,-4,0,2,1,27.77777778,inf
20.96,0,0,7.929049436,5,-4,0,2,1,27.77777778,inf
20.98,0,0,7.929049436,5,-4,0,2,1,27.77777778,inf
21,0,0,7.929049436,5,-4,0,2,1,27.77777778,inf
21.02,0,0,7.929049436,5,-4,0,2,1,27.77777778,inf
21.04,0,0,7.929049436,5,-4,0,2,1,27.77777778,inf
21.06,0,0,7.929049436,5,-4,0,2,1,27.77777778,inf
21.08,0,0,7.929049436,5,-4,0,2,1,27.77777778,inf
21.1,0,0,7.929049436,5,-4,0,2,1,27.77777778,inf
21.12,0,0,7.929049436,5,-4,0,2,1,27.77777778,inf
21.14,0,0,7.929049436,5,-4,0,2,1,27.77777778,inf
21.16,0,0,7.929049436,5,-4,0,2,1,27.77777778,inf
21.18,0,0,7.929049436,5,-4,0,2,1,27.77777778,inf
21.2,0,0,7.929049436,5,-4,0,2,1,27.77777778,inf
21.22,0,0,7.929049436,5,-4,0,2,1,27.77777778,inf
21.24,0,0,7.929049436,5,-4,0,2,1,27.77777778,inf
21.26,0,0,7.929049436,5,-4,0,2,1,27.77777778,inf
21.28,0,0,7.929049436,5,-4,0,2,1,27.77777778,inf
21.3,0,0,7.929049436,5,-4,0,2,1,27.77777778,inf
21.32,0,0,7.929049436,5,-4,0,2,1,27.77777778,inf
21.34,0,0,7.929049436,5,-4,0,2,1,27.77777778,inf
21.36,0,0,7.929049436,5,-4,0,2,1,27.77777778,inf
21.38,0,0,7.929049436,5,-4,0,2,1,27.77777778,inf
21.4,0,0,7.929049436,5,-4,0,2,1,27.77777778,inf
21.42,0,0,7.929049436,5,-4,0,2,1,27.77777778,inf
21.44,0,0,7.929049436,5,-4,0,2,1,27.77777778,inf
21.46,0,0,7.929049436,5,-4,0,2,1,27.77777778,inf
21.48,0,0,7.929049436,5,-4,0,2,1,27.77777778,inf
21.5,0,0,7.929049436,5,-4,0,2,1,27.77777778,inf
21.52,0,0,7.929049436,5,-4,0,2,1,27.77777778,inf
21.54,0,0,7.929049436,5,-4,0,2,1,27.77777778,inf
21.56,0,0,7.929049436,5,-4,0,2,1,27.77777778,inf
21.58,0,0,7.929049436,5,-4,0,2,1,27.77777778,inf
21.6,0,0,7.929049436,5,-4,0,2,1,27.77777778,inf
21.62,0,0,7.929049436,5,-4,0,2,1,27.77777778,inf
21.64,0,0,7.929049436,5,-4,0,2,1,27.77777778,inf
21.66,0,0,7.929049436,5,-4,0,2,1,27.77777778,inf
21.68,0,0,7.929049436,5,-4,0,2,1,27.77777778,inf
21.7,0,0,7.929049436,5,-4,0,2,1,27.77777778,inf
21.72,0,0,7.929049436,5,-4,0,2,1,27.77777778,inf
21.74,0,0,7.929049436,5,-4,0,2,1,27.77777778,inf
21.76,0,0,7.929049436,5,-4,0,2,1,27.77777778,inf
21.78,0,0,7.929049436,5,-4,0,2,1,27.77777778,inf
21.8,0,0,7.929049436,5,-4,0,2,1,27.77777778,inf
21.82,0,0,7.929049436,5,-4,0,2,1,27.77777778,inf
21.84,0,0,7.929049436,5,-4,0,2,1,27.77777778,inf
21.86,0,0,7.929049436,5,-4,0,2,1,27.77777778,inf
21.88,0,0,7.929049436,5,-4,0,2,1,27.77777778,inf
21.9,0,0,7.929049436,5,-4,0,2,1,27.77777778,inf
21.92,0,0,7.929049436,5,-4,0,2,1,27.77777778,inf
21.94,0,0,7.929049436,5,-4,0,2,1,27.77777778,inf
21.96,0,0,7.929049436,5,-4,0,2,1,27.77777778,inf
21.98,0,0,7.929049436,5,-4,0,2,1,27.77777778,inf
22,0,0,7.929049436,5,-4,0,2,1,27.77777778,inf
22.02,0,0,7.929049436,5,-4,0,2,1,27.77777778,inf
22.04,0,0,7.929049436,5,-4,0,2,1,27.77777778,inf
22.06,0,0,7.929049436,5,-4,0,2,1,27.77777778,inf
22.08,0,0,7.929049436,5,-4,0,2,1,27.77777778,inf
22.1,0,0,7.929049436,5,-4,0,2,1,27.77777778,inf
22.12,0,0,7.929049436,5,-4,0,2,1,27.77777778,inf
22.14,0,0,7.929049436,5,-4,0,2,1,27.77777778,inf
22.16,0,0,7.929049436,5,-4,0,2,1,27.77777778,inf
22.18,0,0,7.929049436,5,-4,0,2,1,27.77777778,inf
22.2,0,0,7.929049436,5,-4,0,2,1,27.77777778,inf
22.22,0,0,7.929049436,5,-4,0,2,1,27.77777778,inf
22.24,0,0,7.929049436,5,-4,0,2,1,27.77777778,inf
22.26,0,0,7.929049436,5,-4,0,2,1,27.77777778,inf
22.28,0,0,7.929049436,5,-4,0,2,1,27.77777778,inf
22.3,0,0,7.929049436,5,-4,0,2,1,27.77777778,inf
22.32,0,0,7.929049436,5,-4,0,2,1,27.77777778,inf
22.34,0,0,7.929049436,5,-4,0,2,1,27.77777778,inf
22.36,0,0,7.929049436,5,-4,0,2,1,27.77777778,inf
22.38,0,0,7.929049436,5,-4,0,2,1,27.77777778,inf
22.4,0,0,7.929049436,5,-4,0,2,1,27.77777778,inf
22.42,0,0,7.929049436,5,-4,0,2,1,27.77777778,inf
22.44,0,0,7.929049436,5,-4,0,2,1,27.77777778,inf
22.46,0,0,7.929049436,5,-4,0,2,1,27.77777778,inf
22.48,0,0,7.929049436,5,-4,0,2,1,27.77777778,inf
22.5,0,0,7.929049436,5,-4,0,2,1,27.77777778,inf
22.52,0,0,7.929049436,5,-4,0,2,1,27.77777778,inf
22.54,0,0,7.929049436,5,-4,0,2,1,27.77777778,inf
22.56,0,0,7.929049436,5,-4,0,2,1,27.77777778,inf
22.58,0,0,7.929049436,5,-4,0,2,1,27.77777778,inf
22.6,0,0,7.929049436,5,-4,0,2,1,27.77777778,inf
22.62,0,0,7.929049436,5,-4,0,2,1,27.77777778,inf
22.64,0,0,7.929049436,5,-4,0,2,1,27.77777778,inf
22.66,0,0,7.929049436,5,-4,0,2,1,27.77777778,inf
22.68,0,0,7.929049436,5,-4,0,2,1,27.77777778,inf
22.7,0,0,7.929049436,5,-4,0,2,1,27.77777778,inf
22.72,0,0,7.929049436,5,-4,0,2,1,27.77777778,inf
22.74,0,0,7.929049436,5,-4,0,2,1,27.77777778,inf
22.76,0,0,7.929049436,5,-4,0,2,1,27.77777778,inf
22.78,0,0,7.929049436,5,-4,0,2,1,27.77777778,inf
22.8,0,0,7.929049436,5,-4,0,2,1,27.77777778,inf
22.82,0,0,7.929049436,5,-4,0,2,1,27.77777778,inf
22.84,0,0,7.929049436,5,-4,0,2,1,27.77777778,inf
22.86,0,0,7.929049436,5,-4,0,2,1,27.77777778,inf
22.88,0,0,7.929049436,5,-4,0,2,1,27.77777778,inf
22.9,0,0,7.929049436,5,-4,0,2,1,27.77777778,inf
22.92,0,0,7.929049436,5,-4,0,2,1,27.77777778,inf
22.94,0,0,7.929049436,5,-4,0,2,1,27.77777778,inf
22.96,0,0,7.929049436,5,-4,0,2,1,27.77777778,inf
22.98,0,0,7.929049436,5,-4,0,2,1,27.77777778,inf
23,0,0,7.929049436,5,-4,0,2,1,27.77777778,inf
23.02,0,0,7.929049436,5,-4,0,2,1,27.77777778,inf
23.04,0,0,7.929049436,5,-4,0,2,1,27.77777778,inf
23.06,0,0,7.929049436,5,-4,0,2,1,27.77777778,inf
23.08,0,0,7.929049436,5,-4,0,2,1,27.77777778,inf
23.1,0,0,7.929049436,5,-4,0,2,1,27.77777778,inf
23.12,0,0,7.929049436,5,-4,0,2,1,27.77777778,inf
23.14,0,0,7.929049436,5,-4,0,2,1,27.77777778,inf
23.16,0,0,7.929049436,5,-4,0,2,1,27.77777778,inf
23.18,0,0,7.929049436,5,-4,0,2,1,27.77777778,inf
23.2,0,0,7.929049436,5,-4,0,2,1,27.77777778,inf
23.22,0,0,7.929049436,5,-4,0,2,1,27.77777778,inf
23.24,0,0,7.929049436,5,-4,0,2,1,27.77777778,inf
23.26,0,0,7.929049436,5,-4,0,2,1,27.77777778,inf
23.28,0,0,7.929049436,5,-4,0,2,1,27.77777778,inf
23.3,0,0,7.929049436,5,-4,0,2,1,27.77777778,inf
23.32,0,0,7.929049436,5,-4,0,2,1,27.77777778,inf
23.34,0,0,7.929049436,5,-4,0,2,1,27.77777778,inf
23.36,0,0,7.929049436,5,-4,0,2,1,27.77777778,inf
23.38,0,0,7.929049436,5,-4,0,2,1,27.77777778,inf
23.4,0,0,7.929049436,5,-4,0,2,1,27.77777778,inf
23.42,0,0,7.929049436,5,-4,0,2,1,27.77777778,inf
23.44,0,0,7.929049436,5,-4,0,2,1,27.77777778,inf
23.46,0,0,7.929049436,5,-4,0,2,1,27.77777778,inf
23.48,0,0,7.929049436,5,-4,0,2,1,27.77777778,inf
23.5,0,0,7.929049436,5,-4,0,2,1,27.77777778,inf
23.52,0,0,7.929049436,5,-4,0,2,1,27.77777778,inf
23.54,0,0,7.929049436,5,-4,0,2,1,27.77777778,inf
23.56,0,0,7.929049436,5,-4,0,2,1,27.77777778,inf
23.58,0,0,7.929049436,5,-4,0,2,1,27.77777778,inf
23.6,0,0,7.929049436,5,-4,0,2,1,27.77777778,inf
23.62,0,0,7.929049436,5,-4,0,2,1,27.77777778,inf
23.64,0,0,7.929049436,5,-4,0,2,1,27.77777778,inf
23.66,0,0,7.929049436,5,-4,0,2,1,27.77777778,inf
23.68,0,0,7.929049436,5,-4,0,2,1,27.77777778,inf
23.7,0,0,7.929049436,5,-4,0,2,1,27.77777778,inf
23.72,0,0,7.929049436,5,-4,0,2,1,27.77777778,inf
23.74,0,0,7.929049436,5,-4,0,2,1,27.77777778,inf
23.76,0,0,7.929049436,5,-4,0,2,1,27.77777778,inf
23.78,0,0,7.929049436,5,-4,0,2,1,27.77777778,inf
23.8,0,0,7.929049436,5,-4,0,2,1,27.77777778,inf
23.82,0,0,7.929049436,5,-4,0,2,1,27.77777778,inf
23.84,0,0,7.929049436,5,-4,0,2,1,27.77777778,inf
23.86,0,0,7.929049436,5,-4,0,2,1,27.77777778,inf
23.88,0,0,7.929049436,5,-4,0,2,1,27.77777778,inf
23.9,0,0,7.929049436,5,-4,0,2,1,27.77777778,inf
23.92,0,0,7.929049436,5,-4,0,2,1,27.77777778,inf
23.94,0,0,7.929049436,5,-4,0,2,1,27.77777778,inf
23.96,0,0,7.929049436,5,-4,0,2,1,27.77777778,inf
23.98,0,0,7.929049436,5,-4,0,2,1,27.77777778,inf
24,0,0,7.929049436,5,-4,0,2,1,27.77777778,inf
24.02,0,0,7.929049436,5,-4,0,2,1,27.77777778,inf
24.04,0,0,7.929049436,5,-4,0,2,1,27.77777778,inf
24.06,0,0,7.929049436,5,-4,0,2,1,27.77777778,inf
24.08,0,0,7.929049436,5,-4,0,2,1,27.77777778,inf
24.1,0,0,7.929049436,5,-4,0,2,1,27.77777778,inf
24.12,0,0,7.929049436,5,-4,0,2,1,27.77777778,inf
24.14,0,0,7.929049436,5,-4,0,2,1,27.77777778,inf
24.16,0,0,7.929049436,5,-4,0,2,1,27.77777778,inf
24.18,0,0,7.929049436,5,-4,0,2,1,27.77777778,inf
24.2,0,0,7.929049436,5,-4,0,2,1,27.77777778,inf
24.22,0,0,7.929049436,5,-4,0,2,1,27.77777778,inf
24.24,0,0,7.929049436,5,-4,0,2,1,27.77777778,inf
24.26,0,0,7.929049436,5,-4,0,2,1,27.77777778,inf
24.28,0,0,7.929049436,5,-4,0,2,1,27.77777778,inf
24.3,0,0,7.929049436,5,-4,0,2,1,27.77777778,inf
24.32,0,0,7.929049436,5,-4,0,2,1,27.77777778,inf
24.34,0,0,7.929049436,5,-4,0,2,1,27.77777778,inf
24.36,0,0,7.929049436,5,-4,0,2,1,27.77777778,inf
24.38,0,0,7.929049436,5,-4,0,2,1,27.77777778,inf
24.4,0,0,7.929049436,5,-4,0,2,1,27.77777778,inf
24.42,0,0,7.929049436,5,-4,0,2,1,27.77777778,inf
24.44,0,0,7.929049436,5,-4,0,2,1,27.77777778,inf
24.46,0,0,7.929049436,5,-4,0,2,1,27.77777778,inf
24.48,0,0,7.929049436,5,-4,0,2,1,27.77777778,inf
24.5,0,0,7.929049436,5,-4,0,2,1,27.77777778,inf
24.52,0,0,7.929049436,5,-4,0,2,1,27.77777778,inf
24.54,0,0,7.929049436,5,-4,0,2,1,27.77777778,inf
24.56,0,0,7.929049436,5,-4,0,2,1,27.77777778,inf
24.58,0,0,7.929049436,5,-4,0,2,1,27.77777778,inf
24.6,0,0,7.929049436,5,-4,0,2,1,27.77777778,inf
24.62,0,0,7.929049436,5,-4,0,2,1,27.77777778,inf
24.64,0,0,7.929049436,5,-4,0,2,1,27.77777778,inf
24.66,0,0,7.929049436,5,-4,0,2,1,27.77777778,inf
24.68,0,0,7.929049436,5,-4,0,2,1,27.77777778,inf
24.7,0,0,7.929049436,5,-4,0,2,1,27.77777778,inf
24.72,0,0,7.929049436,5,-4,0,2,1,27.77777778,inf
24.74,0,0,7.929049436,5,-4,0,2,1,27.77777778,inf
24.76,0,0,7.929049436,5,-4,0,2,1,27.77777778,inf
24.78,0,0,7.929049436,5,-4,0,2,1,27.77777778,inf
24.8,0,0,7.929049436,5,-4,0,2,1,27.77777778,inf
24.82,0,0,7.929049436,5,-4,0,2,1,27.77777778,inf
24.84,0,0,7.929049436,5,-4,0,2,1,27.77777778,inf
24.86,0,0,7.929049436,5,-4,0,2,1,27.77777778,inf
24.88,0,0,7.929049436,5,-4,0,2,1,27.77777778,inf
24.9,0,0,7.929049436,5,-4,0,2,1,27.77777778,inf
24.92,0,0,7.929049436,5,-4,0,2,1,27.77777778,inf
24.94,0,0,7.929049436,5,-4,0,2,1,27.77777778,inf
24.96,0,0,7.929049436,5,-4,0,2,1,27.77777778,inf
24.98,0,0,7.929049436,5,-4,0,2,1,27.77777778,inf
25,0,0,7.929049436,5,-4,0,2,1,27.77777778,inf
25.02,0,0,7.929049436,5,-4,0,2,1,27.77777778,inf
25.04,0,0,7.929049436,5,-4,0,2,1,27.77777778,inf
25.06,0,0,7.929049436,5,-4,0,2,1,27.77777778,inf
25.08,0,0,7.929049436,5,-4,0,2,1,27.77777778,inf
25.1,0,0,7.929049436,5,-4,0,2,1,27.77777778,inf
25.12,0,0,7.929049436,5,-4,0,2,1,27.77777778,inf
25.14,0,0,7.929049436,5,-4,0,2,1,27.77777778,inf
25.16,0,0,7.929049436,5,-4,0,2,1,27.77777778,inf
25.18,0,0,7.929049436,5,-4,0,2,1,27.77777778,inf
25.2,0,0,7.929049436,5,-4,0,2,1,27.77777778,inf
25.22,0,0,7.929049436,5,-4,0,2,1,27.77777778,inf
25.24,0,0,7.929049436,5,-4,0,2,1,27.77777778,inf
25.26,0,0,7.929049436,5,-4,0,2,1,27.77777778,inf
25.28,0,0,7.929049436,5,-4,0,2,1,27.77777778,inf
25.3,0,0,7.929049436,5,-4,0,2,1,27.77777778,inf
25.32,0,0,7.929049436,5,-4,0,2,1,27.77777778,inf
25.34,0,0,7.929049436,5,-4,0,2,1,27.77777778,inf
25.36,0,0,7.929049436,5,-4,0,2,1,27.77777778,inf
25.38,0,0,7.929049436,5,-4,0,2,1,27.77777778,inf
25.4,0,0,7.929049436,5,-4,0,2,1,27.77777778,inf
25.42,0,0,7.929049436,5,-4,0,2,1,27.77777778,inf
25.44,0,0,7.929049436,5,-4,0,2,1,27.77777778,inf
25.46,0,0,7.929049436,5,-4,0,2,1,27.77777778,inf
25.48,0,0,7.929049436,5,-4,0,2,1,27.77777778,inf
25.5,0,0,7.929049436,5,-4,0,2,1,27.77777778,inf
25.52,0,0,7.929049436,5,-4,0,2,1,27.77777778,inf
25.54,0,0,7.929049436,5,-4,0,2,1,27.77777778,inf
25.56,0,0,7.929049436,5,-4,0,2,1,27.77777778,inf
25.58,0,0,7.929049436,5,-4,0,2,1,27.77777778,inf
25.6,0,0,7.929049436,5,-4,0,2,1,27.77777778,inf
25.62,0,0,7.929049436,5,-4,0,2,1,27.77777778,inf
25.64,0,0,7.929049436,5,-4,0,2,1,27.77777778,inf
25.66,0,0,7.929049436,5,-4,0,2,1,27.77777778,inf
25.68,0,0,7.929049436,5,-4,0,2,1,27.77777778,inf
25.7,0,0,7.929049436,5,-4,0,2,1,27.77777778,inf
25.72,0,0,7.929049436,5,-4,0,2,1,27.77777778,inf
25.74,0,0,7.929049436,5,-4,0,2,1,27.77777778,inf
25.76,0,0,7.929049436,5,-4,0,2,1,27.77777778,inf
25.78,0,0,7.929049436,5,-4,0,2,1,27.77777778,inf
25.8,0,0,7.929049436,5,-4,0,2,1,27.77777778,inf
25.82,0,0,7.929049436,5,-4,0,2,1,27.77777778,inf
25.84,0,0,7.929049436,5,-4,0,2,1,27.77777778,inf
25.86,0,0,7.929049436,5,-4,0,2,1,27.77777778,inf
25.88,0,0,7.929049436,5,-4,0,2,1,27.77777778,inf
25.9,0,0,7.929049436,5,-4,0,2,1,27.77777778,inf
25.92,0,0,7.929049436,5,-4,0,2,1,27.77777778,inf
25.94,0,0,7.929049436,5,-4,0,2,1,27.77777778,inf
25.96,0,0,7.929049436,5,-4,0,2,1,27.77777778,inf
25.98,0,0,7.929049436,5,-4,0,2,1,27.77777778,inf
26,0,0,7.929049436,5,-4,0,2,1,27.77777778,inf
26.02,0,0,7.929049436,5,-4,0,2,1,27.77777778,inf
26.04,0,0,7.929049436,5,-4,0,2,1,27.77777778,inf
26.06,0,0,7.929049436,5,-4,0,2,1,27.77777778,inf
26.08,0,0,7.929049436,5,-4,0,2,1,27.77777778,inf
26.1,0,0,7.929049436,5,-4,0,2,1,27.77777778,inf
26.12,0,0,7.929049436,5,-4,0,2,1,27.77777778,inf
26.14,0,0,7.929049436,5,-4,0,2,1,27.77777778,inf
26.16,0,0,7.929049436,5,-4,0,2,1,27.77777778,inf
26.18,0,0,7.929049436,5,-4,0,2,1,27.77777778,inf
26.2,0,0,7.929049436,5,-4,0,2,1,27.77777778,inf
26.22,0,0,7.929049436,5,-4,0,2,1,27.77777778,inf
26.24,0,0,7.929049436,5,-4,0,2,1,27.77777778,inf
26.26,0,0,7.929049436,5,-4,0,2,1,27.77777778,inf
26.28,0,0,7.929049436,5,-4,0,2,1,27.77777778,inf
26.3,0,0,7.929049436,5,-4,0,2,1,27.77777778,inf
26.32,0,0,7.929049436,5,-4,0,2,1,27.77777778,inf
26.34,0,0,7.929049436,5,-4,0,2,1,27.77777778,inf
26.36,0,0,7.929049436,5,-4,0,2,1,27.77777778,inf
26.38,0,0,7.929049436,5,-4,0,2,1,27.77777778,inf
26.4,0,0,7.929049436,5,-4,0,2,1,27.77777778,inf
26.42,0,0,7.929049436,5,-4,0,2,1,27.77777778,inf
26.44,0,0,7.929049436,5,-4,0,2,1,27.77777778,inf
26.46,0,0,7.929049436,5,-4,0,2,1,27.77777778,inf
26.48,0,0,7.929049436,5,-4,0,2,1,27.77777778,inf
26.5,0,0,7.929049436,5,-4,0,2,1,27.77777778,inf
26.52,0,0,7.929049436,5,-4,0,2,1,27.77777778,inf
26.54,0,0,7.929049436,5,-4,0,2,1,27.77777778,inf
26.56,0,0,7.929049436,5,-4,0,2,1,27.77777778,inf
26.58,0,0,7.929049436,5,-4,0,2,1,27.77777778,inf
26.6,0,0,7.929049436,5,-4,0,2,1,27.77777778,inf
26.62,0,0,7.929049436,5,-4,0,2,1,27.77777778,inf
26.64,0,0,7.929049436,5,-4,0,2,1,27.77777778,inf
26.66,0,0,7.929049436,5,-4,0,2,1,27.77777778,inf
26.68,0,0,7.929049436,5,-4,0,2,1,27.77777778,inf
26.7,0,0,7.929049436,5,-4,0,2,1,27.77777778,inf
26.72,0,0,7.929049436,5,-4,0,2,1,27.77777778,inf
26.74,0,0,7.929049436,5,-4,0,2,1,27.77777778,inf
26.76,0,0,7.929049436,5,-4,0,2,1,27.77777778,inf
26.78,0,0,7.929049436,5,-4,0,2,1,27.77777778,inf
26.8,0,0,7.929049436,5,-4,0,2,1,27.77777778,inf
26.82,0,0,7.929049436,5,-4,0,2,1,27.77777778,inf
26.84,0,0,7.929049436,5,-4,0,2,1,27.77777778,inf
26.86,0,0,7.929049436,5,-4,0,2,1,27.77777778,inf
26.88,0,0,7.929049436,5,-4,0,2,1,27.77777778,inf
26.9,0,0,7.929049436,5,-4,0,2,1,27.77777778,inf
26.92,0,0,7.929049436,5,-4,0,2,1,27.77777778,inf
26.94,0,0,7.929049436,5,-4,0,2,1,27.77777778,inf
26.96,0,0,7.929049436,5,-4,0,2,1,27.77777778,inf
26.98,0,0,7.929049436,5,-4,0,2,1,27.77777778,inf
27,0,0,7.929049436,5,-4,0,2,1,27.77777778,inf
27.02,0,0,7.929049436,5,-4,0,2,1,27.77777778,inf
27.04,0,0,7.929049436,5,-4,0,2,1,27.77777778,inf
27.06,0,0,7.929049436,5,-4,0,2,1,27.77777778,inf
27.08,0,0,7.929049436,5,-4,0,2,1,27.77777778,inf
27.1,0,0,7.929049436,5,-4,0,2,1,27.77777778,inf
27.12,0,0,7.929049436,5,-4,0,2,1,27.77777778,inf
27.14,0,0,7.929049436,5,-4,0,2,1,27.77777778,inf
27.16,0,0,7.929049436,5,-4,0,2,1,27.77777778,inf
27.18,0,0,7.929049436,5,-4,0,2,1,27.77777778,inf
27.2,0,0,7.929049436,5,-4,0,2,1,27.77777778,inf
27.22,0,0,7.929049436,5,-4,0,2,1,27.77777778,inf
27.24,0,0,7.929049436,5,-4,0,2,1,27.77777778,inf
27.26,0,0,7.929049436,5,-4,0,2,1,27.77777778,inf
27.28,0,0,7.929049436,5,-4,0,2,1,27.77777778,inf
27.3,0,0,7.929049436,5,-4,0,2,1,27.77777778,inf
27.32,0,0,7.929049436,5,-4,0,2,1,27.77777778,inf
27.34,0,0,7.929049436,5,-4,0,2,1,27.77777778,inf
27.36,0,0,7.929049436,5,-4,0,2,1,27.77777778,inf
27.38,0,0,7.929049436,5,-4,0,2,1,27.77777778,inf
27.4,0,0,7.929049436,5,-4,0,2,1,27.77777778,inf
27.42,0,0,7.929049436,5,-4,0,2,1,27.77777778,inf
27.44,0,0,7.929049436,5,-4,0,2,1,27.77777778,inf
27.46,0,0,7.929049436,5,-4,0,2,1,27.77777778,inf
27.48,0,0,7.929049436,5,-4,0,2,1,27.77777778,inf
27.5,0,0,7.929049436,5,-4,0,2,1,27.77777778,inf
27.52,0,0,7.929049436,5,-4,0,2,1,27.77777778,inf
27.54,0,0,7.929049436,5,-4,0,2,1,27.77777778,inf
27.56,0,0,7.929049436,5,-4,0,2,1,27.77777778,inf
27.58,0,0,7.929049436,5,-4,0,2,1,27.77777778,inf
27.6,0,0,7.929049436,5,-4,0,2,1,27.77777778,inf
27.62,0,0,7.929049436,5,-4,0,2,1,27.77777778,inf
27.64,0,0,7.929049436,5,-4,0,2,1,27.77777778,inf
27.66,0,0,7.929049436,5,-4,0,2,1,27.77777778,inf
27.68,0,0,7.929049436,5,-4,0,2,1,27.77777778,inf
27.7,0,0,7.929049436,5,-4,0,2,1,27.77777778,inf
27.72,0,0,7.929049436,5,-4,0,2,1,27.77777778,inf
27.74,0,0,7.929049436,5,-4,0,2,1,27.77777778,inf
27.76,0,0,7.929049436,5,-4,0,2,1,27.77777778,inf
27.78,0,0,7.929049436,5,-4,0,2,1,27.77777778,inf
27.8,0,0,7.929049436,5,-4,0,2,1,27.77777778,inf
27.82,0,0,7.929049436,5,-4,0,2,1,27.77777778,inf
27.84,0,0,7.929049436,5,-4,0,2,1,27.77777778,inf
27.86,0,0,7.929049436,5,-4,0,2,1,27.77777778,inf
27.88,0,0,7.929049436,5,-4,0,2,1,27.77777778,inf
27.9,0,0,7.929049436,5,-4,0,2,1,27.77777778,inf
27.92,0,0,7.929049436,5,-4,0,2,1,27.77777778,inf
27.94,0,0,7.929049436,5,-4,0,2,1,27.77777778,inf
27.96,0,0,7.929049436,5,-4,0,2,1,27.77777778,inf
27.98,0,0,7.929049436,5,-4,0,2,1,27.77777778,inf
28,0,0,7.929049436,5,-4,0,2,1,27.77777778,inf
28.02,0,0,7.929049436,5,-4,0,2,1,27.77777778,inf
28.04,0,0,7.929049436,5,-4,0,2,1,27.77777778,inf
28.06,0,0,7.929049436,5,-4,0,2,1,27.77777778,inf
28.08,0,0,7.929049436,5,-4,0,2,1,27.77777778,inf
28.1,0,0,7.929049436,5,-4,0,2,1,27.77777778,inf
28.12,0,0,7.929049436,5,-4,0,2,1,27.77777778,inf
28.14,0,0,7.929049436,5,-4,0,2,1,27.77777778,inf
28.16,0,0,7.929049436,5,-4,0,2,1,27.77777778,inf
28.18,0,0,7.929049436,5,-4,0,2,1,27.77777778,inf
28.2,0,0,7.929049436,5,-4,0,2,1,27.77777778,inf
28.22,0,0,7.929049436,5,-4,0,2,1,27.77777778,inf
28.24,0,0,7.929049436,5,-4,0,2,1,27.77777778,inf
28.26,0,0,7.929049436,5,-4,0,2,1,27.77777778,inf
28.28,0,0,7.929049436,5,-4,0,2,1,27.77777778,inf
28.3,0,0,7.929049436,5,-4,0,2,1,27.77777778,inf
28.32,0,0,7.929049436,5,-4,0,2,1,27.77777778,inf
28.34,0,0,7.929049436,5,-4,0,2,1,27.77777778,inf
28.36,0,0,7.929049436,5,-4,0,2,1,27.77777778,inf
28.38,0,0,7.929049436,5,-4,0,2,1,27.77777778,inf
28.4,0,0,7.929049436,5,-4,0,2,1,27.77777778,inf
28.42,0,0,7.929049436,5,-4,0,2,1,27.77777778,inf
28.44,0,0,7.929049436,5,-4,0,2,1,27.77777778,inf
28.46,0,0,7.929049436,5,-4,0,2,1,27.77777778,inf
28.48,0,0,7.929049436,5,-4,0,2,1,27.77777778,inf
28.5,0,0,7.929049436,5,-4,0,2,1,27.77777778,inf
28.52,0,0,7.929049436,5,-4,0,2,1,27.77777778,inf
28.54,0,0,7.929049436,5,-4,0,2,1,27.77777778,inf
28.56,0,0,7.929049436,5,-4,0,2,1,27.77777778,inf
28.58,0,0,7.929049436,5,-4,0,2,1,27.77777778,inf
28.6,0,0,7.929049436,5,-4,0,2,1,27.77777778,inf
28.62,0,0,7.929049436,5,-4,0,2,1,27.77777778,inf
28.64,0,0,7.929049436,5,-4,0,2,1,27.77777778,inf
28.66,0,0,7.929049436,5,-4,0,2,1,27.77777778,inf
28.68,0,0,7.929049436,5,-4,0,2,1,27.77777778,inf
28.7,0,0,7.929049436,5,-4,0,2,1,27.77777778,inf
28.72,0,0,7.929049436,5,-4,0,2,1,27.77777778,inf
28.74,0,0,7.929049436,5,-4,0,2,1,27.77777778,inf
28.76,0,0,7.929049436,5,-4,0,2,1,27.77777778,inf
28.78,0,0,7.929049436,5,-4,0,2,1,27.77777778,inf
28.8,0,0,7.929049436,5,-4,0,2,1,27.77777778,inf
28.82,0,0,7.929049436,5,-4,0,2,1,27.77777778,inf
28.84,0,0,7.929049436,5,-4,0,2,1,27.77777778,inf
28.86,0,0,7.929049436,5,-4,0,2,1,27.77777778,inf
28.88,0,0,7.929049436,5,-4,0,2,1,27.77777778,inf
28.9,0,0,7.929049436,5,-4,0,2,1,27.77777778,inf
28.92,0,0,7.929049436,5,-4,0,2,1,27.77777778,inf
28.94,0,0,7.929049436,5,-4,0,2,1,27.77777778,inf
28.96,0,0,7.929049436,5,-4,0,2,1,27.77777778,inf
28.98,0,0,7.929049436,5,-4,0,2,1,27.77777778,inf
29,0,0,7.929049436,5,-4,0,2,1,27.77777778,inf
29.02,0,0,7.929049436,5,-4,0,2,1,27.77777778,inf
29.04,0,0,7.929049436,5,-4,0,2,1,27.77777778,inf
29.06,0,0,7.929049436,5,-4,0,2,1,27.77777778,inf
29.08,0,0,7.929049436,5,-4,0,2,1,27.77777778,inf
29.1,0,0,7.929049436,5,-4,0,2,1,27.77777778,inf
29.12,0,0,7.929049436,5,-4,0,2,1,27.77777778,inf
29.14,0,0,7.929049436,5,-4,0,2,1,27.77777778,inf
29.16,0,0,7.929049436,5,-4,0,2,1,27.77777778,inf
29.18,0,0,7.929049436,5,-4,0,2,1,27.77777778,inf
29.2,0,0,7.929049436,5,-4,0,2,1,27.77777778,inf
29.22,0,0,7.929049436,5,-4,0,2,1,27.77777778,inf
29.24,0,0,7.929049436,5,-4,0,2,1,27.77777778,inf
29.26,0,0,7.929049436,5,-4,0,2,1,27.77777778,inf
29.28,0,0,7.929049436,5,-4,0,2,1,27.77777778,inf
29.3,0,0,7.929049436,5,-4,0,2,1,27.77777778,inf
29.32,0,0,7.929049436,5,-4,0,2,1,27.77777778,inf
29.34,0,0,7.929049436,5,-4,0,2,1,27.77777778,inf
29.36,0,0,7.929049436,5,-4,0,2,1,27.77777778,inf
29.38,0,0,7.929049436,5,-4,0,2,1,27.77777778,inf
29.4,0,0,7.929049436,5,-4,0,2,1,27.77777778,inf
29.42,0,0,7.929049436,5,-4,0,2,1,27.77777778,inf
29.44,0,0,7.929049436,5,-4,0,2,1,27.77777778,inf
29.46,0,0,7.929049436,5,-4,0,2,1,27.77777778,inf
29.48,0,0,7.929049436,5,-4,0,2,1,27.77777778,inf
29.5,0,0,7.929049436,5,-4,0,2,1,27.77777778,inf
29.52,0,0,7.929049436,5,-4,0,2,1,27.77777778,inf
29.54,0,0,7.929049436,5,-4,0,2,1,27.77777778,inf
29.56,0,0,7.929049436,5,-4,0,2,1,27.77777778,inf
29.58,0,0,7.929049436,5,-4,0,2,1,27.77777778,inf
29.6,0,0,7.929049436,5,-4,0,2,1,27.77777778,inf
29.62,0,0,7.929049436,5,-4,0,2,1,27.77777778,inf
29.64,0,0,7.929049436,5,-4,0,2,1,27.77777778,inf
29.66,0,0,7.929049436,5,-4,0,2,1,27.77777778,inf
29.68,0,0,7.929049436,5,-4,0,2,1,27.77777778,inf
29.7,0,0,7.929049436,5,-4,0,2,1,27.77777778,inf
29.72,0,0,7.929049436,5,-4,0,2,1,27.77777778,inf
29.74,0,0,7.929049436,5,-4,0,2,1,27.77777778,inf
29.76,0,0,7.929049436,5,-4,0,2,1,27.77777778,inf
29.78,0,0,7.929049436,5,-4,0,2,1,27.77777778,inf
29.8,0,0,7.929049436,5,-4,0,2,1,27.77777778,inf
29.82,0,0,7.929049436,5,-4,0,2,1,27.77777778,inf
29.84,0,0,7.929049436,5,-4,0,2,1,27.77777778,inf
29.86,0,0,7.929049436,5,-4,0,2,1,27.77777778,inf
29.88,0,0,7.929049436,5,-4,0,2,1,27.77777778,inf
29.9,0,0,7.929049436,5,-4,0,2,1,27.77777778,inf
29.92,0,0,7.929049436,5,-4,0,2,1,27.77777778,inf
29.94,0,0,7.929049436,5,-4,0,2,1,27.77777778,inf
29.96,0,0,7.929049436,5,-4,0,2,1,27.77777778,inf
29.98,0,0,7.929049436,5,-4,0,2,1,27.77777778,inf
30,0,0,7.929049436,5,-4,0,2,1,27.77777778,inf
30.02,0,0,7.929049436,5,-4,0,2,1,27.77777778,inf
30.04,0,0,7.929049436,5,-4,0,2,1,27.77777778,inf
30.06,0,0,7.929049436,5,-4,0,2,1,27.77777778,inf
30.08,0,0,7.929049436,5,-4,0,2,1,27.77777778,inf
30.1,0,0,7.929049436,5,-4,0,2,1,27.77777778,inf
30.12,0,0,7.929049436,5,-4,0,2,1,27.77777778,inf
30.14,0,0,7.929049436,5,-4,0,2,1,27.77777778,inf
30.16,0,0,7.929049436,5,-4,0,2,1,27.77777778,inf
30.18,0,0,7.929049436,5,-4,0,2,1,27.77777778,inf
30.2,0,0,7.929049436,5,-4,0,2,1,27.77777778,inf
30.22,0,0,7.929049436,5,-4,0,2,1,27.77777778,inf
30.24,0,0,7.929049436,5,-4,0,2,1,27.77777778,inf
30.26,0,0,7.929049436,5,-4,0,2,1,27.77777778,inf
30.28,0,0,7.929049436,5,-4,0,2,1,27.77777778,inf
30.3,0,0,7.929049436,5,-4,0,2,1,27.77777778,inf
30.32,0,0,7.929049436,5,-4,0,2,1,27.77777778,inf
30.34,0,0,7.929049436,5,-4,0,2,1,27.77777778,inf
30.36,0,0,7.929049436,5,-4,0,2,1,27.77777778,inf
30.38,0,0,7.929049436,5,-4,0,2,1,27.77777778,inf
30.4,0,0,7.929049436,5,-4,0,2,1,27.77777778,inf
30.42,0,0,7.929049436,5,-4,0,2,1,27.77777778,inf
30.44,0,0,7.929049436,5,-4,0,2,1,27.77777778,inf
30.46,0,0,7.929049436,5,-4,0,2,1,27.77777778,inf
30.48,0,0,7.929049436,5,-4,0,2,1,27.77777778,inf
30.5,0,0,7.929049436,5,-4,0,2,1,27.77777778,inf
30.52,0,0,7.929049436,5,-4,0,2,1,27.77777778,inf
30.54,0,0,7.929049436,5,-4,0,2,1,27.77777778,inf
30.56,0,0,7.929049436,5,-4,0,2,1,27.77777778,inf
30.58,0,0,7.929049436,5,-4,0,2,1,27.77777778,inf
30.6,0,0,7.929049436,5,-4,0,2,1,27.77777778,inf
30.62,0,0,7.929049436,5,-4,0,2,1,27.77777778,inf
30.64,0,0,7.929049436,5,-4,0,2,1,27.77777778,inf
30.66,0,0,7.929049436,5,-4,0,2,1,27.77777778,inf
30.68,0,0,7.929049436,5,-4,0,2,1,27.77777778,inf
30.7,0,0,7.929049436,5,-4,0,2,1,27.77777778,inf
30.72,0,0,7.929049436,5,-4,0,2,1,27.77777778,inf
30.74,0,0,7.929049436,5,-4,0,2,1,27.77777778,inf
30.76,0,0,7.929049436,5,-4,0,2,1,27.77777778,inf
30.78,0,0,7.929049436,5,-4,0,2,1,27.77777778,inf
30.8,0,0,7.929049436,5,-4,0,2,1,27.77777778,inf
30.82,0,0,7.929049436,5,-4,0,2,1,27.77777778,inf
30.84,0,0,7.929049436,5,-4,0,2,1,27.77777778,inf
30.86,0,0,7.929049436,5,-4,0,2,1,27.77777778,inf
30.88,0,0,7.929049436,5,-4,0,2,1,27.77777778,inf
30.9,0,0,7.929049436,5,-4,0,2,1,27.77777778,inf
30.92,0,0,7.929049436,5,-4,0,2,1,27.77777778,inf
30.94,0,0,7.929049436,5,-4,0,2,1,27.77777778,inf
30.96,0,0,7.929049436,5,-4,0,2,1,27.77777778,inf
30.98,0,0,7.929049436,5,-4,0,2,1,27.77777778,inf
31,0,0,7.929049436,5,-4,0,2,1,27.77777778,inf
31.02,0,0,7.929049436,5,-4,0,2,1,27.77777778,inf
31.04,0,0,7.929049436,5,-4,0,2,1,27.77777778,inf
31.06,0,0,7.929049436,5,-4,0,2,1,27.77777778,inf
31.08,0,0,7.929049436,5,-4,0,2,1,27.77777778,inf
31.1,0,0,7.929049436,5,-4,0,2,1,27.77777778,inf
31.12,0,0,7.929049436,5,-4,0,2,1,27.77777778,inf
31.14,0,0,7.929049436,5,-4,0,2,1,27.77777778,inf
31.16,0,0,7.929049436,5,-4,0,2,1,27.77777778,inf
31.18,0,0,7.929049436,5,-4,0,2,1,27.77777778,inf
31.2,0,0,7.929049436,5,-4,0,2,1,27.77777778,inf
31.22,0,0,7.929049436,5,-4,0,2,1,27.77777778,inf
31.24,0,0,7.929049436,5,-4,0,2,1,27.77777778,inf
31.26,0,0,7.929049436,5,-4,0,2,1,27.77777778,inf
31.28,0,0,7.929049436,5,-4,0,2,1,27.77777778,inf
31.3,0,0,7.929049436,5,-4,0,2,1,27.77777778,inf
31.32,0,0,7.929049436,5,-4,0,2,1,27.77777778,inf
31.34,0,0,7.929049436,5,-4,0,2,1,27.77777778,inf
31.36,0,0,7.929049436,5,-4,0,2,1,27.77777778,inf
31.38,0,0,7.929049436,5,-4,0,2,1,27.77777778,inf
31.4,0,0,7.929049436,5,-4,0,2,1,27.77777778,inf
31.42,0,0,7.929049436,5,-4,0,2,1,27.77777778,inf
31.44,0,0,7.929049436,5,-4,0,2,1,27.77777778,inf
31.46,0,0,7.929049436,5,-4,0,2,1,27.77777778,inf
31.48,0,0,7.929049436,5,-4,0,2,1,27.77777778,inf
31.5,0,0,7.929049436,5,-4,0,2,1,27.77777778,inf
31.52,0,0,7.929049436,5,-4,0,2,1,27.77777778,inf
31.54,0,0,7.929049436,5,-4,0,2,1,27.77777778,inf
31.56,0,0,7.929049436,5,-4,0,2,1,27.77777778,inf
31.58,0,0,7.929049436,5,-4,0,2,1,27.77777778,inf
31.6,0,0,7.929049436,5,-4,0,2,1,27.77777778,inf
31.62,0,0,7.929049436,5,-4,0,2,1,27.77777778,inf
31.64,0,0,7.929049436,5,-4,0,2,1,27.77777778,inf
31.66,0,0,7.929049436,5,-4,0,2,1,27.77777778,inf
31.68,0,0,7.929049436,5,-4,0,2,1,27.77777778,inf
31.7,0,0,7.929049436,5,-4,0,2,1,27.77777778,inf
31.72,0,0,7.929049436,5,-4,0,2,1,27.77777778,inf
31.74,0,0,7.929049436,5,-4,0,2,1,27.77777778,inf
31.76,0,0,7.929049436,5,-4,0,2,1,27.77777778,inf
31.78,0,0,7.929049436,5,-4,0,2,1,27.77777778,inf
31.8,0,0,7.929049436,5,-4,0,2,1,27.77777778,inf
31.82,0,0,7.929049436,5,-4,0,2,1,27.77777778,inf
31.84,0,0,7.929049436,5,-4,0,2,1,27.77777778,inf
31.86,0,0,7.929049436,5,-4,0,2,1,27.77777778,inf
31.88,0,0,7.929049436,5,-4,0,2,1,27.77777778,inf
31.9,0,0,7.929049436,5,-4,0,2,1,27.77777778,inf
31.92,0,0,7.929049436,5,-4,0,2,1,27.77777778,inf
31.94,0,0,7.929049436,5,-4,0,2,1,27.77777778,inf
31.96,0,0,7.929049436,5,-4,0,2,1,27.77777778,inf
31.98,0,0,7.929049436,5,-4,0,2,1,27.77777778,inf
32,0,0,7.929049436,5,-4,0,2,1,27.77777778,inf
32.02,0,0,7.929049436,5,-4,0,2,1,27.77777778,inf
32.04,0,0,7.929049436,5,-4,0,2,1,27.77777778,inf
32.06,0,0,7.929049436,5,-4,0,2,1,27.77777778,inf
32.08,0,0,7.929049436,5,-4,0,2,1,27.77777778,inf
32.1,0,0,7.929049436,5,-4,0,2,1,27.77777778,inf
32.12,0,0,7.929049436,5,-4,0,2,1,27.77777778,inf
32.14,0,0,7.929049436,5,-4,0,2,1,27.77777778,inf
32.16,0,0,7.929049436,5,-4,0,2,1,27.77777778,inf
32.18,0,0,7.929049436,5,-4,0,2,1,27.77777778,inf
32.2,0,0,7.929049436,5,-4,0,2,1,27.77777778,inf
32.22,0,0,7.929049436,5,-4,0,2,1,27.77777778,inf
32.24,0,0,7.929049436,5,-4,0,2,1,27.77777778,inf
32.26,0,0,7.929049436,5,-4,0,2,1,27.77777778,inf
32.28,0,0,7.929049436,5,-4,0,2,1,27.77777778,inf
32.3,0,0,7.929049436,5,-4,0,2,1,27.77777778,inf
32.32,0,0,7.929049436,5,-4,0,2,1,27.77777778,inf
32.34,0,0,7.929049436,5,-4,0,2,1,27.77777778,inf
32.36,0,0,7.929049436,5,-4,0,2,1,27.77777778,inf
32.38,0,0,7.929049436,5,-4,0,2,1,27.77777778,inf
32.4,0,0,7.929049436,5,-4,0,2,1,27.77777778,inf
32.42,0,0,7.929049436,5,-4,0,2,1,27.77777778,inf
32.44,0,0,7.929049436,5,-4,0,2,1,27.77777778,inf
32.46,0,0,7.929049436,5,-4,0,2,1,27.77777778,inf
32.48,0,0,7.929049436,5,-4,0,2,1,27.77777778,inf
32.5,0,0,7.929049436,5,-4,0,2,1,27.77777778,inf
32.52,0,0,7.929049436,5,-4,0,2,1,27.77777778,inf
32.54,0,0,7.929049436,5,-4,0,2,1,27.77777778,inf
32.56,0,0,7.929049436,5,-4,0,2,1,27.77777778,inf
32.58,0,0,7.929049436,5,-4,0,2,1,27.77777778,inf
32.6,0,0,7.929049436,5,-4,0,2,1,27.77777778,inf
32.62,0,0,7.929049436,5,-4,0,2,1,27.77777778,inf
32.64,0,0,7.929049436,5,-4,0,2,1,27.77777778,inf
32.66,0,0,7.929049436,5,-4,0,2,1,27.77777778,inf
32.68,0,0,7.929049436,5,-4,0,2,1,27.77777778,inf
32.7,0,0,7.929049436,5,-4,0,2,1,27.77777778,inf
32.72,0,0,7.929049436,5,-4,0,2,1,27.77777778,inf
32.74,0,0,7.929049436,5,-4,0,2,1,27.77777778,inf
32.76,0,0,7.929049436,5,-4,0,2,1,27.77777778,inf
32.78,0,0,7.929049436,5,-4,0,2,1,27.77777778,inf
32.8,0,0,7.929049436,5,-4,0,2,1,27.77777778,inf
32.82,0,0,7.929049436,5,-4,0,2,1,27.77777778,inf
32.84,0,0,7.929049436,5,-4,0,2,1,27.77777778,inf
32.86,0,0,7.929049436,5,-4,0,2,1,27.77777778,inf
32.88,0,0,7.929049436,5,-4,0,2,1,27.77777778,inf
32.9,0,0,7.929049436,5,-4,0,2,1,27.77777778,inf
32.92,0,0,7.929049436,5,-4,0,2,1,27.77777778,inf
32.94,0,0,7.929049436,5,-4,0,2,1,27.77777778,inf
32.96,0,0,7.929049436,5,-4,0,2,1,27.77777778,inf
32.98,0,0,7.929049436,5,-4,0,2,1,27.77777778,inf
33,0,0,7.929049436,5,-4,0,2,1,27.77777778,inf
33.02,0,0,7.929049436,5,-4,0,2,1,27.77777778,inf
33.04,0,0,7.929049436,5,-4,0,2,1,27.77777778,inf
33.06,0,0,7.929049436,5,-4,0,2,1,27.77777778,inf
33.08,0,0,7.929049436,5,-4,0,2,1,27.77777778,inf
33.1,0,0,7.929049436,5,-4,0,2,1,27.77777778,inf
33.12,0,0,7.929049436,5,-4,0,2,1,27.77777778,inf
33.14,0,0,7.929049436,5,-4,0,2,1,27.77777778,inf
33.16,0,0,7.929049436,5,-4,0,2,1,27.77777778,inf
33.18,0,0,7.929049436,5,-4,0,2,1,27.77777778,inf
33.2,0,0,7.929049436,5,-4,0,2,1,27.77777778,inf
33.22,0,0,7.929049436,5,-4,0,2,1,27.77777778,inf
33.24,0,0,7.929049436,5,-4,0,2,1,27.77777778,inf
33.26,0,0,7.929049436,5,-4,0,2,1,27.77777778,inf
33.28,0,0,7.929049436,5,-4,0,2,1,27.77777778,inf
33.3,0,0,7.929049436,5,-4,0,2,1,27.77777778,inf
33.32,0,0,7.929049436,5,-4,0,2,1,27.77777778,inf
33.34,0,0,7.929049436,5,-4,0,2,1,27.77777778,inf
33.36,0,0,7.929049436,5,-4,0,2,1,27.77777778,inf
33.38,0,0,7.929049436,5,-4,0,2,1,27.77777778,inf
33.4,0,0,7.929049436,5,-4,0,2,1,27.77777778,inf
33.42,0,0,7.929049436,5,-4,0,2,1,27.77777778,inf
33.44,0,0,7.929049436,5,-4,0,2,1,27.77777778,inf
33.46,0,0,7.929049436,5,-4,0,2,1,27.77777778,inf
33.48,0,0,7.929049436,5,-4,0,2,1,27.77777778,inf
33.5,0,0,7.929049436,5,-4,0,2,1,27.77777778,inf
33.52,0,0,7.929049436,5,-4,0,2,1,27.77777778,inf
33.54,0,0,7.929049436,5,-4,0,2,1,27.77777778,inf
33.56,0,0,7.929049436,5,-4,0,2,1,27.77777778,inf
33.58,0,0,7.929049436,5,-4,0,2,1,27.77777778,inf
33.6,0,0,7.929049436,5,-4,0,2,1,27.77777778,inf
33.62,0,0,7.929049436,5,-4,0,2,1,27.77777778,inf
33.64,0,0,7.929049436,5,-4,0,2,1,27.77777778,inf
33.66,0,0,7.929049436,5,-4,0,2,1,27.77777778,inf
33.68,0,0,7.929049436,5,-4,0,2,1,27.77777778,inf
33.7,0,0,7.929049436,5,-4,0,2,1,27.77777778,inf
33.72,0,0,7.929049436,5,-4,0,2,1,27.77777778,inf
33.74,0,0,7.929049436,5,-4,0,2,1,27.77777778,inf
33.76,0,0,7.929049436,5,-4,0,2,1,27.77777778,inf
33.78,0,0,7.929049436,5,-4,0,2,1,27.77777778,inf
33.8,0,0,7.929049436,5,-4,0,2,1,27.77777778,inf
33.82,0,0,7.929049436,5,-4,0,2,1,27.77777778,inf
33.84,0,0,7.929049436,5,-4,0,2,1,27.77777778,inf
33.86,0,0,7.929049436,5,-4,0,2,1,27.77777778,inf
33.88,0,0,7.929049436,5,-4,0,2,1,27.77777778,inf
33.9,0,0,7.929049436,5,-4,0,2,1,27.77777778,inf
33.92,0,0,7.929049436,5,-4,0,2,1,27.77777778,inf
33.94,0,0,7.929049436,5,-4,0,2,1,27.77777778,inf
33.96,0,0,7.929049436,5,-4,0,2,1,27.77777778,inf
33.98,0,0,7.929049436,5,-4,0,2,1,27.77777778,inf
34,0,0,7.929049436,5,-4,0,2,1,27.77777778,inf
34.02,0,0,7.929049436,5,-4,0,2,1,27.77777778,inf
34.04,0,0,7.929049436,5,-4,0,2,1,27.77777778,inf
34.06,0,0,7.929049436,5,-4,0,2,1,27.77777778,inf
34.08,0,0,7.929049436,5,-4,0,2,1,27.77777778,inf
34.1,0,0,7.929049436,5,-4,0,2,1,27.77777778,inf
34.12,0,0,7.929049436,5,-4,0,2,1,27.77777778,inf
34.14,0,0,7.929049436,5,-4,0,2,1,27.77777778,inf
34.16,0,0,7.929049436,5,-4,0,2,1,27.77777778,inf
34.18,0,0,7.929049436,5,-4,0,2,1,27.77777778,inf
34.2,0,0,7.929049436,5,-4,0,2,1,27.77777778,inf
34.22,0,0,7.929049436,5,-4,0,2,1,27.77777778,inf
34.24,0,0,7.929049436,5,-4,0,2,1,27.77777778,inf
34.26,0,0,7.929049436,5,-4,0,2,1,27.77777778,inf
34.28,0,0,7.929049436,5,-4,0,2,1,27.77777778,inf
34.3,0,0,7.929049436,5,-4,0,2,1,27.77777778,inf
34.32,0,0,7.929049436,5,-4,0,2,1,27.77777778,inf
34.34,0,0,7.929049436,5,-4,0,2,1,27.77777778,inf
34.36,0,0,7.929049436,5,-4,0,2,1,27.77777778,inf
34.38,0,0,7.929049436,5,-4,0,2,1,27.77777778,inf
34.4,0,0,7.929049436,5,-4,0,2,1,27.77777778,inf
34.42,0,0,7.929049436,5,-4,0,2,1,27.77777778,inf
34.44,0,0,7.929049436,5,-4,0,2,1,27.77777778,inf
34.46,0,0,7.929049436,5,-4,0,2,1,27.77777778,inf
34.48,0,0,7.929049436,5,-4,0,2,1,27.77777778,inf
34.5,0,0,7.929049436,5,-4,0,2,1,27.77777778,inf
34.52,0,0,7.929049436,5,-4,0,2,1,27.77777778,inf
34.54,0,0,7.929049436,5,-4,0,2,1,27.77777778,inf
34.56,0,0,7.929049436,5,-4,0,2,1,27.77777778,inf
34.58,0,0,7.929049436,5,-4,0,2,1,27.77777778,inf
34.6,0,0,7.929049436,5,-4,0,2,1,27.77777778,inf
34.62,0,0,7.929049436,5,-4,0,2,1,27.77777778,inf
34.64,0,0,7.929049436,5,-4,0,2,1,27.77777778,inf
34.66,0,0,7.929049436,5,-4,0,2,1,27.77777778,inf
34.68,0,0,7.929049436,5,-4,0,2,1,27.77777778,inf
34.7,0,0,7.929049436,5,-4,0,2,1,27.77777778,inf
34.72,0,0,7.929049436,5,-4,0,2,1,27.77777778,inf
34.74,0,0,7.929049436,5,-4,0,2,1,27.77777778,inf
34.76,0,0,7.929049436,5,-4,0,2,1,27.77777778,inf
34.78,0,0,7.929049436,5,-4,0,2,1,27.77777778,inf
34.8,0,0,7.929049436,5,-4,0,2,1,27.77777778,inf
34.82,0,0,7.929049436,5,-4,0,2,1,27.77777778,inf
34.84,0,0,7.929049436,5,-4,0,2,1,27.77777778,inf
34.86,0,0,7.929049436,5,-4,0,2,1,27.77777778,inf
34.88,0,0,7.929049436,5,-4,0,2,1,27.77777778,inf
34.9,0,0,7.929049436,5,-4,0,2,1,27.77777778,inf
34.92,0,0,7.929049436,5,-4,0,2,1,27.77777778,inf
34.94,0,0,7.929049436,5,-4,0,2,1,27.77777778,inf
34.96,0,0,7.929049436,5,-4,0,2,1,27.77777778,inf
34.98,0,0,7.929049436,5,-4,0,2,1,27.77777778,inf
35,0,0,7.929049436,5,-4,0,2,1,27.77777778,inf
