time,ego_speed,lead_speed,gap,desired_gap,command,acceleration,mode,lead_present,reference_speed,ttc
0,22.22222222,22.22222222,45,38.33333333,0.625,0,1,1,23.55555556,inf
0.02,22.22322222,22.22222222,44.99999,38.33483333,0.675,0.05,1,1,23.55525356,44999.99
0.04,22.22522222,22.22222222,44.99995,38.33783333,0.725,0.1,1,1,23.55464556,14999.98333
0.06,22.22822222,22.22222222,44.99986,38.34233333,0.775,0.15,1,1,23.55372756,7499.976667
0.08,22.23222222,22.22222222,44.9997,38.34833333,0.825,0.2,1,1,23.55249556,4499.97
0.1,22.23722222,22.22222222,44.99945,38.35583333,0.875,0.25,1,1,23.55094556,2999.963333
0.12,22.24322222,22.22222222,44.99909,38.36483333,0.925,0.3,1,1,23.54907356,2142.81381
0.14,22.25022222,22.22222222,44.9986,38.37533333,0.975,0.35,1,1,23.54687556,1607.092857
0.16,22.25822222,22.22222222,44.99796,38.38733333,1.014913615,0.4,1,1,23.54434756,1249.943333
0.18,22.26720608,22.22222222,44.99715016,38.40080913,1.005493226,0.4491930892,1,1,23.54149043,1000.295403
0.2,22.27708003,22.22222222,44.99615174,38.41562004,0.9949299271,0.4936971001,1,1,23.53832856,820.2324672
0.22,22.28775594,22.22222222,44.99494783,38.43163391,0.9833646186,0.5337957263,1,1,23.53488501,686.5923221
0.24,22.29915117,22.22222222,44.9935232,38.44872675,0.9709256401,0.5697612377,1,1,23.53118151,584.8711994
0.26,22.31118825,22.22222222,44.99186425,38.46678238,0.9577297562,0.6018543899,1,1,23.5272386,505.7195855
0.28,22.32379474,22.22222222,44.98995887,38.48569211,0.9438830704,0.6303244192,1,1,23.52307557,442.9343606
0.3,22.33690292,22.22222222,44.98779634,38.50535439,0.9294818757,0.6554091113,1,1,23.51871061,392.2874185
0.32,22.35044962,22.22222222,44.98536725,38.52567443,0.9146134431,0.6773349324,1,1,23.51416079,350.8249189
0.34,22.36437597,22.22222222,44.98266344,38.54656395,0.8993567552,0.6963172133,1,1,23.50944212,316.4367118
0.36,22.37862717,22.22222222,44.97967786,38.56794076,0.8837831844,0.7125603766,1,1,23.50456964,287.5847427
0.38,22.39315234,22.22222222,44.97640451,38.58972851,0.867957123,0.7262582013,1,1,23.49955742,263.127444
0.4,22.40790422,22.22222222,44.97283838,38.61185633,0.8519365657,0.737594115,1,1,23.49441863,242.2035459
0.42,22.42283905,22.22222222,44.9689754,38.63425858,0.8357736489,0.7467415111,1,1,23.48916559,224.1535555
0.44,22.43791633,22.22222222,44.96481229,38.6568745,0.8195151492,0.7538640821,1,1,23.48380978,208.4656473
0.46,22.45309866,22.22222222,44.96034658,38.67964798,0.803202944,0.7591161674,1,1,23.47836194,194.7377041
0.48,22.46835152,22.22222222,44.95557652,38.70252728,0.7868744367,0.7626431096,1,1,23.47283207,182.6502465
0.5,22.48364315,22.22222222,44.95050102,38.72546473,0.770562949,0.7645816157,1,1,23.46722948,171.9468344
0.52,22.49894435,22.22222222,44.94511959,38.74841653,0.7542980824,0.7650601224,1,1,23.46156283,162.419679
0.54,22.51422834,22.22222222,44.93943231,38.7713425,0.7381060513,0.7641991592,1,1,23.45584018,153.8989433
0.56,22.52947057,22.22222222,44.93343976,38.79420586,0.7220099897,0.7621117106,1,1,23.450069,146.2446913
0.58,22.54464864,22.22222222,44.92714302,38.81697296,0.706030233,0.7589035729,1,1,23.44425623,139.3407622
0.6,22.55974212,22.22222222,44.92054355,38.83961317,0.6901845771,0.7546737057,1,1,23.4384083,133.0900621
0.62,22.57473241,22.22222222,44.91364325,38.86209861,0.6744885164,0.7495145754,1,1,23.43253115,127.4109095
0.64,22.58960266,22.22222222,44.90644435,38.88440399,0.6589554623,0.7435124907,1,1,23.42663029,122.234175
0.66,22.60433762,22.22222222,44.89894939,38.90650642,0.6435969429,0.7367479284,1,1,23.42071082,117.5010224
0.68,22.61892353,22.22222222,44.89116122,38.9283853,0.6284227868,0.7292958496,1,1,23.41477741,113.1611115
0.7,22.63334805,22.22222222,44.88308295,38.95002208,0.6134412905,0.7212260046,1,1,23.4088344,109.1711579
0.72,22.64760012,22.22222222,44.87471791,38.97140018,0.5986593723,0.7126032274,1,1,23.40288577,105.4937702
0.74,22.66166987,22.22222222,44.86606966,38.99250481,0.5840827119,0.703487719,1,1,23.39693519,102.0965062
0.76,22.67554858,22.22222222,44.85714192,39.01332287,0.569715879,0.6939353185,1,1,23.39098603,98.95110081
0.78,22.68922853,22.22222222,44.84793859,39.0338428,0.5555624495,0.6839977633,1,1,23.38504138,96.03283198
0.8,22.70270299,22.22222222,44.83846372,39.05405449,0.5416251121,0.6737229382,1,1,23.37910407,93.31999645
0.82,22.71596609,22.22222222,44.82872147,39.07394914,0.5279057648,0.6631551121,1,1,23.37317669,90.79347415
0.84,22.7290128,22.22222222,44.81871613,39.0935192,0.5144056033,0.6523351643,1,1,23.36726161,88.43636469
0.86,22.74183881,22.22222222,44.80845206,39.11275822,0.5011252004,0.6413007994,1,1,23.36136099,86.23368233
0.88,22.75444055,22.22222222,44.79793371,39.13166082,0.4880645787,0.6300867515,1,1,23.3554768,84.17209912
0.9,22.76681505,22.22222222,44.7871656,39.15022257,0.4752232763,0.6187249777,1,1,23.34961083,82.23972751
0.92,22.77895994,22.22222222,44.77615229,39.16843992,0.4626004064,0.6072448416,1,1,23.3437647,80.42593572
0.94,22.79087341,22.22222222,44.7648984,39.18631012,0.4501947104,0.5956732868,1,1,23.33793988,78.72119028
0.96,22.80255411,22.22222222,44.75340857,39.20383117,0.4380046073,0.5840350007,1,1,23.3321377,77.11692131
0.98,22.81400116,22.22222222,44.74168746,39.22100174,0.4260282367,0.5723525692,1,1,23.32635937,75.60540678
1,22.82521409,22.22222222,44.72973975,39.23782114,0.4142634981,0.5606466226,1,1,23.32060594,74.17967276
1.02,22.83619281,22.22222222,44.71757013,39.25428922,0.402708087,0.5489359726,1,1,23.3148784,72.83340723
1.04,22.84693757,22.22222222,44.70518327,39.27040635,0.3913595257,0.5372377418,1,1,23.30917761,71.56088532
1.06,22.85744892,22.22222222,44.69258385,39.28617338,0.3802151924,0.5255674845,1,1,23.30350432,70.35690427
1.08,22.8677277,22.22222222,44.67977653,39.30159156,0.3692723459,0.5139393011,1,1,23.29785922,69.21672667
1.1,22.87777502,22.22222222,44.66676595,39.31666253,0.3585281489,0.5023659447,1,1,23.2922429,68.13603095
1.12,22.8875922,22.22222222,44.65355672,39.3313883,0.3479796878,0.490858921,1,1,23.28665591,67.11086778
1.14,22.89718077,22.22222222,44.64015343,39.34577116,0.3376239905,0.4794285824,1,1,23.28109868,66.13762187
1.16,22.90654246,22.22222222,44.62656064,39.35981369,0.3274580422,0.468084215,1,1,23.27557161,65.21297827
1.18,22.91567914,22.22222222,44.61278287,39.37351871,0.3174787997,0.4568341212,1,1,23.27007505,64.33389259
1.2,22.92459285,22.22222222,44.5988246,39.38688928,0.3076832033,0.4456856955,1,1,23.26460929,63.49756464
1.22,22.93328576,22.22222222,44.58469026,39.39992865,0.2980681879,0.4346454961,1,1,23.25917454,62.70141505
1.24,22.94176015,22.22222222,44.57038424,39.41264023,0.2886306921,0.4237193115,1,1,23.25377103,61.94306444
1.26,22.95001839,22.22222222,44.5559109,39.42502759,0.2793676664,0.4129122219,1,1,23.24839888,61.22031496
1.28,22.95806297,22.22222222,44.54127453,39.43709445,0.2702760807,0.4022286575,1,1,23.24305824,60.53113367
1.3,22.96589642,22.22222222,44.52647938,39.44884463,0.2613529297,0.3916724513,1,1,23.23774917,59.87363782
1.32,22.97352135,22.22222222,44.51152965,39.46028203,0.2525952386,0.3812468896,1,1,23.23247175,59.24608153
1.34,22.98094045,22.22222222,44.49642947,39.47141067,0.2440000672,0.3709547575,1,1,23.22722598,58.64684393
1.36,22.98815642,22.22222222,44.48118295,39.48223463,0.2355645137,0.3607983823,1,1,23.22201189,58.07441844
1.38,22.99517201,22.22222222,44.46579411,39.49275802,0.2272857179,0.3507796728,1,1,23.21682944,57.52740316
1.4,23.00199001,22.22222222,44.45026693,39.50298502,0.2191608631,0.3409001564,1,1,23.2116786,57.00449211
1.42,23.00861323,22.22222222,44.43460535,39.51291985,0.2111871788,0.3311610129,1,1,23.20655932,56.50446746
1.44,23.0150445,22.22222222,44.41881321,39.52256674,0.2033619419,0.3215631062,1,1,23.20147152,56.02619233
1.46,23.02128664,22.22222222,44.40289435,39.53192995,0.1956824775,0.3121070131,1,1,23.1964151,55.56860442
1.48,23.0273425,22.22222222,44.3868525,39.54101375,0.1881461605,0.3027930502,1,1,23.19138997,55.1307101
1.5,23.03321492,22.22222222,44.37069137,39.54982239,0.1807504154,0.293621299,1,1,23.18639602,54.71157915
1.52,23.03890676,22.22222222,44.3544146,39.55836013,0.1734927169,0.2845916284,1,1,23.18143311,54.31033986
1.54,23.04442083,22.22222222,44.33802577,39.56663125,0.1663705897,0.2757037154,1,1,23.17650113,53.92617468
1.56,23.04975997,22.22222222,44.3215284,39.57463996,0.1593816086,0.2669570654,1,1,23.17159991,53.55831613
1.58,23.05492699,22.22222222,44.30492598,39.58239049,0.152523398,0.2583510288,1,1,23.16672932,53.20604321
1.6,23.05992469,22.22222222,44.28822191,39.58988703,0.1457936311,0.2498848184,1,1,23.1618892,52.86867793
1.62,23.06475584,22.22222222,44.27141954,39.59713376,0.13919003,0.2415575234,1,1,23.15707938,52.54558234
1.64,23.0694232,22.22222222,44.2545222,39.6041348,0.1327103644,0.2333681239,1,1,23.1522997,52.23615561
1.66,23.07392951,22.22222222,44.23753312,39.61089427,0.126352451,0.2253155032,1,1,23.14754999,51.93983151
1.68,23.07827748,22.22222222,44.22045549,39.61741622,0.1201141526,0.217398459,1,1,23.14283008,51.65607599
1.7,23.0824698,22.22222222,44.20329246,39.62370469,0.1139933773,0.2096157145,1,1,23.13813978,51.38438497
1.72,23.08650911,22.22222222,44.18604712,39.62976367,0.1079880773,0.2019659275,1,1,23.13347891,51.1242824
1.74,23.09039807,22.22222222,44.16872249,39.6355971,0.1020962481,0.1944476995,1,1,23.1288473,50.87531831
1.76,23.09413926,22.22222222,44.15132156,39.64120889,0.09631592747,0.1870595834,1,1,23.12424476,50.63706715
1.78,23.09773526,22.22222222,44.13384726,39.64660289,0.09064519443,0.1798000909,1,1,23.1196711,50.40912619
1.8,23.10118862,22.22222222,44.11630247,39.65178292,0.08508216808,0.1726676992,1,1,23.11512613,50.19111404
1.82,23.10450183,22.22222222,44.09869001,39.65675275,0.07962500668,0.1656608567,1,1,23.11060967,49.98266933
1.84,23.10767739,22.22222222,44.08101266,39.66151609,0.07427190659,0.1587779887,1,1,23.10612154,49.78344941
1.86,23.11071774,22.22222222,44.06327315,39.66607661,0.06902110124,0.1520175021,1,1,23.10166153,49.59312924
1.88,23.1136253,22.22222222,44.04547417,39.67043795,0.06387086012,0.1453777901,1,1,23.09722947,49.41140026
1.9,23.11640244,22.22222222,44.02761833,39.67460366,0.05881948778,0.1388572357,1,1,23.09282516,49.2379694
1.92,23.11905153,22.22222222,44.00970824,39.67857729,0.05386532287,0.1324542158,1,1,23.08844841,49.07255818
1.94,23.12157487,22.22222222,43.99174642,39.6823623,0.04900673716,0.1261671044,1,1,23.08409904,48.91490181
1.96,23.12397475,22.22222222,43.97373537,39.68596213,0.04424213462,0.119994275,1,1,23.07977687,48.76474841
1.98,23.12625344,22.22222222,43.95567753,39.68938015,0.03956995049,0.1139341038,1,1,23.0754817,48.62185821
2,23.12841314,22.22222222,43.93757531,39.6926197,0.03498865043,0.1079849715,1,1,23.07121334,48.48600293
2.02,23.13045604,22.22222222,43.91943106,39.69568406,0.03049672963,0.1021452658,1,1,23.06697162,48.35696506
2.04,23.13238431,22.22222222,43.9012471,39.69857646,0.02609271197,0.09641338294,1,1,23.06275635,48.23453727
2.06,23.13420006,22.22222222,43.8830257,39.7013001,0.02177514926,0.09078772926,1,1,23.05856734,48.11852186
2.08,23.1359054,22.22222222,43.86476909,39.7038581,0.0175426204,0.08526672286,1,1,23.05440442,48.00873021
2.1,23.13750237,22.22222222,43.84647946,39.70625356,0.01339373065,0.07984879466,1,1,23.0502674,47.90498229
2.12,23.13899302,22.22222222,43.82815895,39.70848953,0.009327110914,0.07453238954,1,1,23.04615611,47.80710617
2.14,23.14037934,22.22222222,43.80980967,39.71056901,0.005341417016,0.06931596725,1,1,23.04207035,47.71493764
2.16,23.1416633,22.22222222,43.79143369,39.71249495,0.001435329037,0.06419800323,1,1,23.03800997,47.62831974
2.18,23.14284684,22.22222222,43.77303303,39.71427026,-0.002392449344,0.0591769893,1,1,23.03397478,47.54710241
2.2,23.14393187,22.22222222,43.75460969,39.7158978,-0.006143191478,0.05425143421,1,1,23.0299646,47.47114214
2.22,23.14492027,22.22222222,43.73616561,39.7173804,-0.009818148349,0.04941986415,1,1,23.02597926,47.40030161
2.24,23.14581388,22.22222222,43.71770271,39.71872083,-0.01341854916,0.04468082315,1,1,23.0220186,47.33444936
2.26,23.14661454,22.22222222,43.69922287,39.71992181,-0.01694560187,0.04003287337,1,1,23.01808243,47.27345954
2.28,23.14732403,22.22222222,43.68072793,39.72098605,-0.02040049378,0.03547459535,1,1,23.0141706,47.21721159
2.3,23.14794412,22.22222222,43.6622197,39.72191619,-0.02378439199,0.03100458822,1,1,23.01028292,47.16559
2.32,23.14847655,22.22222222,43.64369993,39.72271483,-0.02709844394,0.0266214698,1,1,23.00641924,47.11848403
2.34,23.14892303,22.22222222,43.62517038,39.72338455,-0.03034377789,0.0223238767,1,1,23.00257939,47.07578751
2.36,23.14928524,22.22222222,43.60663274,39.72392786,-0.03352150331,0.01811046434,1,1,22.9987632,47.03739861
2.38,23.14956484,22.22222222,43.58808869,39.72434726,-0.03663271143,0.01397990692,1,1,22.99497051,47.00321963
2.4,23.14976346,22.22222222,43.56953985,39.72464519,-0.03967847557,0.009930897455,1,1,22.99120115,46.9731568
2.42,23.1498827,22.22222222,43.55098783,39.72482405,-0.04265985161,0.005962147613,1,1,22.98745498,46.94712008
2.44,23.14992415,22.22222222,43.53243421,39.72488622,-0.04557787833,0.002072387675,1,1,22.98373182,46.92502303
2.46,23.14988935,22.22222222,43.51388052,39.72483403,-0.04843357784,-0.001739633606,1,1,22.98003152,46.9067826
2.48,23.14977985,22.22222222,43.49532827,39.72466978,-0.05122795589,-0.005475149144,1,1,22.97635392,46.89231901
2.5,23.14959714,22.22222222,43.47677894,39.72439572,-0.05396200228,-0.009135373684,1,1,22.97269887,46.88155556
2.52,23.14934271,22.22222222,43.45823399,39.72401407,-0.05663669114,-0.01272150397,1,1,22.96906621,46.87441854
2.54,23.14901802,22.22222222,43.43969483,39.72352703,-0.0592529813,-0.01623471895,1,1,22.96545578,46.87083706
2.56,23.1486245,22.22222222,43.42116285,39.72293674,-0.06181181654,-0.01967617993,1,1,22.96186744,46.87074293
2.58,23.14816356,22.22222222,43.40263941,39.72224533,-0.06431412598,-0.02304703086,1,1,22.95830104,46.87407057
2.6,23.14763659,22.22222222,43.38412585,39.72145488,-0.06676082431,-0.02634839847,1,1,22.95475642,46.88075684
2.62,23.14704496,22.22222222,43.36562348,39.72056744,-0.06915281206,-0.02958139254,1,1,22.95123343,46.89074102
2.64,23.14639002,22.22222222,43.34713358,39.71958503,-0.07149097592,-0.0327471061,1,1,22.94773193,46.90396461
2.66,23.14567309,22.22222222,43.32865739,39.71850963,-0.07377618898,-0.03584661569,1,1,22.94425177,46.92037131
2.68,23.14489547,22.22222222,43.31019615,39.7173432,-0.07600931097,-0.03888098155,1,1,22.94079281,46.93990689
2.7,23.14405844,22.22222222,43.29175105,39.71608766,-0.07819118853,-0.0418512479,1,1,22.9373549,46.96251913
2.72,23.14316327,22.22222222,43.27332328,39.71474491,-0.08032265542,-0.04475844315,1,1,22.9339379,46.9881577
2.74,23.1422112,22.22222222,43.25491398,39.7133168,-0.08240453277,-0.04760358013,1,1,22.93054166,47.01677412
2.76,23.14120345,22.22222222,43.23652428,39.71180517,-0.08443762932,-0.05038765635,1,1,22.92716604,47.04832166
2.78,23.14014121,22.22222222,43.21815528,39.71021182,-0.08642274157,-0.05311165418,1,1,22.92381091,47.08275529
2.8,23.13902568,22.22222222,43.19980805,39.70853853,-0.08836065408,-0.05577654117,1,1,22.92047613,47.12003159
2.82,23.13785802,22.22222222,43.18148366,39.70678703,-0.09025213961,-0.05838327021,1,1,22.91716155,47.1601087
2.84,23.13663936,22.22222222,43.16318313,39.70495904,-0.09209795932,-0.06093277976,1,1,22.91386704,47.20294626
2.86,23.13537084,22.22222222,43.14490747,39.70305626,-0.09389886302,-0.06342599412,1,1,22.91059246,47.24850535
2.88,23.13405357,22.22222222,43.12665767,39.70108035,-0.09565558929,-0.06586382364,1,1,22.90733769,47.29674842
2.9,23.13268862,22.22222222,43.1084347,39.69903293,-0.09736886568,-0.06824716489,1,1,22.90410257,47.34763927
2.92,23.13127708,22.22222222,43.09023948,39.69691563,-0.09903940894,-0.07057690095,1,1,22.90088699,47.40114295
2.94,23.12982001,22.22222222,43.07207296,39.69473001,-0.1006679251,-0.07285390159,1,1,22.89769081,47.45722576
2.96,23.12831843,22.22222222,43.05393602,39.69247764,-0.1022551098,-0.07507902347,1,1,22.8945139,47.51585519
2.98,23.12677336,22.22222222,43.03582954,39.69016005,-0.1038016481,-0.07725311038,1,1,22.89135612,47.57699986
3,23.12518582,22.22222222,43.0177544,39.68777874,-0.1053082152,-0.0793769934,1,1,22.88821735,47.64062948
3.02,23.12355679,22.22222222,42.99971141,39.68533519,-0.1067754762,-0.08145149114,1,1,22.88509747,47.70671485
3.04,23.12188725,22.22222222,42.98170142,39.68283087,-0.108204086,-0.08347740995,1,1,22.88199633,47.77522775
3.06,23.12017814,22.22222222,42.96372521,39.6802672,-0.1095946904,-0.08545554403,1,1,22.87891382,47.84614098
3.08,23.1184304,22.22222222,42.94578357,39.6776456,-0.1109479251,-0.08738667574,1,1,22.87584982,47.91942826
3.1,23.11664497,22.22222222,42.92787726,39.67496746,-0.1122644166,-0.08927157569,1,1,22.87280418,47.99506425
3.12,23.11482275,22.22222222,42.91000703,39.67223413,-0.1135447822,-0.09111100296,1,1,22.8697768,48.07302447
3.14,23.11296464,22.22222222,42.8921736,39.66944695,-0.1147896299,-0.0929057053,1,1,22.86676755,48.15328532
3.16,23.11107151,22.22222222,42.87437768,39.66660726,-0.1159995588,-0.09465641927,1,1,22.86377631,48.23582398
3.18,23.10914423,22.22222222,42.85661997,39.66371635,-0.1171751591,-0.09636387043,1,1,22.86080295,48.32061847
3.2,23.10718365,22.22222222,42.83890113,39.66077548,-0.1183170123,-0.09802877353,1,1,22.85784735,48.40764756
3.22,23.10519062,22.22222222,42.82122183,39.65778593,-0.1194256912,-0.09965183263,1,1,22.8549094,48.49689075
3.24,23.10316594,22.22222222,42.80358271,39.65474891,-0.1205017602,-0.1012337413,1,1,22.85198898,48.58832827
3.26,23.10111044,22.22222222,42.78598439,39.65166566,-0.1215457753,-0.1027751828,1,1,22.84908597,48.68194105
3.28,23.0990249,22.22222222,42.76842748,39.64853735,-0.1225582842,-0.1042768302,1,1,22.84620025,48.77771067
3.3,23.09691012,22.22222222,42.75091258,39.64536517,-0.1235398266,-0.1057393465,1,1,22.8433317,48.87561938
3.32,23.09476685,22.22222222,42.73344025,39.64215027,-0.1244909341,-0.1071633849,1,1,22.84048022,48.97565004
3.34,23.09259586,22.22222222,42.71601107,39.63889378,-0.1254121305,-0.1085495889,1,1,22.83764568,49.07778611
3.36,23.09039788,22.22222222,42.69862558,39.63559683,-0.1263039317,-0.1098985922,1,1,22.83482797,49.18201168
3.38,23.08817366,22.22222222,42.68128431,39.6322605,-0.127166846,-0.1112110194,1,1,22.83202698,49.28831136
3.4,23.08592391,22.22222222,42.66398778,39.62888587,-0.1280013743,-0.1124874855,1,1,22.8292426,49.39667034
3.42,23.08364934,22.22222222,42.64673649,39.62547401,-0.1288080097,-0.1137285966,1,1,22.82647472,49.50707433
3.44,23.08135064,22.22222222,42.62953093,39.62202597,-0.1295872382,-0.1149349496,1,1,22.82372322,49.61950957
3.46,23.0790285,22.22222222,42.61237158,39.61854275,-0.1303395386,-0.1161071327,1,1,22.82098799,49.73396278
3.48,23.07668359,22.22222222,42.59525891,39.61502538,-0.1310653825,-0.1172457252,1,1,22.81826893,49.85042119
3.5,23.07431656,22.22222222,42.57819335,39.61147484,-0.1317652343,-0.1183512978,1,1,22.81556592,49.96887249
3.52,23.07192807,22.22222222,42.56117535,39.60789211,-0.1324395517,-0.1194244127,1,1,22.81287887,50.08930483
3.54,23.06951876,22.22222222,42.54420533,39.60427814,-0.1330887855,-0.1204656238,1,1,22.81020766,50.2117068
3.56,23.06708925,22.22222222,42.52728369,39.60063388,-0.1337133796,-0.1214754768,1,1,22.80755219,50.33606742
3.58,23.06464016,22.22222222,42.51041084,39.59696024,-0.1343137716,-0.122454509,1,1,22.80491234,50.46237612
3.6,23.0621721,22.22222222,42.49358716,39.59325814,-0.1348903922,-0.12340325,1,1,22.80228803,50.59062276
3.62,23.05968565,22.22222222,42.47681303,39.58952848,-0.1354436657,-0.1243222214,1,1,22.79967913,50.72079756
3.64,23.05718141,22.22222222,42.4600888,39.58577212,-0.1359740103,-0.1252119369,1,1,22.79708556,50.85289116
3.66,23.05465995,22.22222222,42.44341483,39.58198993,-0.1364818376,-0.1260729028,1,1,22.7945072,50.98689453
3.68,23.05212184,22.22222222,42.42679146,39.57818276,-0.1369675532,-0.1269056176,1,1,22.79194396,51.12279903
3.7,23.04956763,22.22222222,42.41021901,39.57435145,-0.1374315566,-0.1277105724,1,1,22.78939574,51.26059636
3.72,23.04699787,22.22222222,42.3936978,39.5704968,-0.137874241,-0.1284882512,1,1,22.78686242,51.40027856
3.74,23.04441308,22.22222222,42.37722813,39.56661962,-0.1382959941,-0.1292391303,1,1,22.78434392,51.54183801
3.76,23.04181381,22.22222222,42.36081031,39.56272071,-0.1386971974,-0.1299636794,1,1,22.78184014,51.68526739
3.78,23.03920056,22.22222222,42.34444461,39.55880084,-0.1390782268,-0.1306623609,1,1,22.77935098,51.83055971
3.8,23.03657385,22.22222222,42.32813131,39.55486077,-0.1394394526,-0.1313356302,1,1,22.77687633,51.97770829
3.82,23.03393417,22.22222222,42.31187068,39.55090126,-0.1397812392,-0.1319839359,1,1,22.77441611,52.12670673
3.84,23.03128202,22.22222222,42.29566296,39.54692302,-0.1401039458,-0.1326077202,1,1,22.77197021,52.27754893
3.86,23.02861787,22.22222222,42.2795084,39.5429268,-0.1404079259,-0.1332074183,1,1,22.76953854,52.43022906
3.88,23.0259422,22.22222222,42.26340725,39.5389133,-0.1406935278,-0.1337834589,1,1,22.76712101,52.58474157
3.9,23.02325547,22.22222222,42.24735971,39.53488321,-0.1409610944,-0.1343362644,1,1,22.76471752,52.74108118
3.92,23.02055815,22.22222222,42.23136602,39.53083722,-0.1412109634,-0.1348662508,1,1,22.76232798,52.89924285
3.94,23.01785067,22.22222222,42.21542638,39.52677601,-0.1414434674,-0.1353738278,1,1,22.7599523,53.05922181
3.96,23.01513348,22.22222222,42.19954098,39.52270023,-0.1416589338,-0.135859399,1,1,22.75759037,53.22101354
3.98,23.01240702,22.22222222,42.18371002,39.51861052,-0.1418576852,-0.1363233617,1,1,22.75524212,53.38461374
4,23.00967169,22.22222222,42.16793368,39.51450754,-0.142040039,-0.1367661076,1,1,22.75290745,53.55001835
4.02,23.00692793,22.22222222,42.15221213,39.5103919,-0.142206308,-0.1371880221,1,1,22.75058627,53.71722354
4.04,23.00417614,22.22222222,42.13654553,39.50626422,-0.1423568001,-0.137589485,1,1,22.74827849,53.88622571
4.06,23.00141673,22.22222222,42.12093405,39.50212509,-0.1424918184,-0.1379708702,1,1,22.74598401,54.05702145
4.08,22.99865008,22.22222222,42.10537782,39.49797511,-0.1426116614,-0.1383325461,1,1,22.74370276,54.22960759
4.1,22.99587658,22.22222222,42.089877,39.49381487,-0.142716623,-0.1386748753,1,1,22.74143465,54.40398114
4.12,22.99309661,22.22222222,42.07443171,39.48964492,-0.1428069926,-0.1389982151,1,1,22.73917958,54.58013934
4.14,22.99031056,22.22222222,42.05904209,39.48546583,-0.1428830551,-0.1393029173,1,1,22.73693747,54.75807958
4.16,22.98751877,22.22222222,42.04370824,39.48127815,-0.142945091,-0.1395893283,1,1,22.73470824,54.93779948
4.18,22.98472161,22.22222222,42.02843028,39.47708242,-0.1429933765,-0.1398577894,1,1,22.73249179,55.11929684
4.2,22.98191944,22.22222222,42.01320831,39.47287916,-0.1430281834,-0.1401086363,1,1,22.73028805,55.30256963
4.22,22.9791126,22.22222222,41.99804244,39.46866889,-0.1430497794,-0.1403422001,1,1,22.72809693,55.48761599
4.24,22.97630142,22.22222222,41.98293274,39.46445213,-0.143058428,-0.1405588064,1,1,22.72591834,55.67443425
4.26,22.97348624,22.22222222,41.96787931,39.46022937,-0.1430543886,-0.1407587761,1,1,22.72375221,55.86302291
4.28,22.9706674,22.22222222,41.95288222,39.45600109,-0.1430379166,-0.1409424251,1,1,22.72159845,56.05338061
4.3,22.9678452,22.22222222,41.93794153,39.45176779,-0.1430092634,-0.1411100645,1,1,22.71945697,56.24550619
4.32,22.96501996,22.22222222,41.92305733,39.44752993,-0.1429686764,-0.1412620004,1,1,22.7173277,56.4393986
4.34,22.96219198,22.22222222,41.90822965,39.44328798,-0.1429163992,-0.1413985345,1,1,22.71521056,56.63505699
4.36,22.95936159,22.22222222,41.89345856,39.43904238,-0.1428526716,-0.1415199636,1,1,22.71310546,56.83248062
4.38,22.95652905,22.22222222,41.8787441,39.43479358,-0.1427777296,-0.1416265803,1,1,22.71101233,57.03166893
4.4,22.95369468,22.22222222,41.86408631,39.43054202,-0.1426918055,-0.1417186722,1,1,22.70893108,57.23262148
4.42,22.95085875,22.22222222,41.84948522,39.42628812,-0.1425951279,-0.1417965229,1,1,22.70686164,57.43533798
4.44,22.94802154,22.22222222,41.83494086,39.42203231,-0.1424879218,-0.1418604113,1,1,22.70480393,57.63981827
4.46,22.94518333,22.22222222,41.82045325,39.41777499,-0.1423704088,-0.1419106121,1,1,22.70275787,57.84606233
4.48,22.94234438,22.22222222,41.80602242,39.41351657,-0.1422428068,-0.1419473959,1,1,22.70072339,58.05407027
4.5,22.93950496,22.22222222,41.79164837,39.40925744,-0.1421053304,-0.1419710287,1,1,22.69870041,58.26384232
4.52,22.93666533,22.22222222,41.77733111,39.40499799,-0.1419581907,-0.1419817729,1,1,22.69668885,58.47537885
4.54,22.93382573,22.22222222,41.76307065,39.40073859,-0.1418015955,-0.1419798863,1,1,22.69468863,58.68868034
4.56,22.93098642,22.22222222,41.74886697,39.39647962,-0.1416357493,-0.141965623,1,1,22.69269969,58.90374739
4.58,22.92814763,22.22222222,41.73472007,39.39222145,-0.1414608533,-0.1419392331,1,1,22.69072195,59.12058072
4.6,22.92530961,22.22222222,41.72062995,39.38796442,-0.1412771054,-0.1419009627,1,1,22.68875533,59.33918117
4.62,22.92247259,22.22222222,41.70659657,39.38370889,-0.1410847006,-0.1418510542,1,1,22.68679976,59.55954968
4.64,22.9196368,22.22222222,41.69261992,39.37945519,-0.1408838306,-0.1417897459,1,1,22.68485517,59.78168731
4.66,22.91680245,22.22222222,41.67869997,39.37520367,-0.140674684,-0.1417172727,1,1,22.68292148,60.00559521
4.68,22.91396977,22.22222222,41.66483669,39.37095466,-0.1404574465,-0.1416338656,1,1,22.68099863,60.23127467
4.7,22.91113898,22.22222222,41.65103005,39.36670847,-0.1402323007,-0.141539752,1,1,22.67908654,60.45872704
4.72,22.90831027,22.22222222,41.63728,39.36246541,-0.1399994262,-0.1414351559,1,1,22.67718514,60.6879538
4.74,22.90548387,22.22222222,41.62358651,39.3582258,-0.1397589999,-0.1413202976,1,1,22.67529436,60.91895652
4.76,22.90265996,22.22222222,41.60994951,39.35398994,-0.1395111958,-0.1411953937,1,1,22.67341414,61.15173686
4.78,22.89983875,22.22222222,41.59636897,39.34975812,-0.1392561848,-0.1410606579,1,1,22.67154439,61.38629658
4.8,22.89702042,22.22222222,41.58284482,39.34553063,-0.1389941355,-0.1409163001,1,1,22.66968506,61.62263753
4.82,22.89420517,22.22222222,41.56937701,39.34130776,-0.1387252133,-0.1407625269,1,1,22.66783607,61.86076165
4.84,22.89139318,22.22222222,41.55596547,39.33708977,-0.1384495813,-0.1405995418,1,1,22.66599736,62.10067098
4.86,22.88858463,22.22222222,41.54261014,39.33287694,-0.1381673995,-0.140427545,1,1,22.66416886,62.34236763
4.88,22.88577969,22.22222222,41.52931094,39.32866954,-0.1378788258,-0.1402467333,1,1,22.6623505,62.58585381
4.9,22.88297855,22.22222222,41.5160678,39.32446782,-0.1375840151,-0.1400573007,1,1,22.66054222,62.83113179
4.92,22.88018136,22.22222222,41.50288065,39.32027204,-0.1372831199,-0.1398594379,1,1,22.65874394,63.07820394
4.94,22.87738829,22.22222222,41.48974939,39.31608244,-0.1369762902,-0.1396533324,1,1,22.65695561,63.32707271
4.96,22.87459951,22.22222222,41.47667396,39.31189926,-0.1366636736,-0.1394391691,1,1,22.65517716,63.57774063
4.98,22.87181517,22.22222222,41.46365426,39.30772275,-0.1363454151,-0.1392171294,1,1,22.65340852,63.83021029
5,22.86903542,22.22222222,41.4506902,39.30355313,-0.1360216575,-0.1389873923,1,1,22.65164964,64.08448436
5.02,22.86626042,22.22222222,41.43778168,39.29939062,-0.1356925411,-0.1387501335,1,1,22.64990043,64.34056561
5.04,22.86349031,22.22222222,41.42492862,39.29523546,-0.1353582039,-0.1385055261,1,1,22.64816085,64.59845684
5.06,22.86072523,22.22222222,41.41213091,39.29108785,-0.1350187816,-0.1382537403,1,1,22.64643083,64.85816094
5.08,22.85796533,22.22222222,41.39938845,39.286948,-0.1346744076,-0.1379949436,1,1,22.64471031,65.11968089
5.1,22.85521075,22.22222222,41.38670113,39.28281612,-0.1343252131,-0.1377293007,1,1,22.64299922,65.3830197
5.12,22.85246161,22.22222222,41.37406885,39.27869241,-0.1339713272,-0.1374569737,1,1,22.64129751,65.64818047
5.14,22.84971804,22.22222222,41.3614915,39.27457707,-0.1336128768,-0.137178122,1,1,22.63960511,65.91516636
5.16,22.84698019,22.22222222,41.34896896,39.27047028,-0.1332499865,-0.1368929024,1,1,22.63792196,66.18398059
5.18,22.84424816,22.22222222,41.33650112,39.26637224,-0.132882779,-0.1366014691,1,1,22.636248,66.45462645
5.2,22.84152208,22.22222222,41.32408787,39.26228312,-0.1325113749,-0.1363039739,1,1,22.63458317,66.72710727
5.22,22.83880207,22.22222222,41.31172907,39.2582031,-0.1321358926,-0.136000566,1,1,22.63292742,67.00142647
5.24,22.83608824,22.22222222,41.29942461,39.25413236,-0.1317564486,-0.1356913921,1,1,22.63128067,67.27758752
5.26,22.83338071,22.22222222,41.28717437,39.25007106,-0.1313731575,-0.1353765966,1,1,22.62964288,67.55559392
5.28,22.83067958,22.22222222,41.27497821,39.24601937,-0.1309861319,-0.1350563215,1,1,22.62801399,67.83544926
5.3,22.82798497,22.22222222,41.26283601,39.24197745,-0.1305954824,-0.1347307063,1,1,22.62639393,68.11715717
5.32,22.82529697,22.22222222,41.25074763,39.23794545,-0.1302013177,-0.1343998884,1,1,22.62478266,68.40072135
5.34,22.82261569,22.22222222,41.23871295,39.23392353,-0.1298037448,-0.1340640028,1,1,22.62318011,68.68614552
5.36,22.81994122,22.22222222,41.22673182,39.22991184,-0.1294028686,-0.1337231821,1,1,22.62158622,68.97343348
5.38,22.81727367,22.22222222,41.21480412,39.22591051,-0.1289987925,-0.133377557,1,1,22.62000094,69.26258908
5.4,22.81461313,22.22222222,41.2029297,39.22191969,-0.128591618,-0.1330272559,1,1,22.61842422,69.5536162
5.42,22.81195968,22.22222222,41.19110841,39.21793952,-0.1281814446,-0.1326724049,1,1,22.616856,69.84651878
5.44,22.80931342,22.22222222,41.17934013,39.21397013,-0.1277683704,-0.132313128,1,1,22.61529622,70.14130083
5.46,22.80667443,22.22222222,41.16762469,39.21001164,-0.1273524916,-0.1319495474,1,1,22.61374483,70.43796636
5.48,22.80404279,22.22222222,41.15596196,39.20606419,-0.1269339028,-0.1315817829,1,1,22.61220178,70.73651946
5.5,22.80141859,22.22222222,41.1443518,39.20212789,-0.126512697,-0.1312099525,1,1,22.610667,71.03696426
5.52,22.79880191,22.22222222,41.13279403,39.19820286,-0.1260889654,-0.1308341721,1,1,22.60914046,71.33930493
5.54,22.79619282,22.22222222,41.12128853,39.19428923,-0.1256627978,-0.1304545556,1,1,22.60762208,71.64354568
5.56,22.79359139,22.22222222,41.10983513,39.19038709,-0.1252342822,-0.1300712149,1,1,22.60611183,71.94969076
5.58,22.79099771,22.22222222,41.09843369,39.18649656,-0.1248035052,-0.1296842603,1,1,22.60460965,72.25774448
5.6,22.78841183,22.22222222,41.08708404,39.18261775,-0.1243705518,-0.1292937999,1,1,22.60311548,72.56771117
5.62,22.78583383,22.22222222,41.07578602,39.17875075,-0.1239355055,-0.1288999401,1,1,22.60162928,72.87959519
5.64,22.78326378,22.22222222,41.06453949,39.17489567,-0.1234984483,-0.1285027853,1,1,22.60015099,73.19340098
5.66,22.78070173,22.22222222,41.05334428,39.17105259,-0.1230594607,-0.1281024383,1,1,22.59868056,73.50913298
5.68,22.77814775,22.22222222,41.04220023,39.16722162,-0.122618622,-0.1276990001,1,1,22.59721794,73.82679569
5.7,22.7756019,22.22222222,41.03110718,39.16340285,-0.1221760096,-0.1272925699,1,1,22.59576309,74.14639362
5.72,22.77306423,22.22222222,41.02006496,39.15959635,-0.1217316999,-0.1268832451,1,1,22.59431595,74.46793134
5.74,22.77053481,22.22222222,41.00907342,39.15580221,-0.1212857679,-0.1264711214,1,1,22.59287646,74.79141344
5.76,22.76801368,22.22222222,40.99813238,39.15202053,-0.120838287,-0.1260562932,1,1,22.59144459,75.11684456
5.78,22.76550091,22.22222222,40.98724168,39.14825136,-0.1203893293,-0.1256388527,1,1,22.59002029,75.44422936
5.8,22.76299653,22.22222222,40.97640115,39.14449479,-0.1199389659,-0.1252188908,1,1,22.58860349,75.77357253
5.82,22.7605006,22.22222222,40.96561062,39.1407509,-0.1194872663,-0.1247964968,1,1,22.58719417,76.1048788
5.84,22.75801316,22.22222222,40.95486993,39.13701975,-0.1190342986,-0.1243717584,1,1,22.58579226,76.43815293
5.86,22.75553427,22.22222222,40.9441789,39.1333014,-0.1185801301,-0.1239447616,1,1,22.58439772,76.7733997
5.88,22.75306396,22.22222222,40.93353736,39.12959594,-0.1181248265,-0.1235155911,1,1,22.58301051,77.11062394
5.9,22.75060227,22.22222222,40.92294514,39.12590341,-0.1176684523,-0.1230843299,1,1,22.58163057,77.44983049
5.92,22.74814925,22.22222222,40.91240207,39.12222387,-0.1172110709,-0.1226510597,1,1,22.58025786,77.79102422
5.94,22.74570493,22.22222222,40.90190797,39.1185574,-0.1167527445,-0.1222158606,1,1,22.57889234,78.13421004
5.96,22.74326936,22.22222222,40.89146267,39.11490403,-0.116293534,-0.1217788113,1,1,22.57753395,78.47939287
5.98,22.74084256,22.22222222,40.881066,39.11126383,-0.1158334995,-0.1213399891,1,1,22.57618266,78.82657767
6,22.73842457,22.22222222,40.87071777,39.10763685,-0.1153726996,-0.1208994699,1,1,22.57483841,79.17576943
6.02,22.73601542,22.22222222,40.86041782,39.10402313,-0.1149111918,-0.1204573283,1,1,22.57350116,79.52697314
6.04,22.73361515,22.22222222,40.85016596,39.10042272,-0.1144490328,-0.1200136374,1,1,22.57217087,79.88019384
6.06,22.73122378,22.22222222,40.83996201,39.09683567,-0.113986278,-0.119568469,1,1,22.57084749,80.23543657
6.08,22.72884134,22.22222222,40.8298058,39.09326201,-0.1135229817,-0.1191218937,1,1,22.56953098,80.59270642
6.1,22.72646786,22.22222222,40.81969716,39.08970179,-0.1130591972,-0.1186739808,1,1,22.5682213,80.95200849
6.12,22.72410336,22.22222222,40.80963589,39.08615505,-0.112594977,-0.1182247981,1,1,22.56691839,81.31334788
6.14,22.72174788,22.22222222,40.79962182,39.08262181,-0.1121303721,-0.1177744124,1,1,22.56562222,81.67672976
6.16,22.71940142,22.22222222,40.78965477,39.07910213,-0.111665433,-0.1173228892,1,1,22.56433275,82.04215927
6.18,22.71706401,22.22222222,40.77973456,39.07559602,-0.1112002089,-0.1168702927,1,1,22.56304993,82.40964159
6.2,22.71473568,22.22222222,40.76986101,39.07210352,-0.1107347481,-0.116416686,1,1,22.56177372,82.77918194
6.22,22.71241644,22.22222222,40.76003393,39.06862465,-0.1102690981,-0.115962131,1,1,22.56050408,83.15078554
6.24,22.7101063,22.22222222,40.75025315,39.06515945,-0.1098033052,-0.1155066883,1,1,22.55924096,83.52445761
6.26,22.70780529,22.22222222,40.74051848,39.06170794,-0.1093374149,-0.1150504177,1,1,22.55798433,83.90020341
6.28,22.70551343,22.22222222,40.73082974,39.05827014,-0.1088714719,-0.1145933774,1,1,22.55673414,84.27802823
6.3,22.70323071,22.22222222,40.72118674,39.05484607,-0.1084055198,-0.114135625,1,1,22.55549036,84.65793735
6.32,22.70095717,22.22222222,40.7115893,39.05143575,-0.1079396014,-0.1136772166,1,1,22.55425293,85.03993607
6.34,22.69869281,22.22222222,40.70203725,39.04803921,-0.1074737588,-0.1132182074,1,1,22.55302183,85.42402973
6.36,22.69643763,22.22222222,40.69253039,39.04465645,-0.107008033,-0.1127586515,1,1,22.55179701,85.81022365
6.38,22.69419166,22.22222222,40.68306854,39.04128749,-0.1065424642,-0.112298602,1,1,22.55057843,86.19852318
6.4,22.6919549,22.22222222,40.67365152,39.03793235,-0.106077092,-0.111838111,1,1,22.54936606,86.5889337
6.42,22.68972735,22.22222222,40.66427914,39.03459103,-0.1056119548,-0.1113772295,1,1,22.54815984,86.98146059
6.44,22.68750903,22.22222222,40.65495122,39.03126355,-0.1051470905,-0.1109160075,1,1,22.54695976,87.37610923
6.46,22.68529994,22.22222222,40.64566758,39.02794991,-0.1046825361,-0.1104544941,1,1,22.54576575,87.77288503
6.48,22.68310009,22.22222222,40.63642802,39.02465013,-0.1042183279,-0.1099927375,1,1,22.5445778,88.17179341
6.5,22.68090947,22.22222222,40.62723237,39.02136421,-0.1037545013,-0.1095307847,1,1,22.54339585,88.57283979
6.52,22.6787281,22.22222222,40.61808044,39.01809215,-0.1032910911,-0.1090686821,1,1,22.54221988,88.97602962
6.54,22.67655597,22.22222222,40.60897204,39.01483395,-0.1028281312,-0.1086064748,1,1,22.54104984,89.38136835
6.56,22.67439309,22.22222222,40.599907,39.01158963,-0.1023656549,-0.1081442073,1,1,22.5398857,89.78886143
6.58,22.67223945,22.22222222,40.59088511,39.00835917,-0.1019036947,-0.1076819231,1,1,22.53872741,90.19851434
6.6,22.67009505,22.22222222,40.58190621,39.00514258,-0.1014422825,-0.1072196648,1,1,22.53757495,90.61033255
6.62,22.6679599,22.22222222,40.57297011,39.00193986,-0.1009814493,-0.1067574742,1,1,22.53642827,91.02432155
6.64,22.665834,22.22222222,40.56407661,38.99875099,-0.1005212257,-0.1062953922,1,1,22.53528735,91.44048685
6.66,22.66371733,22.22222222,40.55522555,38.99557599,-0.1000616414,-0.1058334589,1,1,22.53415213,91.85883394
6.68,22.66160989,22.22222222,40.54641672,38.99241484,-0.09960272554,-0.1053717135,1,1,22.5330226,92.27936833
6.7,22.65951169,22.22222222,40.53764995,38.98926753,-0.09914450656,-0.1049101945,1,1,22.5318987,92.70209554
6.72,22.65742271,22.22222222,40.52892505,38.98613407,-0.09868701229,-0.1044489395,1,1,22.53078042,93.1270211
6.74,22.65534295,22.22222222,40.52024184,38.98301443,-0.09823026993,-0.1039879853,1,1,22.5296677,93.55415054
6.76,22.6532724,22.22222222,40.51160013,38.9799086,-0.09777430605,-0.1035273681,1,1,22.52856053,93.9834894
6.78,22.65121106,22.22222222,40.50299974,38.97681659,-0.09731914661,-0.1030671231,1,1,22.52745885,94.4150432
6.8,22.64915892,22.22222222,40.49444048,38.97373837,-0.09686481697,-0.102607285,1,1,22.52636264,94.84881751
6.82,22.64711596,22.22222222,40.48592218,38.97067394,-0.09641134191,-0.1021478875,1,1,22.52527187,95.28481788
6.84,22.64508218,22.22222222,40.47744464,38.96762327,-0.09595874561,-0.1016889639,1,1,22.5241865,95.72304985
6.86,22.64305757,22.22222222,40.46900769,38.96458635,-0.09550705169,-0.1012305464,1,1,22.52310649,96.16351898
6.88,22.64104211,22.22222222,40.46061113,38.96156317,-0.09505628321,-0.1007726668,1,1,22.52203181,96.60623084
6.9,22.63903581,22.22222222,40.4522548,38.95855371,-0.09460646267,-0.1003153562,1,1,22.52096244,97.05119099
6.92,22.63703863,22.22222222,40.4439385,38.95555795,-0.09415761203,-0.09985864467,1,1,22.51989833,97.49840499
6.94,22.63505058,22.22222222,40.43566205,38.95257587,-0.09370975271,-0.09940256206,1,1,22.51883946,97.94787842
6.96,22.63307164,22.22222222,40.42742527,38.94960746,-0.09326290561,-0.09894713731,1,1,22.51778578,98.39961683
6.98,22.63110179,22.22222222,40.41922798,38.94665269,-0.09281709111,-0.09849239878,1,1,22.51673728,98.85362581
7,22.62914102,22.22222222,40.41107,38.94371154,-0.09237232909,-0.09803837416,1,1,22.51569391,99.30991092
7.02,22.62718932,22.22222222,40.40295114,38.94078398,-0.0919286389,-0.09758509056,1,1,22.51465565,99.76847774
7.04,22.62524667,22.22222222,40.39487123,38.93787001,-0.09148603943,-0.09713257443,1,1,22.51362247,100.2293318
7.06,22.62331305,22.22222222,40.38683007,38.93496958,-0.09104454908,-0.09668085163,1,1,22.51259432,100.6924788
7.08,22.62138846,22.22222222,40.3788275,38.93208268,-0.09060418575,-0.09622994742,1,1,22.51157119,101.1579241
7.1,22.61947286,22.22222222,40.37086333,38.92920929,-0.0901649669,-0.09577988649,1,1,22.51055303,101.6256735
7.12,22.61756624,22.22222222,40.36293739,38.92634937,-0.08972690952,-0.09533069292,1,1,22.50953983,102.0957323
7.14,22.6156686,22.22222222,40.35504948,38.92350289,-0.08929003015,-0.09488239025,1,1,22.50853154,102.5681064
7.16,22.6137799,22.22222222,40.34719944,38.92066984,-0.08885434486,-0.09443500144,1,1,22.50752814,103.042801
7.18,22.61190012,22.22222222,40.33938709,38.91785019,-0.08841986933,-0.09398854892,1,1,22.5065296,103.519822
7.2,22.61002926,22.22222222,40.33161224,38.9150439,-0.08798661877,-0.09354305455,1,1,22.50553589,103.9991747
7.22,22.60816729,22.22222222,40.32387472,38.91225094,-0.08755460798,-0.09309853969,1,1,22.50454698,104.4808647
7.24,22.60631419,22.22222222,40.31617435,38.90947129,-0.08712385135,-0.09265502515,1,1,22.50356283,104.9648977
7.26,22.60446994,22.22222222,40.30851095,38.90670491,-0.08669436285,-0.09221253125,1,1,22.50258343,105.4512791
7.28,22.60263452,22.22222222,40.30088435,38.90395178,-0.08626615605,-0.09177107777,1,1,22.50160874,105.9400145
7.3,22.60080791,22.22222222,40.29329437,38.90121186,-0.08583924415,-0.09133068404,1,1,22.50063872,106.4311094
7.32,22.59899008,22.22222222,40.28574083,38.89848512,-0.08541363992,-0.09089136884,1,1,22.49967337,106.9245693
7.34,22.59718102,22.22222222,40.27822357,38.89577152,-0.08498935577,-0.09045315053,1,1,22.49871263,107.4203999
7.36,22.5953807,22.22222222,40.27074239,38.89307104,-0.08456640375,-0.09001604695,1,1,22.49775649,107.9186065
7.38,22.59358909,22.22222222,40.26329714,38.89038364,-0.08414479552,-0.08958007549,1,1,22.49680492,108.4191947
7.4,22.59180619,22.22222222,40.25588763,38.88770928,-0.08372454238,-0.0891452531,1,1,22.49585789,108.92217
7.42,22.59003196,22.22222222,40.2485137,38.88504793,-0.08330565527,-0.08871159624,1,1,22.49491537,109.427538
7.44,22.58826637,22.22222222,40.24117516,38.88239956,-0.0828881448,-0.08827912096,1,1,22.49397734,109.9353041
7.46,22.58650942,22.22222222,40.23387184,38.87976413,-0.08247202123,-0.08784784287,1,1,22.49304377,110.4454737
7.48,22.58476106,22.22222222,40.22660358,38.87714159,-0.08205729446,-0.08741777714,1,1,22.49211462,110.9580525
7.5,22.58302128,22.22222222,40.2193702,38.87453192,-0.08164397409,-0.08698893852,1,1,22.49118988,111.4730457
7.52,22.58129006,22.22222222,40.21217153,38.87193508,-0.08123206937,-0.08656134137,1,1,22.49026951,111.990459
7.54,22.57956736,22.22222222,40.20500741,38.86935103,-0.08082158924,-0.08613499961,1,1,22.4893535,112.5102977
7.56,22.57785316,22.22222222,40.19787764,38.86677974,-0.08041254232,-0.08570992678,1,1,22.4884418,113.0325673
7.58,22.57614743,22.22222222,40.19078208,38.86422115,-0.08000493694,-0.08528613602,1,1,22.48753441,113.5572732
7.6,22.57445016,22.22222222,40.18372055,38.86167524,-0.07959878109,-0.08486364009,1,1,22.48663128,114.0844209
7.62,22.57276131,22.22222222,40.17669288,38.85914197,-0.07919408251,-0.08444245137,1,1,22.4857324,114.6140157
7.64,22.57108086,22.22222222,40.1696989,38.85662129,-0.0787908486,-0.08402258187,1,1,22.48483774,115.1460631
7.66,22.56940878,22.22222222,40.16273845,38.85411317,-0.07838908649,-0.0836040432,1,1,22.48394728,115.6805685
7.68,22.56774504,22.22222222,40.15581136,38.85161757,-0.07798880305,-0.08318684667,1,1,22.48306098,116.2175372
7.7,22.56608962,22.22222222,40.14891746,38.84913444,-0.07759000483,-0.08277100318,1,1,22.48217883,116.7569746
7.72,22.56444249,22.22222222,40.14205658,38.84666374,-0.07719269815,-0.08235652331,1,1,22.48130079,117.2988861
7.74,22.56280362,22.22222222,40.13522856,38.84420544,-0.07679688904,-0.0819434173,1,1,22.48042685,117.843277
7.76,22.56117299,22.22222222,40.12843324,38.84175949,-0.07640258325,-0.08153169504,1,1,22.47955697,118.3901526
7.78,22.55955056,22.22222222,40.12167045,38.83932585,-0.07600978632,-0.08112136609,1,1,22.47869114,118.9395183
7.8,22.55793631,22.22222222,40.11494003,38.83690447,-0.07561850349,-0.08071243971,1,1,22.47782933,119.4913794
7.82,22.55633022,22.22222222,40.1082418,38.83449532,-0.07522873977,-0.08030492481,1,1,22.47697152,120.0457412
7.84,22.55473224,22.22222222,40.10157562,38.83209836,-0.07484049994,-0.07989883001,1,1,22.47611768,120.602609
7.86,22.55314236,22.22222222,40.09494132,38.82971353,-0.07445378852,-0.07949416361,1,1,22.47526778,121.161988
7.88,22.55156054,22.22222222,40.08833874,38.82734081,-0.0740686098,-0.0790909336,1,1,22.47442181,121.7238834
7.9,22.54998675,22.22222222,40.08176771,38.82498013,-0.07368496784,-0.07868914769,1,1,22.47357974,122.2883007
7.92,22.54842098,22.22222222,40.07522808,38.82263147,-0.07330286648,-0.07828881331,1,1,22.47274154,122.8552448
7.94,22.54686318,22.22222222,40.06871968,38.82029477,-0.07292230933,-0.07788993756,1,1,22.4719072,123.4247212
7.96,22.54531333,22.22222222,40.06224236,38.81796999,-0.07254329978,-0.0774925273,1,1,22.4710767,123.9967349
7.98,22.5437714,22.22222222,40.05579596,38.8156571,-0.07216584101,-0.0770965891,1,1,22.47024999,124.5712912
8,22.54223735,22.22222222,40.04938031,38.81335603,-0.07178993599,-0.07670212925,1,1,22.46942708,125.1483953
8.02,22.54071117,22.22222222,40.04299527,38.81106676,-0.0714155875,-0.07630915379,1,1,22.46860793,125.7280522
8.04,22.53919282,22.22222222,40.03664068,38.80878923,-0.07104279808,-0.07591766849,1,1,22.46779251,126.3102671
8.06,22.53768226,22.22222222,40.03031637,38.8065234,-0.07067157011,-0.07552767886,1,1,22.46698082,126.8950452
8.08,22.53617948,22.22222222,40.0240222,38.80426922,-0.07030190575,-0.07513919016,1,1,22.46617282,127.4823915
8.1,22.53468444,22.22222222,40.017758,38.80202666,-0.06993380699,-0.0747522074,1,1,22.46536849,128.0723112
8.12,22.5331971,22.22222222,40.01152363,38.79979565,-0.06956727561,-0.07436673537,1,1,22.46456782,128.6648093
8.14,22.53171745,22.22222222,40.00531893,38.79757617,-0.06920231322,-0.07398277859,1,1,22.46377077,129.2598909
8.16,22.53024544,22.22222222,39.99914375,38.79536816,-0.06883892125,-0.07360034136,1,1,22.46297734,129.8575609
8.18,22.52878105,22.22222222,39.99299793,38.79317158,-0.06847710096,-0.07321942775,1,1,22.46218749,130.4578245
8.2,22.52732425,22.22222222,39.98688132,38.79098638,-0.06811685342,-0.07284004161,1,1,22.46140121,131.0606866
8.22,22.52587501,22.22222222,39.98079377,38.78881251,-0.06775817955,-0.07246218655,1,1,22.46061847,131.6661523
8.24,22.52443329,22.22222222,39.97473513,38.78664993,-0.06740108008,-0.07208586599,1,1,22.45983926,132.2742264
8.26,22.52299907,22.22222222,39.96870525,38.7844986,-0.0670455556,-0.07171108312,1,1,22.45906355,132.884914
8.28,22.52157231,22.22222222,39.96270398,38.78235847,-0.06669160653,-0.07133784092,1,1,22.45829133,133.4982199
8.3,22.52015299,22.22222222,39.95673117,38.78022948,-0.06633923313,-0.07096614217,1,1,22.45752256,134.1141492
8.32,22.51874107,22.22222222,39.95078668,38.7781116,-0.06598843552,-0.07059598944,1,1,22.45675724,134.7327066
8.34,22.51733652,22.22222222,39.94487035,38.77600478,-0.06563921366,-0.07022738513,1,1,22.45599534,135.353897
8.36,22.51593931,22.22222222,39.93898203,38.77390897,-0.06529156737,-0.06986033141,1,1,22.45523683,135.9777254
8.38,22.51454942,22.22222222,39.93312159,38.77182413,-0.0649454963,-0.06949483029,1,1,22.45448171,136.6041964
8.4,22.5131668,22.22222222,39.92728887,38.7697502,-0.064601,-0.06913088357,1,1,22.45372996,137.2333151
8.42,22.51179143,22.22222222,39.92148373,38.76768714,-0.06425807786,-0.06876849289,1,1,22.45298154,137.8650861
8.44,22.51042328,22.22222222,39.91570603,38.76563491,-0.06391672912,-0.06840765968,1,1,22.45223645,138.4995142
8.46,22.50906231,22.22222222,39.90995562,38.76359346,-0.06357695292,-0.06804838524,1,1,22.45149465,139.1366042
8.48,22.5077085,22.22222222,39.90423236,38.76156274,-0.06323874824,-0.06769067065,1,1,22.45075614,139.7763609
8.5,22.50636181,22.22222222,39.8985361,38.75954271,-0.06290211396,-0.06733451686,1,1,22.4500209,140.4187888
8.52,22.50502221,22.22222222,39.8928667,38.75753331,-0.06256704881,-0.06697992463,1,1,22.4492889,141.0638928
8.54,22.50368967,22.22222222,39.88722403,38.7555345,-0.06223355141,-0.06662689456,1,1,22.44856013,141.7116775
8.56,22.50236416,22.22222222,39.88160793,38.75354624,-0.06190162027,-0.06627542711,1,1,22.44783456,142.3621476
8.58,22.50104565,22.22222222,39.87601828,38.75156847,-0.06157125377,-0.06592552256,1,1,22.44711218,143.0153077
8.6,22.49973411,22.22222222,39.87045493,38.74960116,-0.06124245018,-0.06557718106,1,1,22.44639298,143.6711623
8.62,22.4984295,22.22222222,39.86491774,38.74764425,-0.06091520766,-0.06523040259,1,1,22.44567692,144.3297162
8.64,22.49713179,22.22222222,39.85940657,38.74569769,-0.06058952426,-0.06488518699,1,1,22.444964,144.9909738
8.66,22.49584096,22.22222222,39.85392128,38.74376145,-0.06026539792,-0.06454153398,1,1,22.44425419,145.6549397
8.68,22.49455697,22.22222222,39.84846175,38.74183546,-0.05994282648,-0.06419944309,1,1,22.44354748,146.3216184
8.7,22.4932798,22.22222222,39.84302783,38.73991969,-0.05962180768,-0.06385891376,1,1,22.44284385,146.9910144
8.72,22.4920094,22.22222222,39.83761938,38.7380141,-0.05930233915,-0.06351994528,1,1,22.44214328,147.6631323
8.74,22.49074575,22.22222222,39.83223627,38.73611862,-0.05898441843,-0.06318253679,1,1,22.44144575,148.3379764
8.76,22.48948881,22.22222222,39.82687837,38.73423322,-0.05866804297,-0.06284668732,1,1,22.44075125,149.0155512
8.78,22.48823857,22.22222222,39.82154554,38.73235785,-0.05835321011,-0.06251239577,1,1,22.44005976,149.6958611
8.8,22.48699497,22.22222222,39.81623765,38.73049246,-0.05803991712,-0.06217966092,1,1,22.43937126,150.3789105
8.82,22.485758,22.22222222,39.81095456,38.728637,-0.05772816116,-0.06184848141,1,1,22.43868573,151.0647038
8.84,22.48452763,22.22222222,39.80569615,38.72679144,-0.05741793933,-0.06151885579,1,1,22.43800317,151.7532452
8.86,22.48330381,22.22222222,39.80046228,38.72495571,-0.05710924861,-0.06119078248,1,1,22.43732354,152.4445392
8.88,22.48208652,22.22222222,39.79525282,38.72312979,-0.05680208593,-0.06086425977,1,1,22.43664683,153.13859
8.9,22.48087574,22.22222222,39.79006765,38.72131361,-0.05649644812,-0.06053928586,1,1,22.43597303,153.8354018
8.92,22.47967142,22.22222222,39.78490662,38.71950713,-0.05619233194,-0.06021585884,1,1,22.43530212,154.534979
8.94,22.47847354,22.22222222,39.77976961,38.71771031,-0.05588973406,-0.05989397669,1,1,22.43463408,155.2373258
8.96,22.47728207,22.22222222,39.7746565,38.7159231,-0.05558865109,-0.05957363728,1,1,22.4339689,155.9424463
8.98,22.47609697,22.22222222,39.76956716,38.71414546,-0.05528907957,-0.05925483838,1,1,22.43330656,156.6503447
9,22.47491822,22.22222222,39.76450145,38.71237733,-0.05499101594,-0.05893757768,1,1,22.43264705,157.3610253
9.02,22.47374578,22.22222222,39.75945925,38.71061868,-0.05469445661,-0.05862185274,1,1,22.43199034,158.074492
9.04,22.47257963,22.22222222,39.75444044,38.70886945,-0.05439939789,-0.05830766105,1,1,22.43133642,158.7907491
9.06,22.47141973,22.22222222,39.74944489,38.7071296,-0.05410583604,-0.057995,1,1,22.43068528,159.5098006
9.08,22.47026605,22.22222222,39.74447248,38.70539908,-0.05381376726,-0.05768386688,1,1,22.4300369,160.2316506
9.1,22.46911857,22.22222222,39.73952308,38.70367785,-0.05352318766,-0.05737425891,1,1,22.42939127,160.956303
9.12,22.46797724,22.22222222,39.73459656,38.70196587,-0.05323409332,-0.05706617321,1,1,22.42874836,161.683762
9.14,22.46684205,22.22222222,39.72969282,38.70026308,-0.05294648024,-0.05675960682,1,1,22.42810817,162.4140314
9.16,22.46571296,22.22222222,39.72481171,38.69856944,-0.05266034438,-0.05645455669,1,1,22.42747068,163.1471153
9.18,22.46458994,22.22222222,39.71995313,38.69688491,-0.05237568163,-0.05615101971,1,1,22.42683587,163.8830176
9.2,22.46347296,22.22222222,39.71511694,38.69520944,-0.05209248782,-0.05584899266,1,1,22.42620372,164.6217421
9.22,22.46236199,22.22222222,39.71030304,38.69354299,-0.05181075875,-0.05554847227,1,1,22.42557423,165.3632929
9.24,22.461257,22.22222222,39.70551129,38.6918855,-0.05153049015,-0.05524945519,1,1,22.42494738,166.1076736
9.26,22.46015796,22.22222222,39.70074159,38.69023695,-0.05125167769,-0.05495193799,1,1,22.42432315,166.8548882
9.28,22.45906485,22.22222222,39.6959938,38.68859727,-0.05097431702,-0.05465591716,1,1,22.42370153,167.6049406
9.3,22.45797762,22.22222222,39.69126782,38.68696643,-0.05069840371,-0.05436138915,1,1,22.4230825,168.3578343
9.32,22.45689625,22.22222222,39.68656353,38.68534438,-0.05042393332,-0.05406835032,1,1,22.42246605,169.1135733
9.34,22.45582071,22.22222222,39.6818808,38.68373107,-0.05015090134,-0.05377679696,1,1,22.42185217,169.8721613
9.36,22.45475098,22.22222222,39.67721953,38.68212647,-0.04987930321,-0.05348672531,1,1,22.42124083,170.6336019
9.38,22.45368702,22.22222222,39.67257959,38.68053053,-0.04960913435,-0.05319813154,1,1,22.42063204,171.3978988
9.4,22.4526288,22.22222222,39.66796088,38.6789432,-0.04934039012,-0.05291101176,1,1,22.42002576,172.1650558
9.42,22.45157629,22.22222222,39.66336327,38.67736444,-0.04907306586,-0.05262536203,1,1,22.41942199,172.9350764
9.44,22.45052947,22.22222222,39.65878666,38.6757942,-0.04880715686,-0.05234117834,1,1,22.41882071,173.7079643
9.46,22.4494883,22.22222222,39.65423093,38.67423245,-0.04854265837,-0.05205845662,1,1,22.41822192,174.483723
9.48,22.44845275,22.22222222,39.64969596,38.67267913,-0.04827956561,-0.05177719276,1,1,22.41762559,175.2623561
9.5,22.44742281,22.22222222,39.64518165,38.67113421,-0.04801787376,-0.05149738259,1,1,22.41703171,176.0438671
9.52,22.44639843,22.22222222,39.64068788,38.66959764,-0.04775757797,-0.05121902188,1,1,22.41644027,176.8282596
9.54,22.44537958,22.22222222,39.63621455,38.66806938,-0.04749867336,-0.05094210637,1,1,22.41585126,177.615537
9.56,22.44436625,22.22222222,39.63176153,38.66654938,-0.04724115502,-0.05066663173,1,1,22.41526465,178.4057028
9.58,22.4433584,22.22222222,39.62732873,38.6650376,-0.04698501799,-0.05039259359,1,1,22.41468045,179.1987603
9.6,22.442356,22.22222222,39.62291603,38.663534,-0.04673025731,-0.05011998754,1,1,22.41409863,179.9947131
9.62,22.44135902,22.22222222,39.61852333,38.66203853,-0.04647686798,-0.04984880913,1,1,22.41351918,180.7935645
9.64,22.44036744,22.22222222,39.61415051,38.66055116,-0.04622484496,-0.04957905383,1,1,22.41294209,181.5953178
9.66,22.43938123,22.22222222,39.60979746,38.65907184,-0.04597418321,-0.04931071712,1,1,22.41236735,182.3999765
9.68,22.43840035,22.22222222,39.60546409,38.65760053,-0.04572487763,-0.04904379441,1,1,22.41179494,183.2075437
9.7,22.43742479,22.22222222,39.60115028,38.65613718,-0.04547692313,-0.04877828107,1,1,22.41122484,184.0180227
9.72,22.4364545,22.22222222,39.59685594,38.65468175,-0.04523031459,-0.04851417243,1,1,22.41065706,184.8314169
9.74,22.43548947,22.22222222,39.59258094,38.65323421,-0.04498504685,-0.04825146381,1,1,22.41009157,185.6477295
9.76,22.43452967,22.22222222,39.58832519,38.65179451,-0.04474111474,-0.04799015045,1,1,22.40952836,186.4669636
9.78,22.43357507,22.22222222,39.58408859,38.6503626,-0.04449851307,-0.04773022759,1,1,22.40896742,187.2891224
9.8,22.43262563,22.22222222,39.57987103,38.64893845,-0.04425723663,-0.04747169043,1,1,22.40840874,188.1142092
9.82,22.43168134,22.22222222,39.5756724,38.64752201,-0.04401728021,-0.04721453413,1,1,22.4078523,188.9422269
9.84,22.43074217,22.22222222,39.57149261,38.64611325,-0.04377863854,-0.04695875381,1,1,22.40729809,189.7731788
9.86,22.42980808,22.22222222,39.56733155,38.64471212,-0.04354130637,-0.04670434459,1,1,22.40674611,190.6070679
9.88,22.42887905,22.22222222,39.56318913,38.64331858,-0.04330527841,-0.04645130153,1,1,22.40619633,191.4438972
9.9,22.42795506,22.22222222,39.55906523,38.64193259,-0.04307054939,-0.04619961968,1,1,22.40564875,192.2836699
9.92,22.42703607,22.22222222,39.55495976,38.64055411,-0.04283711399,-0.04594929406,1,1,22.40510335,193.1263888
9.94,22.42612207,22.22222222,39.55087263,38.6391831,-0.04260496688,-0.04570031965,1,1,22.40456013,193.972057
9.96,22.42521301,22.22222222,39.54680372,38.63781952,-0.04237410274,-0.04545269143,1,1,22.40401906,194.8206774
9.98,22.42430889,22.22222222,39.54275295,38.63646333,-0.04214451622,-0.04520640434,1,1,22.40348015,195.672253
10,22.42340966,22.22222222,39.53872021,38.63511449,-0.04191620197,-0.04496145329,1,1,22.40294337,196.5267867
10.02,22.4225153,22.19444444,39.53442762,38.63377295,-0.0740770334,-0.04471783318,1,1,22.37457538,173.3427419
10.04,22.42157397,22.16666667,39.52959784,38.63236095,-0.105436598,-0.0470665692,1,1,22.34611404,155.0744031
10.06,22.42053925,22.13888889,39.52423226,38.63080887,-0.136006673,-0.05173617151,1,1,22.31757357,140.3308437
10.08,22.41936969,22.11111111,39.51833317,38.62905453,-0.1658007441,-0.05847781163,1,1,22.28896684,128.1986484
10.1,22.41802842,22.08333333,39.51190364,38.62704263,-0.1948336975,-0.06706364623,1,1,22.26030554,118.053433
10.12,22.41648271,22.05555556,39.50494742,38.62472407,-0.2231215466,-0.07728525033,1,1,22.23160023,109.4540732
10.14,22.41470367,22.02777778,39.49746889,38.6220555,-0.2506811908,-0.08895215403,1,1,22.20286045,102.080191
10.16,22.41266586,22,39.48947297,38.61899879,-0.2775302038,-0.101890477,1,1,22.17409484,95.69357889
10.18,22.41034703,21.97222222,39.48096506,38.61552054,-0.303686647,-0.1159416551,1,1,22.14531113,90.11351263
10.2,22.4077278,21.94444444,39.47195098,38.6115917,-0.3291689071,-0.1309612545,1,1,22.1165163,85.2004511
10.22,22.40479144,21.91666667,39.4624369,38.60718717,-0.3539955546,-0.1468178667,1,1,22.08771661,80.84497805
10.24,22.4015236,21.88888889,39.4524293,38.6022854,-0.3781852214,-0.1633920817,1,1,22.05891767,76.96012049
10.26,22.39791209,21.86111111,39.44193495,38.59686814,-0.4017564949,-0.1805755329,1,1,22.03012447,73.4758996
10.28,22.39394669,21.83333333,39.4309608,38.59092004,-0.4247278282,-0.1982700099,1,1,22.00134149,70.3353929
10.3,22.38961896,21.80555556,39.41951404,38.58442844,-0.4471174628,-0.2163866353,1,1,21.97257268,67.49184049
10.32,22.38492206,21.77777778,39.40760196,38.57738308,-0.4689433647,-0.2348451015,1,1,21.94382155,64.90648653
10.34,22.3798506,21.75,39.39523201,38.5697759,-0.4902231699,-0.2535729626,1,1,21.91509122,62.54694712
10.36,22.3744005,21.72222222,39.38241172,38.56160075,-0.5109741407,-0.2725049792,1,1,21.88638442,60.3859607
10.38,22.36856885,21.69444444,39.36914869,38.55285327,-0.5312131298,-0.2915825121,1,1,21.85770353,58.40042062
10.4,22.36235379,21.66666667,39.35545058,38.54353068,-0.5509565516,-0.3107529615,1,1,21.82905065,56.57061825
10.42,22.3557544,21.63888889,39.34132505,38.5336316,-0.5702203611,-0.3299692487,1,1,21.80042758,54.87964515
10.44,22.34877062,21.61111111,39.3267798,38.52315592,-0.5890200375,-0.3491893377,1,1,21.77183589,53.31291675
10.46,22.3414031,21.58333333,39.31182251,38.51210465,-0.6073705737,-0.3683757937,1,1,21.74327691,51.85778961
10.48,22.33365319,21.55555556,39.29646084,38.50047979,-0.6252864693,-0.3874953761,1,1,21.71475176,50.50325169
10.5,22.32552282,21.52777778,39.28070241,38.48828423,-0.6427817283,-0.4065186635,1,1,21.68626141,49.23966974
10.52,22.31701443,21.5,39.26455481,38.47552164,-0.6598698592,-0.4254197087,1,1,21.65780664,48.05858205
10.54,22.30813091,21.47222222,39.24802558,38.46219637,-0.676563879,-0.4441757208,1,1,21.62938807,46.95252734
10.56,22.29887558,21.44444444,39.23112218,38.44831336,-0.6928763182,-0.4627667734,1,1,21.60100621,45.91490261
10.58,22.28925207,21.41666667,39.21385202,38.4338781,-0.7088192291,-0.481175537,1,1,21.57266145,44.93984439
10.6,22.27926432,21.38888889,39.19622241,38.41889649,-0.7244041947,-0.4993870324,1,1,21.54435407,44.02212914
10.62,22.26891656,21.36111111,39.1782406,38.40337483,-0.73964234,-0.5173884054,1,1,21.51608426,43.15708923
10.64,22.25821318,21.33333333,39.15991375,38.38731977,-0.7545443432,-0.5351687201,1,1,21.48785213,42.34054165
10.66,22.24715881,21.30555556,39.14124892,38.37073821,-0.7691204493,-0.55271877,1,1,21.4596577,41.56872746
10.68,22.23575819,21.27777778,39.12225308,38.35363728,-0.7833804824,-0.5700309043,1,1,21.43150094,40.83825999
10.7,22.22401621,21.25,39.10293312,38.33602432,-0.7973338609,-0.5870988706,1,1,21.40338176,40.14608039
10.72,22.21193786,21.22222222,39.0832958,38.31790679,-0.8109896104,-0.6039176698,1,1,21.37530002,39.48941938
10.74,22.19952819,21.19444444,39.0633478,38.29929228,-0.8243563794,-0.620483425,1,1,21.34725555,38.86576418
10.76,22.18679232,21.16666667,39.04309571,38.28018849,-0.8374424529,-0.6367932614,1,1,21.31924811,38.27282985
10.78,22.17373542,21.13888889,39.02254599,38.26060313,-0.8502557674,-0.6528451967,1,1,21.29127746,37.70853437
10.8,22.16036266,21.11111111,39.00170501,38.24054399,-0.8628039252,-0.6686380424,1,1,21.26334331,37.17097685
10.82,22.14667923,21.08333333,38.98057903,38.22001885,-0.8750942085,-0.684171313,1,1,21.23544537,36.65841853
10.84,22.13269033,21.05555556,38.95917423,38.19903549,-0.8871335937,-0.6994451446,1,1,21.2075833,36.16926605
10.86,22.11840113,21.02777778,38.93749664,38.17760169,-0.8989287649,-0.7144602206,1,1,21.17975677,35.70205674
10.88,22.10381677,21,38.91555224,38.15572516,-0.9104861271,-0.7292177041,1,1,21.15196542,35.25544569
10.9,22.08894239,20.97222222,38.89334687,38.13341358,-0.9218118199,-0.7437191779,1,1,21.12420888,34.82819427
10.92,22.07378306,20.94444444,38.87088629,38.11067458,-0.9329117292,-0.7579665893,1,1,21.09648678,34.41915992
10.94,22.05834381,20.91666667,38.84817613,38.08751572,-0.9437915002,-0.7719622005,1,1,21.06879875,34.02728721
10.96,22.04262964,20.88888889,38.82522195,38.06394446,-0.9544565488,-0.7857085445,1,1,21.04114439,33.65159969
10.98,22.02664547,20.86111111,38.8020292,38.03996821,-0.964912073,-0.7992083848,1,1,21.01352331,33.29119282
11,22.01039618,20.83333333,38.77860323,38.01559427,-0.9751630638,-0.8124646799,1,1,20.98593512,32.94522747
11.02,21.99388657,20.80555556,38.75494929,37.99082985,-0.985214316,-0.8254805506,1,1,20.95837944,32.61292422
11.04,21.97712138,20.77777778,38.73107254,37.96568208,-0.9950704375,-0.8382592518,1,1,20.93085587,32.29355819
11.06,21.9601053,20.75,38.70697805,37.94015795,-1.00473586,-0.8508041467,1,1,20.90336402,31.98645442
11.08,21.94284293,20.72222222,38.68267079,37.91426439,-1.014214846,-0.8631186837,1,1,20.8759035,31.69098364
11.1,21.9253388,20.69444444,38.65815564,37.8880082,-1.023511501,-0.8752063767,1,1,20.84847393,31.40655855
11.12,21.90759738,20.66666667,38.63343739,37.86139608,-1.032629778,-0.8870707866,1,1,20.82107493,31.13263041
11.14,21.88962307,20.63888889,38.60852074,37.83443461,-1.041573489,-0.8987155059,1,1,20.79370612,30.86868593
11.16,21.87142019,20.61111111,38.58341031,37.80713029,-1.050346308,-0.9101441445,1,1,20.76636712,30.61424449
11.18,21.85299298,20.58333333,38.55811062,37.77948948,-1.058951783,-0.9213603176,1,1,20.73905756,30.36885561
11.2,21.83434563,20.55555556,38.53262612,37.75151845,-1.067393341,-0.9323676349,1,1,20.71177709,30.13209661
11.22,21.81548224,20.52777778,38.50696118,37.72322336,-1.075674291,-0.9431696913,1,1,20.68452534,29.90357055
11.24,21.79640684,20.5,38.48112007,37.69461026,-1.083797835,-0.9537700593,1,1,20.65730196,29.68290429
11.26,21.77712339,20.47222222,38.45510699,37.66568509,-1.091767072,-0.9641722814,1,1,20.6301066,29.46974675
11.28,21.75763579,20.44444444,38.42892606,37.63645369,-1.099585002,-0.9743798646,1,1,20.60293892,29.26376729
11.3,21.73794787,20.41666667,38.40258134,37.6069218,-1.107254532,-0.9843962756,1,1,20.57579857,29.06465428
11.32,21.71806337,20.38888889,38.37607678,37.57709505,-1.114778481,-0.9942249361,1,1,20.54868523,28.87211373
11.34,21.69798599,20.36111111,38.34941629,37.54697898,-1.122159585,-1.00386922,1,1,20.52159857,28.68586808
11.36,21.67771934,20.33333333,38.32260368,37.516579,-1.1294005,-1.013332449,1,1,20.49453827,28.50565506
11.38,21.65726698,20.30555556,38.2956427,37.48590047,-1.136503807,-1.022617893,1,1,20.467504,28.33122666
11.4,21.6366324,20.27777778,38.26853704,37.4549486,-1.143472016,-1.031728766,1,1,20.44049547,28.16234814
11.42,21.61581904,20.25,38.2412903,37.42372856,-1.150307567,-1.040668226,1,1,20.41351235,27.99879722
11.44,21.59483025,20.22222222,38.21390603,37.39224538,-1.157012837,-1.049439373,1,1,20.38655435,27.84036318
11.46,21.57366935,20.19444444,38.1863877,37.36050402,-1.16359014,-1.05804525,1,1,20.35962118,27.68684618
11.48,21.55233957,20.16666667,38.15873873,37.32850935,-1.170041735,-1.066488842,1,1,20.33271254,27.53805653
11.5,21.53084411,20.13888889,38.13096245,37.29626616,-1.17636982,-1.074773073,1,1,20.30582815,27.39381406
11.52,21.50918609,20.11111111,38.10306214,37.26377914,-1.182576543,-1.082900813,1,1,20.27896771,27.25394751
11.54,21.48736859,20.08333333,38.07504104,37.23105289,-1.188663999,-1.090874871,1,1,20.25213096,27.11829403
11.56,21.46539463,20.05555556,38.0469023,37.19809195,-1.194634238,-1.098698001,1,1,20.22531762,26.9866986
11.58,21.44326718,20.02777778,38.01864901,37.16490076,-1.20048926,-1.1063729,1,1,20.19852743,26.85901361
11.6,21.42098913,20,37.99028423,37.1314837,-1.206231022,-1.113902209,1,1,20.17176011,26.73509837
11.62,21.39856336,19.97222222,37.96181092,37.09784504,-1.211861437,-1.121288514,1,1,20.1450154,26.61481876
11.64,21.37599267,19.94444444,37.93323203,37.06398901,-1.217382381,-1.128534348,1,1,20.11829305,26.49804682
11.66,21.35327983,19.91666667,37.90455042,37.02991975,-1.222795686,-1.135642191,1,1,20.0915928,26.38466036
11.68,21.33042754,19.88888889,37.8757689,36.99564131,-1.228103149,-1.14261447,1,1,20.06491441,26.27454271
11.7,21.30743847,19.86111111,37.84689024,36.96115771,-1.233306532,-1.149453565,1,1,20.03825762,26.16758232
11.72,21.28431523,19.83333333,37.81791715,36.92647285,-1.23840756,-1.156161802,1,1,20.01162219,26.06367255
11.74,21.26106041,19.80555556,37.78885228,36.89159061,-1.243407926,-1.162741463,1,1,19.98500789,25.96271135
11.76,21.23767651,19.77777778,37.75969824,36.85651476,-1.248309289,-1.16919478,1,1,19.95841447,25.86460103
11.78,21.21416603,19.75,37.7304576,36.82124905,-1.253113278,-1.17552394,1,1,19.93184171,25.76924803
11.8,21.19053141,19.72222222,37.70113284,36.78579711,-1.257821494,-1.181731087,1,1,19.90528937,25.67656267
11.82,21.16677504,19.69444444,37.67172645,36.75016256,-1.262435504,-1.18781832,1,1,19.87875722,25.58645898
11.84,21.14289929,19.66666667,37.64224081,36.71434893,-1.266956852,-1.193787695,1,1,19.85224504,25.49885449
11.86,21.11890646,19.63888889,37.61267831,36.6783597,-1.271387051,-1.199641227,1,1,19.82575261,25.41367004
11.88,21.09479885,19.61111111,37.58304126,36.64219827,-1.275727589,-1.205380893,1,1,19.79927971,25.33082964
11.9,21.07057867,19.58333333,37.55333193,36.60586801,-1.27997993,-1.211008629,1,1,19.77282612,25.25026027
11.92,21.04624815,19.55555556,37.52355255,36.56937222,-1.284145511,-1.216526333,1,1,19.74639162,25.17189175
11.94,21.02180943,19.52777778,37.49370531,36.53271414,-1.288225744,-1.221935867,1,1,19.71997601,25.09565661
11.96,20.99726465,19.5,37.46379234,36.49589697,-1.29222202,-1.227239057,1,1,19.69357907,25.02148994
11.98,20.97261589,19.47222222,37.43381576,36.45892384,-1.296135706,-1.232437694,1,1,19.66720061,24.94932927
12,20.94786522,19.44444444,37.40377761,36.42179784,-1.299968146,-1.237533535,1,1,19.6408404,24.87911443
12.02,20.92301466,19.41666667,37.37367993,36.38452199,-1.303720663,-1.242528304,1,1,19.61449825,24.81078751
12.04,20.89806618,19.38888889,37.34352467,36.34709928,-1.307394558,-1.247423693,1,1,19.58817397,24.74429267
12.06,20.87302176,19.36111111,37.3133138,36.30953263,-1.310991114,-1.252221362,1,1,19.56186734,24.67957607
12.08,20.8478833,19.33333333,37.28304919,36.27182495,-1.314511589,-1.256922942,1,1,19.53557818,24.61658583
12.1,20.8226527,19.30555556,37.25273272,36.23397905,-1.317957225,-1.261530034,1,1,19.50930629,24.55527184
12.12,20.79733181,19.27777778,37.22236621,36.19599772,-1.321329244,-1.266044209,1,1,19.48305148,24.49558577
12.14,20.77192247,19.25,37.19195144,36.15788371,-1.324628847,-1.270467012,1,1,19.45681355,24.43748095
12.16,20.74642647,19.22222222,37.16149017,36.11963971,-1.327857219,-1.274799959,1,1,19.43059231,24.3809123
12.18,20.72084558,19.19444444,37.13098412,36.08126837,-1.331015526,-1.27904454,1,1,19.40438759,24.32583623
12.2,20.69518154,19.16666667,37.10043496,36.04277231,-1.334104914,-1.283202218,1,1,19.3781992,24.27221066
12.22,20.66943605,19.13888889,37.06984434,36.00415407,-1.337126516,-1.287274434,1,1,19.35202694,24.21999484
12.24,20.6436108,19.11111111,37.03921387,35.9654162,-1.340081443,-1.291262601,1,1,19.32587065,24.16914939
12.26,20.61770744,19.08333333,37.00854513,35.92656115,-1.342970793,-1.295168108,1,1,19.29973013,24.1196362
12.28,20.59172759,19.05555556,36.97783967,35.88759138,-1.345795645,-1.298992323,1,1,19.27360521,24.07141835
12.3,20.56567286,19.02777778,36.947099,35.84850929,-1.348557063,-1.302736589,1,1,19.24749572,24.02446012
12.32,20.53954481,19,36.9163246,35.80931722,-1.351256095,-1.306402227,1,1,19.22140148,23.97872689
12.34,20.513345,18.97222222,36.88551793,35.7700175,-1.353893772,-1.309990536,1,1,19.19532231,23.93418513
12.36,20.48707495,18.94444444,36.85468039,35.73061242,-1.356471111,-1.313502795,1,1,19.16925804,23.89080233
12.38,20.46073614,18.91666667,36.82381339,35.69110421,-1.358989113,-1.31694026,1,1,19.1432085,23.84854698
12.4,20.43433006,18.88888889,36.79291829,35.65149509,-1.361448766,-1.320304168,1,1,19.11717353,23.80738849
12.42,20.40785814,18.86111111,36.7619964,35.61178721,-1.36385104,-1.323595736,1,1,19.09115295,23.7672972
12.44,20.38132182,18.83333333,36.73104905,35.57198273,-1.366196894,-1.326816161,1,1,19.0651466,23.72824435
12.46,20.35472249,18.80555556,36.7000775,35.53208373,-1.36848727,-1.329966619,1,1,19.03915431,23.69020197
12.48,20.32806152,18.77777778,36.66908299,35.49209228,-1.370723098,-1.333048271,1,1,19.01317592,23.65314293
12.5,20.30134028,18.75,36.63806675,35.45201041,-1.372905293,-1.336062258,1,1,18.98721127,23.61704089
12.52,20.27456008,18.72222222,36.60702997,35.41184012,-1.375034757,-1.3390097,1,1,18.96126019,23.58187022
12.54,20.24772225,18.69444444,36.57597381,35.37158337,-1.377112379,-1.341891705,1,1,18.93532253,23.54760604
12.56,20.22082806,18.66666667,36.54489942,35.33124209,-1.379139033,-1.344709359,1,1,18.90939813,23.51422416
12.58,20.19387879,18.63888889,36.51380791,35.29081818,-1.381115582,-1.347463733,1,1,18.88348683,23.48170104
12.6,20.16687567,18.61111111,36.48270036,35.2503135,-1.383042877,-1.350155881,1,1,18.85758848,23.4500138
12.62,20.13981993,18.58333333,36.45157785,35.2097299,-1.384921753,-1.35278684,1,1,18.83170292,23.41914018
12.64,20.11271278,18.55555556,36.42044141,35.16906917,-1.386753035,-1.355357633,1,1,18.80583,23.3890585
12.66,20.08555539,18.52777778,36.38929206,35.12833309,-1.388537536,-1.357869266,1,1,18.77996957,23.35974768
12.68,20.05834894,18.5,36.3581308,35.08752341,-1.390276057,-1.360322727,1,1,18.75412148,23.33118717
12.7,20.03109456,18.47222222,36.32695858,35.04664184,-1.391969385,-1.362718994,1,1,18.72828557,23.30335699
12.72,20.00379338,18.44444444,36.29577637,35.00569007,-1.393618297,-1.365059025,1,1,18.7024617,23.27623764
12.74,19.9764465,18.41666667,36.26458508,34.96466976,-1.395223559,-1.367343767,1,1,18.67664973,23.24981014
12.76,19.94905502,18.38888889,36.23338562,34.92358253,-1.396785925,-1.36957415,1,1,18.65084951,23.224056
12.78,19.92162,18.36111111,36.20217887,34.88243,-1.398306137,-1.371751092,1,1,18.62506089,23.19895718
12.8,19.89414249,18.33333333,36.17096569,34.84121373,-1.399784927,-1.373875496,1,1,18.59928373,23.1744961
12.82,19.86662352,18.30555556,36.13974692,34.79993529,-1.401223015,-1.37594825,1,1,18.57351788,23.15065561
12.84,19.83906412,18.27777778,36.10852338,34.75859618,-1.402621112,-1.377970231,1,1,18.54776322,23.12741898
12.86,19.81146527,18.25,36.07729586,34.71719791,-1.403979916,-1.379942302,1,1,18.52201959,23.1047699
12.88,19.78382797,18.22222222,36.04606515,34.67574195,-1.405300118,-1.381865311,1,1,18.49628686,23.08269245
12.9,19.75615317,18.19444444,36.01483201,34.63422975,-1.406582394,-1.383740095,1,1,18.4705649,23.06117109
12.92,19.72844182,18.16666667,35.98359717,34.59266272,-1.407827415,-1.385567479,1,1,18.44485356,23.04019064
12.94,19.70069485,18.13888889,35.95236136,34.55104228,-1.409035837,-1.387348274,1,1,18.41915271,23.01973628
12.96,19.67291318,18.11111111,35.92112528,34.50936978,-1.410208311,-1.389083279,1,1,18.39346221,22.99979356
12.98,19.64509772,18.08333333,35.88988961,34.46764658,-1.411345474,-1.390773282,1,1,18.36778194,22.98034834
13,19.61724934,18.05555556,35.85865503,34.42587401,-1.412447956,-1.392419057,1,1,18.34211176,22.96138682
13.02,19.58936891,18.02777778,35.82742218,34.38405337,-1.413516377,-1.394021369,1,1,18.31645154,22.9428955
13.04,19.56145729,18,35.7961917,34.34218594,-1.414551347,-1.39558097,1,1,18.29080115,22.92486122
13.06,19.53351532,17.97222222,35.76496419,34.30027298,-1.415553467,-1.3970986,1,1,18.26516047,22.90727107
13.08,19.50554382,17.94444444,35.73374027,34.25831573,-1.41652333,-1.398574989,1,1,18.23952935,22.89011247
13.1,19.4775436,17.91666667,35.70252051,34.2163154,-1.417461518,-1.400010856,1,1,18.21390769,22.87337309
13.12,19.44951546,17.88888889,35.67130547,34.1742732,-1.418368607,-1.401406909,1,1,18.18829534,22.85704091
13.14,19.42146019,17.86111111,35.64009571,34.13219028,-1.419245161,-1.402763845,1,1,18.1626922,22.84110412
13.16,19.39337854,17.83333333,35.60889177,34.09006781,-1.420091738,-1.40408235,1,1,18.13709813,22.82555122
13.18,19.36527128,17.80555556,35.57769416,34.04790692,-1.420908887,-1.405363101,1,1,18.111513,22.81037092
13.2,19.33713914,17.77777778,35.54650339,34.00570871,-1.421697147,-1.406606764,1,1,18.08593671,22.79555219
13.22,19.30898286,17.75,35.51531995,33.96347429,-1.422457051,-1.407813995,1,1,18.06036913,22.78108425
13.24,19.28080315,17.72222222,35.48414431,33.92120473,-1.423189123,-1.408985439,1,1,18.03481014,22.76695652
13.26,19.25260072,17.69444444,35.45297694,33.87890108,-1.423893879,-1.410121734,1,1,18.00925962,22.75315865
13.28,19.22437625,17.66666667,35.42181828,33.83656437,-1.424571827,-1.411223506,1,1,17.98371745,22.73968053
13.3,19.19613042,17.63888889,35.39066877,33.79419563,-1.425223467,-1.412291371,1,1,17.95818352,22.72651224
13.32,19.1678639,17.61111111,35.35952883,33.75179585,-1.425849292,-1.413325939,1,1,17.93265771,22.71364407
13.34,19.13957735,17.58333333,35.32839886,33.70936602,-1.426449786,-1.414327807,1,1,17.9071399,22.70106651
13.36,19.1112714,17.55555556,35.29727926,33.66690709,-1.427025428,-1.415297566,1,1,17.88162999,22.68877024
13.38,19.08294668,17.52777778,35.26617041,33.62442002,-1.427576688,-1.416235795,1,1,17.85612786,22.67674615
13.4,19.05460382,17.5,35.23507269,33.58190573,-1.428104029,-1.417143066,1,1,17.83063339,22.66498529
13.42,19.02624342,17.47222222,35.20398644,33.53936513,-1.428607906,-1.418019943,1,1,17.80514648,22.65347892
13.44,18.99786608,17.44444444,35.17291201,33.49679912,-1.429088769,-1.41886698,1,1,17.77966702,22.64221844
13.46,18.96947239,17.41666667,35.14184973,33.45420858,-1.429547059,-1.419684723,1,1,17.7541949,22.63119546
13.48,18.94106291,17.38888889,35.11079994,33.41159437,-1.429983212,-1.42047371,1,1,17.72873,22.62040172
13.5,18.91263822,17.36111111,35.07976292,33.36895733,-1.430397656,-1.42123447,1,1,17.70327223,22.60982916
13.52,18.88419887,17.33333333,35.048739,33.32629831,-1.430790812,-1.421967525,1,1,17.67782147,22.59946986
13.54,18.8557454,17.30555556,35.01772844,33.28361811,-1.431163096,-1.422673388,1,1,17.65237762,22.58931606
13.56,18.82727835,17.27777778,34.98673154,33.24091753,-1.431514917,-1.423352565,1,1,17.62694058,22.57936016
13.58,18.79879824,17.25,34.95574855,33.19819736,-1.431846675,-1.424005553,1,1,17.60151024,22.56959468
13.6,18.77030558,17.22222222,34.92477974,33.15545838,-1.432158769,-1.424632843,1,1,17.57608649,22.56001232
13.62,18.74180089,17.19444444,34.89382534,33.11270133,-1.432451586,-1.425234917,1,1,17.55066925,22.55060592
13.64,18.71328464,17.16666667,34.86288559,33.06992696,-1.432725512,-1.42581225,1,1,17.52525839,22.54136843
13.66,18.68475734,17.13888889,34.83196073,33.027136,-1.432980924,-1.426365311,1,1,17.49985383,22.53229297
13.68,18.65621944,17.11111111,34.80105096,32.98432917,-1.433218193,-1.42689456,1,1,17.47445547,22.52337278
13.7,18.62767143,17.08333333,34.7701565,32.94150715,-1.433437685,-1.427400451,1,1,17.4490632,22.51460121
13.72,18.59911377,17.05555556,34.73927753,32.89867065,-1.433639761,-1.42788343,1,1,17.42367693,22.50597178
13.74,18.57054689,17.02777778,34.70841426,32.85582033,-1.433824774,-1.428343936,1,1,17.39829656,22.4974781
13.76,18.54197124,17,34.67756686,32.81295686,-1.433993075,-1.428782403,1,1,17.372922,22.48911391
13.78,18.51338725,16.97222222,34.64673549,32.77008088,-1.434145005,-1.429199257,1,1,17.34755314,22.48087309
13.8,18.48479536,16.94444444,34.61592034,32.72719303,-1.434280904,-1.429594917,1,1,17.3221899,22.4727496
13.82,18.45619596,16.91666667,34.58512153,32.68429394,-1.434401103,-1.429969796,1,1,17.29683219,22.46473755
13.84,18.42758947,16.88888889,34.55433923,32.64138421,-1.43450593,-1.4303243,1,1,17.27147989,22.45683115
13.86,18.3989763,16.86111111,34.52357358,32.59846445,-1.434595707,-1.430658831,1,1,17.24613294,22.44902471
13.88,18.37035682,16.83333333,34.49282469,32.55553523,-1.43467075,-1.430973781,1,1,17.22079122,22.44131267
13.9,18.34173143,16.80555556,34.4620927,32.51259715,-1.434731371,-1.431269538,1,1,17.19545467,22.43368956
13.92,18.3131005,16.77777778,34.43137771,32.46965075,-1.434777878,-1.431546485,1,1,17.17012317,22.42615001
13.94,18.2844644,16.75,34.40067984,32.4266966,-1.434810572,-1.431804996,1,1,17.14479665,22.41868877
13.96,18.25582349,16.72222222,34.36999918,32.38373524,-1.434829751,-1.432045443,1,1,17.11947501,22.41130067
13.98,18.22717813,16.69444444,34.33933583,32.34076719,-1.434835706,-1.432268187,1,1,17.09415817,22.40398067
14,18.19852866,16.66666667,34.30868988,32.29779299,-1.434828725,-1.432473589,1,1,17.06884604,22.39672378
14.02,18.16987542,16.63888889,34.27806139,32.25481313,-1.434809091,-1.432662,1,1,17.04353854,22.38952516
14.04,18.14121874,16.61111111,34.24745045,32.21182811,-1.434777082,-1.432833767,1,1,17.01823558,22.38238001
14.06,18.11255896,16.58333333,34.21685712,32.16883844,-1.434732973,-1.432989232,1,1,16.99293707,22.37528366
14.08,18.08389638,16.55555556,34.18628145,32.12584457,-1.434677032,-1.433128731,1,1,16.96764293,22.36823152
14.1,18.05523133,16.52777778,34.15572351,32.082847,-1.434609525,-1.433252595,1,1,16.94235308,22.36121907
14.12,18.02656411,16.5,34.12518333,32.03984616,-1.434530712,-1.43336115,1,1,16.91706743,22.3542419
14.14,17.99789501,16.47222222,34.09466096,31.99684252,-1.434440851,-1.433454715,1,1,16.89178591,22.34729567
14.16,17.96922434,16.44444444,34.06415644,31.95383651,-1.434340192,-1.433533606,1,1,16.86650843,22.34037615
14.18,17.94055238,16.41666667,34.03366978,31.91082857,-1.434228985,-1.433598132,1,1,16.84123491,22.33347915
14.2,17.91187941,16.38888889,34.00320102,31.86781911,-1.434107472,-1.433648601,1,1,16.81596527,22.32660061
14.22,17.8832057,16.36111111,33.97275017,31.82480855,-1.433975896,-1.43368531,1,1,16.79069943,22.3197365
14.24,17.85453153,16.33333333,33.94231724,31.78179729,-1.433834491,-1.433708557,1,1,16.76543732,22.31288292
14.26,17.82585716,16.30555556,33.91190224,31.73878573,-1.433683489,-1.433718632,1,1,16.74017886,22.306036
14.28,17.79718284,16.27777778,33.88150517,31.69577426,-1.43352312,-1.433715821,1,1,16.71492396,22.29919197
14.3,17.76850883,16.25,33.85112604,31.65276325,-1.433353608,-1.433700404,1,1,16.68967256,22.29234715
14.32,17.73983538,16.22222222,33.82076482,31.60975307,-1.433175173,-1.433672661,1,1,16.66442457,22.2854979
14.34,17.71116272,16.19444444,33.7904215,31.56674408,-1.432988033,-1.433632862,1,1,16.63917993,22.27864067
14.36,17.6824911,16.16666667,33.76009607,31.52373664,-1.432792401,-1.433581275,1,1,16.61393855,22.27177199
14.38,17.65382073,16.13888889,33.72978851,31.4807311,-1.432588487,-1.433518165,1,1,16.58870037,22.26488845
14.4,17.62515186,16.11111111,33.69949879,31.43772779,-1.432376499,-1.433443791,1,1,16.56346531,22.2579867
14.42,17.59648469,16.08333333,33.66922686,31.39472703,-1.432156638,-1.433358408,1,1,16.5382333,22.25106348
14.44,17.56781944,16.05555556,33.63897271,31.35172917,-1.431929105,-1.433262266,1,1,16.51300426,22.24411558
14.46,17.53915633,16.02777778,33.60873629,31.3087345,-1.431694096,-1.433155613,1,1,16.48777814,22.23713987
14.48,17.51049556,16,33.57851755,31.26574334,-1.431451804,-1.433038692,1,1,16.46255484,22.23013327
14.5,17.48183732,15.97222222,33.54831644,31.22275598,-1.431202418,-1.432911741,1,1,16.43733431,22.22309278
14.52,17.45318182,15.94444444,33.51813291,31.17977273,-1.430946125,-1.432774995,1,1,16.41211648,22.21601546
14.54,17.42452925,15.91666667,33.48796692,31.13679387,-1.430683108,-1.432628685,1,1,16.38690127,22.20889842
14.56,17.39587979,15.88888889,33.45781838,31.09381968,-1.430413548,-1.432473039,1,1,16.36168863,22.20173884
14.58,17.36723362,15.86111111,33.42768725,31.05085043,-1.430137622,-1.43230828,1,1,16.33647847,22.19453397
14.6,17.33859093,15.83333333,33.39757345,31.00788639,-1.429855503,-1.432134627,1,1,16.31127074,22.18728111
14.62,17.30995188,15.80555556,33.36747691,30.96492783,-1.429567363,-1.431952297,1,1,16.28606537,22.17997762
14.64,17.28131665,15.77777778,33.33739755,30.92197498,-1.42927337,-1.431761503,1,1,16.26086229,22.17262093
14.66,17.2526854,15.75,33.30733531,30.87902811,-1.42897369,-1.431562452,1,1,16.23566144,22.1652085
14.68,17.2240583,15.72222222,33.2772901,30.83608745,-1.428668484,-1.431355351,1,1,16.21046275,22.15773787
14.7,17.19543549,15.69444444,33.24726183,30.79315323,-1.428357913,-1.431140402,1,1,16.18526616,22.15020664
14.72,17.16681713,15.66666667,33.21725041,30.7502257,-1.428042132,-1.430917803,1,1,16.16007161,22.14261245
14.74,17.13820338,15.63888889,33.18725576,30.70730507,-1.427721297,-1.430687749,1,1,16.13487903,22.13495299
14.76,17.10959437,15.61111111,33.15727778,30.66439156,-1.427395559,-1.430450433,1,1,16.10968836,22.12722603
14.78,17.08099025,15.58333333,33.12731638,30.62148537,-1.427065067,-1.430206043,1,1,16.08449953,22.11942937
14.8,17.05239115,15.55555556,33.09737146,30.57858673,-1.426729966,-1.429954765,1,1,16.0593125,22.11156087
14.82,17.02379722,15.52777778,33.06744291,30.53569583,-1.4263904,-1.429696781,1,1,16.03412719,22.10361845
14.84,16.99520857,15.5,33.03753063,30.49281286,-1.426046511,-1.42943227,1,1,16.00894355,22.09560005
14.86,16.96662534,15.47222222,33.00763451,30.44993802,-1.425698437,-1.42916141,1,1,15.98376152,22.0875037
14.88,16.93804766,15.44444444,32.97775445,30.40707149,-1.425346315,-1.428884372,1,1,15.95858104,22.07932747
14.9,16.90947563,15.41666667,32.94789032,30.36421345,-1.424990277,-1.428601327,1,1,15.93340204,22.07106945
14.92,16.88090938,15.38888889,32.91804203,30.32136407,-1.424630455,-1.428312443,1,1,15.90822448,22.06272781
14.94,16.85234902,15.36111111,32.88820944,30.27852354,-1.424266979,-1.428017884,1,1,15.88304829,22.05430076
14.96,16.82379467,15.33333333,32.85839245,30.235692,-1.423899974,-1.427717812,1,1,15.85787342,22.04578655
14.98,16.79524642,15.30555556,32.82859093,30.19286963,-1.423529566,-1.427412385,1,1,15.83269982,22.03718349
15,16.76670439,15.27777778,32.79880476,30.15005658,-1.423155877,-1.427101759,1,1,15.80752741,22.02848991
15.02,16.73816866,15.25,32.7690338,30.107253,-1.422779026,-1.426786089,1,1,15.78235616,22.01970422
15.04,16.70963935,15.22222222,32.73927794,30.06445903,-1.422399131,-1.426465524,1,1,15.75718601,22.01082485
15.06,16.68111655,15.19444444,32.70953705,30.02167482,-1.422016308,-1.426140212,1,1,15.73201689,22.00185028
15.08,16.65260034,15.16666667,32.67981099,29.97890051,-1.421630671,-1.4258103,1,1,15.70684876,21.99277903
15.1,16.62409082,15.13888889,32.65009964,29.93613624,-1.42124233,-1.42547593,1,1,15.68168157,21.98360968
15.12,16.59558808,15.11111111,32.62040285,29.89338212,-1.420851396,-1.425137242,1,1,15.65651526,21.97434083
15.14,16.56709219,15.08333333,32.59072049,29.85063829,-1.420457976,-1.424794374,1,1,15.63134977,21.96497113
15.16,16.53860324,15.05555556,32.56105243,29.80790486,-1.420062175,-1.424447462,1,1,15.60618507,21.95549928
15.18,16.51012131,15.02777778,32.53139851,29.76518196,-1.419664097,-1.424096639,1,1,15.58102109,21.94592401
15.2,16.48164647,15,32.50175861,29.7224697,-1.419263843,-1.423742036,1,1,15.55585778,21.9362441
15.22,16.45317879,14.97222222,32.47213258,29.67976819,-1.418861513,-1.42338378,1,1,15.5306951,21.92645835
15.24,16.42471835,14.94444444,32.44252028,29.63707753,-1.418457205,-1.423021999,1,1,15.50553299,21.91656563
15.26,16.39626522,14.91666667,32.41292155,29.59439783,-1.418051014,-1.422656815,1,1,15.48037141,21.90656482
15.28,16.36781945,14.88888889,32.38333626,29.55172918,-1.417643035,-1.422288351,1,1,15.45521031,21.89645485
15.3,16.33938112,14.86111111,32.35376426,29.50907167,-1.41723336,-1.421916726,1,1,15.43004963,21.88623469
15.32,16.31095027,14.83333333,32.32420539,29.46642541,-1.416822081,-1.421542057,1,1,15.40488933,21.87590335
15.34,16.28252699,14.80555556,32.2946595,29.42379048,-1.416409284,-1.421164459,1,1,15.37972936,21.86545985
15.36,16.2541113,14.77777778,32.26512645,29.38116696,-1.415995059,-1.420784045,1,1,15.35456968,21.85490329
15.38,16.22570329,14.75,32.23560609,29.33855493,-1.41557949,-1.420400926,1,1,15.32941023,21.84423278
15.4,16.19730298,14.72222222,32.20609825,29.29595447,-1.415162662,-1.420015211,1,1,15.30425098,21.83344745
15.42,16.16891044,14.69444444,32.17660278,29.25336566,-1.414744656,-1.419627007,1,1,15.27909187,21.82254649
15.44,16.14052571,14.66666667,32.14711953,29.21078857,-1.414325553,-1.419236419,1,1,15.25393286,21.81152913
15.46,16.11214884,14.63888889,32.11764834,29.16822326,-1.413905433,-1.41884355,1,1,15.2287739,21.8003946
15.48,16.08377987,14.61111111,32.08818905,29.12566981,-1.413484372,-1.4184485,1,1,15.20361496,21.7891422
15.5,16.05541884,14.58333333,32.05874151,29.08312827,-1.413062447,-1.41805137,1,1,15.17845598,21.77777124
15.52,16.0270658,14.55555556,32.02930555,29.0405987,-1.412639733,-1.417652256,1,1,15.15329693,21.76628106
15.54,15.99872077,14.52777778,31.99988102,28.99808116,-1.412216302,-1.417251254,1,1,15.12813775,21.75467104
15.56,15.97038381,14.5,31.97046775,28.95557571,-1.411792226,-1.416848458,1,1,15.10297841,21.74294061
15.58,15.94205493,14.47222222,31.94106558,28.91308239,-1.411367575,-1.41644396,1,1,15.07781886,21.73108919
15.6,15.91373417,14.44444444,31.91167436,28.87060125,-1.410942418,-1.416037849,1,1,15.05265907,21.71911627
15.62,15.88542156,14.41666667,31.88229391,28.82813235,-1.410516823,-1.415630214,1,1,15.02749898,21.70702134
15.64,15.85711714,14.38888889,31.85292408,28.78567571,-1.410090854,-1.415221143,1,1,15.00233856,21.69480393
15.66,15.82882093,14.36111111,31.8235647,28.74323139,-1.409664578,-1.41481072,1,1,14.97717777,21.68246362
15.68,15.80053295,14.33333333,31.79421561,28.70079942,-1.409238056,-1.414399029,1,1,14.95201657,21.66999998
15.7,15.77225322,14.30555556,31.76487663,28.65837984,-1.408811352,-1.413986151,1,1,14.92685492,21.65741265
15.72,15.74398178,14.27777778,31.73554762,28.61597267,-1.408384527,-1.413572167,1,1,14.90169277,21.64470125
15.74,15.71571864,14.25,31.70622839,28.57357796,-1.407957638,-1.413157156,1,1,14.87653009,21.63186547
15.76,15.68746381,14.22222222,31.67691879,28.53119572,-1.407530746,-1.412741194,1,1,14.85136684,21.61890501
15.78,15.65921733,14.19444444,31.64761864,28.48882599,-1.407103906,-1.412324358,1,1,14.82620298,21.6058196
15.8,15.63097919,14.16666667,31.61832779,28.44646879,-1.406677175,-1.411906722,1,1,14.80103847,21.59260898
15.82,15.60274942,14.13888889,31.58904606,28.40412414,-1.406250607,-1.411488358,1,1,14.77587327,21.57927294
15.84,15.57452804,14.11111111,31.55977329,28.36179206,-1.405824256,-1.411069338,1,1,14.75070736,21.56581129
15.86,15.54631504,14.08333333,31.5305093,28.31947257,-1.405398174,-1.410649732,1,1,14.72554068,21.55222384
15.88,15.51811045,14.05555556,31.50125393,28.27716568,-1.404972412,-1.410229607,1,1,14.70037321,21.53851047
15.9,15.48991427,14.02777778,31.47200702,28.23487141,-1.404547021,-1.409809031,1,1,14.6752049,21.52467103
15.92,15.46172651,14,31.44276839,28.19258976,-1.40412205,-1.409388071,1,1,14.65003572,21.51070545
15.94,15.43354717,13.97222222,31.41353787,28.15032076,-1.403697545,-1.408966789,1,1,14.62486564,21.49661363
15.96,15.40537627,13.94444444,31.38431531,28.1080644,-1.403273555,-1.408545249,1,1,14.59969463,21.48239554
15.98,15.3772138,13.91666667,31.35510052,28.0658207,-1.402850126,-1.408123514,1,1,14.57452263,21.46805114
16,15.34905977,13.88888889,31.32589334,28.02358965,-1.402427301,-1.407701643,1,1,14.54934963,21.45358043
16.02,15.32091417,13.88888889,31.29697138,27.98137126,-1.369617246,-1.407279696,1,1,14.55200891,21.85504108
16.04,15.29282884,13.88888889,31.26861172,27.93924326,-1.337610412,-1.4042667,1,1,14.55476258,22.27204358
16.06,15.26485015,13.88888889,31.24081271,27.89727523,-1.306395056,-1.398934197,1,1,14.55759638,22.70471816
16.08,15.23701953,13.88888889,31.21357179,27.8555293,-1.27595773,-1.391531065,1,1,14.56049739,23.15322476
16.1,15.20937383,13.88888889,31.18688564,27.81406074,-1.246283581,-1.382285199,1,1,14.56345387,23.61775186
16.12,15.18194573,13.88888889,31.16075022,27.77291859,-1.21735663,-1.371405069,1,1,14.56645521,24.09851547
16.14,15.1547641,13.88888889,31.1351609,27.73214615,-1.18916001,-1.359081194,1,1,14.56949184,24.59575837
16.16,15.12785435,13.88888889,31.11011249,27.69178153,-1.161676178,-1.345487499,1,1,14.57255508,25.10974954
16.18,15.1012387,13.88888889,31.08559934,27.65185805,-1.134887106,-1.330782594,1,1,14.57563715,25.64078372
16.2,15.07493648,13.88888889,31.06161536,27.61240472,-1.108774435,-1.315110955,1,1,14.57873102,26.18918123
16.22,15.0489644,13.88888889,31.03815413,27.5734466,-1.083319625,-1.298604033,1,1,14.5818304,26.75528773
16.24,15.02333678,13.88888889,31.0152089,27.53500516,-1.058504073,-1.28138128,1,1,14.58492964,27.33947434
16.26,14.99806575,13.88888889,30.99277265,27.49709863,-1.034309217,-1.263551104,1,1,14.58802369,27.94213766
16.28,14.97316152,13.88888889,30.97083816,27.45974228,-1.010716633,-1.245211753,1,1,14.59110806,28.56370003
16.3,14.94863248,13.88888889,30.94939799,27.42294871,-0.9877081033,-1.226452143,1,1,14.59417874,29.20460984
16.32,14.92448542,13.88888889,30.92844459,27.38672814,-0.9652656885,-1.20735262,1,1,14.59723218,29.86534191
16.34,14.90072571,13.88888889,30.90797026,27.35108857,-0.9433717763,-1.187985666,1,1,14.60026523,30.546398
16.36,14.87735738,13.88888889,30.88796721,27.31603607,-0.9220091283,-1.168416554,1,1,14.60327512,31.24830737
16.38,14.8543833,13.88888889,30.86842758,27.28157495,-0.9011609146,-1.14870396,1,1,14.60625941,31.97162741
16.4,14.83180529,13.88888889,30.84934347,27.24770793,-0.8808107428,-1.128900517,1,1,14.609216,32.71694441
16.42,14.80962422,13.88888889,30.83070695,27.21443633,-0.8609426794,-1.109053335,1,1,14.61214301,33.48487433
16.44,14.78784013,13.88888889,30.81251009,27.1817602,-0.8415412657,-1.089204482,1,1,14.61503887,34.27606367
16.46,14.7664523,13.88888889,30.79474494,27.14967846,-0.8225915292,-1.069391425,1,1,14.61790219,35.09119043
16.48,14.74545936,13.88888889,30.7774036,27.11818903,-0.8040789893,-1.049647433,1,1,14.6207318,35.93096514
16.5,14.72485932,13.88888889,30.76047819,27.08728898,-0.7859896609,-1.030001958,1,1,14.62352673,36.79613197
16.52,14.7046497,13.88888889,30.74396088,27.05697455,-0.7683100532,-1.010480974,1,1,14.62628616,37.68746985
16.54,14.68482755,13.88888889,30.72784388,27.02724133,-0.7510271668,-0.9911073004,1,1,14.6290094,38.6057938
16.56,14.66538953,13.88888889,30.71211949,26.9980843,-0.7341284878,-0.9719008897,1,1,14.63169593,39.5519562
16.58,14.64633195,13.88888889,30.69678005,26.96949793,-0.7176019801,-0.9528790975,1,1,14.63434531,40.52684824
16.6,14.62765081,13.88888889,30.681818,26.94147622,-0.701436076,-0.9340569282,1,1,14.63695725,41.53140139
16.62,14.60934187,13.88888889,30.66722586,26.9140128,-0.6856196656,-0.91544726,1,1,14.6395315,42.566589
16.64,14.59140065,13.88888889,30.65299621,26.88710097,-0.6701420847,-0.8970610524,1,1,14.64206794,43.63342799
16.66,14.5738225,13.88888889,30.63912175,26.86073374,-0.6549931023,-0.878907535,1,1,14.64456649,44.73298058
16.68,14.55660261,13.88888889,30.62559528,26.83490391,-0.6401629072,-0.8609943804,1,1,14.64702716,45.86635616
16.7,14.53973605,13.88888889,30.61240967,26.80960408,-0.6256420939,-0.8433278625,1,1,14.64945001,47.03471328
16.72,14.52321779,13.88888889,30.59955791,26.78482669,-0.6114216484,-0.825913001,1,1,14.65183513,48.23926167
16.74,14.50704272,13.88888889,30.58703308,26.76056408,-0.5974929341,-0.8087536928,1,1,14.65418269,49.48126449
16.76,14.49120566,13.88888889,30.57482838,26.73680849,-0.5838476767,-0.7918528321,1,1,14.65649287,50.76204051
16.78,14.47570141,13.88888889,30.56293709,26.71355212,-0.5704779503,-0.7752124197,1,1,14.65876588,52.08296664
16.8,14.46052474,13.88888889,30.5513526,26.69078711,-0.5573761625,-0.7588336622,1,1,14.66100199,53.44548035
16.82,14.4456704,13.88888889,30.54006843,26.6685056,-0.5445350405,-0.7427170622,1,1,14.66320146,54.85108239
16.84,14.43113315,13.88888889,30.52907817,26.64669972,-0.5319476169,-0.7268625004,1,1,14.66536458,56.30133959
16.86,14.41690776,13.88888889,30.51837554,26.62536164,-0.519607216,-0.7112693098,1,1,14.66749167,57.79788774
16.88,14.40298903,13.88888889,30.50795435,26.60448355,-0.5075074408,-0.6959363423,1,1,14.66958305,59.34243471
16.9,14.38937179,13.88888889,30.49780852,26.58405769,-0.4956421594,-0.6808620301,1,1,14.67163905,60.93676365
16.92,14.37605091,13.88888889,30.48793207,26.56407636,-0.4840054927,-0.6660444405,1,1,14.67366003,62.5827364
16.94,14.36302128,13.88888889,30.47831913,26.54453192,-0.4725918024,-0.6514813247,1,1,14.67564633,64.28229702
16.96,14.35027788,13.88888889,30.46896391,26.52541681,-0.4613956786,-0.6371701629,1,1,14.67759831,66.03747549
16.98,14.33781571,13.88888889,30.45986075,26.50672357,-0.4504119292,-0.6231082041,1,1,14.67951633,67.85039167
17,14.32562986,13.88888889,30.45100408,26.48844479,-0.4396355684,-0.6092925021,1,1,14.68140075,69.72325927
17.02,14.31371546,13.88888889,30.4423884,26.47057319,-0.4290618065,-0.5957199474,1,1,14.68325193,71.65839022
17.04,14.30206772,13.88888889,30.43400835,26.45310157,-0.41868604,-0.5823872962,1,1,14.68507024,73.65819905
17.06,14.29068189,13.88888889,30.42585863,26.43602284,-0.4085038418,-0.5692911957,1,1,14.68685605,75.72520758
17.08,14.27955333,13.88888889,30.41793405,26.41932999,-0.398510952,-0.5564282074,1,1,14.6886097,77.86204977
17.1,14.26867743,13.88888889,30.41022952,26.40301615,-0.3887032697,-0.5437948269,1,1,14.69033156,80.07147679
17.12,14.25804968,13.88888889,30.40274003,26.38707452,-0.3790768439,-0.5313875024,1,1,14.69202199,82.3563623
17.14,14.24766563,13.88888889,30.39546065,26.37149844,-0.3696278665,-0.5192026497,1,1,14.69368133,84.71970797
17.16,14.2375209,13.88888889,30.38838657,26.35628134,-0.3603526641,-0.507236667,1,1,14.69530993,87.16464917
17.18,14.22761118,13.88888889,30.38151302,26.34141677,-0.3512476914,-0.4954859468,1,1,14.69690814,89.69446094
17.2,14.21793224,13.88888889,30.37483537,26.32689836,-0.3423095239,-0.4839468864,1,1,14.69847629,92.31256413
17.22,14.20847992,13.88888889,30.36834902,26.31271988,-0.3335348523,-0.4726158974,1,1,14.70001472,95.0225318
17.24,14.19925013,13.88888889,30.3620495,26.2988752,-0.3249204759,-0.4614894138,1,1,14.70152375,97.82809578
17.26,14.19023885,13.88888889,30.35593239,26.28535828,-0.3164632969,-0.4505638987,1,1,14.70300371,100.7331535
17.28,14.18144214,13.88888889,30.34999336,26.27216321,-0.3081603153,-0.4398358506,1,1,14.70445492,103.7417751
17.3,14.1728561,13.88888889,30.34422815,26.25928415,-0.3000086239,-0.4293018078,1,1,14.70587769,106.8582103
17.32,14.16447693,13.88888889,30.3386326,26.2467154,-0.292005403,-0.4189583531,1,1,14.70727233,110.0868962
17.34,14.15630089,13.88888889,30.3332026,26.23445134,-0.2841479164,-0.4088021171,1,1,14.70863914,113.4324646
17.36,14.1483243,13.88888889,30.32793413,26.22248644,-0.2764335069,-0.398829781,1,1,14.70997842,116.8997493
17.38,14.14054354,13.88888889,30.32282322,26.2108153,-0.2688595924,-0.3890380791,1,1,14.71129047,120.4937945
17.4,14.13295506,13.88888889,30.31786602,26.19943259,-0.2614236621,-0.3794238002,1,1,14.71257557,124.2198621
17.42,14.12555538,13.88888889,30.31305869,26.18833307,-0.254123273,-0.3699837891,1,1,14.71383401,128.0834398
17.44,14.11834108,13.88888889,30.3083975,26.17751163,-0.2469560463,-0.3607149478,1,1,14.71506606,132.0902484
17.46,14.1113088,13.88888889,30.30387878,26.1669632,-0.2399196649,-0.3516142357,1,1,14.71627201,136.2462501
17.48,14.10445523,13.88888889,30.29949892,26.15668284,-0.2330118699,-0.34267867,1,1,14.7174521,140.5576552
17.5,14.09777712,13.88888889,30.29525437,26.14666568,-0.2262304579,-0.333905326,1,1,14.71860663,145.0309299
17.52,14.09127129,13.88888889,30.29114167,26.13690694,-0.2195732788,-0.3252913366,1,1,14.71973583,149.6728028
17.54,14.08493462,13.88888889,30.28715739,26.12740192,-0.213038233,-0.316833892,1,1,14.72083998,154.490271
17.56,14.07876401,13.88888889,30.28329818,26.11814602,-0.2066232692,-0.3085302392,1,1,14.72191932,159.4906059
17.58,14.07275646,13.88888889,30.27956075,26.10913468,-0.2003263824,-0.3003776816,1,1,14.7229741,164.6813579
17.6,14.06690899,13.88888889,30.27594187,26.10036348,-0.1941456118,-0.2923735777,1,1,14.72400457,170.07036
17.62,14.06121868,13.88888889,30.27243838,26.09182802,-0.1880790389,-0.2845153404,1,1,14.72501096,175.6657306
17.64,14.05568267,13.88888889,30.26904714,26.083524,-0.1821247859,-0.2768004363,1,1,14.72599352,181.475874
17.66,14.05029814,13.88888889,30.26576511,26.07544721,-0.1762810136,-0.2692263843,1,1,14.72695247,187.50948
17.68,14.04506233,13.88888889,30.26258928,26.06759349,-0.1705459205,-0.2617907546,1,1,14.72788805,193.7755208
17.7,14.0399725,13.88888889,30.25951671,26.05995876,-0.164917741,-0.2544911679,1,1,14.72880048,200.2832457
17.72,14.035026,13.88888889,30.2565445,26.052539,-0.1593947438,-0.2473252937,1,1,14.72968999,207.0421727
17.74,14.03022018,13.88888889,30.25366982,26.04533027,-0.1539752311,-0.2402908497,1,1,14.7305568,214.0620767
17.76,14.02555247,13.88888889,30.25088987,26.0383287,-0.1486575372,-0.2333856002,1,1,14.73140112,221.3529744
17.78,14.02102032,13.88888889,30.24820192,26.03153048,-0.1434400272,-0.2266073552,1,1,14.73222318,228.9251037
17.8,14.01662124,13.88888889,30.24560328,26.02493186,-0.1383210962,-0.219953969,1,1,14.73302317,236.7888989
17.82,14.01235278,13.88888889,30.24309132,26.01852916,-0.1332991682,-0.2134233391,1,1,14.73380132,244.9549595
17.84,14.00821251,13.88888889,30.24066345,26.01231876,-0.128372695,-0.2070134055,1,1,14.73455783,253.4340129
17.86,14.00419806,13.88888889,30.23831712,26.0062971,-0.1235401557,-0.2007221486,1,1,14.73529289,262.2368689
17.88,14.00030711,13.88888889,30.23604984,26.00046067,-0.1188000555,-0.1945475892,1,1,14.73600672,271.3743664
17.9,13.99653736,13.88888889,30.23385918,25.99480604,-0.1141509252,-0.1884877865,1,1,14.73669952,280.8573105
17.92,13.99288654,13.88888889,30.23174272,25.98932981,-0.1095913203,-0.1825408376,1,1,14.73737147,290.6963992
17.94,13.98935244,13.88888889,30.2296981,25.98402866,-0.1051198202,-0.1767048762,1,1,14.73802278,300.9021383
17.96,13.98593288,13.88888889,30.22772303,25.97889932,-0.1007350278,-0.1709780717,1,1,14.73865363,311.4847436
17.98,13.98262571,13.88888889,30.22581522,25.97393856,-0.09643556874,-0.1653586282,1,1,14.73926422,322.4540297
18,13.97942881,13.88888889,30.22397245,25.96914322,-0.09222009095,-0.1598447835,1,1,14.73985474,333.8192825
18.02,13.97634012,13.88888889,30.22219254,25.96451017,-0.08808726386,-0.1544348081,1,1,14.74042536,345.5891164
18.04,13.97335758,13.88888889,30.22047334,25.96003636,-0.08403577804,-0.1491270045,1,1,14.74097628,357.7713134
18.06,13.97047918,13.88888889,30.21881275,25.95571877,-0.08006434466,-0.1439197064,1,1,14.74150768,370.3726439
18.08,13.96770296,13.88888889,30.21720871,25.95155444,-0.07617169504,-0.1388112775,1,1,14.74201974,383.3986681
18.1,13.96502695,13.88888889,30.21565919,25.94754043,-0.07235658015,-0.1338001109,1,1,14.74251264,396.8535169
18.12,13.96244926,13.88888889,30.2141622,25.94367389,-0.06861777024,-0.1288846284,1,1,14.74298655,410.7396533
18.14,13.959968,13.88888889,30.21271581,25.93995199,-0.06495405439,-0.1240632798,1,1,14.74344165,425.0576127
18.16,13.95758131,13.88888889,30.21131809,25.93637196,-0.06136424014,-0.1193345417,1,1,14.74387812,439.8057237
18.18,13.95528737,13.88888889,30.20996718,25.93293105,-0.05784715311,-0.1146969176,1,1,14.74429612,454.979811
18.2,13.95308439,13.88888889,30.20866124,25.92962658,-0.05440163663,-0.1101489364,1,1,14.74469582,470.5728808
18.22,13.95097061,13.88888889,30.20739847,25.92645591,-0.05102655143,-0.1056891525,1,1,14.7450774,486.5747934
18.24,13.94894428,13.88888889,30.2061771,25.92341642,-0.0477207753,-0.1013161444,1,1,14.74544102,502.9719263
18.26,13.94700371,13.88888889,30.2049954,25.92050557,-0.04448320276,-0.09702851485,1,1,14.74578686,519.7468319
18.28,13.94514721,13.88888889,30.20385167,25.91772082,-0.04131274476,-0.09282488988,1,1,14.74611506,536.8778983
18.3,13.94337314,13.88888889,30.20274424,25.9150597,-0.03820832843,-0.08870391827,1,1,14.7464258,554.3390194
18.32,13.94167985,13.88888889,30.20167149,25.91251978,-0.03516889674,-0.08466427108,1,1,14.74671923,572.0992835
18.34,13.94006576,13.88888889,30.20063181,25.91009864,-0.03219340826,-0.08070464114,1,1,14.74699552,590.122693
18.36,13.93852928,13.88888889,30.19962364,25.90779392,-0.02928083691,-0.07682374251,1,1,14.74725483,608.3679249
18.38,13.93706888,13.88888889,30.19864544,25.90560332,-0.02643017166,-0.07302031006,1,1,14.74749731,626.7881471
18.4,13.93568301,13.88888889,30.19769569,25.90352452,-0.02364041634,-0.06929309899,1,1,14.74772312,645.3309044
18.42,13.9343702,13.88888889,30.19677294,25.9015553,-0.02091058937,-0.06564088437,1,1,14.74793242,663.9380884
18.44,13.93312895,13.88888889,30.19587573,25.89969342,-0.01823972355,-0.06206246077,1,1,14.74812535,682.5460069
18.46,13.93195782,13.88888889,30.19500264,25.89793672,-0.01562686578,-0.0585566418,1,1,14.74830207,701.0855671
18.48,13.93085537,13.88888889,30.19415228,25.89628305,-0.01307107693,-0.05512225971,1,1,14.74846273,719.4825839
18.5,13.92982021,13.88888889,30.1933233,25.89473031,-0.01057143154,-0.05175816509,1,1,14.74860749,737.6582262
18.52,13.92885094,13.88888889,30.19251437,25.89327641,-0.00812701768,-0.04846322641,1,1,14.74873648,755.5296056
18.54,13.92794622,13.88888889,30.19172418,25.89191932,-0.005736936706,-0.04523632971,1,1,14.74884986,773.0105136
18.56,13.92710469,13.88888889,30.19095145,25.89065703,-0.003400303074,-0.04207637827,1,1,14.74894777,790.0123018
18.58,13.92632504,13.88888889,30.19019493,25.88948756,-0.001116244152,-0.03898229225,1,1,14.74903036,806.4449006
18.6,13.92560598,13.88888889,30.18945339,25.88840897,0.001116099976,-0.03595300841,1,1,14.74909777,822.2179596
18.62,13.92494623,13.88888889,30.18872565,25.88741935,0.003297576692,-0.03298747973,1,1,14.74915015,837.2420897
18.64,13.92434454,13.88888889,30.18801052,25.88651681,0.005429021024,-0.03008467522,1,1,14.74918763,851.4301809
18.66,13.92379967,13.88888889,30.18730685,25.8856995,0.007511255826,-0.02724357952,1,1,14.74921036,864.6987608
18.68,13.9233104,13.88888889,30.18661353,25.88496561,0.009545091953,-0.02446319269,1,1,14.74921847,876.9693576
18.7,13.92287555,13.88888889,30.18592945,25.88431333,0.01153132843,-0.02174252992,1,1,14.74921211,888.1698263
18.72,13.92249394,13.88888889,30.18525353,25.88374091,0.01347075261,-0.01908062125,1,1,14.74919141,898.2355964
18.74,13.92216441,13.88888889,30.18458473,25.88324662,0.01536414037,-0.01647651134,1,1,14.74915651,907.1107985
18.76,13.92188582,13.88888889,30.183922,25.88282874,0.01721225623,-0.01392925921,1,1,14.74910754,914.749232
18.78,13.92165707,13.88888889,30.18326435,25.8824856,0.01901585354,-0.01143793797,1,1,14.74904464,921.1151414
18.8,13.92147703,13.88888889,30.18261079,25.88221555,0.02077567464,-0.009001634652,1,1,14.74896794,926.1837723
18.82,13.92134464,13.88888889,30.18196035,25.88201697,0.02249245099,-0.006619449909,1,1,14.74887757,929.9416913
18.84,13.92125883,13.88888889,30.18131209,25.88188825,0.02416690335,-0.004290497837,1,1,14.74877366,932.3868607
18.86,13.92121856,13.88888889,30.1806651,25.88182783,0.0257997419,-0.002013905742,1,1,14.74865634,933.5284681
18.88,13.92122278,13.88888889,30.18001846,25.88183417,0.0273916664,0.0002111860696,1,1,14.74852575,933.3865242
18.9,13.92127049,13.88888889,30.17937131,25.88190574,0.02894336636,0.002385624496,1,1,14.748382,931.9912459
18.92,13.9213607,13.88888889,30.17872277,25.88204105,0.03045552112,0.004510243845,1,1,14.74822523,929.3822539
18.94,13.92149241,13.88888889,30.17807202,25.88223862,0.03192880006,0.006585866027,1,1,14.74805557,925.6076163
18.96,13.92166468,13.88888889,30.17741823,25.88249702,0.0333638627,0.00861330075,1,1,14.74787313,920.7227754
18.98,13.92187655,13.88888889,30.17676059,25.88281482,0.03476135883,0.01059334571,1,1,14.74767804,914.7893951
19,13.92212708,13.88888889,30.17609833,25.88319063,0.03612192866,0.01252678676,1,1,14.74747043,907.8741671
19.02,13.92241537,13.88888889,30.17543069,25.88362306,0.03744620296,0.01441439811,1,1,14.74725041,900.0476128
19.04,13.92274051,13.88888889,30.1747569,25.88411077,0.03873480318,0.0162569425,1,1,14.74701812,891.3829103
19.06,13.92310161,13.88888889,30.17407626,25.88465242,0.03998834156,0.01805517135,1,1,14.74677366,881.9547789
19.08,13.92349781,13.88888889,30.17338804,25.88524672,0.0412074213,0.01980982497,1,1,14.74651715,871.838439
19.1,13.92392824,13.88888889,30.17269156,25.88589236,0.04239263664,0.02152163267,1,1,14.74624873,861.1086689
19.12,13.92439207,13.88888889,30.17198614,25.8865881,0.04354457301,0.02319131299,1,1,14.7459685,849.8389676
19.14,13.92488846,13.88888889,30.17127111,25.88733269,0.04466380715,0.02481957379,1,1,14.74567657,838.1008322
19.16,13.9254166,13.88888889,30.17054584,25.8881249,0.04575090723,0.02640711246,1,1,14.74537308,825.9631515
19.18,13.9259757,13.88888889,30.16980969,25.88896354,0.04680643296,0.02795461604,1,1,14.74505812,813.4917136
19.2,13.92656495,13.88888889,30.16906206,25.88984743,0.0478309357,0.0294627614,1,1,14.74473182,800.7488246
19.22,13.92718359,13.88888889,30.16830235,25.89077539,0.04882495861,0.03093221534,1,1,14.74439428,787.7930283
19.24,13.92783087,13.88888889,30.16752999,25.8917463,0.04978903673,0.0323636348,1,1,14.74404563,774.678921
19.26,13.92850602,13.88888889,30.1667444,25.89275903,0.05072369709,0.03375766696,1,1,14.74368596,761.4570489
19.28,13.92920832,13.88888889,30.16594503,25.89381248,0.05162945886,0.03511494937,1,1,14.7433154,748.1738783
19.3,13.92993704,13.88888889,30.16513135,25.89490556,0.05250683342,0.03643611013,1,1,14.74293405,734.8718282
19.32,13.93069148,13.88888889,30.16430285,25.89603722,0.05335632447,0.03772176799,1,1,14.74254202,721.5893541
19.34,13.93147093,13.88888889,30.163459,25.89720639,0.05417842817,0.03897253251,1,1,14.74213941,708.3610741
19.36,13.93227471,13.88888889,30.16259932,25.89841206,0.05497363322,0.04018900416,1,1,14.74172634,695.217927
19.38,13.93310214,13.88888889,30.16172333,25.89965322,0.05574242095,0.04137177449,1,1,14.74130291,682.1873555
19.4,13.93395257,13.88888889,30.16083056,25.90092886,0.05648526546,0.0425214262,1,1,14.74086923,669.2935059
19.42,13.93482534,13.88888889,30.15992056,25.90223801,0.05720263368,0.04363853334,1,1,14.7404254,656.5574392
19.44,13.93571982,13.88888889,30.15899289,25.90357972,0.05789498552,0.04472366137,1,1,14.73997152,643.9973478
19.46,13.93663536,13.88888889,30.15804711,25.90495304,0.0585627739,0.0457773673,1,1,14.7395077,631.6287731
19.48,13.93757137,13.88888889,30.15708282,25.90635705,0.05920644491,0.04680019983,1,1,14.73903404,619.4648208
19.5,13.93852722,13.88888889,30.15609962,25.90779083,0.05982643789,0.04779269944,1,1,14.73855065,607.516371
19.52,13.93950233,13.88888889,30.1550971,25.90925349,0.06042318549,0.04875539851,1,1,14.73805761,595.7922801
19.54,13.94049611,13.88888889,30.15407489,25.91074416,0.06099711381,0.04968882147,1,1,14.73755504,584.2995749
19.56,13.94150798,13.88888889,30.15303263,25.91226196,0.06154864246,0.05059348486,1,1,14.73704302,573.0436346
19.58,13.94253737,13.88888889,30.15196995,25.91380606,0.06207818467,0.05146989747,1,1,14.73652167,562.0283632
19.6,13.94358374,13.88888889,30.15088652,25.91537562,0.06258614736,0.05231856044,1,1,14.73599107,551.2563496
19.62,13.94464654,13.88888889,30.14978199,25.91696982,0.06307293126,0.0531399674,1,1,14.73545132,540.7290164
19.64,13.94572524,13.88888889,30.14865605,25.91858785,0.06353893095,0.05393460451,1,1,14.73490253,530.4467572
19.66,13.94681929,13.88888889,30.14750839,25.92022894,0.06398453499,0.05470295062,1,1,14.73434478,520.4090626
19.68,13.9479282,13.88888889,30.14633869,25.92189231,0.064410126,0.05544547737,1,1,14.73377817,510.6146355
19.7,13.94905146,13.88888889,30.14514667,25.92357719,0.06481608072,0.05616264926,1,1,14.73320279,501.0614957
19.72,13.95018856,13.88888889,30.14393205,25.92528283,0.06520277008,0.05685492378,1,1,14.73261873,491.747075
19.74,13.95133901,13.88888889,30.14269455,25.92700852,0.06557055936,0.05752275148,1,1,14.7320261,482.6683035
19.76,13.95250234,13.88888889,30.14143391,25.92875351,0.06591980817,0.05816657611,1,1,14.73142497,473.821686
19.78,13.95367808,13.88888889,30.14014989,25.93051712,0.06625087059,0.05878683468,1,1,14.73081544,465.2033723
19.8,13.95486576,13.88888889,30.13884223,25.93229864,0.06656409525,0.05938395755,1,1,14.73019761,456.8092183
19.82,13.95606493,13.88888889,30.1375107,25.93409739,0.06685982539,0.05995836857,1,1,14.72957155,448.6348415
19.84,13.95727514,13.88888889,30.13615508,25.9359127,0.0671383989,0.06051048511,1,1,14.72893736,440.67567
19.86,13.95849595,13.88888889,30.13477514,25.93774392,0.06740014849,0.06104071822,1,1,14.72829513,432.926986
19.88,13.95972694,13.88888889,30.13337069,25.93959041,0.06764540166,0.06154947264,1,1,14.72764495,425.3839636
19.9,13.96096768,13.88888889,30.13194152,25.94145152,0.06787448086,0.06203714696,1,1,14.72698689,418.0417025
19.92,13.96221776,13.88888889,30.13048745,25.94332665,0.06808770349,0.06250413367,1,1,14.72632105,410.8952577
19.94,13.96347678,13.88888889,30.12900828,25.94521517,0.06828538203,0.06295081926,1,1,14.72564751,403.9396646
19.96,13.96474433,13.88888889,30.12750385,25.9471165,0.06846782406,0.06337758428,1,1,14.72496636,397.1699615
19.98,13.96602003,13.88888889,30.12597398,25.94903004,0.06863533239,0.06378480346,1,1,14.72427768,390.5812086
20,13.96730349,13.88888889,30.12441852,25.95095523,0.06878820505,0.06417284578,1,1,14.72358155,384.1685045
20.02,13.96859433,13.88888889,30.12283732,25.95289149,0.06892673542,0.06454207452,1,1,14.72287805,377.9270001
20.04,13.96989218,13.88888889,30.12123023,25.95483828,0.0690512123,0.06489284739,1,1,14.72216728,371.8519106
20.06,13.97119669,13.88888889,30.11959712,25.95679504,0.06916191991,0.06522551658,1,1,14.72144931,365.9385253
20.08,13.9725075,13.88888889,30.11793786,25.95876125,0.06925913802,0.06554042885,1,1,14.72072421,360.1822158
20.1,13.97382426,13.88888889,30.11625232,25.96073639,0.06934314199,0.06583792558,1,1,14.71999207,354.578443
20.12,13.97514663,13.88888889,30.11454039,25.96271994,0.06941420283,0.06611834289,1,1,14.71925298,349.122762
20.14,13.97647427,13.88888889,30.11280196,25.9647114,0.06947258728,0.06638201169,1,1,14.718507,343.8108269
20.16,13.97780685,13.88888889,30.11103692,25.96671028,0.06951855783,0.06662925774,1,1,14.71775422,338.6383936
20.18,13.97914406,13.88888889,30.10924519,25.96871609,0.06955237283,0.06686040174,1,1,14.71699471,333.6013227
20.2,13.98048558,13.88888889,30.10742667,25.97072837,0.06957428653,0.06707575943,1,1,14.71622855,328.6955803
20.22,13.98183109,13.88888889,30.10558128,25.97274664,0.06958454911,0.0672756416,1,1,14.71545582,323.9172395
20.24,13.9831803,13.88888889,30.10370895,25.97477045,0.0695834068,0.0674603542,1,1,14.71467659,319.2624806
20.26,13.9845329,13.88888889,30.10180959,25.97679935,0.06957110188,0.06763019841,1,1,14.71389094,314.7275909
20.28,13.98588861,13.88888889,30.09988316,25.97883292,0.06954787276,0.06778547069,1,1,14.71309894,310.3089638
20.3,13.98724714,13.88888889,30.09792958,25.98087071,0.06951395404,0.06792646285,1,1,14.71230066,306.0030984
20.32,13.98860821,13.88888889,30.0959488,25.98291231,0.06946957656,0.06805346215,1,1,14.71149619,301.8065979
20.34,13.98997154,13.88888889,30.09394078,25.98495732,0.06941496745,0.0681667513,1,1,14.71068558,297.7161679
20.36,13.99133688,13.88888889,30.09190548,25.98700531,0.06935035017,0.06826660859,1,1,14.70986892,293.728615
20.38,13.99270394,13.88888889,30.08984284,25.98905591,0.06927594462,0.06835330792,1,1,14.70904628,289.8408447
20.4,13.99407248,13.88888889,30.08775286,25.99110873,0.06919196712,0.06842711885,1,1,14.70821771,286.0498595
20.42,13.99544225,13.88888889,30.08563549,25.99316338,0.0690986305,0.06848830672,1,1,14.70738331,282.3527562
20.44,13.99681299,13.88888889,30.08349071,25.99521949,0.06899614414,0.06853713262,1,1,14.70654313,278.7467245
20.46,13.99818447,13.88888889,30.08131852,25.99727671,0.06888471403,0.06857385354,1,1,14.70569725,275.229044
20.48,13.99955645,13.88888889,30.07911889,25.99933467,0.06876454281,0.06859872238,1,1,14.70484573,271.797082
20.5,14.00092868,13.88888889,30.07689181,26.00139303,0.06863582982,0.06861198801,1,1,14.70398865,268.4482913
20.52,14.00230096,13.88888889,30.07463729,26.00345144,0.06849877115,0.06861389536,1,1,14.70312606,265.1802073
20.54,14.00367306,13.88888889,30.07235533,26.00550958,0.06835355969,0.06860468542,1,1,14.70225804,261.9904464
20.56,14.00504475,13.88888889,30.07004593,26.00756712,0.06820038516,0.06858459536,1,1,14.70138465,258.8767027
20.58,14.00641583,13.88888889,30.0677091,26.00962374,0.06803943419,0.06855385855,1,1,14.70050596,255.8367463
20.6,14.00778608,13.88888889,30.06534486,26.01167912,0.06787089032,0.0685127046,1,1,14.69962204,252.8684205
20.62,14.00915531,13.88888889,30.06295323,26.01373296,0.06769493409,0.06846135946,1,1,14.69873294,249.96964
20.64,14.01052331,13.88888889,30.06053422,26.01578496,0.06751174303,0.06840004543,1,1,14.69783874,247.1383879
20.66,14.01188989,13.88888889,30.05808786,26.01783483,0.06732149179,0.06832898124,1,1,14.6969395,244.3727141
20.68,14.01325486,13.88888889,30.05561419,26.01988228,0.06712435207,0.06824838208,1,1,14.69603527,241.6707328
20.7,14.01461802,13.88888889,30.05311324,26.02192704,0.06692049276,0.06815845968,1,1,14.69512613,239.0306204
20.72,14.01597921,13.88888889,30.05058505,26.02396882,0.06671007993,0.06805942232,1,1,14.69421213,236.4506135
20.74,14.01733824,13.88888889,30.04802965,26.02600736,0.06649327688,0.06795147493,1,1,14.69329335,233.9290067
20.76,14.01869494,13.88888889,30.0454471,26.02804241,0.0662702442,0.06783481909,1,1,14.69236983,231.464151
20.78,14.02004913,13.88888889,30.04283743,26.0300737,0.06604113977,0.0677096531,1,1,14.69144164,229.0544512
20.8,14.02140066,13.88888889,30.04020071,26.03210098,0.06580611885,0.06757617203,1,1,14.69050884,226.6983647
20.82,14.02274935,13.88888889,30.03753699,26.03412402,0.06556533407,0.06743456778,1,1,14.68957148,224.3943994
20.84,14.02409505,13.88888889,30.03484633,26.03614257,0.0653189355,0.06728502908,1,1,14.68862964,222.141112
20.86,14.0254376,13.88888889,30.03212878,26.0381564,0.06506707069,0.06712774159,1,1,14.68768336,219.937106
20.88,14.02677686,13.88888889,30.02938441,26.04016529,0.06480988467,0.06696288792,1,1,14.68673271,217.7810308
20.9,14.02811267,13.88888889,30.02661329,26.04216901,0.06454752004,0.06679064766,1,1,14.68577775,215.6715791
20.92,14.0294449,13.88888889,30.02381549,26.04416734,0.06428011696,0.06661119745,1,1,14.68481852,213.6074864
20.94,14.03077339,13.88888889,30.02099109,26.04616009,0.06400781322,0.06642471101,1,1,14.68385509,211.5875285
20.96,14.03209802,13.88888889,30.01814015,26.04814703,0.06373074424,0.06623135919,1,1,14.68288751,209.6105209
20.98,14.03341864,13.88888889,30.01526276,26.05012797,0.06344904315,0.06603130999,1,1,14.68191585,207.6753171
21,14.03473514,13.88888889,30.012359,26.05210271,0.06316284078,0.06582472865,1,1,14.68094015,205.7808071
21.02,14.03604737,13.88888889,30.00942896,26.05407106,0.06287226571,0.06561177762,1,1,14.67996047,203.9259161
21.04,14.03735523,13.88888889,30.00647271,26.05603284,0.06257744432,0.06539261666,1,1,14.67897686,202.1096039
21.06,14.03865857,13.88888889,30.00349035,26.05798786,0.0622785008,0.06516740288,1,1,14.67798939,200.3308626
21.08,14.0399573,13.88888889,30.00048197,26.05993595,0.0619755572,0.06493629071,1,1,14.67699809,198.5887165
21.1,14.04125129,13.88888889,29.99744766,26.06187693,0.06166873345,0.06469943203,1,1,14.67600303,196.8822203
21.12,14.04254043,13.88888889,29.99438752,26.06381064,0.06135814738,0.06445697614,1,1,14.67500426,195.2104584
21.14,14.04382461,13.88888889,29.99130165,26.06573691,0.0610439148,0.06420906984,1,1,14.67400184,193.5725436
21.16,14.04510373,13.88888889,29.98819014,26.06765559,0.06072614945,0.06395585744,1,1,14.6729958,191.9676163
21.18,14.04637768,13.88888889,29.98505311,26.06956652,0.06040496312,0.0636974808,1,1,14.67198621,190.3948433
21.2,14.04764636,13.88888889,29.98189064,26.07146954,0.0600804656,0.06343407939,1,1,14.67097311,188.8534173
21.22,14.04890967,13.88888889,29.97870286,26.07336451,0.05975276479,0.06316579028,1,1,14.66995656,187.3425555
21.24,14.05016753,13.88888889,29.97548987,26.07525129,0.05942196663,0.06289274824,1,1,14.6689366,185.8614991
21.26,14.05141983,13.88888889,29.97225177,26.07712975,0.05908817524,0.06261508571,1,1,14.66791329,184.4095124
21.28,14.05266649,13.88888889,29.96898868,26.07899973,0.05875149284,0.06233293288,1,1,14.66688668,182.9858818
21.3,14.05390742,13.88888889,29.96570072,26.08086113,0.05841201986,0.06204641767,1,1,14.66585681,181.5899154
21.32,14.05514253,13.88888889,29.962388,26.0827138,0.05806985494,0.06175566585,1,1,14.66482373,180.2209418
21.34,14.05637175,13.88888889,29.95905064,26.08455762,0.05772509494,0.06146080098,1,1,14.66378749,178.8783099
21.36,14.05759499,13.88888889,29.95568875,26.08639248,0.05737783497,0.06116194449,1,1,14.66274814,177.5613877
21.38,14.05881217,13.88888889,29.95230245,26.08821826,0.05702816845,0.06085921573,1,1,14.66170573,176.2695622
21.4,14.06002323,13.88888889,29.94889188,26.09003484,0.05667618711,0.06055273195,1,1,14.6606603,175.0022382
21.42,14.06122808,13.88888889,29.94545714,26.09184212,0.05632198099,0.06024260836,1,1,14.65961189,173.7588382
21.44,14.06242666,13.88888889,29.94199837,26.09363998,0.05596563853,0.05992895817,1,1,14.65856057,172.5388012
21.46,14.06361889,13.88888889,29.93851569,26.09542834,0.05560724654,0.0596118926,1,1,14.65750636,171.3415828
21.48,14.06480472,13.88888889,29.93500924,26.09720709,0.05524689024,0.05929152092,1,1,14.65644932,170.1666544
21.5,14.06598408,13.88888889,29.93147913,26.09897613,0.05488465328,0.05896795046,1,1,14.65538949,169.0135023
21.52,14.06715691,13.88888889,29.92792549,26.10073536,0.0545206178,0.05864128669,1,1,14.65432691,167.8816279
21.54,14.06832314,13.88888889,29.92434847,26.10248471,0.05415486438,0.05831163318,1,1,14.65326164,166.7705465
21.56,14.06948272,13.88888889,29.92074819,26.10422409,0.05378747215,0.05797909167,1,1,14.65219371,165.6797874
21.58,14.0706356,13.88888889,29.91712478,26.1059534,0.05341851873,0.05764376211,1,1,14.65112317,164.608893
21.6,14.07178171,13.88888889,29.91347839,26.10767257,0.05304808033,0.05730574264,1,1,14.65005005,163.5574188
21.62,14.07292102,13.88888889,29.90980914,26.10938152,0.05267623171,0.05696512966,1,1,14.64897441,162.5249325
21.64,14.07405346,13.88888889,29.90611717,26.11108019,0.05230304622,0.05662201782,1,1,14.64789629,161.5110141
21.66,14.07517899,13.88888889,29.90240263,26.11276848,0.05192859585,0.05627650009,1,1,14.64681572,160.5152551
21.68,14.07629756,13.88888889,29.89866564,26.11444634,0.05155295121,0.05592866775,1,1,14.64573275,159.5372584
21.7,14.07740913,13.88888889,29.89490635,26.1161137,0.05117618158,0.05557861043,1,1,14.64464742,158.5766375
21.72,14.07851366,13.88888889,29.8911249,26.11777049,0.05079835491,0.05522641612,1,1,14.64355977,157.633017
21.74,14.0796111,13.88888889,29.88732143,26.11941666,0.05041953787,0.05487217122,1,1,14.64246984,156.7060312
21.76,14.08070142,13.88888889,29.88349608,26.12105214,0.05003979582,0.05451596056,1,1,14.64137768,155.7953245
21.78,14.08178458,13.88888889,29.879649,26.12267687,0.04965919289,0.05415786738,1,1,14.64028331,154.9005511
21.8,14.08286054,13.88888889,29.87578033,26.12429081,0.04927779195,0.05379797342,1,1,14.63918679,154.0213743
21.82,14.08392927,13.88888889,29.87189021,26.1258939,0.04889565465,0.0534363589,1,1,14.63808815,153.1574663
21.84,14.08499073,13.88888889,29.86797878,26.12748609,0.04851284146,0.05307310256,1,1,14.63698743,152.3085081
21.86,14.0860449,13.88888889,29.86404621,26.12906734,0.04812941163,0.05270828167,1,1,14.63588466,151.4741892
21.88,14.08709173,13.88888889,29.86009262,26.1306376,0.04774542328,0.05234197207,1,1,14.63477989,150.6542073
21.9,14.08813122,13.88888889,29.85611816,26.13219683,0.04736093336,0.05197424817,1,1,14.63367316,149.848268
21.92,14.08916332,13.88888889,29.852123,26.13374498,0.0469759977,0.05160518298,1,1,14.63256449,149.0560844
21.94,14.09018802,13.88888889,29.84810726,26.13528203,0.04659067101,0.05123484816,1,1,14.63145394,148.2773774
21.96,14.09120529,13.88888889,29.84407111,26.13680793,0.04620500692,0.05086331399,1,1,14.63034152,147.5118748
21.98,14.0922151,13.88888889,29.84001468,26.13832265,0.04581905798,0.05049064942,1,1,14.6292273,146.7593115
22,14.09321744,13.88888889,29.83593813,26.13982616,0.04543287566,0.05011692211,1,1,14.62811128,146.0194294
22.02,14.09421228,13.88888889,29.83184161,26.14131842,0.04504651041,0.04974219839,1,1,14.62699353,145.2919766
22.04,14.09519961,13.88888889,29.82772527,26.14279942,0.04466001164,0.04936654335,1,1,14.62587406,144.5767079
22.06,14.09617941,13.88888889,29.82358926,26.14426912,0.04427342775,0.04899002081,1,1,14.62475292,143.8733843
22.08,14.09715167,13.88888889,29.81943373,26.1457275,0.04388680616,0.04861269337,1,1,14.62363013,143.1817725
22.1,14.09811636,13.88888889,29.81525882,26.14717454,0.04350019329,0.04823462239,1,1,14.62250575,142.5016454
22.12,14.09907348,13.88888889,29.8110647,26.14861022,0.0431136346,0.04785586806,1,1,14.62137979,141.8327813
22.14,14.10002301,13.88888889,29.80685152,26.15003451,0.04272717461,0.04747648939,1,1,14.62025229,141.1749642
22.16,14.10096494,13.88888889,29.80261941,26.15144741,0.04234085691,0.04709654421,1,1,14.61912329,140.5279833
22.18,14.10189926,13.88888889,29.79836855,26.15284889,0.04195472415,0.04671608922,1,1,14.61799282,139.8916329
22.2,14.10282596,13.88888889,29.79409908,26.15423894,0.04156881809,0.04633518002,1,1,14.61686092,139.2657127
22.22,14.10374504,13.88888889,29.78981114,26.15561756,0.0411831796,0.04595387106,1,1,14.61572761,138.6500267
22.24,14.10465648,13.88888889,29.78550491,26.15698473,0.04079784868,0.04557221574,1,1,14.61459292,138.0443843
22.26,14.10556029,13.88888889,29.78118052,26.15834043,0.04041286445,0.04519026638,1,1,14.61345691,137.448599
22.28,14.10645645,13.88888889,29.77683813,26.15968468,0.0400282652,0.04480807422,1,1,14.61231958,136.8624889
22.3,14.10734497,13.88888889,29.77247789,26.16101745,0.03964408838,0.0444256895,1,1,14.61118098,136.2858767
22.32,14.10822583,13.88888889,29.76809996,26.16233874,0.03926037061,0.04404316141,1,1,14.61004113,135.718589
22.34,14.10909904,13.88888889,29.76370449,26.16364856,0.03887714773,0.04366053815,1,1,14.60890007,135.1604567
22.36,14.1099646,13.88888889,29.75929163,26.16494689,0.03849445474,0.04327786691,1,1,14.60775784,134.6113146
22.38,14.1108225,13.88888889,29.75486154,26.16623375,0.0381123259,0.04289519394,1,1,14.60661445,134.0710014
22.4,14.11167275,13.88888889,29.75041436,26.16750913,0.03773079468,0.0425125645,1,1,14.60546994,133.5393595
22.42,14.11251535,13.88888889,29.74595026,26.16877303,0.0373498938,0.04213002291,1,1,14.60432434,133.0162353
22.44,14.1133503,13.88888889,29.74146938,26.17002546,0.03696965523,0.04174761258,1,1,14.60317767,132.5014783
22.46,14.11417761,13.88888889,29.73697188,26.17126642,0.03659011021,0.04136537599,1,1,14.60202998,131.9949417
22.48,14.11499728,13.88888889,29.73245791,26.17249592,0.03621128926,0.04098335473,1,1,14.60088129,131.4964822
22.5,14.11580931,13.88888889,29.72792762,26.17371397,0.0358332222,0.04060158949,1,1,14.59973162,131.0059595
22.52,14.11661371,13.88888889,29.72338117,26.17492057,0.03545593813,0.04022012011,1,1,14.59858101,130.5232368
22.54,14.11741049,13.88888889,29.7188187,26.17611574,0.03507946548,0.03983898555,1,1,14.59742948,130.04818
22.56,14.11819966,13.88888889,29.71424038,26.17729949,0.03470383202,0.03945822395,1,1,14.59627707,129.5806584
22.58,14.11898121,13.88888889,29.70964635,26.17847182,0.03432906483,0.03907787259,1,1,14.59512379,129.1205442
22.6,14.11975517,13.88888889,29.70503676,26.17963276,0.03395519034,0.03869796797,1,1,14.59396969,128.6677122
22.62,14.12052155,13.88888889,29.70041177,26.18078232,0.03358223435,0.03831854576,1,1,14.59281478,128.2220402
22.64,14.12128034,13.88888889,29.69577153,26.18192051,0.03321022203,0.03793964085,1,1,14.59165909,127.7834088
22.66,14.12203156,13.88888889,29.69111619,26.18304735,0.03283917792,0.03756128734,1,1,14.59050266,127.3517009
22.68,14.12277523,13.88888889,29.6864459,26.18416285,0.03246912595,0.03718351859,1,1,14.5893455,126.9268023
22.7,14.12351136,13.88888889,29.68176081,26.18526704,0.03210008947,0.03680636718,1,1,14.58818764,126.5086012
22.72,14.12423996,13.88888889,29.67706108,26.18635994,0.0317320912,0.03642986496,1,1,14.58702912,126.0969882
22.74,14.12496104,13.88888889,29.67234684,26.18744156,0.03136515331,0.03605404306,1,1,14.58586995,125.6918563
22.76,14.12567462,13.88888889,29.66761827,26.18851193,0.03099929739,0.03567893188,1,1,14.58471016,125.2931008
22.78,14.12638071,13.88888889,29.66287549,26.18957106,0.03063454447,0.03530456112,1,1,14.58354977,124.9006194
22.8,14.12707933,13.88888889,29.65811867,26.19061899,0.03027091504,0.03493095979,1,1,14.58238882,124.5143117
22.82,14.12777049,13.88888889,29.65334795,26.19165574,0.02990842902,0.03455815621,1,1,14.58122733,124.1340798
22.84,14.12845422,13.88888889,29.64856348,26.19268132,0.02954710582,0.03418617803,1,1,14.58006532,123.7598275
22.86,14.12913052,13.88888889,29.64376541,26.19369577,0.02918696432,0.03381505226,1,1,14.57890282,123.391461
22.88,14.12979941,13.88888889,29.63895389,26.19469912,0.02882802288,0.03344480522,1,1,14.57773984,123.0288882
22.9,14.13046092,13.88888889,29.63412906,26.19569138,0.02847029935,0.03307546263,1,1,14.57657642,122.6720192
22.92,14.13111506,13.88888889,29.62929108,26.19667259,0.02811381109,0.03270704957,1,1,14.57541259,122.3207658
22.94,14.13176185,13.88888889,29.62444009,26.19764278,0.02775857497,0.03233959049,1,1,14.57424835,121.9750416
22.96,14.13240132,13.88888889,29.61957623,26.19860197,0.02740460738,0.03197310925,1,1,14.57308374,121.6347621
22.98,14.13303347,13.88888889,29.61469966,26.1995502,0.02705192423,0.0316076291,1,1,14.57191878,121.2998446
23,14.13365833,13.88888889,29.60981052,26.2004875,0.02670054097,0.03124317271,1,1,14.57075349,120.9702079
23.02,14.13427593,13.88888889,29.60490896,26.20141389,0.02635047259,0.03087976217,1,1,14.5695879,120.6457727
23.04,14.13488628,13.88888889,29.59999511,26.20232941,0.02600173363,0.03051741901,1,1,14.56842203,120.3264612
23.06,14.1354894,13.88888889,29.59506914,26.2032341,0.0256543382,0.03015616418,1,1,14.5672559,120.0121972
23.08,14.13608532,13.88888889,29.59013117,26.20412798,0.02530829996,0.0297960181,1,1,14.56608953,119.702906
23.1,14.13667406,13.88888889,29.58518135,26.20501109,0.02496363216,0.02943700065,1,1,14.56492294,119.3985145
23.12,14.13725564,13.88888889,29.58021983,26.20588346,0.02462034761,0.02907913117,1,1,14.56375616,119.098951
23.14,14.13783009,13.88888889,29.57524675,26.20674514,0.02427845874,0.02872242848,1,1,14.56258921,118.8041452
23.16,14.13839743,13.88888889,29.57026225,26.20759614,0.02393797754,0.02836691091,1,1,14.56142211,118.5140284
23.18,14.13895768,13.88888889,29.56526648,26.20843652,0.02359891563,0.02801259624,1,1,14.56025488,118.228533
23.2,14.13951087,13.88888889,29.56025957,26.20926631,0.02326128423,0.02765950179,1,1,14.55908754,117.9475929
23.22,14.14005702,13.88888889,29.55524167,26.21008554,0.02292509417,0.02730764438,1,1,14.55792012,117.6711434
23.24,14.14059617,13.88888889,29.55021292,26.21089425,0.02259035593,0.02695704037,1,1,14.55675262,117.3991208
23.26,14.14112832,13.88888889,29.54517345,26.21169248,0.02225707958,0.02660770561,1,1,14.55558508,117.1314628
23.28,14.14165351,13.88888889,29.54012341,26.21248027,0.02192527486,0.02625965553,1,1,14.55441752,116.8681084
23.3,14.14217177,13.88888889,29.53506294,26.21325766,0.02159495114,0.02591290507,1,1,14.55324994,116.6089976
23.32,14.14268312,13.88888889,29.52999216,26.21402468,0.02126611744,0.02556746876,1,1,14.55208239,116.3540718
23.34,14.14318759,13.88888889,29.52491123,26.21478138,0.02093878244,0.02522336065,1,1,14.55091486,116.1032732
23.36,14.1436852,13.88888889,29.51982028,26.2155278,0.02061295447,0.0248805944,1,1,14.54974739,115.8565455
23.38,14.14417598,13.88888889,29.51471945,26.21626397,0.02028864155,0.0245391832,1,1,14.54857998,115.6138331
23.4,14.14465997,13.88888889,29.50960887,26.21698995,0.01996585136,0.02419913987,1,1,14.54741267,115.3750818
23.42,14.14513717,13.88888889,29.50448868,26.21770576,0.01964459127,0.02386047679,1,1,14.54624547,115.1402381
23.44,14.14560764,13.88888889,29.499359,26.21841146,0.01932486831,0.02352320595,1,1,14.5450784,114.9092499
23.46,14.14607139,13.88888889,29.49421999,26.21910708,0.01900668923,0.02318733894,1,1,14.54391147,114.6820656
23.48,14.14652844,13.88888889,29.48907177,26.21979267,0.01869006047,0.02285288696,1,1,14.54274471,114.4586351
23.5,14.14697884,13.88888889,29.48391448,26.22046826,0.01837498817,0.02251986084,1,1,14.54157813,114.2389088
23.52,14.14742261,13.88888889,29.47874824,26.22113391,0.01806147817,0.02218827103,1,1,14.54041175,114.0228383
23.54,14.14785977,13.88888889,29.47357319,26.22178965,0.01774953605,0.0218581276,1,1,14.5392456,113.8103759
23.56,14.14829036,13.88888889,29.46838947,26.22243554,0.01743916709,0.02152944027,1,1,14.53807968,113.601475
23.58,14.1487144,13.88888889,29.4631972,26.2230716,0.01713037629,0.02120221842,1,1,14.53691401,113.3960898
23.6,14.14913193,13.88888889,29.45799652,26.2236979,0.01682316839,0.02087647105,1,1,14.53574861,113.1941751
23.62,14.14954298,13.88888889,29.45278754,26.22431446,0.01651754786,0.02055220684,1,1,14.5345835,112.9956868
23.64,14.14994756,13.88888889,29.44757042,26.22492135,0.01621351891,0.02022943412,1,1,14.5334187,112.8005816
23.66,14.15034573,13.88888889,29.44234526,26.22551859,0.01591108551,0.0199081609,1,1,14.53225422,112.6088169
23.68,14.1507375,13.88888889,29.43711221,26.22610624,0.01561025134,0.01958839487,1,1,14.53109008,112.4203509
23.7,14.1511229,13.88888889,29.43187138,26.22668435,0.01531101989,0.01927014339,1,1,14.5299263,112.2351424
23.72,14.15150197,13.88888889,29.42662291,26.22725295,0.01501339435,0.01895341351,1,1,14.52876288,112.0531513
23.74,14.15187473,13.88888889,29.42136692,26.2278121,0.01471737772,0.01863821198,1,1,14.52759985,111.8743379
23.76,14.15224122,13.88888889,29.41610354,26.22836183,0.01442297275,0.01832454524,1,1,14.52643723,111.6986633
23.78,14.15260147,13.88888889,29.41083289,26.2289022,0.01413018195,0.01801241944,1,1,14.52527503,111.5260894
23.8,14.15295551,13.88888889,29.4055551,26.22943326,0.01383900763,0.01770184044,1,1,14.52411326,111.3565786
23.82,14.15330336,13.88888889,29.40027029,26.22995504,0.01354945188,0.01739281381,1,1,14.52295194,111.1900942
23.84,14.15364507,13.88888889,29.39497858,26.2304676,0.01326151655,0.01708534486,1,1,14.52179108,111.0265999
23.86,14.15398066,13.88888889,29.3896801,26.23097099,0.0129752033,0.01677943859,1,1,14.52063071,110.8660602
23.88,14.15431016,13.88888889,29.38437497,26.23146524,0.0126905136,0.01647509977,1,1,14.51947083,110.7084401
23.9,14.15463361,13.88888889,29.37906331,26.23195041,0.01240744867,0.01617233288,1,1,14.51831147,110.5537054
23.92,14.15495103,13.88888889,29.37374524,26.23242655,0.01212600958,0.01587114214,1,1,14.51715263,110.4018223
23.94,14.15526246,13.88888889,29.36842088,26.23289369,0.01184619719,0.01557153154,1,1,14.51599433,110.2527577
23.96,14.15556793,13.88888889,29.36309036,26.2333519,0.01156801216,0.01527350479,1,1,14.51483658,110.1064791
23.98,14.15586747,13.88888889,29.35775378,26.23380121,0.01129145497,0.01497706538,1,1,14.5136794,109.9629544
24,14.15616112,13.88888889,29.35241127,26.23424167,0.01101652592,0.01468221654,1,1,14.51252281,109.8221522
24.02,14.1564489,13.88888889,29.34706295,26.23467334,0.01074322513,0.01438896129,1,1,14.51136681,109.6840417
24.04,14.15673084,13.88888889,29.34170893,26.23509626,0.01047155254,0.0140973024,1,1,14.51021142,109.5485924
24.06,14.15700699,13.88888889,29.33634933,26.23551048,0.01020150794,0.01380724241,1,1,14.50905666,109.4157745
24.08,14.15727736,13.88888889,29.33098427,26.23591604,0.009933090924,0.01351878365,1,1,14.50790253,109.2855587
24.1,14.157542,13.88888889,29.32561385,26.236313,0.009666300933,0.01323192824,1,1,14.50674906,109.157916
24.12,14.15780093,13.88888889,29.3202382,26.2367014,0.00940113725,0.01294667805,1,1,14.50559625,109.0328183
24.14,14.1580542,13.88888889,29.31485743,26.23708129,0.009137598997,0.01266303479,1,1,14.50444412,108.9102375
24.16,14.15830182,13.88888889,29.30947164,26.23745272,0.008875685142,0.01238099992,1,1,14.50329267,108.7901462
24.18,14.15854383,13.88888889,29.30408096,26.23781574,0.008615394504,0.01210057474,1,1,14.50214193,108.6725176
24.2,14.15878026,13.88888889,29.2986855,26.23817039,0.008356725751,0.01182176032,1,1,14.50099191,108.557325
24.22,14.15901115,13.88888889,29.29328536,26.23851673,0.00809967741,0.01154455756,1,1,14.49984262,108.4445425
24.24,14.15923653,13.88888889,29.28788067,26.2388548,0.007844247863,0.01126896715,1,1,14.49869406,108.3341445
24.26,14.15945643,13.88888889,29.28247151,26.23918465,0.007590435357,0.0109949896,1,1,14.49754626,108.2261056
24.28,14.15967088,13.88888889,29.27705802,26.23950633,0.007338238,0.01072262526,1,1,14.49639923,108.1204012
24.3,14.15987992,13.88888889,29.27164029,26.23981988,0.00708765377,0.01045187428,1,1,14.49525297,108.0170068
24.32,14.16008358,13.88888889,29.26621843,26.24012537,0.006838680515,0.01018273664,1,1,14.4941075,107.9158985
24.34,14.16028188,13.88888889,29.26079255,26.24042282,0.006591315956,0.009915212151,1,1,14.49296284,107.8170527
24.36,14.16047487,13.88888889,29.25536276,26.2407123,0.00634555769,0.009649300455,1,1,14.49181898,107.7204462
24.38,14.16066257,13.88888889,29.24992917,26.24099385,0.006101403195,0.009385001034,1,1,14.49067595,107.6260562
24.4,14.16084501,13.88888889,29.24449187,26.24126752,0.005858849827,0.009122313207,1,1,14.48953376,107.5338602
24.42,14.16102224,13.88888889,29.23905097,26.24153336,0.00561789483,0.008861236137,1,1,14.48839241,107.4438361
24.44,14.16119427,13.88888889,29.23360659,26.24179141,0.005378535333,0.008601768832,1,1,14.48725192,107.3559622
24.46,14.16136115,13.88888889,29.22815881,26.24204173,0.005140768355,0.008343910152,1,1,14.48611231,107.2702172
24.48,14.1615229,13.88888889,29.22270775,26.24228436,0.004904590808,0.008087658808,1,1,14.48497357,107.1865799
24.5,14.16167957,13.88888889,29.2172535,26.24251935,0.004669999497,0.007833013368,1,1,14.48383572,107.1050298
24.52,14.16183116,13.88888889,29.21179617,26.24274675,0.004436991127,0.007579972259,1,1,14.48269877,107.0255463
24.54,14.16197774,13.88888889,29.20633586,26.2429666,0.0042055623,0.007328533768,1,1,14.48156274,106.9481095
24.56,14.16211931,13.88888889,29.20087267,26.24317896,0.003975709521,0.007078696051,1,1,14.48042763,106.8726997
24.58,14.16225592,13.88888889,29.19540669,26.24338388,0.003747429201,0.006830457128,1,1,14.47929345,106.7992974
24.6,14.16238759,13.88888889,29.18993804,26.24358139,0.003520717655,0.006583814894,1,1,14.47816022,106.7278836
24.62,14.16251437,13.88888889,29.18446679,26.24377155,0.003295571109,0.006338767115,1,1,14.47702794,106.6584394
24.64,14.16263628,13.88888889,29.17899307,26.24395441,0.003071985699,0.006095311434,1,1,14.47589662,106.5909463
24.66,14.16275335,13.88888889,29.17351695,26.24413002,0.002849957477,0.005853445376,1,1,14.47476627,106.5253861
24.68,14.16286561,13.88888889,29.16803854,26.24429841,0.002629482406,0.005613166344,1,1,14.47363691,106.4617409
24.7,14.1629731,13.88888889,29.16255793,26.24445965,0.002410556372,0.005374471629,1,1,14.47250854,106.399993
24.72,14.16307584,13.88888889,29.15707521,26.24461377,0.002193175178,0.005137358408,1,1,14.47138118,106.3401251
24.74,14.16317388,13.88888889,29.15159049,26.24476082,0.00197733455,0.00490182375,1,1,14.47025482,106.28212
24.76,14.16326724,13.88888889,29.14610386,26.24490086,0.001763030136,0.004667864614,1,1,14.46912949,106.2259609
24.78,14.16335595,13.88888889,29.14061541,26.24503392,0.001550257513,0.004435477856,1,1,14.46800519,106.1716312
24.8,14.16344004,13.88888889,29.13512523,26.24516006,0.001339012185,0.004204660228,1,1,14.46688192,106.1191146
24.82,14.16351955,13.88888889,29.12963341,26.24527932,0.001129289584,0.003975408385,1,1,14.46575971,106.068395
24.84,14.1635945,13.88888889,29.12414004,26.24539176,0.0009210850755,0.003747718881,1,1,14.46463855,106.0194566
24.86,14.16366494,13.88888889,29.11864523,26.2454974,0.0007143939593,0.003521588176,1,1,14.46351845,105.9722838
24.88,14.16373088,13.88888889,29.11314905,26.24559631,0.0005092114694,0.003297012639,1,1,14.46239944,105.9268612
24.9,14.16379236,13.88888889,29.10765159,26.24568853,0.0003055327776,0.003073988545,1,1,14.4612815,105.8831739
24.92,14.16384941,13.88888889,29.10215295,26.24577411,0.0001033529947,0.002852512084,1,1,14.46016466,105.8412067
24.94,14.16390206,13.88888889,29.09665322,26.24585309,-9.733282762e-05,0.002632579357,1,1,14.45904891,105.8009452
24.96,14.16395034,13.88888889,29.09115247,26.24592551,-0.0002965296952,0.002414186382,1,1,14.45793428,105.7623749
24.98,14.16399429,13.88888889,29.0856508,26.24599143,-0.0004942426696,0.002197329096,1,1,14.45682076,105.7254815
25,14.16403393,13.88888889,29.0801483,26.24605089,-0.0006904768666,0.001982003355,1,1,14.45570837,105.6902511
25.02,14.16406929,13.88888889,29.07464504,26.24610394,-0.0008852374543,0.001768204937,1,1,14.45459711,105.6566699
25.04,14.16410041,13.88888889,29.06914112,26.24615062,-0.001078529652,0.001555929546,1,1,14.45348699,105.6247243
25.06,14.16412731,13.88888889,29.06363662,26.24619097,-0.001270358728,0.00134517281,1,1,14.45237802,105.5944009
25.08,14.16415003,13.88888889,29.05813163,26.24622505,-0.001460729998,0.001135930287,1,1,14.4512702,105.5656865
25.1,14.1641686,13.88888889,29.05262622,26.2462529,-0.001649648826,0.000928197464,1,1,14.45016355,105.5385682
25.12,14.16418304,13.88888889,29.04712048,26.24627455,-0.001837120618,0.0007219697608,1,1,14.44905807,105.5130331
25.14,14.16419338,13.88888889,29.04161449,26.24629007,-0.002023150825,0.0005172425305,1,1,14.44795377,105.4890687
25.16,14.16419966,13.88888889,29.03610834,26.24629949,-0.002207744939,0.0003140110621,1,1,14.44685066,105.4666626
25.18,14.16420191,13.88888889,29.0306021,26.24630286,-0.002390908494,0.0001122705819,1,1,14.44574874,105.4458025
25.2,14.16420015,13.88888889,29.02509586,26.24630022,-0.002572647062,-8.798374416e-05,1,1,14.44464802,105.4264764
25.22,14.16419441,13.88888889,29.01958969,26.24629162,-0.002752966251,-0.0002867568096,1,1,14.4435485,105.4086724
25.24,14.16418473,13.88888889,29.01408368,26.2462771,-0.002931871709,-0.0004840535649,1,1,14.44245021,105.3923789
25.26,14.16417113,13.88888889,29.0085779,26.2462567,-0.003109369116,-0.0006798790164,1,1,14.44135313,105.3775843
25.28,14.16415365,13.88888889,29.00307243,26.24623047,-0.003285464188,-0.0008742382244,1,1,14.44025728,105.3642772
25.3,14.16413231,13.88888889,28.99756735,26.24619846,-0.003460162672,-0.001067136302,1,1,14.43916267,105.3524465
25.32,14.16410713,13.88888889,28.99206273,26.2461607,-0.003633470346,-0.001258578411,1,1,14.43806929,105.3420811
25.34,14.16407816,13.88888889,28.98655866,26.24611724,-0.00380539302,-0.001448569766,1,1,14.43697717,105.3331703
25.36,14.16404542,13.88888889,28.9810552,26.24606813,-0.003975936531,-0.001637115626,1,1,14.4358863,105.3257033
25.38,14.16400894,13.88888889,28.97555243,26.2460134,-0.004145106744,-0.001824221299,1,1,14.43479669,105.3196695
25.4,14.16396874,13.88888889,28.97005043,26.24595311,-0.00431290955,-0.002009892134,1,1,14.43370835,105.3150585
25.42,14.16392486,13.88888889,28.96454927,26.24588728,-0.004479350867,-0.002194133528,1,1,14.43262129,105.3118602
25.44,14.16387732,13.88888889,28.95904903,26.24581597,-0.004644436637,-0.002376950915,1,1,14.4315355,105.3100644
25.46,14.16382615,13.88888889,28.95354977,26.24573922,-0.004808172823,-0.002558349772,1,1,14.430451,105.3096612
25.48,14.16377138,13.88888889,28.94805158,26.24565707,-0.004970565412,-0.002738335617,1,1,14.42936779,105.3106408
25.5,14.16371304,13.88888889,28.94255451,26.24556957,-0.005131620411,-0.002916914,1,1,14.42828588,105.3129935
25.52,14.16365116,13.88888889,28.93705865,26.24547674,-0.005291343848,-0.003094090513,1,1,14.42720527,105.3167098
25.54,14.16358577,13.88888889,28.93156405,26.24537865,-0.00544974177,-0.00326987078,1,1,14.42612597,105.3217802
25.56,14.16351688,13.88888889,28.92607081,26.24527532,-0.00560682024,-0.003444260459,1,1,14.42504799,105.3281957
25.58,14.16344453,13.88888889,28.92057897,26.2451668,-0.00576258534,-0.003617265242,1,1,14.42397132,105.335947
25.6,14.16336876,13.88888889,28.91508861,26.24505314,-0.005917043167,-0.003788890849,1,1,14.42289598,105.3450252
25.62,14.16328957,13.88888889,28.90959981,26.24493436,-0.006070199834,-0.003959143035,1,1,14.42182198,105.3554213
25.64,14.16320701,13.88888889,28.90411262,26.24481052,-0.006222061467,-0.004128027579,1,1,14.42074931,105.3671268
25.66,14.1631211,13.88888889,28.89862712,26.24468165,-0.006372634206,-0.00429555029,1,1,14.41967798,105.3801329
25.68,14.16303187,13.88888889,28.89314336,26.2445478,-0.006521924203,-0.004461717003,1,1,14.418608,105.3944312
25.7,14.16293934,13.88888889,28.88766143,26.24440901,-0.006669937621,-0.004626533579,1,1,14.41753937,105.4100133
25.72,14.16284354,13.88888889,28.88218138,26.24426531,-0.006816680635,-0.004790005903,1,1,14.4164721,105.426871
25.74,14.16274449,13.88888889,28.87670328,26.24411674,-0.006962159428,-0.004952139881,1,1,14.4154062,105.4449961
25.76,14.16264224,13.88888889,28.87122719,26.24396335,-0.007106380193,-0.005112941445,1,1,14.41434166,105.4643807
25.78,14.16253679,13.88888889,28.86575317,26.24380518,-0.007249349132,-0.005272416545,1,1,14.41327849,105.4850168
25.8,14.16242818,13.88888889,28.8602813,26.24364226,-0.007391072453,-0.005430571152,1,1,14.4122167,105.5068967
25.82,14.16231643,13.88888889,28.85481163,26.24347464,-0.00753155637,-0.005587411256,1,1,14.41115629,105.5300126
25.84,14.16220157,13.88888889,28.84934423,26.24330235,-0.007670807104,-0.005742942865,1,1,14.41009726,105.5543571
25.86,14.16208363,13.88888889,28.84387916,26.24312544,-0.007808830882,-0.005897172004,1,1,14.40903963,105.5799226
25.88,14.16196262,13.88888889,28.83841647,26.24294394,-0.007945633932,-0.006050104714,1,1,14.4079834,105.6067019
25.9,14.16183859,13.88888889,28.83295624,26.24275788,-0.008081222489,-0.006201747052,1,1,14.40692856,105.6346876
25.92,14.16171155,13.88888889,28.82749852,26.24256732,-0.008215602789,-0.006352105087,1,1,14.40587513,105.6638726
25.94,14.16158152,13.88888889,28.82204336,26.24237228,-0.008348781071,-0.006501184903,1,1,14.4048231,105.6942498
25.96,14.16144854,13.88888889,28.81659084,26.24217281,-0.008480763575,-0.006648992596,1,1,14.40377249,105.7258124
25.98,14.16131263,13.88888889,28.81114101,26.24196895,-0.008611556543,-0.006795534275,1,1,14.4027233,105.7585534
26,14.16117382,13.88888889,28.80569392,26.24176072,-0.008741166216,-0.006940816056,1,1,14.40167553,105.7924662
26.02,14.16103212,13.88888889,28.80024964,26.24154818,-0.008869598834,-0.007084844069,1,1,14.40062918,105.8275439
26.04,14.16088757,13.88888889,28.79480822,26.24133135,-0.008996860638,-0.00722762445,1,1,14.39958426,105.8637802
26.06,14.16074018,13.88888889,28.78936972,26.24111027,-0.009122957866,-0.007369163345,1,1,14.39854078,105.9011685
26.08,14.16058999,13.88888889,28.7839342,26.24088499,-0.009247896753,-0.007509466907,1,1,14.39749873,105.9397024
26.1,14.16043702,13.88888889,28.7785017,26.24065553,-0.009371683534,-0.007648541294,1,1,14.39645812,105.9793756
26.12,14.1602813,13.88888889,28.7730723,26.24042194,-0.009494324438,-0.007786392674,1,1,14.39541896,106.020182
26.14,14.16012283,13.88888889,28.76764603,26.24018425,-0.009615825691,-0.007923027215,1,1,14.39438125,106.0621153
26.16,14.15996167,13.88888889,28.76222297,26.2399425,-0.009736193513,-0.008058451093,1,1,14.39334498,106.1051697
26.18,14.15979781,13.88888889,28.75680315,26.23969672,-0.009855434123,-0.008192670486,1,1,14.39231018,106.149339
26.2,14.1596313,13.88888889,28.75138664,26.23944695,-0.009973553729,-0.008325691577,1,1,14.39127683,106.1946176
26.22,14.15946215,13.88888889,28.74597348,26.23919322,-0.01009055854,-0.008457520549,1,1,14.39024494,106.2409995
26.24,14.15929038,13.88888889,28.74056373,26.23893558,-0.01020645474,-0.008588163588,1,1,14.38921452,106.2884791
26.26,14.15911603,13.88888889,28.73515745,26.23867405,-0.01032124854,-0.008717626881,1,1,14.38818557,106.3370507
26.28,14.15893911,13.88888889,28.72975467,26.23840867,-0.01043494612,-0.008845916614,1,1,14.38715809,106.3867089
26.3,14.15875965,13.88888889,28.72435546,26.23813948,-0.01054755364,-0.008973038974,1,1,14.38613209,106.4374481
26.32,14.15857767,13.88888889,28.71895987,26.23786651,-0.01065907728,-0.009099000147,1,1,14.38510756,106.489263
26.34,14.1583932,13.88888889,28.71356794,26.2375898,-0.01076952319,-0.009223806318,1,1,14.38408452,106.5421482
26.36,14.15820625,13.88888889,28.70817972,26.23730937,-0.01087889753,-0.009347463668,1,1,14.38306296,106.5960986
26.38,14.15801685,13.88888889,28.70279527,26.23702527,-0.01098720642,-0.009469978376,1,1,14.38204289,106.6511088
26.4,14.15782502,13.88888889,28.69741462,26.23673753,-0.01109445601,-0.00959135662,1,1,14.38102431,106.707174
26.42,14.15763079,13.88888889,28.69203784,26.23644618,-0.01120065241,-0.009711604572,1,1,14.38000722,106.7642889
26.44,14.15743417,13.88888889,28.68666497,26.23615126,-0.01130580172,-0.009830728398,1,1,14.37899163,106.8224487
26.46,14.1572352,13.88888889,28.68129606,26.2358528,-0.01140991004,-0.009948734264,1,1,14.37797754,106.8816485
26.48,14.15703389,13.88888889,28.67593114,26.23555083,-0.01151298345,-0.01006562833,1,1,14.37696495,106.9418835
26.5,14.15683026,13.88888889,28.67057028,26.23524539,-0.01161502803,-0.01018141674,1,1,14.37595387,107.0031489
26.52,14.15662434,13.88888889,28.66521351,26.2349365,-0.01171604984,-0.01029610564,1,1,14.37494429,107.06544
26.54,14.15641614,13.88888889,28.65986088,26.23462421,-0.01181605491,-0.01040970118,1,1,14.37393622,107.1287523
26.56,14.1562057,13.88888889,28.65451244,26.23430855,-0.01191504929,-0.01052220947,1,1,14.37292967,107.1930811
26.58,14.15599303,13.88888889,28.64916823,26.23398954,-0.01201303898,-0.01063363666,1,1,14.37192463,107.2584221
26.6,14.15577815,13.88888889,28.6438283,26.23366722,-0.01211003001,-0.01074398885,1,1,14.37092111,107.3247707
26.62,14.15556108,13.88888889,28.63849269,26.23334162,-0.01220602835,-0.01085327214,1,1,14.3699191,107.3921226
26.64,14.15534185,13.88888889,28.63316143,26.23301278,-0.01230103998,-0.01096149264,1,1,14.36891862,107.4604735
26.66,14.15512048,13.88888889,28.62783459,26.23268072,-0.01239507087,-0.01106865642,1,1,14.36791966,107.5298192
26.68,14.15489698,13.88888889,28.62251219,26.23234547,-0.01248812697,-0.01117476958,1,1,14.36692223,107.6001555
26.7,14.15467139,13.88888889,28.61719429,26.23200708,-0.01258021419,-0.01127983817,1,1,14.36592633,107.6714783
26.72,14.15444371,13.88888889,28.61188091,26.23166556,-0.01267133846,-0.01138386825,1,1,14.36493196,107.7437834
26.74,14.15421397,13.88888889,28.60657211,26.23132096,-0.01276150568,-0.01148686587,1,1,14.36393912,107.817067
26.76,14.15398219,13.88888889,28.60126793,26.23097329,-0.01285072172,-0.01158883705,1,1,14.36294782,107.891325
26.78,14.1537484,13.88888889,28.5959684,26.2306226,-0.01293899246,-0.01168978783,1,1,14.36195805,107.9665536
26.8,14.1535126,13.88888889,28.59067357,26.23026891,-0.01302632375,-0.0117897242,1,1,14.36096982,108.0427489
26.82,14.15327483,13.88888889,28.58538347,26.22991225,-0.01311272141,-0.01188865216,1,1,14.35998313,108.1199072
26.84,14.1530351,13.88888889,28.58009815,26.22955265,-0.01319819126,-0.0119865777,1,1,14.35899799,108.1980246
26.86,14.15279343,13.88888889,28.57481764,26.22919014,-0.0132827391,-0.01208350679,1,1,14.35801439,108.2770976
26.88,14.15254984,13.88888889,28.56954199,26.22882476,-0.01336637071,-0.01217944537,1,1,14.35703233,108.3571226
26.9,14.15230435,13.88888889,28.56427123,26.22845653,-0.01344909184,-0.0122743994,1,1,14.35605183,108.4380958
26.92,14.15205698,13.88888889,28.55900539,26.22808548,-0.01353090826,-0.01236837479,1,1,14.35507287,108.5200139
26.94,14.15180776,13.88888889,28.55374452,26.22771164,-0.01361182566,-0.01246137747,1,1,14.35409547,108.6028733
26.96,14.15155669,13.88888889,28.54848865,26.22733503,-0.01369184978,-0.01255341333,1,1,14.35311961,108.6866707
26.98,14.1513038,13.88888889,28.54323783,26.2269557,-0.01377098628,-0.01264448824,1,1,14.35214531,108.7714026
27,14.15104911,13.88888889,28.53799208,26.22657366,-0.01384924085,-0.01273460809,1,1,14.35117257,108.8570658
27.02,14.15079263,13.88888889,28.53275144,26.22618895,-0.01392661913,-0.01282377871,1,1,14.35020139,108.9436569
27.04,14.15053439,13.88888889,28.52751594,26.22580159,-0.01400312674,-0.01291200594,1,1,14.34923176,109.0311727
27.06,14.15027441,13.88888889,28.52228563,26.22541161,-0.01407876931,-0.0129992956,1,1,14.34826369,109.1196102
27.08,14.15001269,13.88888889,28.51706054,26.22501904,-0.01415355241,-0.0130856535,1,1,14.34729719,109.208966
27.1,14.14974927,13.88888889,28.5118407,26.22462391,-0.01422748163,-0.01317108541,1,1,14.34633225,109.2992371
27.12,14.14948416,13.88888889,28.50662614,26.22422624,-0.01430056251,-0.01325559711,1,1,14.34536887,109.3904206
27.14,14.14921737,13.88888889,28.5014169,26.22382606,-0.01437280059,-0.01333919434,1,1,14.34440706,109.4825133
27.16,14.14894894,13.88888889,28.49621302,26.22342341,-0.01444420136,-0.01342188284,1,1,14.34344681,109.5755124
27.18,14.14867886,13.88888889,28.49101452,26.2230183,-0.01451477033,-0.01350366832,1,1,14.34248813,109.6694149
27.2,14.14840717,13.88888889,28.48582144,26.22261076,-0.01458451296,-0.01358455648,1,1,14.34153102,109.764218
27.22,14.14813388,13.88888889,28.4806338,26.22220082,-0.0146534347,-0.013664553,1,1,14.34057549,109.8599187
27.24,14.14785901,13.88888889,28.47545165,26.22178851,-0.01472154098,-0.01374366354,1,1,14.33962152,109.9565145
27.26,14.14758257,13.88888889,28.47027501,26.22137386,-0.0147888372,-0.01382189373,1,1,14.33866912,110.0540024
27.28,14.14730459,13.88888889,28.46510392,26.22095688,-0.01485532875,-0.01389924921,1,1,14.3377183,110.1523798
27.3,14.14702507,13.88888889,28.4599384,26.22053761,-0.014921021,-0.01397573557,1,1,14.33676905,110.251644
27.32,14.14674404,13.88888889,28.45477849,26.22011606,-0.01498591928,-0.01405135841,1,1,14.33582137,110.3517925
27.34,14.14646152,13.88888889,28.44962421,26.21969228,-0.01505002892,-0.01412612328,1,1,14.33487527,110.4528225
27.36,14.14617752,13.88888889,28.4444756,26.21926628,-0.01511335521,-0.01420003573,1,1,14.33393075,110.5547317
27.38,14.14589206,13.88888889,28.43933268,26.21883809,-0.01517590344,-0.01427310129,1,1,14.33298781,110.6575174
27.4,14.14560515,13.88888889,28.43419549,26.21840773,-0.01523767886,-0.01434532546,1,1,14.33204644,110.7611773
27.42,14.14531682,13.88888889,28.42906404,26.21797523,-0.0152986867,-0.01441671373,1,1,14.33110665,110.8657088
27.44,14.14502707,13.88888889,28.42393838,26.21754061,-0.01535893218,-0.01448727157,1,1,14.33016844,110.9711096
27.46,14.14473593,13.88888889,28.41881853,26.2171039,-0.01541842049,-0.01455700442,1,1,14.32923182,111.0773773
27.48,14.14444341,13.88888889,28.41370451,26.21666512,-0.0154771568,-0.0146259177,1,1,14.32829677,111.1845097
27.5,14.14414953,13.88888889,28.40859636,26.2162243,-0.01553514625,-0.01469401683,1,1,14.3273633,111.2925044
27.52,14.14385431,13.88888889,28.4034941,26.21578146,-0.01559239397,-0.01476130719,1,1,14.32643142,111.4013591
27.54,14.14355775,13.88888889,28.39839776,26.21533663,-0.01564890505,-0.01482779413,1,1,14.32550112,111.5110717
27.56,14.14325988,13.88888889,28.39330736,26.21488982,-0.01570468458,-0.014893483,1,1,14.3245724,111.62164
27.58,14.14296071,13.88888889,28.38822293,26.21444107,-0.01575973762,-0.01495837913,1,1,14.32364526,111.7330618
27.6,14.14266026,13.88888889,28.3831445,26.2139904,-0.01581406919,-0.01502248781,1,1,14.32271971,111.8453351
27.62,14.14235855,13.88888889,28.37807209,26.21353782,-0.01586768432,-0.01508581432,1,1,14.32179574,111.9584577
27.64,14.14205558,13.88888889,28.37300573,26.21308337,-0.01592058799,-0.01514836392,1,1,14.32087336,112.0724276
27.66,14.14175138,13.88888889,28.36794543,26.21262707,-0.01597278516,-0.01521014184,1,1,14.31995256,112.1872428
27.68,14.14144595,13.88888889,28.36289124,26.21216893,-0.01602428078,-0.01527115331,1,1,14.31903335,112.3029014
27.7,14.14113933,13.88888889,28.35784316,26.21170899,-0.01607507978,-0.01533140351,1,1,14.31811572,112.4194012
27.72,14.14083151,13.88888889,28.35280123,26.21124726,-0.01612518704,-0.01539089761,1,1,14.31719968,112.5367406
27.74,14.14052252,13.88888889,28.34776547,26.21078377,-0.01617460745,-0.01544964076,1,1,14.31628523,112.6549175
27.76,14.14021236,13.88888889,28.3427359,26.21031854,-0.01622334586,-0.0155076381,1,1,14.31537236,112.7739301
27.78,14.13990107,13.88888889,28.33771254,26.2098516,-0.0162714071,-0.01556489472,1,1,14.31446108,112.8937766
27.8,14.13958864,13.88888889,28.33269542,26.20938296,-0.01631879598,-0.01562141571,1,1,14.31355138,113.0144552
27.82,14.13927509,13.88888889,28.32768456,26.20891264,-0.01636551727,-0.01567720613,1,1,14.31264327,113.1359641
27.84,14.13896045,13.88888889,28.32267999,26.20844067,-0.01641157575,-0.01573227102,1,1,14.31173675,113.2583016
27.86,14.13864471,13.88888889,28.31768171,26.20796707,-0.01645697615,-0.0157866154,1,1,14.31083182,113.381466
27.88,14.13832791,13.88888889,28.31268976,26.20749186,-0.01650172319,-0.01584024426,1,1,14.30992847,113.5054557
27.9,14.13801005,13.88888889,28.30770416,26.20701507,-0.01654582155,-0.01589316257,1,1,14.30902671,113.6302689
27.92,14.13769114,13.88888889,28.30272493,26.20653671,-0.01658927591,-0.01594537529,1,1,14.30812653,113.7559041
27.94,14.1373712,13.88888889,28.29775208,26.2060568,-0.01663209092,-0.01599688734,1,1,14.30722795,113.8823596
27.96,14.13705025,13.88888889,28.29278565,26.20557537,-0.0166742712,-0.01604770363,1,1,14.30633094,114.0096339
27.98,14.13672829,13.88888889,28.28782564,26.20509244,-0.01671582135,-0.01609782904,1,1,14.30543553,114.1377255
28,14.13640535,13.88888889,28.28287208,26.20460802,-0.01675674595,-0.01614726842,1,1,14.3045417,114.2666329
28.02,14.13608142,13.88888889,28.27792499,26.20412214,-0.01679704954,-0.01619602662,1,1,14.30364946,114.3963545
28.04,14.13575654,13.88888889,28.27298439,26.20363481,-0.01683673668,-0.01624410846,1,1,14.3027588,114.5268889
28.06,14.13543071,13.88888889,28.26805029,26.20314607,-0.01687581186,-0.01629151871,1,1,14.30186973,114.6582348
28.08,14.13510395,13.88888889,28.26312272,26.20265592,-0.01691427956,-0.01633826217,1,1,14.30098225,114.7903906
28.1,14.13477626,13.88888889,28.2582017,26.20216439,-0.01695214426,-0.01638434356,1,1,14.30009635,114.9233551
28.12,14.13444766,13.88888889,28.25328724,26.2016715,-0.01698941039,-0.01642976761,1,1,14.29921204,115.0571268
28.14,14.13411817,13.88888889,28.24837936,26.20117726,-0.01702608237,-0.01647453904,1,1,14.29832931,115.1917044
28.16,14.1337878,13.88888889,28.24347808,26.2006817,-0.0170621646,-0.0165186625,1,1,14.29744816,115.3270867
28.18,14.13345656,13.88888889,28.23858341,26.20018484,-0.01709766144,-0.01656214267,1,1,14.2965686,115.4632724
28.2,14.13312446,13.88888889,28.23369538,26.19968669,-0.01713257725,-0.01660498417,1,1,14.29569063,115.6002602
28.22,14.13279151,13.88888889,28.228814,26.19918727,-0.01716691635,-0.01664719162,1,1,14.29481423,115.7380488
28.24,14.13245774,13.88888889,28.22393928,26.19868661,-0.01720068304,-0.0166887696,1,1,14.29393942,115.8766371
28.26,14.13212314,13.88888889,28.21907125,26.19818472,-0.0172338816,-0.01672972267,1,1,14.2930662,116.0160239
28.28,14.13178774,13.88888889,28.21420992,26.19768162,-0.0172665163,-0.01677005539,1,1,14.29219455,116.1562081
28.3,14.13145155,13.88888889,28.2093553,26.19717732,-0.01729859136,-0.01680977226,1,1,14.29132449,116.2971885
28.32,14.13111457,13.88888889,28.20450742,26.19667186,-0.01733011099,-0.01684887779,1,1,14.290456,116.4389639
28.34,14.13077682,13.88888889,28.19966628,26.19616523,-0.0173610794,-0.01688737644,1,1,14.2895891,116.5815334
28.36,14.13043832,13.88888889,28.19483191,26.19565748,-0.01739150074,-0.01692527268,1,1,14.28872378,116.7248958
28.38,14.13009907,13.88888889,28.19000432,26.1951486,-0.01742137916,-0.01696257092,1,1,14.28786003,116.8690501
28.4,14.12975908,13.88888889,28.18518351,26.19463862,-0.01745071878,-0.01699927558,1,1,14.28699787,117.0139954
28.42,14.12941837,13.88888889,28.18036951,26.19412756,-0.01747952369,-0.01703539104,1,1,14.28613728,117.1597304
28.44,14.12907695,13.88888889,28.17556234,26.19361543,-0.01750779799,-0.01707092165,1,1,14.28527827,117.3062544
28.46,14.12873484,13.88888889,28.170762,26.19310226,-0.01753554571,-0.01710587176,1,1,14.28442084,117.4535664
28.48,14.12839203,13.88888889,28.16596851,26.19258805,-0.01756277089,-0.01714024567,1,1,14.28356498,117.6016654
28.5,14.12804855,13.88888889,28.16118188,26.19207283,-0.01758947755,-0.01717404769,1,1,14.2827107,117.7505504
28.52,14.12770441,13.88888889,28.15640213,26.19155661,-0.01761566967,-0.01720728208,1,1,14.28185799,117.9002207
28.54,14.12735961,13.88888889,28.15162927,26.19103941,-0.01764135121,-0.01723995309,1,1,14.28100686,118.0506754
28.56,14.12701417,13.88888889,28.14686331,26.19052125,-0.01766652611,-0.01727206494,1,1,14.2801573,118.2019135
28.58,14.12666809,13.88888889,28.14210426,26.19000214,-0.01769119831,-0.01730362183,1,1,14.27930931,118.3539343
28.6,14.1263214,13.88888889,28.13735214,26.1894821,-0.01771537169,-0.01733462795,1,1,14.2784629,118.5067369
28.62,14.1259741,13.88888889,28.13260697,26.18896115,-0.01773905013,-0.01736508745,1,1,14.27761805,118.6603206
28.64,14.1256262,13.88888889,28.12786874,26.1884393,-0.01776223749,-0.01739500446,1,1,14.27677478,118.8146845
28.66,14.12527771,13.88888889,28.12313748,26.18791657,-0.0177849376,-0.0174243831,1,1,14.27593307,118.969828
28.68,14.12492865,13.88888889,28.11841319,26.18739297,-0.01780715427,-0.01745322746,1,1,14.27509293,119.1257503
28.7,14.12457902,13.88888889,28.1136959,26.18686852,-0.01782889129,-0.01748154161,1,1,14.27425436,119.2824507
28.72,14.12422883,13.88888889,28.10898559,26.18634324,-0.01785015242,-0.01750932958,1,1,14.27341736,119.4399285
28.74,14.1238781,13.88888889,28.1042823,26.18581715,-0.01787094142,-0.01753659541,1,1,14.27258192,119.5981831
28.76,14.12352683,13.88888889,28.09958603,26.18529024,-0.017891262,-0.01756334309,1,1,14.27174805,119.7572136
28.78,14.12317504,13.88888889,28.09489679,26.18476256,-0.01791111787,-0.0175895766,1,1,14.27091574,119.9170196
28.8,14.12282273,13.88888889,28.09021459,26.1842341,-0.01793051271,-0.0176152999,1,1,14.27008499,120.0776004
28.82,14.12246992,13.88888889,28.08553944,26.18370488,-0.01794945018,-0.01764051693,1,1,14.2692558,120.2389554
28.84,14.12211662,13.88888889,28.08087135,26.18317493,-0.01796793392,-0.01766523159,1,1,14.26842817,120.4010841
28.86,14.12176283,13.88888889,28.07621034,26.18264424,-0.01798596753,-0.01768944778,1,1,14.26760211,120.5639858
28.88,14.12140857,13.88888889,28.0715564,26.18211285,-0.01800355463,-0.01771316936,1,1,14.2667776,120.72766
28.9,14.12105384,13.88888889,28.06690956,26.18158076,-0.01802069877,-0.01773640018,1,1,14.26595465,120.8921061
28.92,14.12069865,13.88888889,28.06226981,26.18104798,-0.01803740352,-0.01775914407,1,1,14.26513325,121.0573237
28.94,14.12034303,13.88888889,28.05763717,26.18051454,-0.0180536724,-0.01778140482,1,1,14.26431341,121.2233123
28.96,14.11998696,13.88888889,28.05301165,26.17998044,-0.01806950894,-0.01780318623,1,1,14.26349513,121.3900714
28.98,14.11963047,13.88888889,28.04839325,26.17944571,-0.0180849166,-0.01782449204,1,1,14.2626784,121.5576005
29,14.11927357,13.88888889,28.04378199,26.17891035,-0.01809989888,-0.01784532601,1,1,14.26186322,121.7258992
29.02,14.11891625,13.88888889,28.03917787,26.17837438,-0.0181144592,-0.01786569184,1,1,14.26104959,121.894967
29.04,14.11855854,13.88888889,28.0345809,26.17783781,-0.01812860101,-0.01788559323,1,1,14.26023751,122.0648036
29.06,14.11820044,13.88888889,28.02999109,26.17730066,-0.01814232771,-0.01790503385,1,1,14.25942697,122.2354085
29.08,14.11784196,13.88888889,28.02540844,26.17676294,-0.01815564268,-0.01792401736,1,1,14.25861799,122.4067814
29.1,14.11748311,13.88888889,28.02083297,26.17622466,-0.01816854929,-0.01794254738,1,1,14.25781055,122.5789219
29.12,14.1171239,13.88888889,28.01626467,26.17568584,-0.01818105088,-0.01796062754,1,1,14.25700465,122.7518296
29.14,14.11676433,13.88888889,28.01170357,26.1751465,-0.01819315078,-0.0179782614,1,1,14.2562003,122.9255042
29.16,14.11640442,13.88888889,28.00714966,26.17460663,-0.0182048523,-0.01799545255,1,1,14.25539749,123.0999455
29.18,14.11604418,13.88888889,28.00260295,26.17406627,-0.01821615871,-0.01801220453,1,1,14.25459623,123.275153
29.2,14.11568361,13.88888889,27.99806345,26.17352541,-0.01822707329,-0.01802852087,1,1,14.2537965,123.4511266
29.22,14.11532272,13.88888889,27.99353117,26.17298408,-0.01823759927,-0.01804440506,1,1,14.25299831,123.6278659
29.24,14.11496152,13.88888889,27.9890061,26.17244228,-0.01824773989,-0.0180598606,1,1,14.25220165,123.8053707
29.26,14.11460002,13.88888889,27.98448826,26.17190004,-0.01825749834,-0.01807489094,1,1,14.25140653,123.9836407
29.28,14.11423823,13.88888889,27.97997766,26.17135735,-0.0182668778,-0.01808949953,1,1,14.25061295,124.1626758
29.3,14.11387616,13.88888889,27.97547429,26.17081424,-0.01827588145,-0.0181036898,1,1,14.2498209,124.3424757
29.32,14.11351381,13.88888889,27.97097817,26.17027072,-0.01828451243,-0.01811746513,1,1,14.24903038,124.5230402
29.34,14.11315119,13.88888889,27.9664893,26.16972679,-0.01829277386,-0.01813082891,1,1,14.24824139,124.7043691
29.36,14.11278832,13.88888889,27.96200768,26.16918248,-0.01830066885,-0.01814378451,1,1,14.24745393,124.8864623
29.38,14.11242519,13.88888889,27.95753332,26.16863779,-0.01830820048,-0.01815633526,1,1,14.246668,125.0693196
29.4,14.11206182,13.88888889,27.95306623,26.16809273,-0.01831537183,-0.01816848447,1,1,14.24588359,125.252941
29.42,14.11169822,13.88888889,27.94860641,26.16754733,-0.01832218594,-0.01818023546,1,1,14.24510071,125.4373261
29.44,14.11133439,13.88888889,27.94415386,26.16700158,-0.01832864583,-0.0181915915,1,1,14.24431935,125.6224751
29.46,14.11097033,13.88888889,27.93970859,26.1664555,-0.01833475452,-0.01820255585,1,1,14.24353951,125.8083876
29.48,14.11060607,13.88888889,27.93527061,26.16590911,-0.01834051499,-0.01821313174,1,1,14.24276119,125.9950638
29.5,14.11024161,13.88888889,27.93083991,26.16536241,-0.01834593023,-0.0182233224,1,1,14.24198439,126.1825034
29.52,14.10987694,13.88888889,27.9264165,26.16481541,-0.01835100317,-0.01823313103,1,1,14.24120911,126.3707065
29.54,14.10951209,13.88888889,27.92200039,26.16426814,-0.01835573676,-0.0182425608,1,1,14.24043534,126.559673
29.56,14.10914706,13.88888889,27.91759157,26.16372059,-0.0183601339,-0.01825161487,1,1,14.23966309,126.7494029
29.58,14.10878185,13.88888889,27.91319006,26.16317278,-0.0183641975,-0.0182602964,1,1,14.23889235,126.9398961
29.6,14.10841648,13.88888889,27.90879586,26.16262472,-0.01836793042,-0.01826860848,1,1,14.23812312,127.1311527
29.62,14.10805095,13.88888889,27.90440896,26.16207642,-0.01837133554,-0.01827655424,1,1,14.2373554,127.3231727
29.64,14.10768527,13.88888889,27.90002937,26.1615279,-0.01837441569,-0.01828413674,1,1,14.23658918,127.515956
29.66,14.10731944,13.88888889,27.89565711,26.16097916,-0.01837717369,-0.01829135906,1,1,14.23582448,127.7095028
29.68,14.10695348,13.88888889,27.89129215,26.16043021,-0.01837961235,-0.01829822423,1,1,14.23506128,127.9038131
29.7,14.10658738,13.88888889,27.88693452,26.15988107,-0.01838173445,-0.01830473528,1,1,14.23429958,128.0988869
29.72,14.10622116,13.88888889,27.88258422,26.15933174,-0.01838354275,-0.01831089521,1,1,14.23353938,128.2947244
29.74,14.10585483,13.88888889,27.87824123,26.15878224,-0.01838504002,-0.01831670702,1,1,14.23278069,128.4913255
29.76,14.10548839,13.88888889,27.87390558,26.15823258,-0.01838622898,-0.01832217366,1,1,14.23202349,128.6886905
29.78,14.10512184,13.88888889,27.86957725,26.15768276,-0.01838711234,-0.01832729808,1,1,14.23126779,128.8868194
29.8,14.1047552,13.88888889,27.86525626,26.1571328,-0.0183876928,-0.01833208322,1,1,14.23051358,129.0857123
29.82,14.10438847,13.88888889,27.8609426,26.1565827,-0.01838797304,-0.01833653199,1,1,14.22976087,129.2853695
29.84,14.10402165,13.88888889,27.85663628,26.15603248,-0.01838795572,-0.01834064727,1,1,14.22900965,129.4857909
29.86,14.10365477,13.88888889,27.85233729,26.15548215,-0.01838764348,-0.01834443195,1,1,14.22825992,129.6869769
29.88,14.10328781,13.88888889,27.84804565,26.15493171,-0.01838703896,-0.01834788887,1,1,14.22751168,129.8889275
29.9,14.10292079,13.88888889,27.84376134,26.15438118,-0.01838614474,-0.01835102088,1,1,14.22676492,130.091643
29.92,14.10255371,13.88888889,27.83948437,26.15383057,-0.01838496344,-0.01835383079,1,1,14.22601965,130.2951236
29.94,14.10218658,13.88888889,27.83521474,26.15327988,-0.01838349762,-0.0183563214,1,1,14.22527586,130.4993694
29.96,14.10181941,13.88888889,27.83095246,26.15272912,-0.01838174983,-0.0183584955,1,1,14.22453356,130.7043806
29.98,14.10145221,13.88888889,27.82669752,26.15217831,-0.01837972263,-0.01836035584,1,1,14.22379273,130.9101576
30,14.10108497,13.88888889,27.82244993,26.15162745,-0.01837741852,-0.01836190519,1,1,14.22305338,131.1167006
30.02,14.10071771,13.88888889,27.81820968,26.15107656,-0.01837484003,-0.01836314625,1,1,14.22231551,131.3240097
30.04,14.10035042,13.88888889,27.81397678,26.15052564,-0.01837198963,-0.01836408176,1,1,14.22157912,131.5320854
30.06,14.09998313,13.88888889,27.80975122,26.1499747,-0.0183688698,-0.01836471439,1,1,14.22084419,131.7409278
30.08,14.09961583,13.88888889,27.80553301,26.14942374,-0.018365483,-0.01836504682,1,1,14.22011074,131.9505372
30.1,14.09924853,13.88888889,27.80132214,26.14887279,-0.01836183166,-0.01836508171,1,1,14.21937876,132.160914
30.12,14.09888123,13.88888889,27.79711862,26.14832185,-0.01835791822,-0.01836482171,1,1,14.21864824,132.3720584
30.14,14.09851395,13.88888889,27.79292245,26.14777092,-0.01835374506,-0.01836426943,1,1,14.21791919,132.5839708
30.16,14.09814668,13.88888889,27.78873362,26.14722002,-0.0183493146,-0.01836342748,1,1,14.21719161,132.7966515
30.18,14.09777943,13.88888889,27.78455214,26.14666915,-0.01834462919,-0.01836229845,1,1,14.21646549,133.0101008
30.2,14.09741221,13.88888889,27.780378,26.14611832,-0.0183396912,-0.01836088491,1,1,14.21574082,133.2243192
30.22,14.09704503,13.88888889,27.7762112,26.14556754,-0.01833450297,-0.01835918941,1,1,14.21501762,133.4393069
30.24,14.09667789,13.88888889,27.77205175,26.14501683,-0.01832906683,-0.0183572145,1,1,14.21429587,133.6550644
30.26,14.09631079,13.88888889,27.76789964,26.14446618,-0.01832338508,-0.01835496268,1,1,14.21357558,133.871592
30.28,14.09594374,13.88888889,27.76375488,26.14391561,-0.01831746003,-0.01835243648,1,1,14.21285674,134.0888901
30.3,14.09557674,13.88888889,27.75961745,26.14336512,-0.01831129394,-0.01834963836,1,1,14.21213935,134.3069592
30.32,14.09520981,13.88888889,27.75548736,26.14281472,-0.01830488909,-0.01834657081,1,1,14.21142342,134.5257996
30.34,14.09484295,13.88888889,27.75136461,26.14226442,-0.01829824772,-0.01834323627,1,1,14.21070893,134.7454118
30.36,14.09447616,13.88888889,27.7472492,26.14171423,-0.01829137207,-0.01833963718,1,1,14.20999588,134.9657962
30.38,14.09410944,13.88888889,27.74314112,26.14116416,-0.01828426434,-0.01833577598,1,1,14.20928428,135.1869532
30.4,14.09374281,13.88888889,27.73904037,26.14061421,-0.01827692675,-0.01833165504,1,1,14.20857412,135.4088834
30.42,14.09337626,13.88888889,27.73494696,26.14006439,-0.01826936147,-0.01832727678,1,1,14.2078654,135.6315872
30.44,14.09300981,13.88888889,27.73086088,26.13951471,-0.01826157068,-0.01832264356,1,1,14.20715812,135.855065
30.46,14.09264345,13.88888889,27.72678212,26.13896518,-0.01825355654,-0.01831775773,1,1,14.20645228,136.0793174
30.48,14.0922772,13.88888889,27.72271069,26.1384158,-0.01824532119,-0.01831262163,1,1,14.20574787,136.3043449
30.5,14.09191106,13.88888889,27.71864659,26.13786658,-0.01823686675,-0.0183072376,1,1,14.20504489,136.5301479
30.52,14.09154502,13.88888889,27.71458981,26.13731754,-0.01822819534,-0.01830160793,1,1,14.20434334,136.7567269
30.54,14.09117911,13.88888889,27.71054034,26.13676866,-0.01821930905,-0.01829573492,1,1,14.20364322,136.9840826
30.56,14.09081332,13.88888889,27.7064982,26.13621998,-0.01821020996,-0.01828962085,1,1,14.20294453,137.2122155
30.58,14.09044765,13.88888889,27.70246337,26.13567148,-0.01820090014,-0.01828326798,1,1,14.20224727,137.441126
30.6,14.09008212,13.88888889,27.69843585,26.13512318,-0.01819138165,-0.01827667855,1,1,14.20155142,137.6708148
30.62,14.08971672,13.88888889,27.69441563,26.13457508,-0.01818165653,-0.0182698548,1,1,14.200857,137.9012823
30.64,14.08935147,13.88888889,27.69040273,26.1340272,-0.01817172679,-0.01826279894,1,1,14.200164,138.1325293
30.66,14.08898636,13.88888889,27.68639713,26.13347953,-0.01816159445,-0.01825551317,1,1,14.19947241,138.3645563
30.68,14.0886214,13.88888889,27.68239883,26.13293209,-0.01815126151,-0.01824799967,1,1,14.19878224,138.5973638
30.7,14.08825659,13.88888889,27.67840783,26.13238488,-0.01814072994,-0.01824026062,1,1,14.19809348,138.8309525
30.72,14.08789194,13.88888889,27.67442412,26.13183792,-0.01813000171,-0.01823229816,1,1,14.19740613,139.0653229
30.74,14.08752746,13.88888889,27.6704477,26.13129119,-0.01811907879,-0.01822411445,1,1,14.19672019,139.3004758
30.76,14.08716315,13.88888889,27.66647858,26.13074472,-0.0181079631,-0.01821571159,1,1,14.19603566,139.5364117
30.78,14.08679901,13.88888889,27.66251673,26.13019851,-0.01809665658,-0.01820709171,1,1,14.19535253,139.7731313
30.8,14.08643504,13.88888889,27.65856217,26.12965256,-0.01808516114,-0.0181982569,1,1,14.19467081,140.0106352
30.82,14.08607126,13.88888889,27.65461488,26.12910688,-0.01807347867,-0.01818920924,1,1,14.19399049,140.2489241
30.84,14.08570766,13.88888889,27.65067487,26.12856149,-0.01806161107,-0.0181799508,1,1,14.19331157,140.4879987
30.86,14.08534425,13.88888889,27.64674213,26.12801637,-0.0180495602,-0.01817048362,1,1,14.19263404,140.7278595
30.88,14.08498103,13.88888889,27.64281666,26.12747155,-0.01803732793,-0.01816080975,1,1,14.19195791,140.9685074
30.9,14.08461801,13.88888889,27.63889844,26.12692702,-0.01802491609,-0.0181509312,1,1,14.19128317,141.2099431
30.92,14.0842552,13.88888889,27.63498749,26.12638279,-0.01801232653,-0.01814084999,1,1,14.19060983,141.4521671
30.94,14.08389258,13.88888889,27.63108379,26.12583888,-0.01799956105,-0.01813056811,1,1,14.18993787,141.6951802
30.96,14.08353018,13.88888889,27.62718734,26.12529527,-0.01798662147,-0.01812008755,1,1,14.1892673,141.9389832
30.98,14.08316799,13.88888889,27.62329814,26.12475199,-0.01797350958,-0.01810941026,1,1,14.18859812,142.1835768
31,14.08280602,13.88888889,27.61941617,26.12420904,-0.01796022716,-0.01809853821,1,1,14.18793032,142.4289617
31.02,14.08244427,13.88888889,27.61554145,26.12366641,-0.01794677597,-0.01808747332,1,1,14.1872639,142.6751387
31.04,14.08208275,13.88888889,27.61167396,26.12312412,-0.01793315778,-0.01807621754,1,1,14.18659886,142.9221084
31.06,14.08172145,13.88888889,27.60781369,26.12258218,-0.01791937432,-0.01806477276,1,1,14.18593519,143.1698718
31.08,14.08136039,13.88888889,27.60396065,26.12204059,-0.01790542731,-0.01805314088,1,1,14.1852729,143.4184295
31.1,14.08099957,13.88888889,27.60011483,26.12149935,-0.01789131849,-0.0180413238,1,1,14.18461199,143.6677824
31.12,14.08063898,13.88888889,27.59627622,26.12095847,-0.01787704955,-0.01802932337,1,1,14.18395244,143.9179311
31.14,14.08027864,13.88888889,27.59244482,26.12041795,-0.01786262218,-0.01801714147,1,1,14.18329426,144.1688766
31.16,14.07991854,13.88888889,27.58862063,26.11987781,-0.01784803806,-0.01800477992,1,1,14.18263745,144.4206197
31.18,14.0795587,13.88888889,27.58480363,26.11933804,-0.01783329886,-0.01799224057,1,1,14.18198201,144.6731611
31.2,14.0791991,13.88888889,27.58099383,26.11879866,-0.01781840624,-0.01797952524,1,1,14.18132792,144.9265016
31.22,14.07883977,13.88888889,27.57719122,26.11825966,-0.01780336183,-0.01796663572,1,1,14.1806752,145.1806422
31.24,14.0784807,13.88888889,27.5733958,26.11772105,-0.01778816727,-0.01795357381,1,1,14.18002384,145.4355836
31.26,14.07812189,13.88888889,27.56960755,26.11718284,-0.01777282417,-0.01794034128,1,1,14.17937383,145.6913266
31.28,14.07776336,13.88888889,27.56582647,26.11664503,-0.01775733415,-0.01792693991,1,1,14.17872518,145.9478723
31.3,14.07740509,13.88888889,27.56205257,26.11610763,-0.0177416988,-0.01791337145,1,1,14.17807788,146.2052213
31.32,14.07704709,13.88888889,27.55828582,26.11557064,-0.0177259197,-0.01789963764,1,1,14.17743192,146.4633746
31.34,14.07668938,13.88888889,27.55452624,26.11503407,-0.01770999842,-0.01788574021,1,1,14.17678732,146.7223331
31.36,14.07633195,13.88888889,27.5507738,26.11449792,-0.01769393652,-0.01787168086,1,1,14.17614406,146.9820976
31.38,14.0759748,13.88888889,27.54702851,26.1139622,-0.01767773555,-0.01785746131,1,1,14.17550215,147.2426691
31.4,14.07561794,13.88888889,27.54329036,26.1134269,-0.01766139705,-0.01784308325,1,1,14.17486158,147.5040485
31.42,14.07526136,13.88888889,27.53955935,26.11289205,-0.01764492254,-0.01782854836,1,1,14.17422235,147.7662366
31.44,14.07490509,13.88888889,27.53583546,26.11235763,-0.01762831354,-0.01781385829,1,1,14.17358445,148.0292344
31.46,14.07454911,13.88888889,27.53211869,26.11182366,-0.01761157155,-0.01779901471,1,1,14.1729479,148.2930428
31.48,14.07419343,13.88888889,27.52840905,26.11129014,-0.01759469806,-0.01778401926,1,1,14.17231267,148.5576627
31.5,14.07383805,13.88888889,27.52470651,26.11075707,-0.01757769456,-0.01776887356,1,1,14.17167878,148.8230952
31.52,14.07348298,13.88888889,27.52101108,26.11022447,-0.0175605625,-0.01775357924,1,1,14.17104621,149.0893411
31.54,14.07312821,13.88888889,27.51732274,26.10969232,-0.01754330335,-0.0177381379,1,1,14.17041497,149.3564014
31.56,14.07277376,13.88888889,27.5136415,26.10916065,-0.01752591857,-0.01772255114,1,1,14.16978506,149.6242771
31.58,14.07241963,13.88888889,27.50996735,26.10862944,-0.01750840957,-0.01770682053,1,1,14.16915647,149.8929691
31.6,14.07206581,13.88888889,27.50630027,26.10809871,-0.0174907778,-0.01769094766,1,1,14.1685292,150.1624785
31.62,14.07171231,13.88888889,27.50264027,26.10756846,-0.01747302466,-0.01767493407,1,1,14.16790325,150.4328062
31.64,14.07135913,13.88888889,27.49898733,26.1070387,-0.01745515155,-0.01765878131,1,1,14.16727861,150.7039532
31.66,14.07100628,13.88888889,27.49534145,26.10650943,-0.01743715989,-0.01764249093,1,1,14.16665529,150.9759206
31.68,14.07065376,13.88888889,27.49170263,26.10598064,-0.01741905104,-0.01762606445,1,1,14.16603329,151.2487093
31.7,14.07030157,13.88888889,27.48807085,26.10545236,-0.01740082638,-0.01760950338,1,1,14.16541259,151.5223203
31.72,14.06994972,13.88888889,27.48444612,26.10492458,-0.01738248727,-0.01759280922,1,1,14.1647932,151.7967548
31.74,14.0695982,13.88888889,27.48082842,26.1043973,-0.01736403506,-0.01757598346,1,1,14.16417511,152.0720137
31.76,14.06924702,13.88888889,27.47721774,26.10387052,-0.01734547111,-0.01755902759,1,1,14.16355833,152.348098
31.78,14.06889618,13.88888889,27.47361409,26.10334427,-0.01732679673,-0.01754194307,1,1,14.16294285,152.6250089
31.8,14.06854568,13.88888889,27.47001745,26.10281852,-0.01730801325,-0.01752473136,1,1,14.16232867,152.9027474
31.82,14.06819554,13.88888889,27.46642781,26.1022933,-0.01728912198,-0.01750739391,1,1,14.16171579,153.1813145
31.84,14.06784574,13.88888889,27.46284518,26.1017686,-0.01727012422,-0.01748993216,1,1,14.1611042,153.4607114
31.86,14.06749629,13.88888889,27.45926954,26.10124443,-0.01725102127,-0.01747234752,1,1,14.16049391,153.7409391
31.88,14.0671472,13.88888889,27.45570088,26.1007208,-0.0172318144,-0.01745464142,1,1,14.15988491,154.0219986
31.9,14.06679846,13.88888889,27.4521392,26.10019769,-0.01721250489,-0.01743681526,1,1,14.15927719,154.3038912
31.92,14.06645008,13.88888889,27.44858449,26.09967512,-0.01719309401,-0.01741887043,1,1,14.15867076,154.5866178
31.94,14.06610207,13.88888889,27.44503675,26.0991531,-0.01717358299,-0.01740080832,1,1,14.15806562,154.8701797
31.96,14.06575441,13.88888889,27.44149596,26.09863162,-0.01715397309,-0.01738263029,1,1,14.15746176,155.1545779
31.98,14.06540713,13.88888889,27.43796212,26.09811069,-0.01713426554,-0.01736433772,1,1,14.15685918,155.4398135
32,14.06506021,13.88888889,27.43443523,26.09759031,-0.01711446156,-0.01734593194,1,1,14.15625787,155.7258877
32.02,14.06471366,13.88888889,27.43091527,26.09707049,-0.01709456236,-0.01732741431,1,1,14.15565784,156.0128017
32.04,14.06436748,13.88888889,27.42740223,26.09655123,-0.01707456916,-0.01730878615,1,1,14.15505909,156.3005565
32.06,14.06402168,13.88888889,27.42389612,26.09603253,-0.01705448315,-0.0172900488,1,1,14.15446161,156.5891533
32.08,14.06367626,13.88888889,27.42039692,26.09551439,-0.0170343055,-0.01727120354,1,1,14.15386539,156.8785934
32.1,14.06333121,13.88888889,27.41690462,26.09499682,-0.01701403741,-0.0172522517,1,1,14.15327045,157.1688777
32.12,14.06298655,13.88888889,27.41341922,26.09447983,-0.01699368004,-0.01723319456,1,1,14.15267677,157.4600077
32.14,14.06264227,13.88888889,27.40994071,26.09396341,-0.01697323454,-0.0172140334,1,1,14.15208435,157.7519843
32.16,14.06229837,13.88888889,27.40646908,26.09344756,-0.01695270207,-0.01719476949,1,1,14.15149319,158.0448088
32.18,14.06195487,13.88888889,27.40300433,26.0929323,-0.01693208377,-0.01717540409,1,1,14.15090329,158.3384824
32.2,14.06161175,13.88888889,27.39954644,26.09241762,-0.01691138077,-0.01715593847,1,1,14.15031465,158.6330064
32.22,14.06126902,13.88888889,27.39609541,26.09190353,-0.01689059419,-0.01713637385,1,1,14.14972726,158.9283818
32.24,14.06092669,13.88888889,27.39265123,26.09139003,-0.01686972514,-0.01711671148,1,1,14.14914113,159.22461
32.26,14.06058475,13.88888889,27.38921389,26.09087712,-0.01684877474,-0.01709695257,1,1,14.14855624,159.5216922
32.28,14.06024321,13.88888889,27.38578339,26.09036481,-0.01682774408,-0.01707709835,1,1,14.14797261,159.8196295
32.3,14.05990206,13.88888889,27.38235972,26.08985309,-0.01680663425,-0.01705715,1,1,14.14739021,160.1184233
32.32,14.05956132,13.88888889,27.37894286,26.08934198,-0.01678544633,-0.01703710874,1,1,14.14680907,160.4180748
32.34,14.05922098,13.88888889,27.37553282,26.08883147,-0.01676418138,-0.01701697575,1,1,14.14622916,160.7185852
32.36,14.05888105,13.88888889,27.37212957,26.08832157,-0.01674284047,-0.0169967522,1,1,14.14565049,161.0199558
32.38,14.05854152,13.88888889,27.36873313,26.08781228,-0.01672142467,-0.01697643926,1,1,14.14507306,161.3221878
32.4,14.0582024,13.88888889,27.36534346,26.08730359,-0.016699935,-0.01695603809,1,1,14.14449686,161.6252826
32.42,14.05786369,13.88888889,27.36196058,26.08679553,-0.01667837251,-0.01693554985,1,1,14.1439219,161.9292414
32.44,14.05752539,13.88888889,27.35858447,26.08628808,-0.01665673823,-0.01691497566,1,1,14.14334817,162.2340655
32.46,14.0571875,13.88888889,27.35521512,26.08578125,-0.01663503318,-0.01689431667,1,1,14.14277566,162.5397562
32.48,14.05685003,13.88888889,27.35185252,26.08527504,-0.01661325838,-0.01687357399,1,1,14.14220438,162.8463149
32.5,14.05651297,13.88888889,27.34849667,26.08476946,-0.01659141482,-0.01685274874,1,1,14.14163433,163.1537427
32.52,14.05617634,13.88888889,27.34514755,26.0842645,-0.01656950351,-0.01683184202,1,1,14.1410655,163.4620411
32.54,14.05584012,13.88888889,27.34180517,26.08376018,-0.01654752543,-0.01681085494,1,1,14.14049789,163.7712113
32.56,14.05550432,13.88888889,27.3384695,26.08325648,-0.01652548157,-0.01678978858,1,1,14.13993149,164.0812546
32.58,14.05516895,13.88888889,27.33514054,26.08275343,-0.0165033729,-0.01676864402,1,1,14.13936631,164.3921725
32.6,14.054834,13.88888889,27.33181829,26.082251,-0.01648120038,-0.01674742233,1,1,14.13880235,164.7039663
32.62,14.05449948,13.88888889,27.32850274,26.08174922,-0.01645896498,-0.01672612458,1,1,14.13823959,165.0166373
32.64,14.05416538,13.88888889,27.32519386,26.08124808,-0.01643666763,-0.01670475181,1,1,14.13767805,165.3301868
32.66,14.05383172,13.88888889,27.32189167,26.08074758,-0.0164143093,-0.01668330507,1,1,14.13711771,165.6446163
32.68,14.05349848,13.88888889,27.31859615,26.08024772,-0.0163918909,-0.01666178541,1,1,14.13655857,165.959927
32.7,14.05316568,13.88888889,27.31530728,26.07974852,-0.01636941337,-0.01664019385,1,1,14.13600064,166.2761205
32.72,14.05283331,13.88888889,27.31202507,26.07924996,-0.01634687763,-0.01661853141,1,1,14.13544391,166.593198
32.74,14.05250137,13.88888889,27.3087495,26.07875206,-0.01632428458,-0.01659679911,1,1,14.13488838,166.9111609
32.76,14.05216987,13.88888889,27.30548057,26.07825481,-0.01630163514,-0.01657499795,1,1,14.13433404,167.2300107
32.78,14.05183881,13.88888889,27.30221826,26.07775821,-0.01627893021,-0.01655312892,1,1,14.1337809,167.5497488
32.8,14.05150819,13.88888889,27.29896257,26.07726228,-0.01625617066,-0.01653119303,1,1,14.13322895,167.8703765
32.82,14.051178,13.88888889,27.29571348,26.076767,-0.01623335739,-0.01650919124,1,1,14.13267818,168.1918953
32.84,14.05084826,13.88888889,27.292471,26.07627239,-0.01621049127,-0.01648712453,1,1,14.13212861,168.5143066
32.86,14.05051896,13.88888889,27.2892351,26.07577844,-0.01618757318,-0.01646499387,1,1,14.13158022,168.8376118
32.88,14.0501901,13.88888889,27.28600579,26.07528515,-0.01616460396,-0.01644280021,1,1,14.13103302,169.1618124
32.9,14.04986169,13.88888889,27.28278305,26.07479254,-0.01614158448,-0.01642054451,1,1,14.13048699,169.4869098
32.92,14.04953373,13.88888889,27.27956687,26.07430059,-0.01611851558,-0.01639822771,1,1,14.12994215,169.8129055
32.94,14.04920621,13.88888889,27.27635725,26.07380932,-0.01609539811,-0.01637585074,1,1,14.12939848,170.1398009
32.96,14.04887914,13.88888889,27.27315418,26.07331871,-0.01607223289,-0.01635341453,1,1,14.12885598,170.4675974
32.98,14.04855252,13.88888889,27.26995764,26.07282879,-0.01604902076,-0.01633092,1,1,14.12831466,170.7962967
33,14.04822636,13.88888889,27.26676763,26.07233954,-0.01602576254,-0.01630836806,1,1,14.12777451,171.1259
33.02,14.04790064,13.88888889,27.26358413,26.07185096,-0.01600245903,-0.01628575962,1,1,14.12723552,171.456409
33.04,14.04757538,13.88888889,27.26040715,26.07136307,-0.01597911105,-0.01626309557,1,1,14.12669771,171.7878251
33.06,14.04725057,13.88888889,27.25723667,26.07087586,-0.01595571939,-0.01624037681,1,1,14.12616105,172.1201498
33.08,14.04692622,13.88888889,27.25407268,26.07038933,-0.01593228486,-0.01621760422,1,1,14.12562556,172.4533846
33.1,14.04660232,13.88888889,27.25091517,26.06990349,-0.01590880822,-0.01619477867,1,1,14.12509123,172.7875311
33.12,14.04627889,13.88888889,27.24776414,26.06941833,-0.01588529027,-0.01617190103,1,1,14.12455805,173.1225906
33.14,14.04595591,13.88888889,27.24461957,26.06893386,-0.01586173178,-0.01614897217,1,1,14.12402603,173.4585648
33.16,14.04563339,13.88888889,27.24148145,26.06845008,-0.01583813352,-0.01612599294,1,1,14.12349516,173.7954552
33.18,14.04531133,13.88888889,27.23834978,26.06796699,-0.01581449624,-0.01610296419,1,1,14.12296545,174.1332633
33.2,14.04498973,13.88888889,27.23522455,26.0674846,-0.0157908207,-0.01607988675,1,1,14.12243688,174.4719907
33.22,14.04466859,13.88888889,27.23210574,26.06700289,-0.01576710765,-0.01605676147,1,1,14.12190946,174.8116389
33.24,14.04434792,13.88888889,27.22899336,26.06652188,-0.01574335784,-0.01603358916,1,1,14.12138318,175.1522095
33.26,14.04402772,13.88888889,27.22588738,26.06604157,-0.01571957199,-0.01601037066,1,1,14.12085805,175.493704
33.28,14.04370797,13.88888889,27.2227878,26.06556196,-0.01569575083,-0.01598710676,1,1,14.12033406,175.836124
33.3,14.0433887,13.88888889,27.21969461,26.06508305,-0.0156718951,-0.01596379829,1,1,14.1198112,176.1794711
33.32,14.04306989,13.88888889,27.2166078,26.06460483,-0.0156480055,-0.01594044603,1,1,14.11928948,176.5237469
33.34,14.04275155,13.88888889,27.21352737,26.06412732,-0.01562408275,-0.01591705079,1,1,14.1187689,176.8689529
33.36,14.04243368,13.88888889,27.21045329,26.06365051,-0.01560012756,-0.01589361335,1,1,14.11824944,177.2150907
33.38,14.04211627,13.88888889,27.20738557,26.06317441,-0.01557614061,-0.01587013448,1,1,14.11773112,177.562162
33.4,14.04179934,13.88888889,27.20432419,26.06269901,-0.01555212261,-0.01584661497,1,1,14.11721392,177.9101683
33.42,14.04148288,13.88888889,27.20126915,26.06222432,-0.01552807425,-0.01582305559,1,1,14.11669785,178.2591113
33.44,14.04116689,13.88888889,27.19822043,26.06175034,-0.0155039962,-0.01579945708,1,1,14.11618291,178.6089926
33.46,14.04085137,13.88888889,27.19517802,26.06127706,-0.01547988914,-0.01577582021,1,1,14.11566908,178.9598138
33.48,14.04053633,13.88888889,27.19214192,26.0608045,-0.01545575374,-0.01575214572,1,1,14.11515637,179.3115766
33.5,14.04022176,13.88888889,27.18911212,26.06033264,-0.01543159066,-0.01572843436,1,1,14.11464478,179.6642825
33.52,14.03990767,13.88888889,27.1860886,26.0598615,-0.01540740057,-0.01570468687,1,1,14.11413431,180.0179333
33.54,14.03959405,13.88888889,27.18307136,26.05939108,-0.01538318411,-0.01568090396,1,1,14.11362495,180.3725306
33.56,14.03928091,13.88888889,27.18006039,26.05892136,-0.01535894194,-0.01565708637,1,1,14.11311669,180.728076
33.58,14.03896824,13.88888889,27.17705568,26.05845237,-0.01533467469,-0.01563323482,1,1,14.11260955,181.0845712
33.6,14.03865606,13.88888889,27.17405721,26.05798409,-0.015310383,-0.01560935001,1,1,14.11210351,181.4420179
33.62,14.03834435,13.88888889,27.17106499,26.05751652,-0.01528606751,-0.01558543265,1,1,14.11159858,181.8004178
33.64,14.03803312,13.88888889,27.16807899,26.05704968,-0.01526172883,-0.01556148344,1,1,14.11109475,182.1597726
33.66,14.03772237,13.88888889,27.16509921,26.05658355,-0.01523736759,-0.01553750307,1,1,14.11059202,182.5200839
33.68,14.0374121,13.88888889,27.16212565,26.05611815,-0.0152129844,-0.01551349223,1,1,14.11009039,182.8813534
33.7,14.03710231,13.88888889,27.15915828,26.05565346,-0.01518857988,-0.0154894516,1,1,14.10958985,183.2435829
33.72,14.036793,13.88888889,27.1561971,26.0551895,-0.01516415462,-0.01546538187,1,1,14.10909041,183.606774
33.74,14.03648418,13.88888889,27.15324211,26.05472626,-0.01513970922,-0.01544128369,1,1,14.10859206,183.9709286
33.76,14.03617583,13.88888889,27.15029329,26.05426375,-0.01511524428,-0.01541715773,1,1,14.1080948,184.3360482
33.78,14.03586797,13.88888889,27.14735063,26.05380196,-0.01509076038,-0.01539300465,1,1,14.10759862,184.7021347
33.8,14.0355606,13.88888889,27.14441412,26.05334089,-0.01506625812,-0.01536882511,1,1,14.10710353,185.0691897
33.82,14.0352537,13.88888889,27.14148375,26.05288056,-0.01504173806,-0.01534461975,1,1,14.10660953,185.437215
33.84,14.0349473,13.88888889,27.13855952,26.05242094,-0.01501720078,-0.01532038922,1,1,14.1061166,185.8062124
33.86,14.03464137,13.88888889,27.13564141,26.05196206,-0.01499264684,-0.01529613414,1,1,14.10562476,186.1761837
33.88,14.03433594,13.88888889,27.13272942,26.05150391,-0.01496807682,-0.01527185516,1,1,14.10513399,186.5471305
33.9,14.03403099,13.88888889,27.12982353,26.05104648,-0.01494349127,-0.01524755289,1,1,14.1046443,186.9190546
33.92,14.03372652,13.88888889,27.12692373,26.05058978,-0.01491889074,-0.01522322796,1,1,14.10415568,187.2919579
33.94,14.03342254,13.88888889,27.12403002,26.05013382,-0.01489427578,-0.01519888098,1,1,14.10366813,187.6658421
33.96,14.03311905,13.88888889,27.12114238,26.04967858,-0.01486964693,-0.01517451257,1,1,14.10318165,188.0407091
33.98,14.03281605,13.88888889,27.1182608,26.04922408,-0.01484500473,-0.01515012331,1,1,14.10269623,188.4165605
34,14.03251354,13.88888889,27.11538529,26.0487703,-0.01482034972,-0.01512571383,1,1,14.10221189,188.7933982
34.02,14.03221151,13.88888889,27.11251581,26.04831727,-0.01479568242,-0.0151012847,1,1,14.1017286,189.171224
34.04,14.03190997,13.88888889,27.10965238,26.04786496,-0.01477100336,-0.01507683652,1,1,14.10124637,189.5500397
34.06,14.03160893,13.88888889,27.10679497,26.04741339,-0.01474631306,-0.01505236986,1,1,14.1007652,189.9298471
34.08,14.03130837,13.88888889,27.10394357,26.04696255,-0.01472161203,-0.01502788532,1,1,14.10028509,190.3106482
34.1,14.0310083,13.88888889,27.10109818,26.04651245,-0.01469690078,-0.01500338346,1,1,14.09980603,190.6924446
34.12,14.03070872,13.88888889,27.09825879,26.04606309,-0.01467217982,-0.01497886484,1,1,14.09932803,191.0752382
34.14,14.03040964,13.88888889,27.09542538,26.04561446,-0.01464744966,-0.01495433004,1,1,14.09885107,191.459031
34.16,14.03011104,13.88888889,27.09259795,26.04516656,-0.01462271078,-0.01492977961,1,1,14.09837517,191.8438247
34.18,14.02981294,13.88888889,27.08977649,26.04471941,-0.01459796367,-0.0149052141,1,1,14.09790031,192.2296212
34.2,14.02951532,13.88888889,27.08696099,26.04427299,-0.01457320884,-0.01488063407,1,1,14.09742649,192.6164223
34.22,14.0292182,13.88888889,27.08415143,26.04382731,-0.01454844675,-0.01485604005,1,1,14.09695371,193.00423
34.24,14.02892158,13.88888889,27.08134781,26.04338236,-0.0145236779,-0.01483143259,1,1,14.09648198,193.3930461
34.26,14.02862544,13.88888889,27.07855012,26.04293816,-0.01449890274,-0.01480681221,1,1,14.09601128,193.7828726
34.28,14.0283298,13.88888889,27.07575834,26.04249469,-0.01447412176,-0.01478217945,1,1,14.09554162,194.1737112
34.3,14.02803464,13.88888889,27.07297248,26.04205197,-0.01444933542,-0.01475753484,1,1,14.09507299,194.5655639
34.32,14.02773999,13.88888889,27.07019251,26.04160998,-0.01442454418,-0.01473287889,1,1,14.09460539,194.9584325
34.34,14.02744582,13.88888889,27.06741843,26.04116873,-0.0143997485,-0.01470821211,1,1,14.09413883,195.3523191
34.36,14.02715215,13.88888889,27.06465023,26.04072823,-0.01437494884,-0.01468353502,1,1,14.09367329,195.7472256
34.38,14.02685898,13.88888889,27.06188789,26.04028846,-0.01435014563,-0.01465884813,1,1,14.09320877,196.1431537
34.4,14.02656629,13.88888889,27.05913142,26.03984944,-0.01432533933,-0.01463415193,1,1,14.09274528,196.5401056
34.42,14.0262741,13.88888889,27.05638079,26.03941116,-0.01430053037,-0.01460944692,1,1,14.09228282,196.938083
34.44,14.02598241,13.88888889,27.053636,26.03897361,-0.0142757192,-0.01458473359,1,1,14.09182137,197.3370881
34.46,14.02569121,13.88888889,27.05089705,26.03853681,-0.01425090625,-0.01456001244,1,1,14.09136094,197.7371226
34.48,14.0254005,13.88888889,27.04816391,26.03810075,-0.01422609194,-0.01453528395,1,1,14.09090152,198.1381886
34.5,14.02511029,13.88888889,27.04543658,26.03766544,-0.0142012767,-0.01451054859,1,1,14.09044312,198.540288
34.52,14.02482058,13.88888889,27.04271504,26.03723086,-0.01417646095,-0.01448580684,1,1,14.08998573,198.9434228
34.54,14.02453135,13.88888889,27.0399993,26.03679703,-0.01415164511,-0.01446105917,1,1,14.08952934,199.347595
34.56,14.02424263,13.88888889,27.03728934,26.03636394,-0.01412682959,-0.01443630604,1,1,14.08907397,199.7528065
34.58,14.0239544,13.88888889,27.03458515,26.0359316,-0.0141020148,-0.01441154793,1,1,14.0886196,200.1590594
34.6,14.02366666,13.88888889,27.03188672,26.03549999,-0.01407720115,-0.01438678528,1,1,14.08816623,200.5663556
34.62,14.02337942,13.88888889,27.02919403,26.03506913,-0.01405238903,-0.01436201855,1,1,14.08771387,200.9746971
34.64,14.02309268,13.88888889,27.02650709,26.03463901,-0.01402757885,-0.01433724818,1,1,14.0872625,201.384086
34.66,14.02280643,13.88888889,27.02382588,26.03420964,-0.01400277099,-0.01431247464,1,1,14.08681214,201.7945242
34.68,14.02252067,13.88888889,27.02115038,26.03378101,-0.01397796586,-0.01428769835,1,1,14.08636276,202.2060139
34.7,14.02223541,13.88888889,27.0184806,26.03335312,-0.01395316382,-0.01426291975,1,1,14.08591438,202.6185569
34.72,14.02195065,13.88888889,27.01581652,26.03292598,-0.01392836528,-0.01423813927,1,1,14.085467,203.0321554
34.74,14.02166638,13.88888889,27.01315812,26.03249958,-0.0139035706,-0.01421335735,1,1,14.0850206,203.4468113
34.76,14.02138261,13.88888889,27.01050541,26.03207392,-0.01387878017,-0.01418857441,1,1,14.08457519,203.8625268
34.78,14.02109934,13.88888889,27.00785837,26.03164901,-0.01385399435,-0.01416379087,1,1,14.08413076,204.2793039
34.8,14.02081656,13.88888889,27.00521699,26.03122484,-0.01382921351,-0.01413900715,1,1,14.08368732,204.6971446
34.82,14.02053427,13.88888889,27.00258126,26.03080141,-0.01380443802,-0.01411422366,1,1,14.08324486,205.116051
34.84,14.02025248,13.88888889,26.99995117,26.03037873,-0.01377966824,-0.01408944081,1,1,14.08280338,205.5360252
34.86,14.01997119,13.88888889,26.99732671,26.02995679,-0.01375490453,-0.014064659,1,1,14.08236287,205.9570692
34.88,14.01969039,13.88888889,26.99470787,26.02953559,-0.01373014724,-0.01403987865,1,1,14.08192335,206.3791852
34.9,14.01941009,13.88888889,26.99209464,26.02911514,-0.01370539672,-0.01401510013,1,1,14.08148479,206.8023752
34.92,14.01913028,13.88888889,26.98948702,26.02869543,-0.01368065332,-0.01399032386,1,1,14.08104721,207.2266414
34.94,14.01885097,13.88888889,26.98688498,26.02827646,-0.01365591738,-0.01396555022,1,1,14.08061059,207.6519858
34.96,14.01857216,13.88888889,26.98428853,26.02785824,-0.01363118926,-0.01394077959,1,1,14.08017495,208.0784106
34.98,14.01829384,13.88888889,26.98169765,26.02744076,-0.01360646927,-0.01391601236,1,1,14.07974027,208.5059178
35,14.01801601,13.88888889,26.97911233,26.02702402,-0.01358175776,-0.01389124892,1,1,14.07930655,208.9345097
35.02,14.01773868,13.88888889,26.97653256,26.02660802,-0.01355705506,-0.01386648962,1,1,14.0788738,209.3641882
35.04,14.01746185,13.88888889,26.97395833,26.02619277,-0.01353236149,-0.01384173486,1,1,14.078442,209.7949557
35.06,14.01718551,13.88888889,26.97138964,26.02577826,-0.01350767739,-0.01381698499,1,1,14.07801116,210.2268141
35.08,14.01690966,13.88888889,26.96882646,26.0253645,-0.01348300307,-0.01379224038,1,1,14.07758128,210.6597657
35.1,14.01663431,13.88888889,26.9662688,26.02495147,-0.01345833884,-0.0137675014,1,1,14.07715235,211.0938127
35.12,14.01635946,13.88888889,26.96371664,26.02453919,-0.01343368503,-0.01374276839,1,1,14.07672438,211.5289571
35.14,14.0160851,13.88888889,26.96116997,26.02412765,-0.01340904195,-0.01371804172,1,1,14.07629735,211.9652012
35.16,14.01581123,13.88888889,26.95862879,26.02371685,-0.0133844099,-0.01369332174,1,1,14.07587128,212.4025471
35.18,14.01553786,13.88888889,26.95609307,26.02330679,-0.01335978919,-0.01366860879,1,1,14.07544615,212.840997
35.2,14.01526498,13.88888889,26.95356282,26.02289747,-0.01333518013,-0.01364390323,1,1,14.07502196,213.2805532
35.22,14.0149926,13.88888889,26.95103802,26.0224889,-0.01331058301,-0.01361920538,1,1,14.07459871,213.7212177
35.24,14.01472071,13.88888889,26.94851867,26.02208106,-0.01328599812,-0.01359451559,1,1,14.07417641,214.1629929
35.26,14.01444931,13.88888889,26.94600475,26.02167396,-0.01326142577,-0.01356983419,1,1,14.07375505,214.6058809
35.28,14.01417841,13.88888889,26.94349625,26.02126761,-0.01323686624,-0.01354516152,1,1,14.07333462,215.049884
35.3,14.013908,13.88888889,26.94099316,26.02086199,-0.01321231983,-0.0135204979,1,1,14.07291512,215.4950043
35.32,14.01363808,13.88888889,26.93849548,26.02045712,-0.01318778681,-0.01349584365,1,1,14.07249656,215.9412441
35.34,14.01336866,13.88888889,26.93600319,26.02005298,-0.01316326746,-0.0134711991,1,1,14.07207893,216.3886056
35.36,14.01309972,13.88888889,26.93351628,26.01964959,-0.01313876208,-0.01344656457,1,1,14.07166223,216.8370911
35.38,14.01283129,13.88888889,26.93103475,26.01924693,-0.01311427092,-0.01342194037,1,1,14.07124645,217.2867029
35.4,14.01256334,13.88888889,26.92855858,26.01884501,-0.01308979427,-0.01339732682,1,1,14.0708316,217.7374431
35.42,14.01229588,13.88888889,26.92608777,26.01844383,-0.01306533239,-0.01337272421,1,1,14.07041768,218.1893141
35.44,14.01202892,13.88888889,26.9236223,26.01804338,-0.01304088556,-0.01334813287,1,1,14.07000467,218.6423181
35.46,14.01176245,13.88888889,26.92116216,26.01764368,-0.01301645404,-0.01332355308,1,1,14.06959259,219.0964574
35.48,14.01149647,13.88888889,26.91870735,26.01724471,-0.01299203808,-0.01329898516,1,1,14.06918142,219.5517343
35.5,14.01123098,13.88888889,26.91625785,26.01684647,-0.01296763796,-0.01327442939,1,1,14.06877116,220.0081511
35.52,14.01096598,13.88888889,26.91381366,26.01644898,-0.01294325392,-0.01324988608,1,1,14.06836183,220.46571
35.54,14.01070148,13.88888889,26.91137476,26.01605222,-0.01291888622,-0.01322535551,1,1,14.0679534,220.9244134
35.56,14.01043746,13.88888889,26.90894115,26.01565619,-0.01289453511,-0.01320083796,1,1,14.06754588,221.3842637
35.58,14.01017393,13.88888889,26.90651282,26.0152609,-0.01287020084,-0.01317633373,1,1,14.06713927,221.845263
35.6,14.0099109,13.88888889,26.90408975,26.01486635,-0.01284588366,-0.0131518431,1,1,14.06673357,222.3074137
35.62,14.00964835,13.88888889,26.90167193,26.01447253,-0.01282158381,-0.01312736635,1,1,14.06632877,222.7707182
35.64,14.00938629,13.88888889,26.89925936,26.01407944,-0.01279730152,-0.01310290374,1,1,14.06592487,223.2351788
35.66,14.00912472,13.88888889,26.89685203,26.01368708,-0.01277303705,-0.01307845557,1,1,14.06552188,223.7007979
35.68,14.00886364,13.88888889,26.89444992,26.01329546,-0.01274879062,-0.01305402209,1,1,14.06511978,224.1675777
35.7,14.00860305,13.88888889,26.89205303,26.01290458,-0.01272456246,-0.01302960357,1,1,14.06471858,224.6355207
35.72,14.00834295,13.88888889,26.88966135,26.01251442,-0.01270035281,-0.01300520028,1,1,14.06431828,225.1046292
35.74,14.00808333,13.88888889,26.88727487,26.012125,-0.0126761619,-0.01298081248,1,1,14.06391886,225.5749057
35.76,14.0078242,13.88888889,26.88489357,26.0117363,-0.01265198995,-0.01295644044,1,1,14.06352034,226.0463523
35.78,14.00756556,13.88888889,26.88251745,26.01134834,-0.01262783718,-0.0129320844,1,1,14.06312271,226.5189717
35.8,14.0073074,13.88888889,26.8801465,26.01096111,-0.01260370382,-0.01290774462,1,1,14.06272597,226.9927661
35.82,14.00704974,13.88888889,26.8777807,26.0105746,-0.01257959009,-0.01288342136,1,1,14.06233011,227.4677379
35.84,14.00679255,13.88888889,26.87542006,26.01018883,-0.01255549619,-0.01285911485,1,1,14.06193513,227.9438896
35.86,14.00653586,13.88888889,26.87306455,26.00980379,-0.01253142235,-0.01283482536,1,1,14.06154104,228.4212236
35.88,14.00627965,13.88888889,26.87071418,26.00941947,-0.01250736877,-0.01281055312,1,1,14.06114783,228.8997422
35.9,14.00602392,13.88888889,26.86836892,26.00903588,-0.01248333567,-0.01278629837,1,1,14.0607555,229.379448
35.92,14.00576868,13.88888889,26.86602877,26.00865302,-0.01245932324,-0.01276206136,1,1,14.06036404,229.8603433
35.94,14.00551392,13.88888889,26.86369372,26.00827088,-0.0124353317,-0.01273784231,1,1,14.05997346,230.3424306
35.96,14.00525965,13.88888889,26.86136376,26.00788947,-0.01241136125,-0.01271364146,1,1,14.05958375,230.8257124
35.98,14.00500586,13.88888889,26.85903889,26.00750879,-0.01238741209,-0.01268945904,1,1,14.05919491,231.310191
36,14.00475255,13.88888889,26.85671908,26.00712883,-0.01236348441,-0.01266529529,1,1,14.05880694,231.795869
36.02,14.00449973,13.88888889,26.85440433,26.0067496,-0.01233957841,-0.01264115042,1,1,14.05841984,232.2827488
36.04,14.00424739,13.88888889,26.85209464,26.00637109,-0.01231569428,-0.01261702465,1,1,14.0580336,232.7708329
36.06,14.00399553,13.88888889,26.84978999,26.0059933,-0.01229183221,-0.01259291822,1,1,14.05764823,233.2601237
36.08,14.00374416,13.88888889,26.84749037,26.00561623,-0.0122679924,-0.01256883134,1,1,14.05726372,233.7506239
36.1,14.00349326,13.88888889,26.84519577,26.00523989,-0.01224417503,-0.01254476423,1,1,14.05688007,234.2423358
36.12,14.00324285,13.88888889,26.84290619,26.00486427,-0.01222038028,-0.01252071709,1,1,14.05649727,234.7352619
36.14,14.00299291,13.88888889,26.84062161,26.00448937,-0.01219660834,-0.01249669015,1,1,14.05611534,235.2294048
36.16,14.00274346,13.88888889,26.83834203,26.00411519,-0.01217285938,-0.0124726836,1,1,14.05573426,235.7247671
36.18,14.00249448,13.88888889,26.83606742,26.00374173,-0.01214913358,-0.01244869766,1,1,14.05535403,236.2213511
36.2,14.00224599,13.88888889,26.8337978,26.00336899,-0.01212543113,-0.01242473254,1,1,14.05497465,236.7191595
36.22,14.00199797,13.88888889,26.83153314,26.00299696,-0.01210175219,-0.01240078843,1,1,14.05459612,237.2181948
36.24,14.00175044,13.88888889,26.82927343,26.00262566,-0.01207809694,-0.01237686553,1,1,14.05421844,237.7184594
36.26,14.00150338,13.88888889,26.82701867,26.00225507,-0.01205446554,-0.01235296404,1,1,14.05384161,238.2199561
36.28,14.0012568,13.88888889,26.82476884,26.00188519,-0.01203085817,-0.01232908416,1,1,14.05346562,238.7226873
36.3,14.00101069,13.88888889,26.82252395,26.00151604,-0.01200727499,-0.01230522608,1,1,14.05309047,239.2266556
36.32,14.00076506,13.88888889,26.82028397,26.0011476,-0.01198371616,-0.01228138999,1,1,14.05271616,239.7318636
36.34,14.00051991,13.88888889,26.8180489,26.00077987,-0.01196018185,-0.01225757609,1,1,14.05234269,240.2383139
36.36,14.00027524,13.88888889,26.81581872,26.00041286,-0.01193667221,-0.01223378455,1,1,14.05197006,240.7460089
36.38,14.00003104,13.88888889,26.81359344,26.00004655,-0.01191318741,-0.01221001556,1,1,14.05159827,241.2549515
36.4,13.99978731,13.88888889,26.81137303,25.99968097,-0.0118897276,-0.01218626931,1,1,14.0512273,241.765144
36.42,13.99954406,13.88888889,26.8091575,25.99931609,-0.01186629293,-0.01216254597,1,1,14.05085717,242.2765893
36.44,13.99930128,13.88888889,26.80694682,25.99895192,-0.01184288356,-0.01213884573,1,1,14.05048787,242.7892897
36.46,13.99905898,13.88888889,26.80474099,25.99858847,-0.01181949964,-0.01211516876,1,1,14.05011939,243.3032481
36.48,13.99881715,13.88888889,26.80254001,25.99822572,-0.01179614132,-0.01209151523,1,1,14.04975175,243.818467
36.5,13.99857579,13.88888889,26.80034386,25.99786369,-0.01177280874,-0.01206788531,1,1,14.04938492,244.334949
36.52,13.99833491,13.88888889,26.79815253,25.99750236,-0.01174950204,-0.01204427919,1,1,14.04901892,244.8526968
36.54,13.99809449,13.88888889,26.79596601,25.99714174,-0.01172622138,-0.01202069702,1,1,14.04865374,245.3717131
36.56,13.99785455,13.88888889,26.7937843,25.99678182,-0.01170296689,-0.01199713897,1,1,14.04828938,245.8920005
36.58,13.99761508,13.88888889,26.79160738,25.99642262,-0.01167973872,-0.0119736052,1,1,14.04792584,246.4135616
36.6,13.99737608,13.88888889,26.78943525,25.99606411,-0.01165653699,-0.01195009588,1,1,14.04756312,246.9363992
36.62,13.99713754,13.88888889,26.78726789,25.99570631,-0.01163336185,-0.01192661117,1,1,14.0472012,247.4605159
36.64,13.99689948,13.88888889,26.7851053,25.99534922,-0.01161021343,-0.01190315122,1,1,14.0468401,247.9859145
36.66,13.99666189,13.88888889,26.78294746,25.99499283,-0.01158709187,-0.0118797162,1,1,14.04647982,248.5125975
36.68,13.99642476,13.88888889,26.78079437,25.99463714,-0.01156399729,-0.01185630625,1,1,14.04612034,249.0405678
36.7,13.9961881,13.88888889,26.77864602,25.99428215,-0.01154092983,-0.01183292154,1,1,14.04576166,249.5698279
36.72,13.99595191,13.88888889,26.7765024,25.99392787,-0.0115178896,-0.0118095622,1,1,14.0454038,250.1003807
36.74,13.99571619,13.88888889,26.7743635,25.99357428,-0.01149487675,-0.01178622839,1,1,14.04504673,250.6322289
36.76,13.99548093,13.88888889,26.7722293,25.99322139,-0.01147189139,-0.01176292026,1,1,14.04469047,251.1653751
36.78,13.99524613,13.88888889,26.77009981,25.9928692,-0.01144893364,-0.01173963795,1,1,14.04433501,251.6998222
36.8,13.99501181,13.88888889,26.76797501,25.99251771,-0.01142600362,-0.01171638161,1,1,14.04398035,252.2355729
36.82,13.99477794,13.88888889,26.76585489,25.99216692,-0.01140310147,-0.01169315137,1,1,14.04362648,252.7726298
36.84,13.99454454,13.88888889,26.76373944,25.99181682,-0.01138022728,-0.01166994738,1,1,14.04327341,253.3109959
36.86,13.99431161,13.88888889,26.76162866,25.99146741,-0.01135738119,-0.01164676977,1,1,14.04292114,253.8506738
36.88,13.99407914,13.88888889,26.75952253,25.99111871,-0.01133456329,-0.01162361868,1,1,14.04256965,254.3916663
36.9,13.99384713,13.88888889,26.75742104,25.99077069,-0.01131177372,-0.01160049425,1,1,14.04221896,254.9339763
36.92,13.99361558,13.88888889,26.7553242,25.99042337,-0.01128901257,-0.01157739661,1,1,14.04186905,255.4776064
36.94,13.99338449,13.88888889,26.75323197,25.99007674,-0.01126627996,-0.01155432588,1,1,14.04151994,256.0225596
36.96,13.99315387,13.88888889,26.75114437,25.9897308,-0.011243576,-0.01153128221,1,1,14.0411716,256.5688385
36.98,13.9929237,13.88888889,26.74906137,25.98938555,-0.01122090079,-0.01150826571,1,1,14.04082405,257.116446
37,13.992694,13.88888889,26.74698297,25.98904099,-0.01119825444,-0.01148527652,1,1,14.04047728,257.665385
37.02,13.99246475,13.88888889,26.74490916,25.98869712,-0.01117563705,-0.01146231475,1,1,14.0401313,258.2156583
37.04,13.99223596,13.88888889,26.74283993,25.98835394,-0.01115304873,-0.01143938054,1,1,14.03978609,258.7672686
37.06,13.99200763,13.88888889,26.74077527,25.98801145,-0.01113048957,-0.01141647399,1,1,14.03944165,259.3202189
37.08,13.99177976,13.88888889,26.73871518,25.98766964,-0.01110795969,-0.01139359524,1,1,14.039098,259.8745119
37.1,13.99155235,13.88888889,26.73665963,25.98732852,-0.01108545916,-0.01137074439,1,1,14.03875511,260.4301506
37.12,13.99132539,13.88888889,26.73460863,25.98698808,-0.0110629881,-0.01134792158,1,1,14.038413,260.9871378
37.14,13.99109889,13.88888889,26.73256217,25.98664833,-0.01104054659,-0.0113251269,1,1,14.03807166,261.5454764
37.16,13.99087284,13.88888889,26.73052023,25.98630926,-0.01101813473,-0.01130236047,1,1,14.03773108,262.1051693
37.18,13.99064725,13.88888889,26.72848281,25.98597087,-0.01099575262,-0.01127962241,1,1,14.03739128,262.6662192
37.2,13.99042211,13.88888889,26.72644989,25.98563316,-0.01097340034,-0.01125691283,1,1,14.03705223,263.2286293
37.22,13.99019742,13.88888889,26.72442147,25.98529613,-0.01095107798,-0.01123423183,1,1,14.03671396,263.7924022
37.24,13.98997319,13.88888889,26.72239754,25.98495979,-0.01092878564,-0.01121157952,1,1,14.03637644,264.357541
37.26,13.98974941,13.88888889,26.7203781,25.98462412,-0.01090652339,-0.01118895601,1,1,14.03603968,264.9240486
37.28,13.98952608,13.88888889,26.71836312,25.98428913,-0.01088429133,-0.0111663614,1,1,14.03570369,265.4919278
37.3,13.98930321,13.88888889,26.7163526,25.98395481,-0.01086208954,-0.0111437958,1,1,14.03536845,266.0611817
37.32,13.98908078,13.88888889,26.71434654,25.98362118,-0.0108399181,-0.0111212593,1,1,14.03503396,266.6318132
37.34,13.98885881,13.88888889,26.71234492,25.98328821,-0.0108177771,-0.011098752,1,1,14.03470023,267.2038251
37.36,13.98863728,13.88888889,26.71034774,25.98295592,-0.01079566661,-0.01107627401,1,1,14.03436725,267.7772206
37.38,13.98841621,13.88888889,26.70835498,25.98262431,-0.01077358671,-0.01105382542,1,1,14.03403502,268.3520024
37.4,13.98819558,13.88888889,26.70636664,25.98229337,-0.01075153749,-0.01103140632,1,1,14.03370354,268.9281737
37.42,13.9879754,13.88888889,26.70438271,25.9819631,-0.01072951901,-0.01100901681,1,1,14.03337281,269.5057373
37.44,13.98775566,13.88888889,26.70240318,25.9816335,-0.01070753136,-0.01098665699,1,1,14.03304282,270.0846963
37.46,13.98753638,13.88888889,26.70042804,25.98130457,-0.0106855746,-0.01096432694,1,1,14.03271358,270.6650536
37.48,13.98731754,13.88888889,26.69845727,25.98097631,-0.01066364882,-0.01094202675,1,1,14.03238508,271.2468123
37.5,13.98709914,13.88888889,26.69649088,25.98064871,-0.01064175408,-0.01091975652,1,1,14.03205732,271.8299754
37.52,13.98688119,13.88888889,26.69452886,25.98032179,-0.01061989045,-0.01089751632,1,1,14.0317303,272.4145459
37.54,13.98666369,13.88888889,26.69257119,25.97999553,-0.01059805801,-0.01087530625,1,1,14.03140402,273.0005267
37.56,13.98644662,13.88888889,26.69061786,25.97966994,-0.01057625682,-0.01085312639,1,1,14.03107847,273.5879211
37.58,13.98623,13.88888889,26.68866887,25.97934501,-0.01055448694,-0.01083097683,1,1,14.03075366,274.1767319
37.6,13.98601383,13.88888889,26.68672421,25.97902074,-0.01053274845,-0.01080885764,1,1,14.03042958,274.7669622
37.62,13.98579809,13.88888889,26.68478387,25.97869714,-0.01051104141,-0.0107867689,1,1,14.03010624,275.3586151
37.64,13.9855828,13.88888889,26.68284784,25.9783742,-0.01048936588,-0.0107647107,1,1,14.02978362,275.9516937
37.66,13.98536794,13.88888889,26.68091611,25.97805192,-0.01046772193,-0.01074268312,1,1,14.02946173,276.546201
37.68,13.98515353,13.88888889,26.67898867,25.97773029,-0.01044610961,-0.01072068622,1,1,14.02914056,277.1421401
37.7,13.98493956,13.88888889,26.67706552,25.97740933,-0.01042452898,-0.01069872009,1,1,14.02882013,277.7395141
37.72,13.98472602,13.88888889,26.67514664,25.97708903,-0.01040298012,-0.0106767848,1,1,14.02850041,278.3383261
37.74,13.98451292,13.88888889,26.67323203,25.97676938,-0.01038146306,-0.01065488043,1,1,14.02818142,278.9385792
37.76,13.98430026,13.88888889,26.67132168,25.97645039,-0.01035997788,-0.01063300704,1,1,14.02786315,279.5402764
37.78,13.98408804,13.88888889,26.66941557,25.97613206,-0.01033852462,-0.01061116471,1,1,14.02754559,280.143421
37.8,13.98387625,13.88888889,26.66751371,25.97581438,-0.01031710334,-0.0105893535,1,1,14.02722875,280.7480161
37.82,13.9836649,13.88888889,26.66561607,25.97549735,-0.01029571409,-0.01056757349,1,1,14.02691263,281.3540647
37.84,13.98345398,13.88888889,26.66372266,25.97518098,-0.01027435694,-0.01054582473,1,1,14.02659723,281.9615701
37.86,13.9832435,13.88888889,26.66183347,25.97486525,-0.01025303192,-0.01052410731,1,1,14.02628253,282.5705353
37.88,13.98303345,13.88888889,26.65994847,25.97455018,-0.01023173909,-0.01050242128,1,1,14.02596855,283.1809636
37.9,13.98282384,13.88888889,26.65806768,25.97423576,-0.0102104785,-0.0104807667,1,1,14.02565527,283.7928581
37.92,13.98261466,13.88888889,26.65619107,25.97392198,-0.01018925019,-0.01045914365,1,1,14.02534271,284.4062219
37.94,13.9824059,13.88888889,26.65431864,25.97360886,-0.01016805422,-0.01043755217,1,1,14.02503085,285.0210584
37.96,13.98219758,13.88888889,26.65245039,25.97329638,-0.01014689064,-0.01041599234,1,1,14.02471969,285.6373705
37.98,13.98198969,13.88888889,26.65058629,25.97298454,-0.01012575948,-0.0103944642,1,1,14.02440924,286.2551617
38,13.98178224,13.88888889,26.64872635,25.97267335,-0.01010466078,-0.01037296782,1,1,14.02409949,286.874435
38.02,13.98157521,13.88888889,26.64687055,25.97236281,-0.01008359461,-0.01035150326,1,1,14.02379044,287.4951937
38.04,13.9813686,13.88888889,26.64501889,25.97205291,-0.01006256099,-0.01033007057,1,1,14.02348209,288.117441
38.06,13.98116243,13.88888889,26.64317136,25.97174365,-0.01004155997,-0.0103086698,1,1,14.02317443,288.7411801
38.08,13.98095668,13.88888889,26.64132795,25.97143503,-0.01002059159,-0.01028730101,1,1,14.02286747,289.3664143
38.1,13.98075137,13.88888889,26.63948864,25.97112705,-0.009999655892,-0.01026596426,1,1,14.02256121,289.9931468
38.12,13.98054647,13.88888889,26.63765344,25.97081971,-0.009978752911,-0.01024465959,1,1,14.02225564,290.621381
38.14,13.980342,13.88888889,26.63582234,25.97051301,-0.009957882685,-0.01022338706,1,1,14.02195075,291.2511199
38.16,13.98013796,13.88888889,26.63399532,25.97020694,-0.009937045253,-0.01020214671,1,1,14.02164656,291.882367
38.18,13.97993434,13.88888889,26.63217237,25.96990151,-0.009916240651,-0.01018093859,1,1,14.02134306,292.5151255
38.2,13.97973115,13.88888889,26.63035349,25.96959672,-0.009895468913,-0.01015976276,1,1,14.02104024,293.1493987
38.22,13.97952838,13.88888889,26.62853868,25.96929256,-0.009874730074,-0.01013861925,1,1,14.02073811,293.7851899
38.24,13.97932602,13.88888889,26.62672791,25.96898904,-0.009854024168,-0.01011750811,1,1,14.02043666,294.4225023
38.26,13.9791241,13.88888889,26.62492119,25.96868614,-0.009833351227,-0.0100964294,1,1,14.0201359,295.0613394
38.28,13.97892259,13.88888889,26.6231185,25.96838388,-0.009812711282,-0.01007538314,1,1,14.01983581,295.7017044
38.3,13.9787215,13.88888889,26.62131983,25.96808225,-0.009792104365,-0.0100543694,1,1,14.01953641,296.3436007
38.32,13.97852083,13.88888889,26.61952519,25.96778125,-0.009771530505,-0.01003338819,1,1,14.01923768,296.9870316
38.34,13.97832058,13.88888889,26.61773455,25.96748088,-0.009750989732,-0.01001243958,1,1,14.01893962,297.6320005
38.36,13.97812075,13.88888889,26.61594792,25.96718113,-0.009730482074,-0.009991523591,1,1,14.01864225,298.2785106
38.38,13.97792134,13.88888889,26.61416527,25.96688201,-0.009710007559,-0.009970640269,1,1,14.01834554,298.9265654
38.4,13.97772235,13.88888889,26.61238661,25.96658352,-0.009689566213,-0.009949789652,1,1,14.01804951,299.5761683
38.42,13.97752377,13.88888889,26.61061193,25.96628565,-0.009669158061,-0.009928971777,1,1,14.01775414,300.2273227
38.44,13.9773256,13.88888889,26.60884121,25.9659884,-0.00964878313,-0.00990818668,1,1,14.01745945,300.8800318
38.46,13.97712785,13.88888889,26.60707446,25.96569178,-0.009628441443,-0.009887434396,1,1,14.01716542,301.5342992
38.48,13.97693052,13.88888889,26.60531165,25.96539578,-0.009608133024,-0.00986671496,1,1,14.01687206,302.1901281
38.5,13.9767336,13.88888889,26.60355279,25.9651004,-0.009587857896,-0.009846028405,1,1,14.01657937,302.8475222
38.52,13.97653709,13.88888889,26.60179786,25.96480564,-0.009567616079,-0.009825374764,1,1,14.01628733,303.5064847
38.54,13.976341,13.88888889,26.60004686,25.96451149,-0.009547407597,-0.009804754069,1,1,14.01599596,304.1670191
38.56,13.97614531,13.88888889,26.59829977,25.96421797,-0.009527232468,-0.009784166352,1,1,14.01570525,304.8291288
38.58,13.97595004,13.88888889,26.59655659,25.96392506,-0.009507090712,-0.009763611641,1,1,14.0154152,305.4928174
38.6,13.97575518,13.88888889,26.59481732,25.96363277,-0.009486982349,-0.009743089967,1,1,14.0151258,306.1580882
38.62,13.97556073,13.88888889,26.59308194,25.96334109,-0.009466907397,-0.009722601357,1,1,14.01483706,306.8249447
38.64,13.97536668,13.88888889,26.59135044,25.96305003,-0.009446865872,-0.00970214584,1,1,14.01454897,307.4933904
38.66,13.97517305,13.88888889,26.58962282,25.96275957,-0.009426857791,-0.009681723443,1,1,14.01426154,308.1634288
38.68,13.97497982,13.88888889,26.58789907,25.96246973,-0.009406883172,-0.009661334191,1,1,14.01397476,308.8350633
38.7,13.974787,13.88888889,26.58617918,25.9621805,-0.009386942027,-0.009640978109,1,1,14.01368862,309.5082976
38.72,13.97459459,13.88888889,26.58446314,25.96189189,-0.009367034373,-0.009620655223,1,1,14.01340314,310.183135
38.74,13.97440258,13.88888889,26.58275095,25.96160387,-0.009347160223,-0.009600365555,1,1,14.0131183,310.8595791
38.76,13.97421098,13.88888889,26.58104259,25.96131647,-0.00932731959,-0.009580109128,1,1,14.01283411,311.5376334
38.78,13.97401978,13.88888889,26.57933806,25.96102967,-0.009307512486,-0.009559885965,1,1,14.01255057,312.2173016
38.8,13.97382899,13.88888889,26.57763735,25.96074348,-0.009287738924,-0.009539696087,1,1,14.01226766,312.898587
38.82,13.9736386,13.88888889,26.57594045,25.9604579,-0.009267998914,-0.009519539514,1,1,14.0119854,313.5814933
38.84,13.97344861,13.88888889,26.57424736,25.96017291,-0.009248292466,-0.009499416266,1,1,14.01170378,314.2660241
38.86,13.97325902,13.88888889,26.57255806,25.95988854,-0.009228619591,-0.009479326362,1,1,14.01142279,314.9521828
38.88,13.97306984,13.88888889,26.57087255,25.95960476,-0.009208980297,-0.00945926982,1,1,14.01114245,315.6399731
38.9,13.97288105,13.88888889,26.56919082,25.95932158,-0.009189374593,-0.009439246658,1,1,14.01086274,316.3293986
38.92,13.97269267,13.88888889,26.56751286,25.959039,-0.009169802487,-0.009419256893,1,1,14.01058366,317.0204629
38.94,13.97250468,13.88888889,26.56583866,25.95875702,-0.009150263986,-0.009399300541,1,1,14.01030522,317.7131696
38.96,13.97231709,13.88888889,26.56416822,25.95847564,-0.009130759096,-0.009379377616,1,1,14.01002741,318.4075222
38.98,13.9721299,13.88888889,26.56250153,25.95819486,-0.009111287822,-0.009359488135,1,1,14.00975022,319.1035245
39,13.97194311,13.88888889,26.56083858,25.95791467,-0.009091850172,-0.00933963211,1,1,14.00947367,319.80118
39.02,13.97175672,13.88888889,26.55917936,25.95763507,-0.009072446148,-0.009319809555,1,1,14.00919775,320.5004924
39.04,13.97157072,13.88888889,26.55752386,25.95735607,-0.009053075755,-0.009300020482,1,1,14.00892245,321.2014654
39.06,13.97138511,13.88888889,26.55587208,25.95707767,-0.009033738997,-0.009280264904,1,1,14.00864777,321.9041026
39.08,13.9711999,13.88888889,26.55422401,25.95679985,-0.009014435876,-0.009260542831,1,1,14.00837372,322.6084077
39.1,13.97101508,13.88888889,26.55257964,25.95652262,-0.008995166394,-0.009240854275,1,1,14.00810029,323.3143843
39.12,13.97083066,13.88888889,26.55093896,25.95624599,-0.008975930553,-0.009221199244,1,1,14.00782748,324.0220362
39.14,13.97064663,13.88888889,26.54930196,25.95596994,-0.008956728354,-0.009201577749,1,1,14.00755529,324.731367
39.16,13.97046299,13.88888889,26.54766864,25.95569448,-0.008937559798,-0.009181989797,1,1,14.00728372,325.4423805
39.18,13.97027974,13.88888889,26.54603899,25.95541961,-0.008918424885,-0.009162435398,1,1,14.00701277,326.1550804
39.2,13.97009688,13.88888889,26.54441301,25.95514532,-0.008899323613,-0.009142914557,1,1,14.00674243,326.8694703
39.22,13.96991441,13.88888889,26.54279067,25.95487162,-0.008880255982,-0.009123427281,1,1,14.0064727,327.5855541
39.24,13.96973233,13.88888889,26.54117198,25.9545985,-0.008861221989,-0.009103973577,1,1,14.00620359,328.3033354
39.26,13.96955064,13.88888889,26.53955693,25.95432596,-0.008842221633,-0.00908455345,1,1,14.00593508,329.0228181
39.28,13.96936934,13.88888889,26.53794551,25.95405401,-0.008823254911,-0.009065166905,1,1,14.00566719,329.7440058
39.3,13.96918842,13.88888889,26.53633771,25.95378263,-0.008804321818,-0.009045813945,1,1,14.0053999,330.4669024
39.32,13.96900789,13.88888889,26.53473352,25.95351184,-0.008785422352,-0.009026494575,1,1,14.00513323,331.1915117
39.34,13.96882775,13.88888889,26.53313294,25.95324162,-0.008766556508,-0.009007208797,1,1,14.00486715,331.9178373
39.36,13.96864799,13.88888889,26.53153596,25.95297198,-0.00874772428,-0.008987956614,1,1,14.00460169,332.6458832
39.38,13.96846861,13.88888889,26.52994258,25.95270292,-0.008728925664,-0.008968738027,1,1,14.00433682,333.3756531
39.4,13.96828962,13.88888889,26.52835277,25.95243443,-0.008710160652,-0.008949553038,1,1,14.00407256,334.1071508
39.42,13.96811101,13.88888889,26.52676654,25.95216652,-0.00869142924,-0.008930401647,1,1,14.00380889,334.8403803
39.44,13.96793279,13.88888889,26.52518388,25.95189918,-0.008672731418,-0.008911283855,1,1,14.00354583,335.5753452
39.46,13.96775494,13.88888889,26.52360478,25.95163242,-0.008654067181,-0.00889219966,1,1,14.00328336,336.3120494
39.48,13.96757748,13.88888889,26.52202924,25.95136622,-0.00863543652,-0.008873149062,1,1,14.00302149,337.0504969
39.5,13.9674004,13.88888889,26.52045724,25.9511006,-0.008616839426,-0.008854132058,1,1,14.00276022,337.7906915
39.52,13.9672237,13.88888889,26.51888877,25.95083554,-0.008598275891,-0.008835148648,1,1,14.00249953,338.5326369
39.54,13.96704737,13.88888889,26.51732384,25.95057106,-0.008579745904,-0.008816198827,1,1,14.00223945,339.2763373
39.56,13.96687143,13.88888889,26.51576243,25.95030714,-0.008561249457,-0.008797282593,1,1,14.00197995,340.0217963
39.58,13.96669586,13.88888889,26.51420453,25.95004379,-0.008542786538,-0.008778399942,1,1,14.00172104,340.7690179
39.6,13.96652067,13.88888889,26.51265015,25.949781,-0.008524357137,-0.00875955087,1,1,14.00146272,341.5180061
39.62,13.96634585,13.88888889,26.51109926,25.94951878,-0.008505961242,-0.008740735371,1,1,14.00120498,342.2687647
39.64,13.96617141,13.88888889,26.50955186,25.94925712,-0.008487598841,-0.008721953441,1,1,14.00094784,343.0212977
39.66,13.96599735,13.88888889,26.50800795,25.94899602,-0.008469269923,-0.008703205073,1,1,14.00069127,343.775609
39.68,13.96582366,13.88888889,26.50646752,25.94873549,-0.008450974474,-0.008684490261,1,1,14.0004353,344.5317026
39.7,13.96565034,13.88888889,26.50493056,25.94847551,-0.008432712481,-0.008665808998,1,1,14.0001799,345.2895824
39.72,13.9654774,13.88888889,26.50339706,25.9482161,-0.008414483931,-0.008647161277,1,1,13.99992508,346.0492524
39.74,13.96530483,13.88888889,26.50186702,25.94795724,-0.00839628881,-0.008628547089,1,1,13.99967084,346.8107166
39.76,13.96513263,13.88888889,26.50034042,25.94769894,-0.008378127103,-0.008609966427,1,1,13.99941718,347.5739789
39.78,13.9649608,13.88888889,26.49881726,25.9474412,-0.008359998795,-0.008591419281,1,1,13.9991641,348.3390434
39.8,13.96478934,13.88888889,26.49729754,25.94718401,-0.008341903871,-0.008572905642,1,1,13.99891159,349.1059141
39.82,13.96461825,13.88888889,26.49578124,25.94692738,-0.008323842316,-0.0085544255,1,1,13.99865966,349.8745949
39.84,13.96444754,13.88888889,26.49426836,25.9466713,-0.008305814112,-0.008535978846,1,1,13.9984083,350.6450899
39.86,13.96427718,13.88888889,26.49275889,25.94641578,-0.008287819244,-0.008517565667,1,1,13.99815751,351.4174032
39.88,13.9641072,13.88888889,26.49125283,25.9461608,-0.008269857695,-0.008499185953,1,1,13.99790729,352.1915388
39.9,13.96393758,13.88888889,26.48975016,25.94590638,-0.008251929448,-0.008480839692,1,1,13.99765764,352.9675007
39.92,13.96376833,13.88888889,26.48825087,25.9456525,-0.008234034483,-0.008462526873,1,1,13.99740856,353.7452931
39.94,13.96359945,13.88888889,26.48675497,25.94539917,-0.008216172784,-0.008444247482,1,1,13.99716005,354.5249199
39.96,13.96343093,13.88888889,26.48526245,25.94514639,-0.008198344333,-0.008426001506,1,1,13.9969121,355.3063853
39.98,13.96326277,13.88888889,26.48377329,25.94489416,-0.008180549109,-0.008407788932,1,1,13.99666471,356.0896934
40,13.96309498,13.88888889,26.48228749,25.94464247,-0.008162787093,-0.008389609746,1,1,13.99641789,356.8748482
40.02,13.96292755,13.88888889,26.48080504,25.94439133,-0.008145058267,-0.008371463934,1,1,13.99617163,357.6618539
40.04,13.96276048,13.88888889,26.47932594,25.94414073,-0.00812736261,-0.008353351481,1,1,13.99592593,358.4507147
40.06,13.96259378,13.88888889,26.47785017,25.94389067,-0.008109700102,-0.008335272371,1,1,13.99568079,359.2414346
40.08,13.96242743,13.88888889,26.47637774,25.94364115,-0.008092070721,-0.008317226589,1,1,13.99543621,360.0340177
40.1,13.96226145,13.88888889,26.47490863,25.94339217,-0.008074474448,-0.00829921412,1,1,13.99519218,360.8284684
40.12,13.96209582,13.88888889,26.47344283,25.94314374,-0.008056911259,-0.008281234946,1,1,13.99494871,361.6247906
40.14,13.96193056,13.88888889,26.47198035,25.94289584,-0.008039381134,-0.008263289051,1,1,13.99470579,362.4229886
40.16,13.96176565,13.88888889,26.47052116,25.94264848,-0.00802188405,-0.008245376418,1,1,13.99446343,363.2230667
40.18,13.9616011,13.88888889,26.46906527,25.94240165,-0.008004419985,-0.008227497028,1,1,13.99422161,364.0250288
40.2,13.96143691,13.88888889,26.46761267,25.94215536,-0.007986988916,-0.008209650865,1,1,13.99398035,364.8288794
40.22,13.96127307,13.88888889,26.46616335,25.94190961,-0.00796959082,-0.008191837909,1,1,13.99373964,365.6346225
40.24,13.96110959,13.88888889,26.4647173,25.94166439,-0.007952225673,-0.008174058142,1,1,13.99349947,366.4422625
40.26,13.96094646,13.88888889,26.46327452,25.9414197,-0.007934893451,-0.008156311544,1,1,13.99325985,367.2518035
40.28,13.96078369,13.88888889,26.46183499,25.94117554,-0.00791759413,-0.008138598097,1,1,13.99302078,368.0632498
40.3,13.96062127,13.88888889,26.46039872,25.94093191,-0.007900327686,-0.00812091778,1,1,13.99278225,368.8766057
40.32,13.96045921,13.88888889,26.45896569,25.94068881,-0.007883094093,-0.008103270572,1,1,13.99254427,369.6918753
40.34,13.9602975,13.88888889,26.45753591,25.94044624,-0.007865893328,-0.008085656454,1,1,13.99230682,370.5090631
40.36,13.96013613,13.88888889,26.45610935,25.9402042,-0.007848725363,-0.008068075404,1,1,13.99206992,371.3281733
40.38,13.95997512,13.88888889,26.45468601,25.93996268,-0.007831590174,-0.0080505274,1,1,13.99183355,372.1492101
40.4,13.95981446,13.88888889,26.45326589,25.93972169,-0.007814487734,-0.008033012422,1,1,13.99159773,372.972178
40.42,13.95965415,13.88888889,26.45184899,25.93948123,-0.007797418017,-0.008015530447,1,1,13.99136244,373.7970811
40.44,13.95949419,13.88888889,26.45043528,25.93924129,-0.007780380996,-0.007998081453,1,1,13.99112769,374.6239239
40.46,13.95933458,13.88888889,26.44902477,25.93900187,-0.007763376645,-0.007980665416,1,1,13.99089347,375.4527107
40.48,13.95917531,13.88888889,26.44761745,25.93876297,-0.007746404935,-0.007963282314,1,1,13.99065979,376.2834458
40.5,13.95901639,13.88888889,26.44621331,25.93852459,-0.00772946584,-0.007945932124,1,1,13.99042663,377.1161335
40.52,13.95885782,13.88888889,26.44481235,25.93828673,-0.007712559332,-0.007928614821,1,1,13.99019401,377.9507783
40.54,13.95869959,13.88888889,26.44341455,25.93804939,-0.007695685382,-0.007911330382,1,1,13.98996192,378.7873846
40.56,13.95854171,13.88888889,26.44201991,25.93781257,-0.007678843962,-0.007894078782,1,1,13.98973036,379.6259567
40.58,13.95838418,13.88888889,26.44062843,25.93757626,-0.007662035044,-0.007876859997,1,1,13.98949932,380.466499
40.6,13.95822698,13.88888889,26.4392401,25.93734047,-0.007645258598,-0.007859674,1,1,13.98926881,381.309016
40.62,13.95807013,13.88888889,26.43785491,25.9371052,-0.007628514595,-0.007842520768,1,1,13.98903883,382.153512
40.64,13.95791362,13.88888889,26.43647285,25.93687044,-0.007611803006,-0.007825400274,1,1,13.98880937,382.9999915
40.66,13.95775746,13.88888889,26.43509391,25.93663619,-0.007595123802,-0.007808312493,1,1,13.98858043,383.848459
40.68,13.95760163,13.88888889,26.4337181,25.93640245,-0.007578476951,-0.007791257398,1,1,13.98835202,384.6989188
40.7,13.95744615,13.88888889,26.4323454,25.93616922,-0.007561862423,-0.007774234962,1,1,13.98812412,385.5513755
40.72,13.957291,13.88888889,26.43097581,25.9359365,-0.007545280189,-0.007757245159,1,1,13.98789675,386.4058336
40.74,13.9571362,13.88888889,26.42960931,25.9357043,-0.007528730218,-0.007740287961,1,1,13.98766989,387.2622975
40.76,13.95698173,13.88888889,26.42824591,25.93547259,-0.007512212477,-0.007723363342,1,1,13.98744355,388.1207717
40.78,13.9568276,13.88888889,26.42688559,25.9352414,-0.007495726937,-0.007706471273,1,1,13.98721773,388.9812607
40.8,13.95667381,13.88888889,26.42552836,25.93501071,-0.007479273566,-0.007689611726,1,1,13.98699242,389.8437691
40.82,13.95652035,13.88888889,26.42417419,25.93478053,-0.007462852331,-0.007672784673,1,1,13.98676762,390.7083013
40.84,13.95636723,13.88888889,26.4228231,25.93455085,-0.007446463201,-0.007655990086,1,1,13.98654334,391.574862
40.86,13.95621445,13.88888889,26.42147506,25.93432167,-0.007430106143,-0.007639227935,1,1,13.98631957,392.4434557
40.88,13.956062,13.88888889,26.42013007,25.934093,-0.007413781126,-0.007622498192,1,1,13.9860963,393.3140869
40.9,13.95590988,13.88888889,26.41878813,25.93386482,-0.007397488116,-0.007605800826,1,1,13.98587355,394.1867602
40.92,13.9557581,13.88888889,26.41744923,25.93363715,-0.007381227081,-0.007589135809,1,1,13.9856513,395.0614802
40.94,13.95560665,13.88888889,26.41611336,25.93340997,-0.007364997987,-0.007572503111,1,1,13.98542957,395.9382514
40.96,13.95545553,13.88888889,26.41478051,25.9331833,-0.007348800801,-0.007555902701,1,1,13.98520833,396.8170786
40.98,13.95530474,13.88888889,26.41345069,25.93295712,-0.007332635489,-0.007539334549,1,1,13.9849876,397.6979663
41,13.95515429,13.88888889,26.41212388,25.93273143,-0.007316502018,-0.007522798624,1,1,13.98476738,398.5809191
41.02,13.95500416,13.88888889,26.41080007,25.93250624,-0.007300400354,-0.007506294896,1,1,13.98454765,399.4659417
41.04,13.95485437,13.88888889,26.40947926,25.93228155,-0.007284330462,-0.007489823333,1,1,13.98432843,400.3530388
41.06,13.9547049,13.88888889,26.40816145,25.93205735,-0.007268292308,-0.007473383903,1,1,13.98410971,401.2422149
41.08,13.95455576,13.88888889,26.40684662,25.93183364,-0.007252285858,-0.007456976575,1,1,13.98389148,402.1334748
41.1,13.95440695,13.88888889,26.40553477,25.93161042,-0.007236311075,-0.007440601318,1,1,13.98367376,403.0268231
41.12,13.95425846,13.88888889,26.40422589,25.93138769,-0.007220367927,-0.007424258099,1,1,13.98345653,403.9222646
41.14,13.9541103,13.88888889,26.40291998,25.93116545,-0.007204456376,-0.007407946885,1,1,13.98323979,404.8198039
41.16,13.95396247,13.88888889,26.40161703,25.9309437,-0.007188576389,-0.007391667644,1,1,13.98302355,405.7194458
41.18,13.95381496,13.88888889,26.40031704,25.93072244,-0.007172727928,-0.007375420344,1,1,13.98280781,406.621195
41.2,13.95366778,13.88888889,26.39901999,25.93050167,-0.007156910959,-0.00735920495,1,1,13.98259255,407.5250562
41.22,13.95352092,13.88888889,26.39772588,25.93028137,-0.007141125445,-0.007343021431,1,1,13.98237779,408.4310342
41.24,13.95337438,13.88888889,26.3964347,25.93006157,-0.007125371351,-0.007326869752,1,1,13.98216352,409.3391337
41.26,13.95322816,13.88888889,26.39514645,25.92984225,-0.007109648639,-0.00731074988,1,1,13.98194973,410.2493596
41.28,13.95308227,13.88888889,26.39386113,25.92962341,-0.007093957273,-0.007294661781,1,1,13.98173643,411.1617166
41.3,13.9529367,13.88888889,26.39257872,25.92940505,-0.007078297217,-0.00727860542,1,1,13.98152362,412.0762095
41.32,13.95279145,13.88888889,26.39129921,25.92918717,-0.007062668434,-0.007262580764,1,1,13.9813113,412.9928431
41.34,13.95264652,13.88888889,26.39002261,25.92896977,-0.007047070886,-0.007246587778,1,1,13.98109946,413.9116222
41.36,13.9525019,13.88888889,26.3887489,25.92875285,-0.007031504536,-0.007230626426,1,1,13.9808881,414.8325517
41.38,13.95235761,13.88888889,26.38747809,25.92853641,-0.007015969347,-0.007214696675,1,1,13.98067722,415.7556363
41.4,13.95221363,13.88888889,26.38621015,25.92832045,-0.007000465282,-0.007198798489,1,1,13.98046683,416.6808811
41.42,13.95206997,13.88888889,26.38494509,25.92810496,-0.006984992302,-0.007182931832,1,1,13.98025692,417.6082907
41.44,13.95192663,13.88888889,26.38368291,25.92788995,-0.00696955037,-0.00716709667,1,1,13.98004748,418.5378702
41.46,13.95178361,13.88888889,26.38242358,25.92767541,-0.006954139447,-0.007151292966,1,1,13.97983852,419.4696243
41.48,13.9516409,13.88888889,26.38116711,25.92746134,-0.006938759496,-0.007135520684,1,1,13.97963004,420.4035581
41.5,13.9514985,13.88888889,26.3799135,25.92724775,-0.006923410478,-0.007119779789,1,1,13.97942204,421.3396763
41.52,13.95135642,13.88888889,26.37866273,25.92703463,-0.006908092354,-0.007104070244,1,1,13.97921451,422.277984
41.54,13.95121465,13.88888889,26.37741479,25.92682198,-0.006892805086,-0.007088392013,1,1,13.97900745,423.218486
41.56,13.9510732,13.88888889,26.37616969,25.92660979,-0.006877548634,-0.007072745059,1,1,13.97880087,424.1611873
41.58,13.95093205,13.88888889,26.37492742,25.92639808,-0.006862322961,-0.007057129345,1,1,13.97859476,425.1060929
41.6,13.95079122,13.88888889,26.37368796,25.92618683,-0.006847128026,-0.007041544834,1,1,13.97838911,426.0532077
41.62,13.9506507,13.88888889,26.37245132,25.92597605,-0.006831963791,-0.00702599149,1,1,13.97818394,427.0025367
41.64,13.95051049,13.88888889,26.37121749,25.92576574,-0.006816830216,-0.007010469274,1,1,13.97797924,427.9540849
41.66,13.95037059,13.88888889,26.36998645,25.92555589,-0.006801727262,-0.006994978149,1,1,13.977775,428.9078574
41.68,13.950231,13.88888889,26.36875822,25.92534651,-0.006786654888,-0.006979518078,1,1,13.97757123,429.8638591
41.7,13.95009172,13.88888889,26.36753277,25.92513758,-0.006771613055,-0.006964089023,1,1,13.97736793,430.822095
41.72,13.94995275,13.88888889,26.3663101,25.92492912,-0.006756601724,-0.006948690946,1,1,13.97716508,431.7825702
41.74,13.94981408,13.88888889,26.36509021,25.92472112,-0.006741620853,-0.006933323808,1,1,13.97696271,432.7452898
41.76,13.94967572,13.88888889,26.36387309,25.92451358,-0.006726670403,-0.006917987571,1,1,13.97676079,433.7102588
41.78,13.94953767,13.88888889,26.36265873,25.9243065,-0.006711750334,-0.006902682198,1,1,13.97655933,434.6774824
41.8,13.94939992,13.88888889,26.36144713,25.92409988,-0.006696860604,-0.006887407649,1,1,13.97635834,435.6469655
41.82,13.94926248,13.88888889,26.36023829,25.92389372,-0.006682001174,-0.006872163885,1,1,13.9761578,436.6187132
41.84,13.94912534,13.88888889,26.35903219,25.92368801,-0.006667172002,-0.006856950868,1,1,13.97595773,437.5927308
41.86,13.9489885,13.88888889,26.35782883,25.92348275,-0.006652373049,-0.006841768559,1,1,13.9757581,438.5690234
41.88,13.94885197,13.88888889,26.3566282,25.92327796,-0.006637604272,-0.006826616918,1,1,13.97555894,439.5475959
41.9,13.94871574,13.88888889,26.3554303,25.92307361,-0.00662286563,-0.006811495907,1,1,13.97536023,440.5284537
41.92,13.94857981,13.88888889,26.35423512,25.92286972,-0.006608157084,-0.006796405484,1,1,13.97516197,441.5116019
41.94,13.94844419,13.88888889,26.35304266,25.92266628,-0.00659347859,-0.006781345612,1,1,13.97496417,442.4970456
41.96,13.94830886,13.88888889,26.35185291,25.92246329,-0.006578830109,-0.006766316251,1,1,13.97476681,443.4847901
41.98,13.94817383,13.88888889,26.35066586,25.92226075,-0.006564211597,-0.006751317359,1,1,13.97456991,444.4748405
42,13.94803911,13.88888889,26.34948151,25.92205866,-0.006549623015,-0.006736348898,1,1,13.97437346,445.4672021
42.02,13.94790468,13.88888889,26.34829985,25.92185702,-0.006535064319,-0.006721410828,1,1,13.97417746,446.46188
42.04,13.94777055,13.88888889,26.34712087,25.92165582,-0.006520535469,-0.006706503107,1,1,13.9739819,447.4588795
42.06,13.94763671,13.88888889,26.34594458,25.92145507,-0.006506036422,-0.006691625696,1,1,13.97378679,448.4582059
42.08,13.94750318,13.88888889,26.34477096,25.92125477,-0.006491567136,-0.006676778554,1,1,13.97359213,449.4598644
42.1,13.94736994,13.88888889,26.3436,25.92105491,-0.006477127569,-0.006661961641,1,1,13.97339791,450.4638602
42.12,13.947237,13.88888889,26.34243171,25.92085549,-0.006462717679,-0.006647174915,1,1,13.97320413,451.4701988
42.14,13.94710435,13.88888889,26.34126608,25.92065652,-0.006448337423,-0.006632418336,1,1,13.9730108,452.4788853
42.16,13.94697199,13.88888889,26.34010309,25.92045799,-0.00643398676,-0.006617691863,1,1,13.97281791,453.4899251
42.18,13.94683993,13.88888889,26.33894275,25.9202599,-0.006419665646,-0.006602995455,1,1,13.97262546,454.5033235
42.2,13.94670817,13.88888889,26.33778505,25.92006225,-0.006405374039,-0.00658832907,1,1,13.97243345,455.5190858
42.22,13.94657669,13.88888889,26.33662998,25.91986504,-0.006391111896,-0.006573692667,1,1,13.97224188,456.5372175
42.24,13.94644551,13.88888889,26.33547753,25.91966827,-0.006376879175,-0.006559086206,1,1,13.97205074,457.5577237
42.26,13.94631462,13.88888889,26.33432771,25.91947193,-0.006362675832,-0.006544509643,1,1,13.97186004,458.58061
42.28,13.94618402,13.88888889,26.3331805,25.91927603,-0.006348501825,-0.006529962938,1,1,13.97166978,459.6058817
42.3,13.94605371,13.88888889,26.3320359,25.91908057,-0.00633435711,-0.006515446049,1,1,13.97147995,460.6335442
42.32,13.94592369,13.88888889,26.3308939,25.91888554,-0.006320241645,-0.006500958934,1,1,13.97129056,461.6636029
42.34,13.94579396,13.88888889,26.3297545,25.91869095,-0.006306155387,-0.006486501551,1,1,13.9711016,462.6960633
42.36,13.94566452,13.88888889,26.3286177,25.91849678,-0.006292098291,-0.006472073858,1,1,13.97091307,463.7309307
42.38,13.94553537,13.88888889,26.32748348,25.91830305,-0.006278070316,-0.006457675813,1,1,13.97072497,464.7682107
42.4,13.9454065,13.88888889,26.32635184,25.91810976,-0.006264071416,-0.006443307373,1,1,13.9705373,465.8079086
42.42,13.94527792,13.88888889,26.32522277,25.91791689,-0.006250101549,-0.006428968496,1,1,13.97035007,466.85003
42.44,13.94514963,13.88888889,26.32409627,25.91772445,-0.006236160672,-0.006414659141,1,1,13.97016325,467.8945804
42.46,13.94502162,13.88888889,26.32297234,25.91753243,-0.00622224874,-0.006400379263,1,1,13.96997687,468.9415652
42.48,13.9448939,13.88888889,26.32185096,25.91734085,-0.00620836571,-0.006386128821,1,1,13.96979091,469.99099
42.5,13.94476646,13.88888889,26.32073213,25.91714969,-0.006194511538,-0.006371907772,1,1,13.96960538,471.0428603
42.52,13.94463931,13.88888889,26.31961585,25.91695896,-0.00618068618,-0.006357716074,1,1,13.96942027,472.0971816
42.54,13.94451244,13.88888889,26.31850211,25.91676866,-0.006166889593,-0.006343553682,1,1,13.96923558,473.1539595
42.56,13.94438585,13.88888889,26.31739091,25.91657877,-0.006153121732,-0.006329420555,1,1,13.96905132,474.2131996
42.58,13.94425954,13.88888889,26.31628223,25.91638931,-0.006139382554,-0.006315316649,1,1,13.96886747,475.2749073
42.6,13.94413352,13.88888889,26.31517608,25.91620028,-0.006125672013,-0.006301241922,1,1,13.96868405,476.3390885
42.62,13.94400777,13.88888889,26.31407244,25.91601166,-0.006111990067,-0.006287196329,1,1,13.96850105,477.4057485
42.64,13.94388231,13.88888889,26.31297132,25.91582346,-0.006098336671,-0.006273179828,1,1,13.96831846,478.4748931
42.66,13.94375713,13.88888889,26.3118727,25.91563569,-0.00608471178,-0.006259192375,1,1,13.96813629,479.5465279
42.68,13.94363222,13.88888889,26.31077659,25.91544833,-0.00607111535,-0.006245233928,1,1,13.96795454,480.6206585
42.7,13.9435076,13.88888889,26.30968297,25.91526139,-0.006057547338,-0.006231304441,1,1,13.9677732,481.6972906
42.72,13.94338325,13.88888889,26.30859184,25.91507487,-0.006044007697,-0.006217403873,1,1,13.96759228,482.7764298
42.74,13.94325918,13.88888889,26.30750319,25.91488876,-0.006030496385,-0.006203532179,1,1,13.96741177,483.8580819
42.76,13.94313538,13.88888889,26.30641702,25.91470307,-0.006017013357,-0.006189689316,1,1,13.96723168,484.9422526
42.78,13.94301187,13.88888889,26.30533333,25.9145178,-0.006003558567,-0.006175875239,1,1,13.96705199,486.0289475
42.8,13.94288862,13.88888889,26.3042521,25.91433294,-0.005990131971,-0.006162089905,1,1,13.96687272,487.1181723
42.82,13.94276566,13.88888889,26.30317334,25.91414849,-0.005976733525,-0.00614833327,1,1,13.96669386,488.2099329
42.84,13.94264296,13.88888889,26.30209703,25.91396445,-0.005963363184,-0.006134605291,1,1,13.9665154,489.304235
42.86,13.94252055,13.88888889,26.30102317,25.91378082,-0.005950020902,-0.006120905922,1,1,13.96633736,490.4010843
42.88,13.9423984,13.88888889,26.29995176,25.9135976,-0.005936706636,-0.006107235121,1,1,13.96615972,491.5004866
42.9,13.94227653,13.88888889,26.29888279,25.9134148,-0.00592342034,-0.006093592842,1,1,13.96598249,492.6024478
42.92,13.94215493,13.88888889,26.29781625,25.9132324,-0.00591016197,-0.006079979042,1,1,13.96580566,493.7069735
42.94,13.9420336,13.88888889,26.29675214,25.9130504,-0.00589693148,-0.006066393676,1,1,13.96562924,494.8140697
42.96,13.94191255,13.88888889,26.29569046,25.91286882,-0.005883728826,-0.0060528367,1,1,13.96545322,495.9237421
42.98,13.94179176,13.88888889,26.29463119,25.91268764,-0.005870553962,-0.00603930807,1,1,13.9652776,497.0359967
43,13.94167124,13.88888889,26.29357434,25.91250687,-0.005857406844,-0.006025807742,1,1,13.96510238,498.1508392
43.02,13.941551,13.88888889,26.2925199,25.9123265,-0.005844287426,-0.00601233567,1,1,13.96492757,499.2682756
43.04,13.94143102,13.88888889,26.29146785,25.91214653,-0.005831195664,-0.00599889181,1,1,13.96475315,500.3883118
43.06,13.94131131,13.88888889,26.29041821,25.91196696,-0.005818131511,-0.005985476119,1,1,13.96457914,501.5109536
43.08,13.94119187,13.88888889,26.28937096,25.9117878,-0.005805094924,-0.00597208855,1,1,13.96440552,502.6362069
43.1,13.94107269,13.88888889,26.28832609,25.91160904,-0.005792085856,-0.00595872906,1,1,13.9642323,503.7640778
43.12,13.94095379,13.88888889,26.2872836,25.91143068,-0.005779104262,-0.005945397604,1,1,13.96405947,504.8945721
43.14,13.94083514,13.88888889,26.28624349,25.91125272,-0.005766150098,-0.005932094136,1,1,13.96388704,506.0276957
43.16,13.94071677,13.88888889,26.28520575,25.91107515,-0.005753223318,-0.005918818613,1,1,13.96371501,507.1634548
43.18,13.94059866,13.88888889,26.28417037,25.91089798,-0.005740323876,-0.00590557099,1,1,13.96354337,508.3018552
43.2,13.94048081,13.88888889,26.28313735,25.91072121,-0.005727451727,-0.005892351221,1,1,13.96337212,509.4429029
43.22,13.94036323,13.88888889,26.28210669,25.91054484,-0.005714606826,-0.005879159261,1,1,13.96320126,510.5866041
43.24,13.94024591,13.88888889,26.28107838,25.91036886,-0.005701789128,-0.005865995066,1,1,13.96303079,511.7329646
43.26,13.94012885,13.88888889,26.28005241,25.91019327,-0.005688998586,-0.005852858591,1,1,13.96286072,512.8819906
43.28,13.94001205,13.88888889,26.27902878,25.91001808,-0.005676235156,-0.005839749791,1,1,13.96269103,514.033688
43.3,13.93989552,13.88888889,26.27800748,25.90984328,-0.005663498792,-0.00582666862,1,1,13.96252173,515.1880631
43.32,13.93977925,13.88888889,26.27698851,25.90966887,-0.005650789449,-0.005813615034,1,1,13.96235282,516.3451217
43.34,13.93966324,13.88888889,26.27597186,25.90949485,-0.00563810708,-0.005800588987,1,1,13.96218429,517.5048702
43.36,13.93954748,13.88888889,26.27495753,25.90932123,-0.005625451641,-0.005787590434,1,1,13.96201615,518.6673145
43.38,13.93943199,13.88888889,26.27394552,25.90914799,-0.005612823086,-0.005774619331,1,1,13.96184839,519.8324608
43.4,13.93931676,13.88888889,26.27293581,25.90897514,-0.005600221369,-0.005761675631,1,1,13.96168102,521.0003152
43.42,13.93920178,13.88888889,26.2719284,25.90880267,-0.005587646446,-0.00574875929,1,1,13.96151403,522.1708839
43.44,13.93908707,13.88888889,26.27092329,25.9086306,-0.005575098269,-0.005735870263,1,1,13.96134743,523.3441731
43.46,13.93897261,13.88888889,26.26992047,25.90845891,-0.005562576794,-0.005723008503,1,1,13.9611812,524.520189
43.48,13.9388584,13.88888889,26.26891994,25.9082876,-0.005550081975,-0.005710173967,1,1,13.96101536,525.6989377
43.5,13.93874445,13.88888889,26.26792169,25.90811668,-0.005537613766,-0.005697366607,1,1,13.96084989,526.8804254
43.52,13.93863076,13.88888889,26.26692571,25.90794614,-0.005525172122,-0.00568458638,1,1,13.9606848,528.0646585
43.54,13.93851733,13.88888889,26.26593201,25.90777599,-0.005512756997,-0.005671833239,1,1,13.96052009,529.2516431
43.56,13.93840414,13.88888889,26.26494057,25.90760622,-0.005500368346,-0.00565910714,1,1,13.96035576,530.4413855
43.58,13.93829122,13.88888889,26.2639514,25.90743682,-0.005488006122,-0.005646408036,1,1,13.9601918,531.6338919
43.6,13.93817854,13.88888889,26.26296448,25.90726781,-0.005475670281,-0.005633735883,1,1,13.96002822,532.8291687
43.62,13.93806612,13.88888889,26.26197981,25.90709918,-0.005463360775,-0.005621090635,1,1,13.95986501,534.0272222
43.64,13.93795395,13.88888889,26.26099738,25.90693092,-0.005451077561,-0.005608472246,1,1,13.95970218,535.2280587
43.66,13.93784203,13.88888889,26.2600172,25.90676305,-0.005438820591,-0.005595880671,1,1,13.95953972,536.4316844
43.68,13.93773037,13.88888889,26.25903926,25.90659555,-0.005426589821,-0.005583315865,1,1,13.95937763,537.6381059
43.7,13.93761895,13.88888889,26.25806354,25.90642843,-0.005414385205,-0.005570777782,1,1,13.95921591,538.8473293
43.72,13.93750779,13.88888889,26.25709005,25.90626168,-0.005402206696,-0.005558266375,1,1,13.95905456,540.0593612
43.74,13.93739687,13.88888889,26.25611878,25.9060953,-0.00539005425,-0.005545781601,1,1,13.95889358,541.2742078
43.76,13.9372862,13.88888889,26.25514973,25.9059293,-0.00537792782,-0.005533323413,1,1,13.95873297,542.4918756
43.78,13.93717579,13.88888889,26.25418289,25.90576368,-0.005365827361,-0.005520891766,1,1,13.95857273,543.712371
43.8,13.93706562,13.88888889,26.25321825,25.90559842,-0.005353752827,-0.005508486613,1,1,13.95841285,544.9357005
43.82,13.93695569,13.88888889,26.25225582,25.90543354,-0.005341704173,-0.00549610791,1,1,13.95825334,546.1618705
43.84,13.93684602,13.88888889,26.25129558,25.90526903,-0.005329681352,-0.005483755611,1,1,13.9580942,547.3908875
43.86,13.93673659,13.88888889,26.25033753,25.90510488,-0.005317684319,-0.00547142967,1,1,13.95793542,548.6227579
43.88,13.93662741,13.88888889,26.24938167,25.90494111,-0.005305713029,-0.005459130042,1,1,13.957777,549.8574882
43.9,13.93651847,13.88888889,26.24842798,25.9047777,-0.005293767435,-0.005446856681,1,1,13.95761894,551.095085
43.92,13.93640978,13.88888889,26.24747648,25.90461467,-0.005281847493,-0.005434609542,1,1,13.95746125,552.3355548
43.94,13.93630133,13.88888889,26.24652715,25.90445199,-0.005269953155,-0.005422388578,1,1,13.95730392,553.5789042
43.96,13.93619313,13.88888889,26.24557998,25.90428969,-0.005258084377,-0.005410193744,1,1,13.95714695,554.8251396
43.98,13.93608517,13.88888889,26.24463497,25.90412775,-0.005246241114,-0.005398024995,1,1,13.95699033,556.0742677
44,13.93597745,13.88888889,26.24369213,25.90396617,-0.005234423318,-0.005385882284,1,1,13.95683408,557.326295
44.02,13.93586997,13.88888889,26.24275143,25.90380496,-0.005222630946,-0.005373765567,1,1,13.95667818,558.5812282
44.04,13.93576274,13.88888889,26.24181288,25.90364411,-0.00521086395,-0.005361674797,1,1,13.95652264,559.8390738
44.06,13.93565575,13.88888889,26.24087647,25.90348362,-0.005199122286,-0.005349609929,1,1,13.95636746,561.0998386
44.08,13.935549,13.88888889,26.2399422,25.90332349,-0.005187405908,-0.005337570918,1,1,13.95621263,562.3635291
44.1,13.93544248,13.88888889,26.23901007,25.90316373,-0.00517571477,-0.005325557717,1,1,13.95605816,563.630152
44.12,13.93533621,13.88888889,26.23808006,25.90300432,-0.005164048826,-0.005313570281,1,1,13.95590404,564.899714
44.14,13.93523018,13.88888889,26.23715217,25.90284527,-0.005152408032,-0.005301608565,1,1,13.95575027,566.1722219
44.16,13.93512439,13.88888889,26.2362264,25.90268658,-0.005140792341,-0.005289672522,1,1,13.95559685,567.4476822
44.18,13.93501883,13.88888889,26.23530275,25.90252825,-0.005129201708,-0.005277762108,1,1,13.95544379,568.7261018
44.2,13.93491351,13.88888889,26.2343812,25.90237027,-0.005117636088,-0.005265877276,1,1,13.95529108,570.0074874
44.22,13.93480843,13.88888889,26.23346176,25.90221265,-0.005106095434,-0.005254017981,1,1,13.95513871,571.2918457
44.24,13.93470359,13.88888889,26.23254442,25.90205539,-0.005094579702,-0.005242184177,1,1,13.9549867,572.5791836
44.26,13.93459898,13.88888889,26.23162917,25.90189847,-0.005083088846,-0.005230375819,1,1,13.95483503,573.8695077
44.28,13.93449461,13.88888889,26.23071601,25.90174192,-0.005071622821,-0.005218592861,1,1,13.95468371,575.162825
44.3,13.93439047,13.88888889,26.22980494,25.90158571,-0.00506018158,-0.005206835258,1,1,13.95453273,576.4591422
44.32,13.93428657,13.88888889,26.22889595,25.90142986,-0.005048765079,-0.005195102964,1,1,13.95438211,577.7584662
44.34,13.9341829,13.88888889,26.22798903,25.90127436,-0.005037373272,-0.005183395933,1,1,13.95423182,579.0608038
44.36,13.93407947,13.88888889,26.22708418,25.90111921,-0.005026006114,-0.00517171412,1,1,13.95408188,580.366162
44.38,13.93397627,13.88888889,26.2261814,25.9009644,-0.00501466356,-0.00516005748,1,1,13.95393229,581.6745475
44.4,13.9338733,13.88888889,26.22528069,25.90080995,-0.005003345563,-0.005148425966,1,1,13.95378304,582.9859673
44.42,13.93377056,13.88888889,26.22438203,25.90065585,-0.00499205208,-0.005136819534,1,1,13.95363412,584.3004283
44.44,13.93366806,13.88888889,26.22348542,25.90050209,-0.004980783064,-0.005125238138,1,1,13.95348555,585.6179375
44.46,13.93356579,13.88888889,26.22259086,25.90034868,-0.00496953847,-0.005113681732,1,1,13.95333732,586.9385018
44.48,13.93346374,13.88888889,26.22169834,25.90019561,-0.004958318253,-0.005102150271,1,1,13.95318943,588.2621282
44.5,13.93336193,13.88888889,26.22080786,25.90004289,-0.004947122367,-0.005090643709,1,1,13.95304188,589.5888236
44.52,13.93326035,13.88888889,26.21991942,25.89989052,-0.004935950768,-0.005079162002,1,1,13.95289467,590.918595
44.54,13.93315899,13.88888889,26.219033,25.89973849,-0.004924803411,-0.005067705103,1,1,13.95274779,592.2514496
44.56,13.93305787,13.88888889,26.21814861,25.8995868,-0.004913680249,-0.005056272968,1,1,13.95260125,593.5873942
44.58,13.93295697,13.88888889,26.21726624,25.89943545,-0.004902581238,-0.00504486555,1,1,13.95245505,594.926436
44.6,13.9328563,13.88888889,26.21638588,25.89928445,-0.004891506334,-0.005033482805,1,1,13.95230918,596.268582
44.62,13.93275586,13.88888889,26.21550754,25.89913379,-0.00488045549,-0.005022124688,1,1,13.95216364,597.6138393
44.64,13.93265564,13.88888889,26.2146312,25.89898346,-0.004869428662,-0.005010791152,1,1,13.95201844,598.9622149
44.66,13.93255565,13.88888889,26.21375687,25.89883348,-0.004858425804,-0.004999482153,1,1,13.95187357,600.3137162
44.68,13.93245589,13.88888889,26.21288453,25.89868383,-0.004847446873,-0.004988197645,1,1,13.95172903,601.66835
44.7,13.93235635,13.88888889,26.21201419,25.89853452,-0.004836491822,-0.004976937583,1,1,13.95158482,603.0261236
44.72,13.93225704,13.88888889,26.21114583,25.89838555,-0.004825560607,-0.004965701922,1,1,13.95144094,604.3870442
44.74,13.93215795,13.88888889,26.21027946,25.89823692,-0.004814653183,-0.004954490617,1,1,13.9512974,605.751119
44.76,13.93205908,13.88888889,26.20941506,25.89808862,-0.004803769504,-0.004943303622,1,1,13.95115418,607.118355
44.78,13.93196044,13.88888889,26.20855265,25.89794065,-0.004792909527,-0.004932140893,1,1,13.95101129,608.4887596
44.8,13.93186202,13.88888889,26.2076922,25.89779302,-0.004782073207,-0.004921002384,1,1,13.95086872,609.86234
44.82,13.93176382,13.88888889,26.20683372,25.89764573,-0.004771260498,-0.004909888049,1,1,13.95072649,611.2391035
44.84,13.93166584,13.88888889,26.2059772,25.89749876,-0.004760471355,-0.004898797845,1,1,13.95058458,612.6190572
44.86,13.93156809,13.88888889,26.20512264,25.89735213,-0.004749705735,-0.004887731726,1,1,13.95044299,614.0022085
44.88,13.93147055,13.88888889,26.20427003,25.89720583,-0.004738963593,-0.004876689647,1,1,13.95030173,615.3885647
44.9,13.93137324,13.88888889,26.20341937,25.89705986,-0.004728244882,-0.004865671562,1,1,13.95016079,616.7781331
44.92,13.93127615,13.88888889,26.20257065,25.89691422,-0.004717549561,-0.004854677428,1,1,13.95002018,618.170921
44.94,13.93117927,13.88888889,26.20172388,25.89676891,-0.004706877582,-0.004843707199,1,1,13.94987988,619.5669358
44.96,13.93108262,13.88888889,26.20087904,25.89662393,-0.004696228903,-0.004832760829,1,1,13.94973991,620.9661849
44.98,13.93098618,13.88888889,26.20003613,25.89647927,-0.004685603478,-0.004821838275,1,1,13.94960026,622.3686755
45,13.93088996,13.88888889,26.19919514,25.89633494,-0.004675001263,-0.004810939491,1,1,13.94946093,623.7744152
45.02,13.93079396,13.88888889,26.19835608,25.89619094,-0.004664422214,-0.004800064433,1,1,13.94932192,625.1834114
45.04,13.93069818,13.88888889,26.19751894,25.89604727,-0.004653866285,-0.004789213056,1,1,13.94918322,626.5956715
45.06,13.93060261,13.88888889,26.19668371,25.89590391,-0.004643333434,-0.004778385314,1,1,13.94904485,628.0112029
45.08,13.93050726,13.88888889,26.19585039,25.89576089,-0.004632823615,-0.004767581164,1,1,13.94890679,629.4300131
45.1,13.93041212,13.88888889,26.19501897,25.89561818,-0.004622336784,-0.00475680056,1,1,13.94876905,630.8521096
45.12,13.9303172,13.88888889,26.19418946,25.8954758,-0.004611872897,-0.004746043458,1,1,13.94863162,632.2774999
45.14,13.93022249,13.88888889,26.19336184,25.89533374,-0.004601431909,-0.004735309813,1,1,13.94849451,633.7061916
45.16,13.930128,13.88888889,26.19253611,25.895192,-0.004591013777,-0.00472459958,1,1,13.94835771,635.1381921
45.18,13.93003372,13.88888889,26.19171227,25.89505059,-0.004580618456,-0.004713912716,1,1,13.94822123,636.5735091
45.2,13.92993966,13.88888889,26.19089031,25.89490949,-0.004570245903,-0.004703249175,1,1,13.94808505,638.0121501
45.22,13.92984581,13.88888889,26.19007024,25.89476871,-0.004559896073,-0.004692608914,1,1,13.94794919,639.4541227
45.24,13.92975217,13.88888889,26.18925203,25.89462825,-0.004549568921,-0.004681991886,1,1,13.94781365,640.8994345
45.26,13.92965874,13.88888889,26.1884357,25.89448811,-0.004539264405,-0.004671398049,1,1,13.94767841,642.3480931
45.28,13.92956552,13.88888889,26.18762124,25.89434828,-0.00452898248,-0.004660827358,1,1,13.94754348,643.8001062
45.3,13.92947252,13.88888889,26.18680864,25.89420878,-0.004518723103,-0.004650279767,1,1,13.94740886,645.2554815
45.32,13.92937972,13.88888889,26.18599789,25.89406958,-0.004508486229,-0.004639755234,1,1,13.94727455,646.7142266
45.34,13.92928714,13.88888889,26.185189,25.89393071,-0.004498271814,-0.004629253714,1,1,13.94714055,648.1763493
45.36,13.92919476,13.88888889,26.18438196,25.89379214,-0.004488079815,-0.004618775162,1,1,13.94700685,649.6418572
45.38,13.9291026,13.88888889,26.18357676,25.89365389,-0.004477910189,-0.004608319534,1,1,13.94687346,651.1107581
45.4,13.92901064,13.88888889,26.18277341,25.89351596,-0.004467762891,-0.004597886786,1,1,13.94674038,652.5830597
45.42,13.92891889,13.88888889,26.18197189,25.89337833,-0.004457637877,-0.004587476875,1,1,13.9466076,654.0587699
45.44,13.92882735,13.88888889,26.18117221,25.89324102,-0.004447535105,-0.004577089755,1,1,13.94647513,655.5378964
45.46,13.92873601,13.88888889,26.18037435,25.89310402,-0.00443745453,-0.004566725383,1,1,13.94634296,657.020447
45.48,13.92864488,13.88888889,26.17957832,25.89296733,-0.00442739611,-0.004556383715,1,1,13.94621109,658.5064295
45.5,13.92855396,13.88888889,26.17878411,25.89283094,-0.0044173598,-0.004546064706,1,1,13.94607952,659.9958518
45.52,13.92846325,13.88888889,26.17799172,25.89269487,-0.004407345557,-0.004535768314,1,1,13.94594826,661.4887218
45.54,13.92837274,13.88888889,26.17720113,25.89255911,-0.004397353338,-0.004525494493,1,1,13.94581729,662.9850473
45.56,13.92828243,13.88888889,26.17641236,25.89242365,-0.0043873831,-0.004515243201,1,1,13.94568663,664.4848362
45.58,13.92819233,13.88888889,26.17562539,25.8922885,-0.004377434799,-0.004505014393,1,1,13.94555627,665.9880965
45.6,13.92810244,13.88888889,26.17484022,25.89215365,-0.004367508392,-0.004494808025,1,1,13.9454262,667.4948361
45.62,13.92801274,13.88888889,26.17405685,25.89201912,-0.004357603835,-0.004484624055,1,1,13.94529643,669.0050629
45.64,13.92792325,13.88888889,26.17327526,25.89188488,-0.004347721086,-0.004474462437,1,1,13.94516697,670.5187849
45.66,13.92783397,13.88888889,26.17249547,25.89175095,-0.004337860102,-0.004464323129,1,1,13.94503779,672.0360101
45.68,13.92774488,13.88888889,26.17171746,25.89161733,-0.004328020839,-0.004454206087,1,1,13.94490892,673.5567465
45.7,13.927656,13.88888889,26.17094123,25.891484,-0.004318203255,-0.004444111267,1,1,13.94478033,675.0810022
45.72,13.92756732,13.88888889,26.17016677,25.89135098,-0.004308407306,-0.004434038626,1,1,13.94465205,676.6087852
45.74,13.92747884,13.88888889,26.16939409,25.89121826,-0.004298632949,-0.00442398812,1,1,13.94452405,678.1401035
45.76,13.92739056,13.88888889,26.16862317,25.89108584,-0.004288880142,-0.004413959707,1,1,13.94439635,679.6749653
45.78,13.92730248,13.88888889,26.16785402,25.89095372,-0.004279148843,-0.004403953342,1,1,13.94426895,681.2133786
45.8,13.9272146,13.88888889,26.16708663,25.8908219,-0.004269439007,-0.004393968982,1,1,13.94414183,682.7553516
45.82,13.92712692,13.88888889,26.16632099,25.89069038,-0.004259750593,-0.004384006584,1,1,13.94401501,684.3008924
45.84,13.92703944,13.88888889,26.1655571,25.89055916,-0.004250083557,-0.004374066104,1,1,13.94388848,685.8500091
45.86,13.92695216,13.88888889,26.16479496,25.89042824,-0.004240437858,-0.004364147501,1,1,13.94376223,687.40271
45.88,13.92686507,13.88888889,26.16403457,25.89029761,-0.004230813452,-0.004354250729,1,1,13.94363628,688.9590033
45.9,13.92677819,13.88888889,26.16327591,25.89016728,-0.004221210297,-0.004344375747,1,1,13.94351062,690.5188971
45.92,13.9266915,13.88888889,26.162519,25.89003724,-0.004211628351,-0.004334522511,1,1,13.94338524,692.0823997
45.94,13.926605,13.88888889,26.16176381,25.8899075,-0.00420206757,-0.004324690978,1,1,13.94326015,693.6495194
45.96,13.9265187,13.88888889,26.16101035,25.88977806,-0.004192527914,-0.004314881105,1,1,13.94313535,695.2202644
45.98,13.9264326,13.88888889,26.16025861,25.8896489,-0.004183009339,-0.00430509285,1,1,13.94301083,696.794643
46,13.9263467,13.88888889,26.1595086,25.88952004,-0.004173511803,-0.004295326169,1,1,13.9428866,698.3726636
46.02,13.92626098,13.88888889,26.1587603,25.88939148,-0.004164035265,-0.00428558102,1,1,13.94276265,699.9543344
46.04,13.92617547,13.88888889,26.15801371,25.8892632,-0.004154579681,-0.00427585736,1,1,13.94263899,701.5396639
46.06,13.92609014,13.88888889,26.15726883,25.88913522,-0.00414514501,-0.004266155145,1,1,13.94251561,703.1286603
46.08,13.92600501,13.88888889,26.15652566,25.88900752,-0.004135731209,-0.004256474334,1,1,13.94239252,704.7213321
46.1,13.92592008,13.88888889,26.15578419,25.88888012,-0.004126338237,-0.004246814884,1,1,13.9422697,706.3176878
46.12,13.92583533,13.88888889,26.15504441,25.888753,-0.004116966052,-0.004237176753,1,1,13.94214717,707.9177356
46.14,13.92575078,13.88888889,26.15430633,25.88862618,-0.004107614611,-0.004227559897,1,1,13.94202492,709.5214841
46.16,13.92566642,13.88888889,26.15356993,25.88849964,-0.004098283874,-0.004217964274,1,1,13.94190295,711.1289418
46.18,13.92558226,13.88888889,26.15283522,25.88837338,-0.004088973798,-0.004208389842,1,1,13.94178126,712.7401171
46.2,13.92549828,13.88888889,26.1521022,25.88824742,-0.004079684341,-0.004198836558,1,1,13.94165984,714.3550185
46.22,13.92541449,13.88888889,26.15137085,25.88812174,-0.004070415461,-0.004189304381,1,1,13.94153871,715.9736546
46.24,13.9253309,13.88888889,26.15064117,25.88799635,-0.004061167118,-0.004179793267,1,1,13.94141785,717.5960339
46.26,13.92524749,13.88888889,26.14991316,25.88787124,-0.00405193927,-0.004170303175,1,1,13.94129727,719.2221649
46.28,13.92516428,13.88888889,26.14918682,25.88774641,-0.004042731874,-0.004160834063,1,1,13.94117697,720.8520564
46.3,13.92508125,13.88888889,26.14846215,25.88762187,-0.00403354489,-0.004151385888,1,1,13.94105694,722.4857168
46.32,13.92499841,13.88888889,26.14773913,25.88749761,-0.004024378276,-0.004141958608,1,1,13.94093719,724.1231548
46.34,13.92491576,13.88888889,26.14701776,25.88737364,-0.004015231991,-0.004132552181,1,1,13.94081771,725.7643791
46.36,13.92483329,13.88888889,26.14629805,25.88724994,-0.004006105993,-0.004123166566,1,1,13.94069851,727.4093983
46.38,13.92475102,13.88888889,26.14557999,25.88712653,-0.003997000241,-0.00411380172,1,1,13.94057958,729.0582211
46.4,13.92466893,13.88888889,26.14486356,25.88700339,-0.003987914694,-0.004104457602,1,1,13.94046092,730.7108561
46.42,13.92458703,13.88888889,26.14414878,25.88688054,-0.003978849311,-0.004095134169,1,1,13.94034254,732.3673123
46.44,13.92450531,13.88888889,26.14343564,25.88675796,-0.003969804051,-0.004085831381,1,1,13.94022442,734.0275982
46.46,13.92442378,13.88888889,26.14272412,25.88663567,-0.003960778873,-0.004076549194,1,1,13.94010658,735.6917227
46.48,13.92434243,13.88888889,26.14201424,25.88651365,-0.003951773735,-0.004067287569,1,1,13.93998901,737.3596945
46.5,13.92426127,13.88888889,26.14130598,25.88639191,-0.003942788597,-0.004058046462,1,1,13.9398717,739.0315224
46.52,13.9241803,13.88888889,26.14059934,25.88627044,-0.003933823418,-0.004048825833,1,1,13.93975467,740.7072154
46.54,13.9240995,13.88888889,26.13989432,25.88614925,-0.003924878157,-0.004039625639,1,1,13.9396379,742.3867821
46.56,13.92401889,13.88888889,26.13919092,25.88602834,-0.003915952773,-0.004030445841,1,1,13.9395214,744.0702316
46.58,13.92393847,13.88888889,26.13848912,25.8859077,-0.003907047227,-0.004021286395,1,1,13.93940517,745.7575727
46.6,13.92385823,13.88888889,26.13778893,25.88578734,-0.003898161476,-0.004012147262,1,1,13.93928921,747.4488142
46.62,13.92377816,13.88888889,26.13709035,25.88566725,-0.003889295481,-0.004003028399,1,1,13.93917351,749.1439652
46.64,13.92369829,13.88888889,26.13639336,25.88554743,-0.0038804492,-0.003993929766,1,1,13.93905807,750.8430346
46.66,13.92361859,13.88888889,26.13569797,25.88542788,-0.003871622594,-0.00398485132,1,1,13.93894291,752.5460313
46.68,13.92353907,13.88888889,26.13500417,25.88530861,-0.003862815623,-0.003975793022,1,1,13.938828,754.2529644
46.7,13.92345974,13.88888889,26.13431196,25.88518961,-0.003854028245,-0.00396675483,1,1,13.93871336,755.9638429
46.72,13.92338058,13.88888889,26.13362133,25.88507087,-0.00384526042,-0.003957736703,1,1,13.93859898,757.6786758
46.74,13.92330161,13.88888889,26.13293229,25.88495241,-0.003836512109,-0.003948738601,1,1,13.93848486,759.3974721
46.76,13.92322281,13.88888889,26.13224482,25.88483422,-0.00382778327,-0.003939760481,1,1,13.93837101,761.120241
46.78,13.9231442,13.88888889,26.13155893,25.8847163,-0.003819073865,-0.003930802304,1,1,13.93825742,762.8469915
46.8,13.92306576,13.88888889,26.13087461,25.88459864,-0.003810383852,-0.003921864029,1,1,13.93814408,764.5777328
46.82,13.9229875,13.88888889,26.13019185,25.88448125,-0.003801713192,-0.003912945615,1,1,13.93803101,766.312474
46.84,13.92290942,13.88888889,26.12951066,25.88436413,-0.003793061845,-0.003904047021,1,1,13.9379182,768.0512243
46.86,13.92283152,13.88888889,26.12883103,25.88424728,-0.003784429771,-0.003895168207,1,1,13.93780564,769.7939928
46.88,13.92275379,13.88888889,26.12815296,25.88413069,-0.00377581693,-0.003886309132,1,1,13.93769334,771.5407887
46.9,13.92267624,13.88888889,26.12747643,25.88401436,-0.003767223282,-0.003877469756,1,1,13.9375813,773.2916213
46.92,13.92259887,13.88888889,26.12680146,25.8838983,-0.003758648788,-0.003868650038,1,1,13.93746952,775.0464999
46.94,13.92252167,13.88888889,26.12612803,25.88378251,-0.003750093409,-0.003859849938,1,1,13.93735799,776.8054337
46.96,13.92244465,13.88888889,26.12545615,25.88366697,-0.003741557103,-0.003851069416,1,1,13.93724672,778.5684319
46.98,13.9223678,13.88888889,26.1247858,25.88355171,-0.003733039832,-0.003842308431,1,1,13.93713571,780.3355039
47,13.92229113,13.88888889,26.12411699,25.8834367,-0.003724541557,-0.003833566943,1,1,13.93702495,782.1066591
47.02,13.92221464,13.88888889,26.12344971,25.88332195,-0.003716062238,-0.003824844912,1,1,13.93691444,783.8819068
47.04,13.92213831,13.88888889,26.12278396,25.88320747,-0.003707601835,-0.003816142298,1,1,13.93680419,785.6612563
47.06,13.92206216,13.88888889,26.12211973,25.88309324,-0.00369916031,-0.003807459061,1,1,13.93669419,787.4447171
47.08,13.92198619,13.88888889,26.12145702,25.88297928,-0.003690737623,-0.003798795161,1,1,13.93658444,789.2322986
47.1,13.92191038,13.88888889,26.12079584,25.88286558,-0.003682333735,-0.003790150558,1,1,13.93647494,791.0240102
47.12,13.92183475,13.88888889,26.12013616,25.88275213,-0.003673948606,-0.003781525212,1,1,13.9363657,792.8198614
47.14,13.9217593,13.88888889,26.119478,25.88263894,-0.003665582198,-0.003772919084,1,1,13.9362567,794.6198617
47.16,13.92168401,13.88888889,26.11882134,25.88252601,-0.003657234472,-0.003764332133,1,1,13.93614795,796.4240205
47.18,13.92160889,13.88888889,26.11816619,25.88241334,-0.003648905389,-0.00375576432,1,1,13.93603946,798.2323475
47.2,13.92153395,13.88888889,26.11751254,25.88230092,-0.003640594909,-0.003747215605,1,1,13.93593121,800.0448521
47.22,13.92145918,13.88888889,26.11686039,25.88218876,-0.003632302995,-0.00373868595,1,1,13.93582321,801.861544
47.24,13.92138457,13.88888889,26.11620973,25.88207686,-0.003624029607,-0.003730175313,1,1,13.93571546,803.6824327
47.26,13.92131014,13.88888889,26.11556056,25.88196521,-0.003615774706,-0.003721683657,1,1,13.93560796,805.5075279
47.28,13.92123587,13.88888889,26.11491288,25.88185381,-0.003607538255,-0.003713210941,1,1,13.9355007,807.3368392
47.3,13.92116178,13.88888889,26.11426668,25.88174267,-0.003599320214,-0.003704757126,1,1,13.93539369,809.1703762
47.32,13.92108785,13.88888889,26.11362196,25.88163178,-0.003591120545,-0.003696322173,1,1,13.93528693,811.0081487
47.34,13.92101409,13.88888889,26.11297872,25.88152114,-0.003582939209,-0.003687906043,1,1,13.9351804,812.8501663
47.36,13.9209405,13.88888889,26.11233695,25.88141076,-0.003574776168,-0.003679508696,1,1,13.93507413,814.6964389
47.38,13.92086708,13.88888889,26.11169665,25.88130062,-0.003566631384,-0.003671130094,1,1,13.93496809,816.546976
47.4,13.92079383,13.88888889,26.11105782,25.88119074,-0.003558504818,-0.003662770197,1,1,13.93486231,818.4017876
47.42,13.92072074,13.88888889,26.11042045,25.88108111,-0.003550396433,-0.003654428967,1,1,13.93475676,820.2608834
47.44,13.92064782,13.88888889,26.10978455,25.88097172,-0.003542306189,-0.003646106364,1,1,13.93465145,822.1242732
47.46,13.92057506,13.88888889,26.10915009,25.88086259,-0.003534234049,-0.00363780235,1,1,13.93454639,823.9919669
47.48,13.92050247,13.88888889,26.1085171,25.8807537,-0.003526179976,-0.003629516886,1,1,13.93444157,825.8639744
47.5,13.92043004,13.88888889,26.10788555,25.88064507,-0.00351814393,-0.003621249933,1,1,13.93433699,827.7403054
47.52,13.92035778,13.88888889,26.10725545,25.88053668,-0.003510125874,-0.003613001453,1,1,13.93423264,829.62097
47.54,13.92028569,13.88888889,26.10662679,25.88042853,-0.00350212577,-0.003604771406,1,1,13.93412854,831.5059781
47.56,13.92021376,13.88888889,26.10599958,25.88032064,-0.003494143581,-0.003596559756,1,1,13.93402468,833.3953397
47.58,13.92014199,13.88888889,26.1053738,25.88021299,-0.003486179268,-0.003588366462,1,1,13.93392105,835.2890646
47.6,13.92007039,13.88888889,26.10474945,25.88010558,-0.003478232795,-0.003580191486,1,1,13.93381766,837.187163
47.62,13.91999895,13.88888889,26.10412653,25.87999842,-0.003470304122,-0.003572034791,1,1,13.93371451,839.0896449
47.64,13.91992767,13.88888889,26.10350505,25.8798915,-0.003462393214,-0.003563896337,1,1,13.9336116,840.9965202
47.66,13.91985655,13.88888889,26.10288498,25.87978483,-0.003454500032,-0.003555776087,1,1,13.93350892,842.9077991
47.68,13.9197856,13.88888889,26.10226634,25.8796784,-0.003446624539,-0.003547674003,1,1,13.93340648,844.8234917
47.7,13.91971481,13.88888889,26.10164911,25.87957221,-0.003438766697,-0.003539590046,1,1,13.93330427,846.7436081
47.72,13.91964418,13.88888889,26.1010333,25.87946626,-0.00343092647,-0.003531524178,1,1,13.9332023,848.6681584
47.74,13.91957371,13.88888889,26.1004189,25.87936056,-0.003423103819,-0.003523476361,1,1,13.93310056,850.5971528
47.76,13.9195034,13.88888889,26.0998059,25.8792551,-0.003415298709,-0.003515446558,1,1,13.93299905,852.5306015
47.78,13.91943325,13.88888889,26.09919432,25.87914987,-0.003407511101,-0.00350743473,1,1,13.93289778,854.4685147
47.8,13.91936326,13.88888889,26.09858413,25.87904489,-0.003399740959,-0.00349944084,1,1,13.93279674,856.4109027
47.82,13.91929343,13.88888889,26.09797534,25.87894015,-0.003391988245,-0.003491464849,1,1,13.93269593,858.3577757
47.84,13.91922376,13.88888889,26.09736795,25.87883564,-0.003384252924,-0.003483506721,1,1,13.93259535,860.309144
47.86,13.91915425,13.88888889,26.09676194,25.87873137,-0.003376534957,-0.003475566417,1,1,13.932495,862.2650179
47.88,13.9190849,13.88888889,26.09615733,25.87862735,-0.003368834308,-0.0034676439,1,1,13.93239489,864.2254077
47.9,13.9190157,13.88888889,26.0955541,25.87852355,-0.003361150941,-0.003459739133,1,1,13.932295,866.1903238
47.92,13.91894666,13.88888889,26.09495226,25.87842,-0.003353484819,-0.003451852078,1,1,13.93219534,868.1597766
47.94,13.91887779,13.88888889,26.09435179,25.87831668,-0.003345835904,-0.003443982697,1,1,13.93209591,870.1337765
47.96,13.91880906,13.88888889,26.0937527,25.87821359,-0.003338204161,-0.003436130953,1,1,13.93199671,872.1123339
47.98,13.9187405,13.88888889,26.09315498,25.87811075,-0.003330589553,-0.00342829681,1,1,13.93189774,874.0954593
48,13.91867209,13.88888889,26.09255863,25.87800813,-0.003322992043,-0.003420480229,1,1,13.93179899,876.0831631
48.02,13.91860383,13.88888889,26.09196365,25.87790575,-0.003315411596,-0.003412681175,1,1,13.93170047,878.0754558
48.04,13.91853574,13.88888889,26.09137003,25.8778036,-0.003307848175,-0.003404899608,1,1,13.93160217,880.072348
48.06,13.91846779,13.88888889,26.09077778,25.87770169,-0.003300301743,-0.003397135494,1,1,13.93150411,882.0738503
48.08,13.91840001,13.88888889,26.09018687,25.87760001,-0.003292772265,-0.003389388794,1,1,13.93140626,884.0799731
48.1,13.91833237,13.88888889,26.08959733,25.87749856,-0.003285259704,-0.003381659471,1,1,13.93130864,886.0907271
48.12,13.91826489,13.88888889,26.08900913,25.87739734,-0.003277764024,-0.00337394749,1,1,13.93121125,888.106123
48.14,13.91819757,13.88888889,26.08842229,25.87729635,-0.00327028519,-0.003366252813,1,1,13.93111408,890.1261713
48.16,13.9181304,13.88888889,26.08783679,25.87719559,-0.003262823165,-0.003358575403,1,1,13.93101713,892.1508828
48.18,13.91806338,13.88888889,26.08725263,25.87709507,-0.003255377913,-0.003350915224,1,1,13.9309204,894.1802681
48.2,13.91799651,13.88888889,26.0866698,25.87699477,-0.003247949399,-0.003343272239,1,1,13.9308239,896.2143379
48.22,13.9179298,13.88888889,26.08608832,25.8768947,-0.003240537587,-0.003335646412,1,1,13.93072761,898.2531031
48.24,13.91786324,13.88888889,26.08550817,25.87679486,-0.003233142442,-0.003328037706,1,1,13.93063155,900.2965743
48.26,13.91779683,13.88888889,26.08492934,25.87669525,-0.003225763926,-0.003320446085,1,1,13.93053571,902.3447624
48.28,13.91773057,13.88888889,26.08435185,25.87659586,-0.003218402006,-0.003312871512,1,1,13.93044009,904.3976783
48.3,13.91766447,13.88888889,26.08377567,25.8764967,-0.003211056646,-0.003305313952,1,1,13.93034468,906.4553326
48.32,13.91759851,13.88888889,26.08320082,25.87639777,-0.003203727809,-0.003297773367,1,1,13.9302495,908.5177364
48.34,13.91753271,13.88888889,26.08262729,25.87629906,-0.003196415461,-0.003290249722,1,1,13.93015453,910.5849005
48.36,13.91746705,13.88888889,26.08205507,25.87620058,-0.003189119567,-0.003282742982,1,1,13.93005979,912.6568358
48.38,13.91740155,13.88888889,26.08148416,25.87610232,-0.00318184009,-0.003275253108,1,1,13.92996526,914.7335534
48.4,13.91733619,13.88888889,26.08091456,25.87600429,-0.003174576997,-0.003267780067,1,1,13.92987094,916.815064
48.42,13.91727098,13.88888889,26.08034627,25.87590648,-0.003167330251,-0.003260323821,1,1,13.92977685,918.9013789
48.44,13.91720593,13.88888889,26.07977928,25.87580889,-0.003160099819,-0.003252884336,1,1,13.92968297,920.9925089
48.46,13.91714102,13.88888889,26.07921358,25.87571153,-0.003152885664,-0.003245461574,1,1,13.9295893,923.0884651
48.48,13.91707626,13.88888889,26.07864919,25.87561438,-0.003145687751,-0.003238055501,1,1,13.92949585,925.1892587
48.5,13.91701164,13.88888889,26.07808609,25.87551746,-0.003138506047,-0.003230666081,1,1,13.92940261,927.2949006
48.52,13.91694718,13.88888889,26.07752428,25.87542076,-0.003131340516,-0.003223293279,1,1,13.92930959,929.4054021
48.54,13.91688286,13.88888889,26.07696375,25.87532429,-0.003124191123,-0.003215937058,1,1,13.92921678,931.5207743
48.56,13.91681869,13.88888889,26.07640452,25.87522803,-0.003117057834,-0.003208597383,1,1,13.92912419,933.6410283
48.58,13.91675466,13.88888889,26.07584656,25.87513199,-0.003109940613,-0.003201274219,1,1,13.9290318,935.7661754
48.6,13.91669078,13.88888889,26.07528988,25.87503617,-0.003102839428,-0.00319396753,1,1,13.92893963,937.8962268
48.62,13.91662705,13.88888889,26.07473448,25.87494057,-0.003095754242,-0.003186677282,1,1,13.92884767,940.0311937
48.64,13.91656346,13.88888889,26.07418036,25.87484519,-0.003088685022,-0.003179403439,1,1,13.92875592,942.1710874
48.66,13.91650002,13.88888889,26.0736275,25.87475002,-0.003081631732,-0.003172145966,1,1,13.92866438,944.3159193
48.68,13.91643672,13.88888889,26.07307591,25.87465508,-0.00307459434,-0.003164904827,1,1,13.92857306,946.4657007
48.7,13.91637356,13.88888889,26.07252559,25.87456035,-0.00306757281,-0.003157679988,1,1,13.92848194,948.6204429
48.72,13.91631056,13.88888889,26.07197652,25.87446583,-0.003060567109,-0.003150471414,1,1,13.92839103,950.7801573
48.74,13.91624769,13.88888889,26.07142872,25.87437153,-0.003053577201,-0.003143279069,1,1,13.92830033,952.9448553
48.76,13.91618497,13.88888889,26.07088217,25.87427745,-0.003046603054,-0.00313610292,1,1,13.92820983,955.1145484
48.78,13.91612239,13.88888889,26.07033687,25.87418358,-0.003039644633,-0.003128942931,1,1,13.92811955,957.289248
48.8,13.91605995,13.88888889,26.06979283,25.87408993,-0.003032701904,-0.003121799067,1,1,13.92802947,959.4689656
48.82,13.91599766,13.88888889,26.06925003,25.87399649,-0.003025774833,-0.003114671294,1,1,13.9279396,961.6537128
48.84,13.91593551,13.88888889,26.06870847,25.87390326,-0.003018863387,-0.003107559577,1,1,13.92784993,963.8435011
48.86,13.9158735,13.88888889,26.06816816,25.87381025,-0.003011967532,-0.003100463882,1,1,13.92776047,966.038342
48.88,13.91581163,13.88888889,26.06762909,25.87371745,-0.003005087233,-0.003093384174,1,1,13.92767122,968.2382472
48.9,13.9157499,13.88888889,26.06709125,25.87362486,-0.002998222458,-0.003086320419,1,1,13.92758217,970.4432283
48.92,13.91568832,13.88888889,26.06655465,25.87353248,-0.002991373173,-0.003079272582,1,1,13.92749332,972.6532969
48.94,13.91562687,13.88888889,26.06601927,25.87344031,-0.002984539343,-0.003072240629,1,1,13.92740468,974.8684647
48.96,13.91556557,13.88888889,26.06548513,25.87334836,-0.002977720937,-0.003065224526,1,1,13.92731624,977.0887434
48.98,13.91550441,13.88888889,26.0649522,25.87325661,-0.00297091792,-0.003058224239,1,1,13.92722801,979.3141447
49,13.91544338,13.88888889,26.0644205,25.87316507,-0.002964130259,-0.003051239733,1,1,13.92713998,981.5446805
49.02,13.9153825,13.88888889,26.06389002,25.87307374,-0.002957357921,-0.003044270976,1,1,13.92705214,983.7803625
49.04,13.91532175,13.88888889,26.06336076,25.87298262,-0.002950600872,-0.003037317931,1,1,13.92696452,986.0212024
49.06,13.91526114,13.88888889,26.06283271,25.87289171,-0.00294385908,-0.003030380566,1,1,13.92687709,988.2672122
49.08,13.91520067,13.88888889,26.06230587,25.87280101,-0.002937132511,-0.003023458848,1,1,13.92678986,990.5184038
49.1,13.91514034,13.88888889,26.06178023,25.87271051,-0.002930421133,-0.003016552741,1,1,13.92670283,992.7747889
49.12,13.91508015,13.88888889,26.06125581,25.87262022,-0.002923724912,-0.003009662212,1,1,13.92661601,995.0363796
49.14,13.91502009,13.88888889,26.06073258,25.87253014,-0.002917043815,-0.003002787228,1,1,13.92652938,997.3031878
49.16,13.91496017,13.88888889,26.06021056,25.87244026,-0.00291037781,-0.002995927755,1,1,13.92644295,999.5752255
49.18,13.91490039,13.88888889,26.05968973,25.87235059,-0.002903726864,-0.002989083759,1,1,13.92635672,1001.852505
49.2,13.91484075,13.88888889,26.0591701,25.87226112,-0.002897090944,-0.002982255208,1,1,13.92627068,1004.135037
49.22,13.91478124,13.88888889,26.05865165,25.87217186,-0.002890470017,-0.002975442067,1,1,13.92618485,1006.422835
49.24,13.91472187,13.88888889,26.0581344,25.8720828,-0.002883864051,-0.002968644303,1,1,13.92609921,1008.715911
49.26,13.91466263,13.88888889,26.05761833,25.87199394,-0.002877273014,-0.002961861883,1,1,13.92601377,1011.014277
49.28,13.91460353,13.88888889,26.05710345,25.87190529,-0.002870696872,-0.002955094773,1,1,13.92592852,1013.317945
49.3,13.91454456,13.88888889,26.05658975,25.87181684,-0.002864135594,-0.002948342941,1,1,13.92584347,1015.626926
49.32,13.91448573,13.88888889,26.05607722,25.87172859,-0.002857589147,-0.002941606353,1,1,13.92575861,1017.941234
49.34,13.91442703,13.88888889,26.05556587,25.87164054,-0.002851057499,-0.002934884977,1,1,13.92567395,1020.260881
49.36,13.91436847,13.88888889,26.05505569,25.8715527,-0.002844540617,-0.002928178778,1,1,13.92558949,1022.585878
49.38,13.91431004,13.88888889,26.05454669,25.87146505,-0.00283803847,-0.002921487726,1,1,13.92550522,1024.916238
49.4,13.91425174,13.88888889,26.05403885,25.87137761,-0.002831551025,-0.002914811785,1,1,13.92542114,1027.251974
49.42,13.91419358,13.88888889,26.05353217,25.87129037,-0.00282507825,-0.002908150924,1,1,13.92533725,1029.593098
49.44,13.91413555,13.88888889,26.05302666,25.87120332,-0.002818620114,-0.00290150511,1,1,13.92525356,1031.939621
49.46,13.91407765,13.88888889,26.0525223,25.87111647,-0.002812176584,-0.002894874311,1,1,13.92517005,1034.291557
49.48,13.91401988,13.88888889,26.05201911,25.87102983,-0.002805747628,-0.002888258492,1,1,13.92508674,1036.648919
49.5,13.91396225,13.88888889,26.05151706,25.87094338,-0.002799333215,-0.002881657623,1,1,13.92500363,1039.011717
49.52,13.91390475,13.88888889,26.05101617,25.87085712,-0.002792933313,-0.002875071671,1,1,13.9249207,1041.379965
49.54,13.91384738,13.88888889,26.05051643,25.87077107,-0.00278654789,-0.002868500602,1,1,13.92483796,1043.753676
49.56,13.91379014,13.88888889,26.05001783,25.87068521,-0.002780176915,-0.002861944385,1,1,13.92475541,1046.132862
49.58,13.91373303,13.88888889,26.04952038,25.87059955,-0.002773820356,-0.002855402988,1,1,13.92467305,1048.517535
49.6,13.91367606,13.88888889,26.04902406,25.87051408,-0.002767478182,-0.002848876377,1,1,13.92459088,1050.907708
49.62,13.91361921,13.88888889,26.04852889,25.87042881,-0.00276115036,-0.002842364521,1,1,13.9245089,1053.303394
49.64,13.91356249,13.88888889,26.04803485,25.87034374,-0.002754836861,-0.002835867389,1,1,13.92442711,1055.704606
49.66,13.9135059,13.88888889,26.04754194,25.87025885,-0.002748537652,-0.002829384946,1,1,13.92434551,1058.111355
49.68,13.91344944,13.88888889,26.04705017,25.87017417,-0.002742252702,-0.002822917163,1,1,13.92426409,1060.523656
49.7,13.91339312,13.88888889,26.04655952,25.87008967,-0.00273598198,-0.002816464006,1,1,13.92418286,1062.94152
49.72,13.91333691,13.88888889,26.04607,25.87000537,-0.002729725454,-0.002810025444,1,1,13.92410181,1065.36496
49.74,13.91328084,13.88888889,26.0455816,25.86992126,-0.002723483095,-0.002803601445,1,1,13.92402096,1067.79399
49.76,13.9132249,13.88888889,26.04509432,25.86983735,-0.00271725487,-0.002797191977,1,1,13.92394028,1070.228621
49.78,13.91316908,13.88888889,26.04460816,25.86975362,-0.002711040749,-0.002790797008,1,1,13.9238598,1072.668868
49.8,13.91311339,13.88888889,26.04412311,25.86967009,-0.002704840701,-0.002784416507,1,1,13.92377949,1075.114742
49.82,13.91305783,13.88888889,26.04363917,25.86958675,-0.002698654695,-0.002778050443,1,1,13.92369937,1077.566256
49.84,13.9130024,13.88888889,26.04315635,25.8695036,-0.0026924827,-0.002771698783,1,1,13.92361944,1080.023425
49.86,13.91294709,13.88888889,26.04267463,25.86942064,-0.002686324686,-0.002765361496,1,1,13.92353969,1082.48626
49.88,13.91289191,13.88888889,26.04219402,25.86933787,-0.002680180622,-0.002759038552,1,1,13.92346012,1084.954775
49.9,13.91283686,13.88888889,26.04171451,25.86925529,-0.002674050477,-0.002752729917,1,1,13.92338073,1087.428982
49.92,13.91278193,13.88888889,26.0412361,25.86917289,-0.00266793422,-0.002746435562,1,1,13.92330153,1089.908895
49.94,13.91272713,13.88888889,26.04075879,25.86909069,-0.002661831822,-0.002740155455,1,1,13.92322251,1092.394527
49.96,13.91267245,13.88888889,26.04028257,25.86900867,-0.002655743252,-0.002733889564,1,1,13.92314367,1094.885891
49.98,13.91261789,13.88888889,26.03980744,25.86892684,-0.002649668479,-0.002727637859,1,1,13.92306501,1097.383
50,13.91256347,13.88888889,26.03933341,25.8688452,-0.002643607474,-0.002721400309,1,1,13.92298653,1099.885868
50.02,13.91250916,13.88888889,26.03886046,25.86876374,-0.002637560205,-0.002715176882,1,1,13.92290823,1102.394507
50.04,13.91245498,13.88888889,26.0383886,25.86868248,-0.002631526643,-0.002708967548,1,1,13.92283011,1104.908931
50.06,13.91240093,13.88888889,26.03791781,25.86860139,-0.002625506758,-0.002702772275,1,1,13.92275217,1107.429153
50.08,13.912347,13.88888889,26.03744811,25.86852049,-0.002619500519,-0.002696591034,1,1,13.92267441,1109.955187
50.1,13.91229319,13.88888889,26.03697949,25.86843978,-0.002613507897,-0.002690423793,1,1,13.92259683,1112.487046
50.12,13.9122395,13.88888889,26.03651194,25.86835925,-0.002607528861,-0.002684270521,1,1,13.92251943,1115.024742
50.14,13.91218594,13.88888889,26.03604546,25.86827891,-0.002601563383,-0.002678131188,1,1,13.9224422,1117.56829
50.16,13.9121325,13.88888889,26.03558006,25.86819875,-0.002595611431,-0.002672005764,1,1,13.92236515,1120.117704
50.18,13.91207918,13.88888889,26.03511572,25.86811877,-0.002589672976,-0.002665894217,1,1,13.92228828,1122.672996
50.2,13.91202599,13.88888889,26.03465244,25.86803898,-0.002583747988,-0.002659796518,1,1,13.92221158,1125.23418
50.22,13.91197291,13.88888889,26.03419023,25.86795937,-0.002577836438,-0.002653712636,1,1,13.92213506,1127.801269
50.24,13.91191996,13.88888889,26.03372908,25.86787994,-0.002571938297,-0.00264764254,1,1,13.92205872,1130.374278
50.26,13.91186713,13.88888889,26.03326899,25.86780069,-0.002566053534,-0.0026415862,1,1,13.92198255,1132.953219
50.28,13.91181442,13.88888889,26.03280995,25.86772162,-0.00256018212,-0.002635543587,1,1,13.92190655,1135.538107
50.3,13.91176183,13.88888889,26.03235197,25.86764274,-0.002554324026,-0.00262951467,1,1,13.92183073,1138.128955
50.32,13.91170936,13.88888889,26.03189503,25.86756403,-0.002548479222,-0.002623499418,1,1,13.92175509,1140.725776
50.34,13.91165701,13.88888889,26.03143915,25.86748551,-0.002542647679,-0.002617497802,1,1,13.92167962,1143.328585
50.36,13.91160478,13.88888889,26.03098431,25.86740716,-0.002536829368,-0.002611509793,1,1,13.92160432,1145.937395
50.38,13.91155267,13.88888889,26.03053051,25.867329,-0.00253102426,-0.002605535359,1,1,13.92152919,1148.55222
50.4,13.91150067,13.88888889,26.03007775,25.86725101,-0.002525232325,-0.002599574471,1,1,13.92145424,1151.173074
50.42,13.9114488,13.88888889,26.02962604,25.8671732,-0.002519453535,-0.002593627099,1,1,13.92137946,1153.799971
50.44,13.91139705,13.88888889,26.02917536,25.86709557,-0.002513687859,-0.002587693214,1,1,13.92130485,1156.432924
50.46,13.91134541,13.88888889,26.02872571,25.86701812,-0.002507935271,-0.002581772786,1,1,13.92123041,1159.071947
50.48,13.91129389,13.88888889,26.02827709,25.86694084,-0.00250219574,-0.002575865784,1,1,13.92115614,1161.717055
50.5,13.91124249,13.88888889,26.02782951,25.86686374,-0.002496469238,-0.002569972181,1,1,13.92108204,1164.368262
50.52,13.91119121,13.88888889,26.02738295,25.86678682,-0.002490755735,-0.002564091945,1,1,13.92100811,1167.025581
50.54,13.91114005,13.88888889,26.02693741,25.86671007,-0.002485055204,-0.002558225049,1,1,13.92093436,1169.689026
50.56,13.911089,13.88888889,26.0264929,25.8666335,-0.002479367615,-0.002552371461,1,1,13.92086077,1172.358612
50.58,13.91103807,13.88888889,26.02604941,25.86655711,-0.002473692941,-0.002546531153,1,1,13.92078735,1175.034352
50.6,13.91098726,13.88888889,26.02560693,25.86648088,-0.002468031151,-0.002540704096,1,1,13.9207141,1177.716262
50.62,13.91093656,13.88888889,26.02516547,25.86640484,-0.002462382219,-0.002534890261,1,1,13.92064102,1180.404354
50.64,13.91088598,13.88888889,26.02472502,25.86632897,-0.002456746115,-0.002529089617,1,1,13.9205681,1183.098643
50.66,13.91083551,13.88888889,26.02428559,25.86625327,-0.002451122811,-0.002523302137,1,1,13.92049535,1185.799144
50.68,13.91078516,13.88888889,26.02384716,25.86617774,-0.002445512279,-0.002517527791,1,1,13.92042277,1188.50587
50.7,13.91073492,13.88888889,26.02340974,25.86610239,-0.00243991449,-0.00251176655,1,1,13.92035036,1191.218837
50.72,13.9106848,13.88888889,26.02297332,25.86602721,-0.002434329417,-0.002506018385,1,1,13.92027811,1193.938057
50.74,13.9106348,13.88888889,26.0225379,25.8659522,-0.00242875703,-0.002500283268,1,1,13.92020603,1196.663547
50.76,13.91058491,13.88888889,26.02210348,25.86587736,-0.002423197303,-0.002494561169,1,1,13.92013411,1199.39532
50.78,13.91053513,13.88888889,26.02167006,25.8658027,-0.002417650207,-0.00248885206,1,1,13.92006236,1202.13339
50.8,13.91048547,13.88888889,26.02123763,25.8657282,-0.002412115714,-0.002483155911,1,1,13.91999077,1204.877772
50.82,13.91043592,13.88888889,26.02080619,25.86565388,-0.002406593796,-0.002477472696,1,1,13.91991935,1207.62848
50.84,13.91038648,13.88888889,26.02037575,25.86557972,-0.002401084425,-0.002471802384,1,1,13.91984809,1210.38553
50.86,13.91033716,13.88888889,26.01994629,25.86550574,-0.002395587573,-0.002466144947,1,1,13.919777,1213.148935
50.88,13.91028795,13.88888889,26.01951781,25.86543192,-0.002390103213,-0.002460500357,1,1,13.91970607,1215.918711
50.9,13.91023885,13.88888889,26.01909032,25.86535828,-0.002384631317,-0.002454868585,1,1,13.9196353,1218.694871
50.92,13.91018987,13.88888889,26.01866381,25.8652848,-0.002379171858,-0.002449249604,1,1,13.91956469,1221.477431
50.94,13.91014099,13.88888889,26.01823828,25.86521149,-0.002373724807,-0.002443643384,1,1,13.91949425,1224.266406
50.96,13.91009223,13.88888889,26.01781373,25.86513835,-0.002368290137,-0.002438049898,1,1,13.91942396,1227.061809
50.98,13.91004358,13.88888889,26.01739015,25.86506538,-0.002362867821,-0.002432469117,1,1,13.91935384,1229.863656
51,13.90999505,13.88888889,26.01696754,25.86499257,-0.002357457831,-0.002426901013,1,1,13.91928388,1232.671962
51.02,13.90994662,13.88888889,26.0165459,25.86491993,-0.00235206014,-0.002421345559,1,1,13.91921408,1235.486741
51.04,13.9098983,13.88888889,26.01612523,25.86484745,-0.002346674721,-0.002415802725,1,1,13.91914444,1238.308008
51.06,13.9098501,13.88888889,26.01570552,25.86477515,-0.002341301547,-0.002410272485,1,1,13.91907496,1241.135779
51.08,13.909802,13.88888889,26.01528678,25.864703,-0.002335940589,-0.00240475481,1,1,13.91900564,1243.970067
51.1,13.90975402,13.88888889,26.014869,25.86463103,-0.002330591821,-0.002399249672,1,1,13.91893648,1246.810889
51.12,13.90970614,13.88888889,26.01445217,25.86455921,-0.002325255217,-0.002393757044,1,1,13.91886748,1249.658259
51.14,13.90965838,13.88888889,26.01403631,25.86448756,-0.002319930748,-0.002388276898,1,1,13.91879864,1252.512193
51.16,13.90961072,13.88888889,26.01362139,25.86441608,-0.002314618389,-0.002382809206,1,1,13.91872995,1255.372704
51.18,13.90956317,13.88888889,26.01320743,25.86434476,-0.002309318111,-0.002377353941,1,1,13.91866142,1258.239809
51.2,13.90951573,13.88888889,26.01279442,25.8642736,-0.002304029888,-0.002371911074,1,1,13.91859305,1261.113523
51.22,13.90946841,13.88888889,26.01238236,25.86420261,-0.002298753694,-0.002366480579,1,1,13.91852484,1263.99386
51.24,13.90942118,13.88888889,26.01197124,25.86413178,-0.002293489502,-0.002361062429,1,1,13.91845678,1266.880837
51.26,13.90937407,13.88888889,26.01156106,25.86406111,-0.002288237284,-0.002355656594,1,1,13.91838888,1269.774467
51.28,13.90932707,13.88888889,26.01115183,25.8639906,-0.002282997015,-0.00235026305,1,1,13.91832114,1272.674767
51.3,13.90928017,13.88888889,26.01074354,25.86392025,-0.002277768667,-0.002344881767,1,1,13.91825355,1275.581752
51.32,13.90923338,13.88888889,26.01033618,25.86385007,-0.002272552215,-0.002339512719,1,1,13.91818611,1278.495437
51.34,13.90918669,13.88888889,26.00992976,25.86378004,-0.002267347631,-0.002334155879,1,1,13.91811883,1281.415838
51.36,13.90914012,13.88888889,26.00952426,25.86371018,-0.00226215489,-0.002328811219,1,1,13.91805171,1284.34297
51.38,13.90909365,13.88888889,26.0091197,25.86364047,-0.002256973964,-0.002323478713,1,1,13.91798474,1287.276849
51.4,13.90904729,13.88888889,26.00871607,25.86357093,-0.002251804828,-0.002318158333,1,1,13.91791792,1290.217489
51.42,13.90900103,13.88888889,26.00831337,25.86350154,-0.002246647455,-0.002312850052,1,1,13.91785125,1293.164908
51.44,13.90895488,13.88888889,26.00791159,25.86343232,-0.00224150182,-0.002307553844,1,1,13.91778474,1296.119119
51.46,13.90890883,13.88888889,26.00751073,25.86336325,-0.002236367895,-0.002302269682,1,1,13.91771838,1299.080139
51.48,13.90886289,13.88888889,26.00711079,25.86329434,-0.002231245655,-0.002296997539,1,1,13.91765218,1302.047984
51.5,13.90881706,13.88888889,26.00671177,25.86322559,-0.002226135074,-0.002291737389,1,1,13.91758612,1305.022668
51.52,13.90877133,13.88888889,26.00631366,25.86315699,-0.002221036126,-0.002286489204,1,1,13.91752022,1308.004209
51.54,13.9087257,13.88888889,26.00591647,25.86308855,-0.002215948784,-0.002281252957,1,1,13.91745447,1310.992621
51.56,13.90868018,13.88888889,26.00552019,25.86302027,-0.002210873024,-0.002276028623,1,1,13.91738887,1313.987921
51.58,13.90863477,13.88888889,26.00512481,25.86295215,-0.002205808818,-0.002270816175,1,1,13.91732342,1316.990124
51.6,13.90858945,13.88888889,26.00473035,25.86288418,-0.002200756143,-0.002265615587,1,1,13.91725812,1319.999246
51.62,13.90854424,13.88888889,26.00433679,25.86281637,-0.00219571497,-0.002260426831,1,1,13.91719297,1323.015303
51.64,13.90849914,13.88888889,26.00394414,25.86274871,-0.002190685276,-0.002255249882,1,1,13.91712797,1326.038311
51.66,13.90845414,13.88888889,26.00355238,25.86268121,-0.002185667034,-0.002250084714,1,1,13.91706312,1329.068286
51.68,13.90840924,13.88888889,26.00316152,25.86261386,-0.002180660219,-0.0022449313,1,1,13.91699842,1332.105244
51.7,13.90836444,13.88888889,26.00277156,25.86254667,-0.002175664806,-0.002239789613,1,1,13.91693387,1335.149201
51.72,13.90831975,13.88888889,26.0023825,25.86247963,-0.002170680768,-0.002234659629,1,1,13.91686946,1338.200173
51.74,13.90827516,13.88888889,26.00199433,25.86241274,-0.00216570808,-0.00222954132,1,1,13.91680521,1341.258176
51.76,13.90823067,13.88888889,26.00160705,25.86234601,-0.002160746718,-0.002224434661,1,1,13.9167411,1344.323227
51.78,13.90818628,13.88888889,26.00122066,25.86227943,-0.002155796656,-0.002219339625,1,1,13.91667713,1347.395341
51.8,13.908142,13.88888889,26.00083515,25.862213,-0.002150857868,-0.002214256188,1,1,13.91661332,1350.474535
51.82,13.90809782,13.88888889,26.00045053,25.86214672,-0.002145930329,-0.002209184322,1,1,13.91654965,1353.560826
51.84,13.90805373,13.88888889,26.00006679,25.8620806,-0.002141014015,-0.002204124003,1,1,13.91648613,1356.654228
51.86,13.90800975,13.88888889,25.99968394,25.86201463,-0.0021361089,-0.002199075204,1,1,13.91642275,1359.75476
51.88,13.90796587,13.88888889,25.99930196,25.86194881,-0.002131214958,-0.002194037899,1,1,13.91635952,1362.862436
51.9,13.90792209,13.88888889,25.99892086,25.86188314,-0.002126332166,-0.002189012064,1,1,13.91629643,1365.977275
51.92,13.90787841,13.88888889,25.99854063,25.86181762,-0.002121460499,-0.002183997672,1,1,13.91623349,1369.099291
51.94,13.90783483,13.88888889,25.99816127,25.86175225,-0.00211659993,-0.002178994698,1,1,13.91617069,1372.228502
51.96,13.90779135,13.88888889,25.99778279,25.86168703,-0.002111750436,-0.002174003117,1,1,13.91610804,1375.364924
51.98,13.90774797,13.88888889,25.99740518,25.86162196,-0.002106911992,-0.002169022902,1,1,13.91604553,1378.508574
52,13.90770469,13.88888889,25.99702843,25.86155703,-0.002102084573,-0.00216405403,1,1,13.91598317,1381.659468
52.02,13.90766151,13.88888889,25.99665254,25.86149226,-0.002097268154,-0.002159096473,1,1,13.91592095,1384.817623
52.04,13.90761842,13.88888889,25.99627752,25.86142764,-0.002092462711,-0.002154150208,1,1,13.91585887,1387.983055
52.06,13.90757544,13.88888889,25.99590336,25.86136316,-0.002087668219,-0.002149215208,1,1,13.91579693,1391.155782
52.08,13.90753255,13.88888889,25.99553006,25.86129883,-0.002082884653,-0.002144291449,1,1,13.91573513,1394.33582
52.1,13.90748977,13.88888889,25.99515761,25.86123465,-0.00207811199,-0.002139378905,1,1,13.91567348,1397.523186
52.12,13.90744708,13.88888889,25.99478602,25.86117062,-0.002073350205,-0.002134477552,1,1,13.91561197,1400.717897
52.14,13.90740449,13.88888889,25.99441528,25.86110673,-0.002068599273,-0.002129587364,1,1,13.9155506,1403.91997
52.16,13.90736199,13.88888889,25.9940454,25.86104299,-0.00206385917,-0.002124708317,1,1,13.91548937,1407.129421
52.18,13.90731959,13.88888889,25.99367636,25.86097939,-0.002059129872,-0.002119840385,1,1,13.91542828,1410.346268
52.2,13.90727729,13.88888889,25.99330817,25.86091594,-0.002054411354,-0.002114983544,1,1,13.91536733,1413.570528
52.22,13.90723509,13.88888889,25.99294082,25.86085264,-0.002049703593,-0.002110137769,1,1,13.91530653,1416.802217
52.24,13.90719299,13.88888889,25.99257432,25.86078948,-0.002045006565,-0.002105303035,1,1,13.91524586,1420.041353
52.26,13.90715098,13.88888889,25.99220866,25.86072646,-0.002040320244,-0.002100479317,1,1,13.91518533,1423.287953
52.28,13.90710906,13.88888889,25.99184383,25.86066359,-0.002035644608,-0.002095666591,1,1,13.91512494,1426.542034
52.3,13.90706725,13.88888889,25.99147985,25.86060087,-0.002030979633,-0.002090864833,1,1,13.91506468,1429.803613
52.32,13.90702552,13.88888889,25.9911167,25.86053829,-0.002026325294,-0.002086074017,1,1,13.91500457,1433.072707
52.34,13.9069839,13.88888889,25.99075438,25.86047585,-0.002021681567,-0.002081294119,1,1,13.9149446,1436.349334
52.36,13.90694237,13.88888889,25.9903929,25.86041355,-0.00201704843,-0.002076525115,1,1,13.91488476,1439.633512
52.38,13.90690093,13.88888889,25.99003224,25.8603514,-0.002012425857,-0.00207176698,1,1,13.91482506,1442.925256
52.4,13.90685959,13.88888889,25.98967241,25.86028939,-0.002007813826,-0.00206701969,1,1,13.91476549,1446.224586
52.42,13.90681835,13.88888889,25.98931341,25.86022752,-0.002003212312,-0.002062283221,1,1,13.91470607,1449.531518
52.44,13.90677719,13.88888889,25.98895524,25.86016579,-0.001998621293,-0.002057557548,1,1,13.91464678,1452.846069
52.46,13.90673614,13.88888889,25.98859788,25.86010421,-0.001994040744,-0.002052842648,1,1,13.91458762,1456.168258
52.48,13.90669518,13.88888889,25.98824134,25.86004276,-0.001989470643,-0.002048138496,1,1,13.91452861,1459.498102
52.5,13.90665431,13.88888889,25.98788563,25.85998146,-0.001984910964,-0.002043445067,1,1,13.91446972,1462.835618
52.52,13.90661353,13.88888889,25.98753073,25.8599203,-0.001980361687,-0.002038762339,1,1,13.91441097,1466.180824
52.54,13.90657285,13.88888889,25.98717664,25.85985927,-0.001975822786,-0.002034090287,1,1,13.91435236,1469.533738
52.56,13.90653226,13.88888889,25.98682337,25.85979839,-0.001971294238,-0.002029428887,1,1,13.91429388,1472.894377
52.58,13.90649177,13.88888889,25.98647091,25.85973765,-0.001966776021,-0.002024778115,1,1,13.91423554,1476.26276
52.6,13.90645136,13.88888889,25.98611925,25.85967704,-0.001962268111,-0.002020137947,1,1,13.91417733,1479.638903
52.62,13.90641105,13.88888889,25.98576841,25.85961658,-0.001957770486,-0.002015508361,1,1,13.91411925,1483.022826
52.64,13.90637083,13.88888889,25.98541836,25.85955625,-0.001953283121,-0.002010889331,1,1,13.91406131,1486.414546
52.66,13.90633071,13.88888889,25.98506913,25.85949606,-0.001948805993,-0.002006280834,1,1,13.9140035,1489.81408
52.68,13.90629068,13.88888889,25.98472069,25.85943601,-0.001944339081,-0.002001682847,1,1,13.91394582,1493.221446
52.7,13.90625073,13.88888889,25.98437305,25.8593761,-0.001939882361,-0.001997095345,1,1,13.91388828,1496.636664
52.72,13.90621088,13.88888889,25.98402622,25.85931632,-0.001935435809,-0.001992518307,1,1,13.91383087,1500.05975
52.74,13.90617112,13.88888889,25.98368017,25.85925669,-0.001930999404,-0.001987951707,1,1,13.91377359,1503.490723
52.76,13.90613146,13.88888889,25.98333493,25.85919718,-0.001926573121,-0.001983395522,1,1,13.91371644,1506.929602
52.78,13.90609188,13.88888889,25.98299047,25.85913782,-0.00192215694,-0.00197884973,1,1,13.91365942,1510.376403
52.8,13.90605239,13.88888889,25.98264681,25.85907859,-0.001917750836,-0.001974314307,1,1,13.91360253,1513.831146
52.82,13.906013,13.88888889,25.98230393,25.8590195,-0.001913354788,-0.001969789229,1,1,13.91354578,1517.293848
52.84,13.90597369,13.88888889,25.98196184,25.85896054,-0.001908968772,-0.001965274474,1,1,13.91348915,1520.764528
52.86,13.90593448,13.88888889,25.98162054,25.85890171,-0.001904592766,-0.001960770018,1,1,13.91343265,1524.243205
52.88,13.90589535,13.88888889,25.98128002,25.85884303,-0.001900226747,-0.001956275838,1,1,13.91337629,1527.729896
52.9,13.90585631,13.88888889,25.98094028,25.85878447,-0.001895870694,-0.00195179191,1,1,13.91332005,1531.224621
52.92,13.90581737,13.88888889,25.98060132,25.85872605,-0.001891524583,-0.001947318213,1,1,13.91326394,1534.727397
52.94,13.90577851,13.88888889,25.98026314,25.85866777,-0.001887188392,-0.001942854723,1,1,13.91320796,1538.238243
52.96,13.90573974,13.88888889,25.97992573,25.85860961,-0.001882862099,-0.001938401416,1,1,13.91315211,1541.757178
52.98,13.90570106,13.88888889,25.9795891,25.8585516,-0.001878545682,-0.001933958271,1,1,13.91309639,1545.28422
53,13.90566247,13.88888889,25.97925324,25.85849371,-0.001874239118,-0.001929525264,1,1,13.9130408,1548.819388
53.02,13.90562397,13.88888889,25.97891816,25.85843596,-0.001869942386,-0.001925102372,1,1,13.91298533,1552.362701
53.04,13.90558556,13.88888889,25.97858384,25.85837834,-0.001865655462,-0.001920689573,1,1,13.91292999,1555.914177
53.06,13.90554723,13.88888889,25.97825029,25.85832085,-0.001861378325,-0.001916286844,1,1,13.91287478,1559.473835
53.08,13.90550899,13.88888889,25.97791751,25.85826349,-0.001857110954,-0.001911894163,1,1,13.91281969,1563.041694
53.1,13.90547084,13.88888889,25.97758548,25.85820627,-0.001852853325,-0.001907511506,1,1,13.91276473,1566.617773
53.12,13.90543278,13.88888889,25.97725423,25.85814917,-0.001848605417,-0.001903138852,1,1,13.9127099,1570.20209
53.14,13.90539481,13.88888889,25.97692373,25.85809221,-0.001844367209,-0.001898776177,1,1,13.91265519,1573.794666
53.16,13.90535692,13.88888889,25.97659399,25.85803538,-0.001840138678,-0.001894423459,1,1,13.91260061,1577.395518
53.18,13.90531912,13.88888889,25.97626501,25.85797867,-0.001835919802,-0.001890080677,1,1,13.91254616,1581.004665
53.2,13.9052814,13.88888889,25.97593678,25.8579221,-0.00183171056,-0.001885747807,1,1,13.91249182,1584.622128
53.22,13.90524377,13.88888889,25.9756093,25.85786566,-0.00182751093,-0.001881424827,1,1,13.91243762,1588.247924
53.24,13.90520623,13.88888889,25.97528258,25.85780934,-0.00182332089,-0.001877111715,1,1,13.91238354,1591.882073
53.26,13.90516877,13.88888889,25.97495661,25.85775316,-0.001819140419,-0.001872808449,1,1,13.91232958,1595.524595
53.28,13.9051314,13.88888889,25.97463139,25.8576971,-0.001814969495,-0.001868515007,1,1,13.91227575,1599.175508
53.3,13.90509412,13.88888889,25.97430691,25.85764118,-0.001810808097,-0.001864231366,1,1,13.91222203,1602.834832
53.32,13.90505692,13.88888889,25.97398318,25.85758538,-0.001806656203,-0.001859957504,1,1,13.91216845,1606.502586
53.34,13.90501981,13.88888889,25.97366019,25.85752971,-0.001802513791,-0.0018556934,1,1,13.91211498,1610.17879
53.36,13.90498278,13.88888889,25.97333794,25.85747417,-0.001798380841,-0.001851439031,1,1,13.91206164,1613.863462
53.38,13.90494583,13.88888889,25.97301643,25.85741875,-0.001794257331,-0.001847194376,1,1,13.91200842,1617.556623
53.4,13.90490897,13.88888889,25.97269566,25.85736346,-0.00179014324,-0.001842959413,1,1,13.91195533,1621.258292
53.42,13.9048722,13.88888889,25.97237563,25.8573083,-0.001786038546,-0.001838734119,1,1,13.91190235,1624.968489
53.44,13.90483551,13.88888889,25.97205633,25.85725326,-0.001781943228,-0.001834518473,1,1,13.9118495,1628.687233
53.46,13.9047989,13.88888889,25.97173776,25.85719835,-0.001777857266,-0.001830312453,1,1,13.91179677,1632.414544
53.48,13.90476238,13.88888889,25.97141993,25.85714357,-0.001773780637,-0.001826116038,1,1,13.91174416,1636.150441
53.5,13.90472594,13.88888889,25.97110282,25.85708891,-0.001769713322,-0.001821929206,1,1,13.91169167,1639.894944
53.52,13.90468959,13.88888889,25.97078644,25.85703438,-0.001765655298,-0.001817751935,1,1,13.9116393,1643.648074
53.54,13.90465331,13.88888889,25.97047079,25.85697997,-0.001761606545,-0.001813584204,1,1,13.91158705,1647.40985
53.56,13.90461713,13.88888889,25.97015586,25.85692569,-0.001757567043,-0.001809425992,1,1,13.91153492,1651.180291
53.58,13.90458102,13.88888889,25.96984166,25.85687153,-0.001753536769,-0.001805277276,1,1,13.91148291,1654.959418
53.6,13.904545,13.88888889,25.96952818,25.8568175,-0.001749515704,-0.001801138035,1,1,13.91143103,1658.747251
53.62,13.90450906,13.88888889,25.96921542,25.85676359,-0.001745503826,-0.001797008249,1,1,13.91137925,1662.543809
53.64,13.9044732,13.88888889,25.96890337,25.8567098,-0.001741501115,-0.001792887895,1,1,13.9113276,1666.349114
53.66,13.90443742,13.88888889,25.96859204,25.85665614,-0.001737507551,-0.001788776953,1,1,13.91127607,1670.163184
53.68,13.90440173,13.88888889,25.96828143,25.8566026,-0.001733523111,-0.0017846754,1,1,13.91122466,1673.986041
53.7,13.90436612,13.88888889,25.96797153,25.85654918,-0.001729547777,-0.001780583217,1,1,13.91117336,1677.817703
53.72,13.90433059,13.88888889,25.96766234,25.85649588,-0.001725581526,-0.001776500382,1,1,13.91112218,1681.658193
53.74,13.90429514,13.88888889,25.96735386,25.85644271,-0.00172162434,-0.001772426874,1,1,13.91107112,1685.507529
53.76,13.90425977,13.88888889,25.96704609,25.85638966,-0.001717676196,-0.001768362671,1,1,13.91102017,1689.365732
53.78,13.90422449,13.88888889,25.96673902,25.85633673,-0.001713737076,-0.001764307753,1,1,13.91096935,1693.232823
53.8,13.90418928,13.88888889,25.96643266,25.85628392,-0.001709806958,-0.001760262099,1,1,13.91091864,1697.108823
53.82,13.90415416,13.88888889,25.96612701,25.85623124,-0.001705885822,-0.001756225687,1,1,13.91086804,1700.99375
53.84,13.90411911,13.88888889,25.96582205,25.85617867,-0.001701973648,-0.001752198498,1,1,13.91081756,1704.887627
53.86,13.90408415,13.88888889,25.9655178,25.85612623,-0.001698070415,-0.00174818051,1,1,13.9107672,1708.790473
53.88,13.90404927,13.88888889,25.96521424,25.8560739,-0.001694176104,-0.001744171703,1,1,13.91071696,1712.70231
53.9,13.90401446,13.88888889,25.96491138,25.85602169,-0.001690290693,-0.001740172055,1,1,13.91066683,1716.623158
53.92,13.90397974,13.88888889,25.96460922,25.85596961,-0.001686414164,-0.001736181546,1,1,13.91061681,1720.553037
53.94,13.9039451,13.88888889,25.96430775,25.85591764,-0.001682546496,-0.001732200155,1,1,13.91056691,1724.491969
53.96,13.90391053,13.88888889,25.96400697,25.8558658,-0.001678687669,-0.001728227862,1,1,13.91051712,1728.439975
53.98,13.90387605,13.88888889,25.96370688,25.85581407,-0.001674837663,-0.001724264647,1,1,13.91046745,1732.397074
54,13.90384164,13.88888889,25.96340748,25.85576246,-0.001670996457,-0.001720310488,1,1,13.91041789,1736.363289
54.02,13.90380731,13.88888889,25.96310877,25.85571097,-0.001667164033,-0.001716365366,1,1,13.91036845,1740.338639
54.04,13.90377306,13.88888889,25.96281074,25.8556596,-0.00166334037,-0.001712429259,1,1,13.91031912,1744.323147
54.06,13.90373889,13.88888889,25.9625134,25.85560834,-0.001659525449,-0.001708502148,1,1,13.9102699,1748.316833
54.08,13.9037048,13.88888889,25.96221674,25.8555572,-0.001655719249,-0.001704584012,1,1,13.9102208,1752.319718
54.1,13.90367079,13.88888889,25.96192076,25.85550618,-0.00165192175,-0.001700674831,1,1,13.9101718,1756.331824
54.12,13.90363685,13.88888889,25.96162546,25.85545528,-0.001648132935,-0.001696774585,1,1,13.91012293,1760.353171
54.14,13.903603,13.88888889,25.96133084,25.85540449,-0.001644352781,-0.001692883253,1,1,13.91007416,1764.383781
54.16,13.90356922,13.88888889,25.9610369,25.85535382,-0.001640581271,-0.001689000815,1,1,13.9100255,1768.423676
54.18,13.90353551,13.88888889,25.96074363,25.85530327,-0.001636818384,-0.001685127251,1,1,13.90997696,1772.472876
54.2,13.90350189,13.88888889,25.96045103,25.85525283,-0.001633064101,-0.001681262542,1,1,13.90992853,1776.531403
54.22,13.90346834,13.88888889,25.96015911,25.85520251,-0.001629318403,-0.001677406667,1,1,13.90988021,1780.599278
54.24,13.90343487,13.88888889,25.95986786,25.8551523,-0.001625581269,-0.001673559606,1,1,13.909832,1784.676523
54.26,13.90340147,13.88888889,25.95957727,25.85510221,-0.001621852681,-0.001669721339,1,1,13.9097839,1788.76316
54.28,13.90336816,13.88888889,25.95928735,25.85505223,-0.001618132619,-0.001665891846,1,1,13.90973591,1792.85921
54.3,13.90333491,13.88888889,25.9589981,25.85500237,-0.001614421064,-0.001662071108,1,1,13.90968803,1796.964695
54.32,13.90330175,13.88888889,25.95870951,25.85495262,-0.001610717997,-0.001658259104,1,1,13.90964027,1801.079636
54.34,13.90326866,13.88888889,25.95842158,25.85490299,-0.001607023398,-0.001654455816,1,1,13.90959261,1805.204055
54.36,13.90323565,13.88888889,25.95813432,25.85485347,-0.001603337249,-0.001650661222,1,1,13.90954506,1809.337974
54.38,13.90320271,13.88888889,25.95784771,25.85480406,-0.00159965953,-0.001646875305,1,1,13.90949762,1813.481416
54.4,13.90316985,13.88888889,25.95756176,25.85475477,-0.001595990222,-0.001643098043,1,1,13.90945029,1817.634401
54.42,13.90313706,13.88888889,25.95727647,25.85470559,-0.001592329306,-0.001639329417,1,1,13.90940307,1821.796952
54.44,13.90310435,13.88888889,25.95699184,25.85465652,-0.001588676762,-0.001635569408,1,1,13.90935595,1825.96909
54.46,13.90307171,13.88888889,25.95670785,25.85460757,-0.001585032573,-0.001631817996,1,1,13.90930895,1830.150838
54.48,13.90303915,13.88888889,25.95642452,25.85455873,-0.001581396719,-0.001628075163,1,1,13.90926205,1834.342219
54.5,13.90300666,13.88888889,25.95614184,25.85451,-0.001577769181,-0.001624340887,1,1,13.90921526,1838.543253
54.52,13.90297425,13.88888889,25.95585981,25.85446138,-0.001574149941,-0.001620615151,1,1,13.90916858,1842.753963
54.54,13.90294191,13.88888889,25.95557843,25.85441287,-0.001570538979,-0.001616897934,1,1,13.909122,1846.974372
54.56,13.90290965,13.88888889,25.95529769,25.85436448,-0.001566936277,-0.001613189217,1,1,13.90907553,1851.204502
54.58,13.90287746,13.88888889,25.9550176,25.85431619,-0.001563341816,-0.001609488982,1,1,13.90902917,1855.444376
54.6,13.90284535,13.88888889,25.95473815,25.85426802,-0.001559755578,-0.001605797209,1,1,13.90898291,1859.694014
54.62,13.9028133,13.88888889,25.95445934,25.85421995,-0.001556177543,-0.001602113878,1,1,13.90893677,1863.953441
54.64,13.90278133,13.88888889,25.95418117,25.854172,-0.001552607693,-0.001598438972,1,1,13.90889072,1868.222679
54.66,13.90274944,13.88888889,25.95390364,25.85412416,-0.00154904601,-0.001594772469,1,1,13.90884478,1872.501749
54.68,13.90271762,13.88888889,25.95362675,25.85407642,-0.001545492476,-0.001591114353,1,1,13.90879895,1876.790676
54.7,13.90268587,13.88888889,25.95335049,25.8540288,-0.00154194707,-0.001587464602,1,1,13.90875323,1881.089481
54.72,13.90265419,13.88888889,25.95307487,25.85398129,-0.001538409776,-0.0015838232,1,1,13.9087076,1885.398187
54.74,13.90262259,13.88888889,25.95279988,25.85393388,-0.001534880575,-0.001580190126,1,1,13.90866209,1889.716817
54.76,13.90259106,13.88888889,25.95252552,25.85388658,-0.001531359449,-0.001576565362,1,1,13.90861668,1894.045394
54.78,13.9025596,13.88888889,25.95225179,25.85383939,-0.001527846378,-0.001572948889,1,1,13.90857137,1898.383941
54.8,13.90252821,13.88888889,25.95197869,25.85379231,-0.001524341345,-0.001569340688,1,1,13.90852616,1902.73248
54.82,13.90249689,13.88888889,25.95170621,25.85374534,-0.001520844332,-0.001565740741,1,1,13.90848106,1907.091035
54.84,13.90246565,13.88888889,25.95143437,25.85369848,-0.001517355321,-0.001562149028,1,1,13.90843607,1911.459629
54.86,13.90243448,13.88888889,25.95116314,25.85365172,-0.001513874292,-0.001558565531,1,1,13.90839117,1915.838284
54.88,13.90240338,13.88888889,25.95089254,25.85360507,-0.001510401229,-0.001554990232,1,1,13.90834638,1920.227024
54.9,13.90237235,13.88888889,25.95062256,25.85355853,-0.001506936113,-0.001551423112,1,1,13.9083017,1924.625873
54.92,13.90234139,13.88888889,25.9503532,25.85351209,-0.001503478926,-0.001547864152,1,1,13.90825711,1929.034853
54.94,13.90231051,13.88888889,25.95008446,25.85346576,-0.001500029651,-0.001544313334,1,1,13.90821263,1933.453987
54.96,13.90227969,13.88888889,25.94981634,25.85341954,-0.001496588268,-0.001540770639,1,1,13.90816825,1937.8833
54.98,13.90224895,13.88888889,25.94954883,25.85337342,-0.00149315476,-0.00153723605,1,1,13.90812397,1942.322814
55,13.90221827,13.88888889,25.94928193,25.85332741,-0.00148972911,-0.001533709546,1,1,13.90807979,1946.772553
55.02,13.90218767,13.88888889,25.94901565,25.85328151,-0.0014863113,-0.001530191112,1,1,13.90803572,1951.23254
55.04,13.90215714,13.88888889,25.94874998,25.85323571,-0.001482901311,-0.001526680727,1,1,13.90799174,1955.7028
55.06,13.90212667,13.88888889,25.94848492,25.85319001,-0.001479499126,-0.001523178373,1,1,13.90794787,1960.183355
55.08,13.90209628,13.88888889,25.94822047,25.85314442,-0.001476104728,-0.001519684034,1,1,13.9079041,1964.674229
55.1,13.90206596,13.88888889,25.94795663,25.85309893,-0.001472718098,-0.001516197689,1,1,13.90786043,1969.175447
55.12,13.9020357,13.88888889,25.94769339,25.85305355,-0.001469339219,-0.001512719322,1,1,13.90781686,1973.687032
55.14,13.90200552,13.88888889,25.94743075,25.85300827,-0.001465968073,-0.001509248914,1,1,13.90777338,1978.209007
55.16,13.9019754,13.88888889,25.94716872,25.8529631,-0.001462604643,-0.001505786446,1,1,13.90773001,1982.741397
55.18,13.90194535,13.88888889,25.94690729,25.85291803,-0.001459248912,-0.001502331902,1,1,13.90768674,1987.284225
55.2,13.90191538,13.88888889,25.94664646,25.85287306,-0.001455900861,-0.001498885263,1,1,13.90764357,1991.837517
55.22,13.90188547,13.88888889,25.94638623,25.8528282,-0.001452560473,-0.001495446511,1,1,13.90760049,1996.401295
55.24,13.90185563,13.88888889,25.9461266,25.85278344,-0.001449227732,-0.001492015628,1,1,13.90755752,2000.975583
55.26,13.90182586,13.88888889,25.94586756,25.85273878,-0.001445902619,-0.001488592596,1,1,13.90751464,2005.560407
55.28,13.90179615,13.88888889,25.94560912,25.85269423,-0.001442585117,-0.001485177398,1,1,13.90747187,2010.15579
55.3,13.90176652,13.88888889,25.94535127,25.85264977,-0.001439275209,-0.001481770015,1,1,13.90742919,2014.761757
55.32,13.90173695,13.88888889,25.94509401,25.85260542,-0.001435972878,-0.001478370431,1,1,13.90738661,2019.378332
55.34,13.90170745,13.88888889,25.94483735,25.85256117,-0.001432678107,-0.001474978627,1,1,13.90734412,2024.005539
55.36,13.90167802,13.88888889,25.94458127,25.85251703,-0.001429390877,-0.001471594585,1,1,13.90730174,2028.643402
55.38,13.90164865,13.88888889,25.94432578,25.85247298,-0.001426111173,-0.001468218288,1,1,13.90725945,2033.291947
55.4,13.90161936,13.88888889,25.94407088,25.85242903,-0.001422838977,-0.001464849719,1,1,13.90721726,2037.951198
55.42,13.90159013,13.88888889,25.94381656,25.85238519,-0.001419574273,-0.00146148886,1,1,13.90717516,2042.621179
55.44,13.90156096,13.88888889,25.94356283,25.85234145,-0.001416317042,-0.001458135693,1,1,13.90713317,2047.301916
55.46,13.90153187,13.88888889,25.94330968,25.8522978,-0.001413067268,-0.001454790201,1,1,13.90709126,2051.993433
55.48,13.90150284,13.88888889,25.94305711,25.85225426,-0.001409824934,-0.001451452366,1,1,13.90704946,2056.695754
55.5,13.90147388,13.88888889,25.94280512,25.85221081,-0.001406590023,-0.001448122172,1,1,13.90700775,2061.408905
55.52,13.90144498,13.88888889,25.94255371,25.85216747,-0.001403362519,-0.0014447996,1,1,13.90696614,2066.13291
55.54,13.90141615,13.88888889,25.94230288,25.85212423,-0.001400142404,-0.001441484633,1,1,13.90692462,2070.867795
55.56,13.90138739,13.88888889,25.94205262,25.85208108,-0.001396929662,-0.001438177255,1,1,13.9068832,2075.613585
55.58,13.90135869,13.88888889,25.94180293,25.85203803,-0.001393724275,-0.001434877447,1,1,13.90684187,2080.370304
55.6,13.90133006,13.88888889,25.94155382,25.85199509,-0.001390526228,-0.001431585194,1,1,13.90680064,2085.137978
55.62,13.90130149,13.88888889,25.94130529,25.85195224,-0.001387335503,-0.001428300476,1,1,13.9067595,2089.916632
55.64,13.90127299,13.88888889,25.94105732,25.85190949,-0.001384152084,-0.001425023279,1,1,13.90671846,2094.706291
55.66,13.90124456,13.88888889,25.94080992,25.85186683,-0.001380975955,-0.001421753583,1,1,13.90667751,2099.506981
55.68,13.90121619,13.88888889,25.94056309,25.85182428,-0.001377807098,-0.001418491373,1,1,13.90663665,2104.318726
55.7,13.90118788,13.88888889,25.94031683,25.85178182,-0.001374645497,-0.001415236631,1,1,13.90659589,2109.141554
55.72,13.90115964,13.88888889,25.94007113,25.85173946,-0.001371491136,-0.00141198934,1,1,13.90655522,2113.975488
55.74,13.90113147,13.88888889,25.939826,25.8516972,-0.001368343997,-0.001408749484,1,1,13.90651465,2118.820554
55.76,13.90110336,13.88888889,25.93958143,25.85165503,-0.001365204066,-0.001405517045,1,1,13.90647417,2123.676779
55.78,13.90107531,13.88888889,25.93933742,25.85161297,-0.001362071325,-0.001402292007,1,1,13.90643378,2128.544187
55.8,13.90104733,13.88888889,25.93909397,25.85157099,-0.001358945758,-0.001399074352,1,1,13.90639348,2133.422805
55.82,13.90101941,13.88888889,25.93885108,25.85152912,-0.001355827348,-0.001395864064,1,1,13.90635328,2138.312658
55.84,13.90099156,13.88888889,25.93860875,25.85148734,-0.00135271608,-0.001392661127,1,1,13.90631317,2143.213772
55.86,13.90096377,13.88888889,25.93836697,25.85144565,-0.001349611937,-0.001389465523,1,1,13.90627315,2148.126173
55.88,13.90093604,13.88888889,25.93812575,25.85140407,-0.001346514903,-0.001386277237,1,1,13.90623323,2153.049887
55.9,13.90090838,13.88888889,25.93788509,25.85136257,-0.001343424962,-0.00138309625,1,1,13.90619339,2157.98494
55.92,13.90088078,13.88888889,25.93764497,25.85132118,-0.001340342097,-0.001379922547,1,1,13.90615365,2162.931359
55.94,13.90085325,13.88888889,25.93740541,25.85127987,-0.001337266293,-0.001376756111,1,1,13.906114,2167.889168
55.96,13.90082578,13.88888889,25.9371664,25.85123866,-0.001334197533,-0.001373596925,1,1,13.90607444,2172.858395
55.98,13.90079837,13.88888889,25.93692793,25.85119755,-0.001331135802,-0.001370444974,1,1,13.90603497,2177.839066
56,13.90077102,13.88888889,25.93669002,25.85115653,-0.001328081083,-0.00136730024,1,1,13.90599559,2182.831207
56.02,13.90074374,13.88888889,25.93645265,25.85111561,-0.00132503336,-0.001364162708,1,1,13.9059563,2187.834845
56.04,13.90071652,13.88888889,25.93621582,25.85107478,-0.001321992618,-0.00136103236,1,1,13.9059171,2192.850005
56.06,13.90068936,13.88888889,25.93597954,25.85103404,-0.001318958841,-0.001357909181,1,1,13.90587799,2197.876715
56.08,13.90066226,13.88888889,25.9357438,25.8509934,-0.001315932013,-0.001354793153,1,1,13.90583897,2202.915001
56.1,13.90063523,13.88888889,25.93550861,25.85095284,-0.001312912117,-0.001351684262,1,1,13.90580004,2207.964889
56.12,13.90060826,13.88888889,25.93527395,25.85091239,-0.001309899139,-0.001348582491,1,1,13.9057612,2213.026407
56.14,13.90058135,13.88888889,25.93503983,25.85087202,-0.001306893062,-0.001345487822,1,1,13.90572245,2218.099581
56.16,13.9005545,13.88888889,25.93480625,25.85083175,-0.00130389387,-0.001342400242,1,1,13.90568379,2223.184439
56.18,13.90052771,13.88888889,25.93457321,25.85079157,-0.001300901549,-0.001339319732,1,1,13.90564522,2228.281005
56.2,13.90050099,13.88888889,25.9343407,25.85075148,-0.001297916082,-0.001336246277,1,1,13.90560673,2233.389309
56.22,13.90047433,13.88888889,25.93410872,25.85071149,-0.001294937454,-0.001333179862,1,1,13.90556834,2238.509377
56.24,13.90044772,13.88888889,25.93387728,25.85067158,-0.00129196565,-0.001330120469,1,1,13.90553003,2243.641235
56.26,13.90042118,13.88888889,25.93364637,25.85063177,-0.001289000653,-0.001327068083,1,1,13.90549181,2248.784911
56.28,13.9003947,13.88888889,25.93341599,25.85059205,-0.001286042448,-0.001324022689,1,1,13.90545368,2253.940433
56.3,13.90036828,13.88888889,25.93318614,25.85055242,-0.00128309102,-0.00132098427,1,1,13.90541563,2259.107827
56.32,13.90034192,13.88888889,25.93295681,25.85051288,-0.001280146353,-0.00131795281,1,1,13.90537767,2264.28712
56.34,13.90031562,13.88888889,25.93272801,25.85047344,-0.001277208432,-0.001314928293,1,1,13.9053398,2269.478341
56.36,13.90028939,13.88888889,25.93249974,25.85043408,-0.001274277241,-0.001311910704,1,1,13.90530202,2274.681517
56.38,13.90026321,13.88888889,25.93227199,25.85039481,-0.001271352766,-0.001308900027,1,1,13.90526433,2279.896674
56.4,13.90023709,13.88888889,25.93204477,25.85035563,-0.001268434991,-0.001305896246,1,1,13.90522672,2285.123842
56.42,13.90021103,13.88888889,25.93181806,25.85031655,-0.0012655239,-0.001302899346,1,1,13.90518919,2290.363046
56.44,13.90018503,13.88888889,25.93159188,25.85027755,-0.001262619479,-0.00129990931,1,1,13.90515175,2295.614316
56.46,13.9001591,13.88888889,25.93136622,25.85023864,-0.001259721712,-0.001296926124,1,1,13.9051144,2300.877678
56.48,13.90013322,13.88888889,25.93114107,25.85019982,-0.001256830584,-0.001293949771,1,1,13.90507714,2306.153161
56.5,13.9001074,13.88888889,25.93091644,25.85016109,-0.00125394608,-0.001290980236,1,1,13.90503996,2311.440793
56.52,13.90008164,13.88888889,25.93069233,25.85012245,-0.001251068185,-0.001288017503,1,1,13.90500286,2316.740601
56.54,13.90005593,13.88888889,25.93046873,25.8500839,-0.001248196883,-0.001285061558,1,1,13.90496586,2322.052613
56.56,13.90003029,13.88888889,25.93024565,25.85004544,-0.00124533216,-0.001282112384,1,1,13.90492893,2327.376858
56.58,13.90000471,13.88888889,25.93002308,25.85000706,-0.001242474002,-0.001279169966,1,1,13.90489209,2332.713364
56.6,13.89997918,13.88888889,25.92980102,25.84996878,-0.001239622392,-0.001276234289,1,1,13.90485534,2338.062158
56.62,13.89995372,13.88888889,25.92957946,25.84993058,-0.001236777315,-0.001273305337,1,1,13.90481867,2343.42327
56.64,13.89992831,13.88888889,25.92935842,25.84989247,-0.001233938758,-0.001270383095,1,1,13.90478208,2348.796727
56.66,13.89990296,13.88888889,25.92913789,25.84985444,-0.001231106705,-0.001267467548,1,1,13.90474558,2354.182559
56.68,13.89987767,13.88888889,25.92891786,25.84981651,-0.001228281141,-0.001264558681,1,1,13.90470916,2359.580792
56.7,13.89985244,13.88888889,25.92869834,25.84977866,-0.001225462052,-0.001261656478,1,1,13.90467282,2364.991457
56.72,13.89982726,13.88888889,25.92847932,25.84974089,-0.001222649423,-0.001258760924,1,1,13.90463657,2370.414581
56.74,13.89980214,13.88888889,25.9282608,25.84970322,-0.001219843238,-0.001255872004,1,1,13.90460041,2375.850194
56.76,13.89977708,13.88888889,25.92804279,25.84966563,-0.001217043484,-0.001252989702,1,1,13.90456432,2381.298323
56.78,13.89975208,13.88888889,25.92782527,25.84962812,-0.001214250146,-0.001250114005,1,1,13.90452832,2386.758999
56.8,13.89972714,13.88888889,25.92760826,25.84959071,-0.001211463209,-0.001247244896,1,1,13.9044924,2392.232249
56.82,13.89970225,13.88888889,25.92739174,25.84955337,-0.001208682658,-0.001244382361,1,1,13.90445656,2397.718102
56.84,13.89967742,13.88888889,25.92717572,25.84951613,-0.001205908479,-0.001241526385,1,1,13.90442081,2403.216589
56.86,13.89965265,13.88888889,25.9269602,25.84947897,-0.001203140657,-0.001238676952,1,1,13.90438513,2408.727737
56.88,13.89962793,13.88888889,25.92674517,25.84944189,-0.001200379179,-0.001235834049,1,1,13.90434954,2414.251575
56.9,13.89960327,13.88888889,25.92653064,25.8494049,-0.001197624028,-0.001232997659,1,1,13.90431404,2419.788134
56.92,13.89957867,13.88888889,25.9263166,25.849368,-0.001194875192,-0.001230167769,1,1,13.90427861,2425.337442
56.94,13.89955412,13.88888889,25.92610304,25.84933118,-0.001192132656,-0.001227344363,1,1,13.90424326,2430.899529
56.96,13.89952963,13.88888889,25.92588999,25.84929444,-0.001189396404,-0.001224527426,1,1,13.904208,2436.474423
56.98,13.89950519,13.88888889,25.92567741,25.84925779,-0.001186666424,-0.001221716944,1,1,13.90417281,2442.062156
57,13.89948082,13.88888889,25.92546533,25.84922122,-0.0011839427,-0.001218912903,1,1,13.90413771,2447.662755
57.02,13.89945649,13.88888889,25.92525374,25.84918474,-0.001181225219,-0.001216115286,1,1,13.90410269,2453.276251
57.04,13.89943223,13.88888889,25.92504263,25.84914834,-0.001178513965,-0.001213324081,1,1,13.90406775,2458.902673
57.06,13.89940802,13.88888889,25.924832,25.84911202,-0.001175808926,-0.001210539272,1,1,13.90403288,2464.542052
57.08,13.89938386,13.88888889,25.92462186,25.84907579,-0.001173110086,-0.001207760844,1,1,13.9039981,2470.194416
57.1,13.89935976,13.88888889,25.9244122,25.84903964,-0.001170417432,-0.001204988783,1,1,13.9039634,2475.859796
57.12,13.89933572,13.88888889,25.92420303,25.84900358,-0.001167730949,-0.001202223075,1,1,13.90392878,2481.538222
57.14,13.89931173,13.88888889,25.92399433,25.84896759,-0.001165050624,-0.001199463705,1,1,13.90389424,2487.229724
57.16,13.89928779,13.88888889,25.92378611,25.84893169,-0.001162376442,-0.001196710659,1,1,13.90385977,2492.934331
57.18,13.89926391,13.88888889,25.92357837,25.84889587,-0.001159708389,-0.001193963921,1,1,13.90382539,2498.652075
57.2,13.89924009,13.88888889,25.92337111,25.84886013,-0.001157046452,-0.001191223479,1,1,13.90379108,2504.382984
57.22,13.89921632,13.88888889,25.92316432,25.84882448,-0.001154390616,-0.001188489317,1,1,13.90375686,2510.127091
57.24,13.8991926,13.88888889,25.92295801,25.84878891,-0.001151740867,-0.00118576142,1,1,13.90372271,2515.884424
57.26,13.89916894,13.88888889,25.92275218,25.84875342,-0.001149097192,-0.001183039776,1,1,13.90368864,2521.655015
57.28,13.89914534,13.88888889,25.92254681,25.84871801,-0.001146459577,-0.00118032437,1,1,13.90365465,2527.438893
57.3,13.89912178,13.88888889,25.92234192,25.84868268,-0.001143828008,-0.001177615186,1,1,13.90362074,2533.23609
57.32,13.89909829,13.88888889,25.92213749,25.84864743,-0.001141202471,-0.001174912212,1,1,13.9035869,2539.046636
57.34,13.89907484,13.88888889,25.92193354,25.84861226,-0.001138582952,-0.001172215433,1,1,13.90355314,2544.870562
57.36,13.89905145,13.88888889,25.92173006,25.84857718,-0.001135969438,-0.001169524834,1,1,13.90351946,2550.707899
57.38,13.89902812,13.88888889,25.92152704,25.84854217,-0.001133361915,-0.001166840402,1,1,13.90348586,2556.558677
57.4,13.89900483,13.88888889,25.92132449,25.84850725,-0.001130760369,-0.001164162123,1,1,13.90345234,2562.422927
57.42,13.8989816,13.88888889,25.9211224,25.8484724,-0.001128164786,-0.001161489983,1,1,13.90341889,2568.300681
57.44,13.89895843,13.88888889,25.92092078,25.84843764,-0.001125575154,-0.001158823967,1,1,13.90338552,2574.19197
57.46,13.8989353,13.88888889,25.92071962,25.84840295,-0.001122991458,-0.001156164062,1,1,13.90335222,2580.096824
57.48,13.89891223,13.88888889,25.92051892,25.84836835,-0.001120413684,-0.001153510254,1,1,13.903319,2586.015275
57.5,13.89888921,13.88888889,25.92031868,25.84833382,-0.001117841821,-0.001150862528,1,1,13.90328586,2591.947354
57.52,13.89886625,13.88888889,25.92011891,25.84829938,-0.001115275852,-0.001148220872,1,1,13.90325279,2597.893092
57.54,13.89884334,13.88888889,25.91991959,25.84826501,-0.001112715767,-0.00114558527,1,1,13.9032198,2603.852522
57.56,13.89882048,13.88888889,25.91972073,25.84823072,-0.00111016155,-0.00114295571,1,1,13.90318689,2609.825674
57.58,13.89879767,13.88888889,25.91952232,25.84819651,-0.001107613189,-0.001140332177,1,1,13.90315405,2615.81258
57.6,13.89877492,13.88888889,25.91932438,25.84816238,-0.00110507067,-0.001137714658,1,1,13.90312129,2621.813272
57.62,13.89875222,13.88888889,25.91912688,25.84812832,-0.00110253398,-0.001135103139,1,1,13.9030886,2627.827781
57.64,13.89872957,13.88888889,25.91892984,25.84809435,-0.001100003105,-0.001132497606,1,1,13.90305599,2633.856139
57.66,13.89870697,13.88888889,25.91873325,25.84806045,-0.001097478033,-0.001129898046,1,1,13.90302345,2639.898379
57.68,13.89868442,13.88888889,25.91853712,25.84802663,-0.00109495875,-0.001127304445,1,1,13.90299099,2645.954531
57.7,13.89866193,13.88888889,25.91834143,25.84799289,-0.001092445243,-0.00112471679,1,1,13.9029586,2652.024629
57.72,13.89863949,13.88888889,25.9181462,25.84795923,-0.001089937498,-0.001122135066,1,1,13.90292628,2658.108704
57.74,13.89861709,13.88888889,25.91795141,25.84792564,-0.001087435502,-0.00111955926,1,1,13.90289404,2664.206788
57.76,13.89859475,13.88888889,25.91775707,25.84789213,-0.001084939243,-0.00111698936,1,1,13.90286188,2670.318914
57.78,13.89857247,13.88888889,25.91756317,25.8478587,-0.001082448708,-0.00111442535,1,1,13.90282978,2676.445113
57.8,13.89855023,13.88888889,25.91736972,25.84782534,-0.001079963882,-0.001111867219,1,1,13.90279776,2682.585419
57.82,13.89852804,13.88888889,25.91717672,25.84779206,-0.001077484753,-0.001109314952,1,1,13.90276582,2688.739864
57.84,13.89850591,13.88888889,25.91698416,25.84775886,-0.001075011309,-0.001106768536,1,1,13.90273395,2694.90848
57.86,13.89848382,13.88888889,25.91679204,25.84772573,-0.001072543536,-0.001104227958,1,1,13.90270215,2701.091299
57.88,13.89846179,13.88888889,25.91660036,25.84769268,-0.001070081421,-0.001101693204,1,1,13.90267042,2707.288356
57.9,13.89843981,13.88888889,25.91640912,25.84765971,-0.001067624951,-0.001099164261,1,1,13.90263877,2713.499682
57.92,13.89841787,13.88888889,25.91621832,25.84762681,-0.001065174113,-0.001096641117,1,1,13.90260719,2719.725309
57.94,13.89839599,13.88888889,25.91602796,25.84759399,-0.001062728895,-0.001094123756,1,1,13.90257568,2725.965272
57.96,13.89837416,13.88888889,25.91583804,25.84756124,-0.001060289284,-0.001091612167,1,1,13.90254425,2732.219604
57.98,13.89835238,13.88888889,25.91564855,25.84752856,-0.001057855267,-0.001089106337,1,1,13.90251289,2738.488336
58,13.89833064,13.88888889,25.9154595,25.84749597,-0.00105542683,-0.001086606251,1,1,13.9024816,2744.771502
58.02,13.89830896,13.88888889,25.91527088,25.84746344,-0.001053003962,-0.001084111898,1,1,13.90245038,2751.069137
58.04,13.89828733,13.88888889,25.91508269,25.84743099,-0.00105058665,-0.001081623263,1,1,13.90241923,2757.381272
58.06,13.89826575,13.88888889,25.91489494,25.84739862,-0.00104817488,-0.001079140334,1,1,13.90238815,2763.707941
58.08,13.89824421,13.88888889,25.91470762,25.84736632,-0.001045768641,-0.001076663097,1,1,13.90235715,2770.049178
58.1,13.89822273,13.88888889,25.91452073,25.84733409,-0.001043367919,-0.001074191541,1,1,13.90232622,2776.405016
58.12,13.89820129,13.88888889,25.91433427,25.84730194,-0.001040972703,-0.001071725651,1,1,13.90229535,2782.775488
58.14,13.89817991,13.88888889,25.91414823,25.84726986,-0.001038582979,-0.001069265415,1,1,13.90226456,2789.16063
58.16,13.89815857,13.88888889,25.91396262,25.84723786,-0.001036198734,-0.00106681082,1,1,13.90223384,2795.560473
58.18,13.89813729,13.88888889,25.91377744,25.84720593,-0.001033819957,-0.001064361853,1,1,13.90220319,2801.975053
58.2,13.89811605,13.88888889,25.91359269,25.84717407,-0.001031446635,-0.001061918502,1,1,13.90217261,2808.404402
58.22,13.89809486,13.88888889,25.91340836,25.84714229,-0.001029078756,-0.001059480752,1,1,13.9021421,2814.848556
58.24,13.89807372,13.88888889,25.91322445,25.84711058,-0.001026716306,-0.001057048593,1,1,13.90211166,2821.307547
58.26,13.89805262,13.88888889,25.91304096,25.84707894,-0.001024359274,-0.00105462201,1,1,13.90208129,2827.781411
58.28,13.89803158,13.88888889,25.9128579,25.84704737,-0.001022007647,-0.001052200991,1,1,13.90205099,2834.270181
58.3,13.89801058,13.88888889,25.91267525,25.84701588,-0.001019661413,-0.001049785523,1,1,13.90202076,2840.773892
58.32,13.89798964,13.88888889,25.91249303,25.84698446,-0.001017320559,-0.001047375595,1,1,13.9019906,2847.292578
58.34,13.89796874,13.88888889,25.91231122,25.84695311,-0.001014985074,-0.001044971192,1,1,13.90196051,2853.826274
58.36,13.89794789,13.88888889,25.91212984,25.84692183,-0.001012654945,-0.001042572302,1,1,13.90193049,2860.375013
58.38,13.89792708,13.88888889,25.91194886,25.84689062,-0.001010330159,-0.001040178914,1,1,13.90190054,2866.938832
58.4,13.89790633,13.88888889,25.91176831,25.84685949,-0.001008010705,-0.001037791013,1,1,13.90187065,2873.517764
58.42,13.89788562,13.88888889,25.91158817,25.84682843,-0.00100569657,-0.001035408589,1,1,13.90184084,2880.111844
58.44,13.89786496,13.88888889,25.91140844,25.84679744,-0.001003387742,-0.001033031627,1,1,13.90181109,2886.721107
58.46,13.89784434,13.88888889,25.91122912,25.84676652,-0.00100108421,-0.001030660116,1,1,13.90178141,2893.345588
58.48,13.89782378,13.88888889,25.91105022,25.84673567,-0.0009987859598,-0.001028294044,1,1,13.9017518,2899.985323
58.5,13.89780326,13.88888889,25.91087173,25.84670489,-0.0009964929809,-0.001025933397,1,1,13.90172226,2906.640345
58.52,13.89778279,13.88888889,25.91069364,25.84667418,-0.0009942052608,-0.001023578164,1,1,13.90169278,2913.310691
58.54,13.89776236,13.88888889,25.91051597,25.84664355,-0.0009919227874,-0.001021228332,1,1,13.90166337,2919.996396
58.56,13.89774199,13.88888889,25.9103387,25.84661298,-0.0009896455488,-0.001018883888,1,1,13.90163403,2926.697495
58.58,13.89772166,13.88888889,25.91016185,25.84658248,-0.0009873735331,-0.001016544821,1,1,13.90160476,2933.414023
58.6,13.89770137,13.88888889,25.90998539,25.84655206,-0.0009851067282,-0.001014211118,1,1,13.90157556,2940.146015
58.62,13.89768113,13.88888889,25.90980935,25.8465217,-0.0009828451222,-0.001011882767,1,1,13.90154642,2946.893509
58.64,13.89766094,13.88888889,25.9096337,25.84649141,-0.0009805887034,-0.001009559755,1,1,13.90151735,2953.656538
58.66,13.8976408,13.88888889,25.90945846,25.8464612,-0.0009783374598,-0.001007242071,1,1,13.90148834,2960.43514
58.68,13.8976207,13.88888889,25.90928363,25.84643105,-0.0009760913795,-0.001004929702,1,1,13.9014594,2967.229349
58.7,13.89760065,13.88888889,25.90910919,25.84640097,-0.0009738504508,-0.001002622636,1,1,13.90143053,2974.039202
58.72,13.89758064,13.88888889,25.90893516,25.84637096,-0.000971614662,-0.001000320861,1,1,13.90140173,2980.864735
58.74,13.89756068,13.88888889,25.90876152,25.84634102,-0.0009693840012,-0.0009980243655,1,1,13.90137299,2987.705984
58.76,13.89754077,13.88888889,25.90858828,25.84631115,-0.0009671584567,-0.0009957331364,1,1,13.90134432,2994.562984
58.78,13.8975209,13.88888889,25.90841544,25.84628134,-0.0009649380168,-0.000993447162,1,1,13.90131571,3001.435773
58.8,13.89750107,13.88888889,25.908243,25.84625161,-0.0009627226699,-0.0009911664304,1,1,13.90128717,3008.324387
58.82,13.89748129,13.88888889,25.90807096,25.84622194,-0.0009605124043,-0.0009888909295,1,1,13.90125869,3015.228861
58.84,13.89746156,13.88888889,25.90789931,25.84619234,-0.0009583072084,-0.0009866206475,1,1,13.90123028,3022.149233
58.86,13.89744188,13.88888889,25.90772805,25.84616281,-0.0009561070706,-0.0009843555724,1,1,13.90120194,3029.085539
58.88,13.89742223,13.88888889,25.90755719,25.84613335,-0.0009539119793,-0.0009820956922,1,1,13.90117366,3036.037816
58.9,13.89740264,13.88888889,25.90738672,25.84610396,-0.000951721923,-0.0009798409952,1,1,13.90114544,3043.0061
58.92,13.89738308,13.88888889,25.90721664,25.84607463,-0.0009495368902,-0.0009775914694,1,1,13.90111729,3049.990429
58.94,13.89736358,13.88888889,25.90704695,25.84604537,-0.0009473568694,-0.0009753471031,1,1,13.9010892,3056.990838
58.96,13.89734412,13.88888889,25.90687765,25.84601617,-0.0009451818491,-0.0009731078844,1,1,13.90106118,3064.007367
58.98,13.8973247,13.88888889,25.90670874,25.84598705,-0.0009430118178,-0.0009708738016,1,1,13.90103323,3071.04005
59,13.89730533,13.88888889,25.90654021,25.84595799,-0.0009408467643,-0.0009686448429,1,1,13.90100533,3078.088927
59.02,13.897286,13.88888889,25.90637208,25.845929,-0.000938686677,-0.0009664209966,1,1,13.90097751,3085.154033
59.04,13.89726671,13.88888889,25.90620433,25.84590007,-0.0009365315447,-0.000964202251,1,1,13.90094974,3092.235406
59.06,13.89724747,13.88888889,25.90603697,25.84587121,-0.000934381356,-0.0009619885945,1,1,13.90092204,3099.333084
59.08,13.89722828,13.88888889,25.90586999,25.84584242,-0.0009322360996,-0.0009597800154,1,1,13.9008944,3106.447104
59.1,13.89720913,13.88888889,25.90570339,25.84581369,-0.0009300957642,-0.0009575765022,1,1,13.90086683,3113.577504
59.12,13.89719002,13.88888889,25.90553718,25.84578503,-0.0009279603385,-0.0009553780431,1,1,13.90083932,3120.724321
59.14,13.89717095,13.88888889,25.90537134,25.84575643,-0.0009258298113,-0.0009531846268,1,1,13.90081187,3127.887594
59.16,13.89715193,13.88888889,25.90520589,25.8457279,-0.0009237041715,-0.0009509962415,1,1,13.90078449,3135.06736
59.18,13.89713296,13.88888889,25.90504082,25.84569944,-0.0009215834078,-0.0009488128759,1,1,13.90075717,3142.263657
59.2,13.89711403,13.88888889,25.90487613,25.84567104,-0.0009194675091,-0.0009466345185,1,1,13.90072991,3149.476523
59.22,13.89709514,13.88888889,25.90471182,25.8456427,-0.0009173564643,-0.0009444611577,1,1,13.90070271,3156.705997
59.24,13.89707629,13.88888889,25.90454788,25.84561444,-0.0009152502622,-0.0009422927823,1,1,13.90067558,3163.952116
59.26,13.89705749,13.88888889,25.90438432,25.84558623,-0.0009131488918,-0.0009401293806,1,1,13.90064851,3171.214918
59.28,13.89703873,13.88888889,25.90422114,25.84555809,-0.000911052342,-0.0009379709415,1,1,13.9006215,3178.494443
59.3,13.89702001,13.88888889,25.90405833,25.84553002,-0.0009089606017,-0.0009358174536,1,1,13.90059455,3185.790729
59.32,13.89700134,13.88888889,25.90389589,25.84550201,-0.0009068736601,-0.0009336689054,1,1,13.90056767,3193.103814
59.34,13.89698271,13.88888889,25.90373383,25.84547406,-0.0009047915061,-0.0009315252858,1,1,13.90054084,3200.433737
59.36,13.89696412,13.88888889,25.90357214,25.84544618,-0.0009027141287,-0.0009293865834,1,1,13.90051408,3207.780537
59.38,13.89694558,13.88888889,25.90341082,25.84541836,-0.000900641517,-0.000927252787,1,1,13.90048738,3215.144253
59.4,13.89692707,13.88888889,25.90324987,25.84539061,-0.0008985736602,-0.0009251238854,1,1,13.90046074,3222.524922
59.42,13.89690861,13.88888889,25.90308929,25.84536292,-0.0008965105473,-0.0009229998674,1,1,13.90043416,3229.922586
59.44,13.8968902,13.88888889,25.90292908,25.84533529,-0.0008944521675,-0.0009208807218,1,1,13.90040765,3237.337282
59.46,13.89687182,13.88888889,25.90276924,25.84530773,-0.0008923985099,-0.0009187664375,1,1,13.90038119,3244.76905
59.48,13.89685349,13.88888889,25.90260976,25.84528023,-0.0008903495638,-0.0009166570033,1,1,13.90035479,3252.217929
59.5,13.8968352,13.88888889,25.90245065,25.84525279,-0.0008883053184,-0.0009145524081,1,1,13.90032846,3259.683958
59.52,13.89681695,13.88888889,25.90229191,25.84522542,-0.0008862657628,-0.0009124526409,1,1,13.90030219,3267.167178
59.54,13.89679874,13.88888889,25.90213353,25.84519811,-0.0008842308865,-0.0009103576907,1,1,13.90027597,3274.667627
59.56,13.89678057,13.88888889,25.90197551,25.84517086,-0.0008822006786,-0.0009082675463,1,1,13.90024982,3282.185345
59.58,13.89676245,13.88888889,25.90181786,25.84514368,-0.0008801751285,-0.0009061821969,1,1,13.90022373,3289.720373
59.6,13.89674437,13.88888889,25.90166057,25.84511655,-0.0008781542256,-0.0009041016315,1,1,13.90019769,3297.272749
59.62,13.89672633,13.88888889,25.90150364,25.84508949,-0.0008761379591,-0.000902025839,1,1,13.90017172,3304.842514
59.64,13.89670833,13.88888889,25.90134707,25.84506249,-0.0008741263185,-0.0008999548086,1,1,13.9001458,3312.429707
59.66,13.89669037,13.88888889,25.90119086,25.84503556,-0.0008721192932,-0.0008978885294,1,1,13.90011995,3320.03437
59.68,13.89667246,13.88888889,25.90103501,25.84500868,-0.0008701168726,-0.0008958269905,1,1,13.90009416,3327.656542
59.7,13.89665458,13.88888889,25.90087952,25.84498187,-0.0008681190463,-0.0008937701811,1,1,13.90006842,3335.296263
59.72,13.89663675,13.88888889,25.90072439,25.84495512,-0.0008661258036,-0.0008917180903,1,1,13.90004274,3342.953573
59.74,13.89661895,13.88888889,25.90056961,25.84492843,-0.0008641371341,-0.0008896707073,1,1,13.90001712,3350.628514
59.76,13.8966012,13.88888889,25.90041518,25.8449018,-0.0008621530273,-0.0008876280215,1,1,13.89999157,3358.321126
59.78,13.89658349,13.88888889,25.90026111,25.84487523,-0.0008601734728,-0.0008855900219,1,1,13.89996607,3366.03145
59.8,13.89656582,13.88888889,25.9001074,25.84484872,-0.0008581984601,-0.000883556698,1,1,13.89994062,3373.759526
59.82,13.89654819,13.88888889,25.89995404,25.84482228,-0.0008562279789,-0.000881528039,1,1,13.89991524,3381.505394
59.84,13.8965306,13.88888889,25.89980103,25.84479589,-0.0008542620188,-0.0008795040342,1,1,13.89988992,3389.269097
59.86,13.89651305,13.88888889,25.89964837,25.84476957,-0.0008523005695,-0.0008774846729,1,1,13.89986465,3397.050676
59.88,13.89649554,13.88888889,25.89949606,25.8447433,-0.0008503436205,-0.0008754699447,1,1,13.89983944,3404.85017
59.9,13.89647807,13.88888889,25.8993441,25.8447171,-0.0008483911617,-0.0008734598387,1,1,13.89981429,3412.667622
59.92,13.89646064,13.88888889,25.89919249,25.84469096,-0.0008464431827,-0.0008714543446,1,1,13.8997892,3420.503073
59.94,13.89644325,13.88888889,25.89904123,25.84466487,-0.0008444996732,-0.0008694534516,1,1,13.89976416,3428.356564
59.96,13.8964259,13.88888889,25.89889032,25.84463885,-0.0008425606232,-0.0008674571493,1,1,13.89973918,3436.228137
59.98,13.89640859,13.88888889,25.89873975,25.84461289,-0.0008406260222,-0.0008654654272,1,1,13.89971426,3444.117833
60,13.89639132,13.88888889,25.89858953,25.84458698,-0.0008386958602,-0.0008634782748,1,1,13.8996894,3452.025695
