time,ego_speed,lead_speed,gap,desired_gap,command,acceleration,mode,lead_present,reference_speed,ttc
0,20,16.66666667,45,35,-0.625,0,1,1,18.66666667,13.5
0.02,19.999,16.66666667,44.93334333,34.9985,-0.675,-0.05,1,1,18.65363533,13.48404821
0.04,19.997,16.66666667,44.86671667,34.9955,-0.725,-0.1,1,1,18.64091,13.47213993
0.06,19.994,16.66666667,44.80014,34.991,-0.775,-0.15,1,1,18.62849467,13.4642777
0.08,19.99,16.66666667,44.73363333,34.985,-0.825,-0.2,1,1,18.61639333,13.46047141
0.1,19.985,16.66666667,44.66721667,34.9775,-0.875,-0.25,1,1,18.60461,13.46073832
0.12,19.979,16.66666667,44.60091,34.9685,-0.925,-0.3,1,1,18.59314867,13.46510315
0.14,19.972,16.66666667,44.53473333,34.958,-0.975,-0.35,1,1,18.58201333,13.47359823
0.16,19.964,16.66666667,44.46870667,34.946,-1.025,-0.4,1,1,18.571208,13.48626365
0.18,19.955,16.66666667,44.40285,34.9325,-1.075,-0.45,1,1,18.56073667,13.50314749
0.2,19.945,16.66666667,44.33718333,34.9175,-1.125,-0.5,1,1,18.55060333,13.52430605
0.22,19.934,16.66666667,44.27172667,34.901,-1.125465872,-0.55,1,1,18.540812,13.54980412
0.24,19.92207925,16.66666667,44.20649921,34.88311888,-1.12496458,-0.5960372698,1,1,18.53134273,13.57938449
0.26,19.90931223,16.66666667,44.14151863,34.86396834,-1.123291003,-0.6383514546,1,1,18.52217672,13.61281023
0.28,19.89576929,16.66666667,44.07680114,34.84365394,-1.120567508,-0.6771466185,1,1,18.51329611,13.64986073
0.3,19.88151689,16.66666667,44.01236162,34.82227533,-1.116906057,-0.7126202897,1,1,18.50468392,13.69033037
0.32,19.86661762,16.66666667,43.9482136,34.79992644,-1.112408999,-0.744963151,1,1,18.4963241,13.73402724
0.34,19.85113045,16.66666667,43.88436946,34.77669567,-1.107169803,-0.7743588188,1,1,18.48820142,13.78077205
0.36,19.83511077,16.66666667,43.82084038,34.75266616,-1.101273748,-0.8009836976,1,1,18.48030151,13.83039716
0.38,19.81861064,16.66666667,43.7576365,34.72791595,-1.094798555,-0.8250069016,1,1,18.47261078,13.88274567
0.4,19.80167883,16.66666667,43.69476694,34.70251825,-1.087814985,-0.8465902339,1,1,18.4651164,13.93767062
0.42,19.78436107,16.66666667,43.63223987,34.6765416,-1.08038739,-0.865888214,1,1,18.45780632,13.99503424
0.44,19.7667001,16.66666667,43.57006259,34.65005016,-1.072574223,-0.8830481481,1,1,18.45066915,14.0547073
0.46,19.7487359,16.66666667,43.50824156,34.62310385,-1.064428519,-0.8982102341,1,1,18.44369421,14.11656854
0.48,19.73050575,16.66666667,43.44678248,34.59575862,-1.055998331,-0.9115076969,1,1,18.43687144,14.18050406
0.5,19.71204441,16.66666667,43.38569031,34.56806661,-1.047327144,-0.9230669476,1,1,18.43019141,14.24640686
0.52,19.69338425,16.66666667,43.32496936,34.54007638,-1.03845425,-0.9330077633,1,1,18.42364526,14.31417638
0.54,19.67455538,16.66666667,43.2646233,34.51183307,-1.029415101,-0.9414434822,1,1,18.41722471,14.38371808
0.56,19.65558576,16.66666667,43.20465522,34.48337864,-1.020241632,-0.9484812117,1,1,18.41092198,14.45494304
0.58,19.63650132,16.66666667,43.14506768,34.45475197,-1.010962565,-0.9542220453,1,1,18.40472981,14.52776763
0.6,19.61732609,16.66666667,43.08586274,34.42598914,-1.001603678,-0.9587612869,1,1,18.39864139,14.60211314
0.62,19.59808232,16.66666667,43.02704199,34.39712348,-0.9921880671,-0.9621886782,1,1,18.39265037,14.67790553
0.64,19.57879054,16.66666667,42.9686066,34.36818582,-0.9827363803,-0.9645886293,1,1,18.38675082,14.75507513
0.66,19.55946974,16.66666667,42.91055733,34.3392046,-0.9732670336,-0.9660404494,1,1,18.38093721,14.83355635
0.68,19.54013736,16.66666667,42.85289459,34.31020605,-0.9637964116,-0.9666185761,1,1,18.37520438,14.91328748
0.7,19.52080951,16.66666667,42.79561845,34.28121426,-0.9543390514,-0.966392803,1,1,18.3695475,14.99421046
0.72,19.50150094,16.66666667,42.73872868,34.25225141,-0.9449078114,-0.9654285028,1,1,18.36396212,15.07627064
0.74,19.4822252,16.66666667,42.68222475,34.2233378,-0.9355140271,-0.9637868475,1,1,18.35844406,15.15941659
0.76,19.4629947,16.66666667,42.62610589,34.19449205,-0.926167653,-0.9615250219,1,1,18.35298943,15.24359995
0.78,19.44382077,16.66666667,42.57037107,34.16573116,-0.916877394,-0.9586964324,1,1,18.34759465,15.32877523
0.8,19.42471375,16.66666667,42.51501905,34.13707063,-0.9076508245,-0.9553509093,1,1,18.34225635,15.41489964
0.82,19.40568306,16.66666667,42.46004842,34.10852458,-0.8984944989,-0.9515349025,1,1,18.33697143,15.50193295
0.84,19.38673722,16.66666667,42.40545755,34.08010583,-0.8894140514,-0.9472916702,1,1,18.33173701,15.58983735
0.86,19.36788399,16.66666667,42.35124467,34.05182599,-0.8804142879,-0.9426614607,1,1,18.3265504,15.67857731
0.88,19.34913036,16.66666667,42.29740786,34.02369554,-0.8714992699,-0.9376816869,1,1,18.32140913,15.76811943
0.9,19.33048262,16.66666667,42.24394506,33.99572393,-0.8626723908,-0.9323870935,1,1,18.31631089,15.85843236
0.92,19.31194642,16.66666667,42.19085411,33.96791963,-0.8539364458,-0.9268099173,1,1,18.31125356,15.94948665
0.94,19.29352682,16.66666667,42.13813271,33.94029023,-0.845293695,-0.9209800396,1,1,18.30623516,16.04125468
0.96,19.27522832,16.66666667,42.08577849,33.91284247,-0.8367459216,-0.914925132,1,1,18.30125387,16.13371051
0.98,19.2570549,16.66666667,42.03378899,33.88558235,-0.8282944839,-0.9086707952,1,1,18.296308,16.22682981
1,19.23901009,16.66666667,41.98216168,33.85851513,-0.8199403634,-0.9022406903,1,1,18.29139598,16.32058976
1.02,19.22109695,16.66666667,41.93089394,33.83164543,-0.8116842076,-0.8956566641,1,1,18.28651637,16.41496899
1.04,19.20331818,16.66666667,41.87998312,33.80497726,-0.8035263694,-0.8889388676,1,1,18.28166784,16.50994746
1.06,19.18567606,16.66666667,41.82942651,33.77851409,-0.7954669424,-0.8821058678,1,1,18.27684915,16.60550638
1.08,19.16817256,16.66666667,41.77922136,33.75225884,-0.7875057929,-0.8751747537,1,1,18.27205917,16.70162818
1.1,19.15080934,16.66666667,41.72936487,33.72621401,-0.7796425885,-0.8681612369,1,1,18.26729684,16.79829639
1.12,19.13358774,16.66666667,41.67985424,33.70038161,-0.7718768247,-0.861079745,1,1,18.26256119,16.89549562
1.14,19.11650887,16.66666667,41.6306866,33.67476331,-0.7642078477,-0.8539435114,1,1,18.25785133,16.99321144
1.16,19.09957358,16.66666667,41.58185911,33.64936037,-0.7566348756,-0.8467646583,1,1,18.25316641,17.09143037
1.18,19.08278249,16.66666667,41.53336888,33.62417374,-0.7491570176,-0.8395542757,1,1,18.2485057,17.19013981
1.2,19.06613604,16.66666667,41.48521303,33.59920407,-0.7417732902,-0.832322495,1,1,18.24386846,17.28932797
1.22,19.04963447,16.66666667,41.43738866,33.57445171,-0.7344826327,-0.8250785586,1,1,18.23925406,17.38898383
1.24,19.03327786,16.66666667,41.38989287,33.54991678,-0.7272839207,-0.8178308846,1,1,18.23466188,17.4890971
1.26,19.01706611,16.66666667,41.34272276,33.52559917,-0.7201759778,-0.8105871274,1,1,18.23009139,17.58965814
1.28,19.00099903,16.66666667,41.29587545,33.50149854,-0.7131575863,-0.8033542355,1,1,18.22554205,17.69065799
1.3,18.98507626,16.66666667,41.24934803,33.47761439,-0.7062274967,-0.7961385035,1,1,18.22101339,17.79208824
1.32,18.96929735,16.66666667,41.20313762,33.45394602,-0.6993844357,-0.788945623,1,1,18.21650499,17.89394105
1.34,18.95366173,16.66666667,41.15724137,33.4304926,-0.692627114,-0.781780728,1,1,18.21201642,17.99620909
1.36,18.93816876,16.66666667,41.11165639,33.40725314,-0.685954232,-0.7746484389,1,1,18.20754732,18.09888552
1.38,18.9228177,16.66666667,41.06637986,33.38422656,-0.679364486,-0.7675529023,1,1,18.20309733,18.20196395
1.4,18.90760775,16.66666667,41.02140894,33.36141162,-0.6728565728,-0.760497829,1,1,18.19866613,18.30543841
1.42,18.89253802,16.66666667,40.97674082,33.33880703,-0.6664291938,-0.7534865285,1,1,18.19425343,18.40930331
1.44,18.87760758,16.66666667,40.93237269,33.31641137,-0.6600810587,-0.7465219418,1,1,18.18985893,18.51355343
1.46,18.86281544,16.66666667,40.8883018,33.29422317,-0.6538108888,-0.7396066711,1,1,18.18548239,18.61818389
1.48,18.84816058,16.66666667,40.84452537,33.27224088,-0.6476174193,-0.7327430085,1,1,18.18112357,18.72319012
1.5,18.83364193,16.66666667,40.80104068,33.25046289,-0.6414994014,-0.7259329614,1,1,18.17678222,18.82856784
1.52,18.81925836,16.66666667,40.75784501,33.22888754,-0.6354556047,-0.7191782766,1,1,18.17245816,18.93431306
1.54,18.80500875,16.66666667,40.71493567,33.20751313,-0.6294848181,-0.7124804628,1,1,18.16815118,19.040422
1.56,18.79089193,16.66666667,40.67231,33.1863379,-0.6235858513,-0.7058408113,1,1,18.16386109,19.14689116
1.58,18.77690673,16.66666667,40.62996535,33.16536009,-0.6177575357,-0.6992604145,1,1,18.15958772,19.25371721
1.6,18.76305192,16.66666667,40.58789909,33.14457788,-0.6119987249,-0.6927401842,1,1,18.15533091,19.36089704
1.62,18.74932631,16.66666667,40.54610864,33.12398946,-0.6063082955,-0.6862808674,1,1,18.1510905,19.46842772
1.64,18.73572864,16.66666667,40.50459143,33.10359297,-0.6006851474,-0.6798830617,1,1,18.14686636,19.5763065
1.66,18.7222577,16.66666667,40.4633449,33.08338655,-0.5951282038,-0.6735472285,1,1,18.14265834,19.68453075
1.68,18.70891223,16.66666667,40.42236653,33.06336834,-0.5896364112,-0.6672737065,1,1,18.13846631,19.79309802
1.7,18.69569097,16.66666667,40.38165383,33.04353646,-0.5842087399,-0.6610627229,1,1,18.13429014,19.90200598
1.72,18.68259268,16.66666667,40.34120433,33.02388902,-0.5788441829,-0.6549144043,1,1,18.13012973,20.0112524
1.74,18.66961611,16.66666667,40.30101557,33.00442416,-0.5735417566,-0.6488287866,1,1,18.12598495,20.12083519
1.76,18.65675999,16.66666667,40.26108515,32.98513999,-0.5683004998,-0.6428058242,1,1,18.1218557,20.23075233
1.78,18.64402308,16.66666667,40.22141065,32.96603462,-0.5631194737,-0.6368453982,1,1,18.11774187,20.34100192
1.8,18.63140414,16.66666667,40.18198971,32.9471062,-0.5579977614,-0.6309473243,1,1,18.11364337,20.45158213
1.82,18.61890191,16.66666667,40.14281998,32.92835286,-0.5529344673,-0.6251113592,1,1,18.10956009,20.5624912
1.84,18.60651516,16.66666667,40.10389915,32.90977275,-0.5479287168,-0.6193372079,1,1,18.10549195,20.67372745
1.86,18.59424267,16.66666667,40.0652249,32.89136401,-0.5429796557,-0.6136245286,1,1,18.10143884,20.78528927
1.88,18.58208322,16.66666667,40.02679498,32.87312482,-0.5380864496,-0.6079729388,1,1,18.0974007,20.89717508
1.9,18.57003558,16.66666667,39.98860712,32.85505336,-0.5332482835,-0.6023820196,1,1,18.09337742,21.00938339
1.92,18.55809855,16.66666667,39.95065911,32.83714782,-0.5284643612,-0.5968513207,1,1,18.08936892,21.12191271
1.94,18.54627094,16.66666667,39.91294875,32.81940641,-0.5237339044,-0.591380364,1,1,18.08537513,21.23476164
1.96,18.53455157,16.66666667,39.87547386,32.80182735,-0.519056153,-0.5859686472,1,1,18.08139597,21.34792879
1.98,18.52293926,16.66666667,39.83823228,32.78440888,-0.5144303635,-0.5806156477,1,1,18.07743135,21.46141279
2,18.51143284,16.66666667,39.8012219,32.76714926,-0.5098558093,-0.5753208249,1,1,18.07348119,21.57521235
2.02,18.50003117,16.66666667,39.76444059,32.75004675,-0.5053317796,-0.5700836237,1,1,18.06954543,21.68932615
2.04,18.4887331,16.66666667,39.72788628,32.73309965,-0.5008575793,-0.5649034762,1,1,18.06562399,21.80375294
2.06,18.4775375,16.66666667,39.69155691,32.71630625,-0.4964325282,-0.5597798044,1,1,18.0617168,21.91849146
2.08,18.46644326,16.66666667,39.65545043,32.69966489,-0.4920559604,-0.5547120223,1,1,18.05782378,22.03354048
2.1,18.45544927,16.66666667,39.61956484,32.6831739,-0.4877272241,-0.5496995374,1,1,18.05394485,22.1488988
2.12,18.44455443,16.66666667,39.58389814,32.66683165,-0.4834456812,-0.5447417523,1,1,18.05007996,22.26456521
2.14,18.43375767,16.66666667,39.54844835,32.65063651,-0.4792107064,-0.5398380666,1,1,18.04622903,22.38053853
2.16,18.42305792,16.66666667,39.51321353,32.63458687,-0.475021687,-0.5349878778,1,1,18.042392,22.49681758
2.18,18.4124541,16.66666667,39.47819174,32.61868116,-0.4708780226,-0.5301905825,1,1,18.03856878,22.61340121
2.2,18.40194519,16.66666667,39.44338108,32.60291779,-0.4667791244,-0.5254455777,1,1,18.03475933,22.73028825
2.22,18.39153015,16.66666667,39.40877966,32.58729522,-0.462724415,-0.5207522615,1,1,18.03096355,22.84747756
2.24,18.38120795,16.66666667,39.37438561,32.57181192,-0.4587133281,-0.5161100337,1,1,18.02718141,22.96496799
2.26,18.37097758,16.66666667,39.34019709,32.55646637,-0.4547453077,-0.5115182973,1,1,18.02341281,23.08275842
2.28,18.36083805,16.66666667,39.30621227,32.54125708,-0.4508198084,-0.5069764581,1,1,18.01965771,23.2008477
2.3,18.35078837,16.66666667,39.27242934,32.52618256,-0.4469362943,-0.5024839261,1,1,18.01591602,23.3192347
2.32,18.34082757,16.66666667,39.23884651,32.51124136,-0.4430942394,-0.4980401156,1,1,18.0121877,23.43791831
2.34,18.33095468,16.66666667,39.20546202,32.49643202,-0.4392931269,-0.4936444455,1,1,18.00847267,23.55689741
2.36,18.32116875,16.66666667,39.17227412,32.48175313,-0.4355324487,-0.48929634,1,1,18.00477086,23.67617086
2.38,18.31146885,16.66666667,39.13928108,32.46720328,-0.4318117057,-0.4849952287,1,1,18.00108223,23.79573755
2.4,18.30185404,16.66666667,39.10648118,32.45278106,-0.4281304071,-0.4807405469,1,1,17.99740669,23.91559636
2.42,18.2923234,16.66666667,39.07387274,32.43848511,-0.4244880701,-0.4765317357,1,1,17.99374419,24.03574619
2.44,18.28287604,16.66666667,39.04145408,32.42431406,-0.4208842201,-0.4723682424,1,1,17.99009467,24.15618591
2.46,18.27351105,16.66666667,39.00922354,32.41026657,-0.4173183899,-0.4682495206,1,1,17.98645806,24.27691441
2.48,18.26422755,16.66666667,38.97717949,32.39634132,-0.4137901197,-0.4641750302,1,1,17.9828343,24.39793057
2.5,18.25502466,16.66666667,38.9453203,32.382537,-0.4102989573,-0.4601442374,1,1,17.97922333,24.5192333
2.52,18.24590153,16.66666667,38.91364437,32.3688523,-0.4068444571,-0.4561566149,1,1,17.97562508,24.64082147
2.54,18.2368573,16.66666667,38.88215012,32.35528595,-0.4034261805,-0.4522116423,1,1,17.9720395,24.76269398
2.56,18.22789112,16.66666667,38.85083597,32.34183668,-0.4000436955,-0.4483088054,1,1,17.96846652,24.88484972
2.58,18.21900217,16.66666667,38.81970037,32.32850326,-0.3966965766,-0.4444475966,1,1,17.96490609,25.00728758
2.6,18.21018962,16.66666667,38.78874178,32.31528443,-0.3933844047,-0.440627515,1,1,17.96135814,25.13000645
2.62,18.20145266,16.66666667,38.75795869,32.30217899,-0.3901067664,-0.4368480662,1,1,17.95782261,25.25300523
2.64,18.19279048,16.66666667,38.7273496,32.28918573,-0.3868632549,-0.4331087622,1,1,17.95429944,25.37628281
2.66,18.1842023,16.66666667,38.696913,32.27630345,-0.3836534686,-0.4294091216,1,1,17.95078858,25.4998381
2.68,18.17568733,16.66666667,38.66664744,32.26353099,-0.3804770121,-0.4257486694,1,1,17.94728996,25.62366999
2.7,18.16724479,16.66666667,38.63655145,32.25086718,-0.3773334951,-0.4221269368,1,1,17.94380352,25.74777738
2.72,18.15887392,16.66666667,38.6066236,32.23831088,-0.3742225332,-0.4185434614,1,1,17.94032921,25.87215918
2.74,18.15057396,16.66666667,38.57686245,32.22586095,-0.3711437468,-0.4149977872,1,1,17.93686697,25.99681429
2.76,18.14234418,16.66666667,38.5472666,32.21351626,-0.3680967619,-0.4114894639,1,1,17.93341673,26.12174163
2.78,18.13418381,16.66666667,38.51783466,32.20127572,-0.3650812093,-0.4080180478,1,1,17.92997845,26.24694009
2.8,18.12609215,16.66666667,38.48856523,32.18913823,-0.3620967249,-0.4045831007,1,1,17.92655207,26.3724086
2.82,18.11806847,16.66666667,38.45945696,32.1771027,-0.3591429495,-0.4011841906,1,1,17.92313752,26.49814608
2.84,18.11011205,16.66666667,38.43050849,32.16516808,-0.3562195284,-0.3978208913,1,1,17.91973475,26.62415143
2.86,18.10222219,16.66666667,38.40171848,32.15333329,-0.3533261119,-0.3944927823,1,1,17.9163437,26.7504236
2.88,18.09439821,16.66666667,38.37308561,32.14159731,-0.3504623547,-0.3911994487,1,1,17.91296433,26.87696149
2.9,18.0866394,16.66666667,38.34460856,32.12995909,-0.3476279159,-0.3879404812,1,1,17.90959656,27.00376406
2.92,18.07894509,16.66666667,38.31628605,32.11841763,-0.3448224593,-0.3847154759,1,1,17.90624035,27.13083023
2.94,18.07131461,16.66666667,38.28811679,32.10697191,-0.3420456527,-0.3815240346,1,1,17.90289564,27.25815894
2.96,18.06374729,16.66666667,38.2600995,32.09562094,-0.3392971684,-0.378365764,1,1,17.89956238,27.38574914
2.98,18.05624249,16.66666667,38.23223294,32.08436373,-0.3365766826,-0.3752402764,1,1,17.89624051,27.51359978
3,18.04879954,16.66666667,38.20451585,32.07319931,-0.333883876,-0.3721471889,1,1,17.89292997,27.64170981
3.02,18.04141782,16.66666667,38.17694701,32.06212673,-0.3312184329,-0.3690861239,1,1,17.88963072,27.7700782
3.04,18.03409668,16.66666667,38.1495252,32.05114503,-0.3285800418,-0.3660567086,1,1,17.8863427,27.89870391
3.06,18.02683551,16.66666667,38.12224921,32.04025327,-0.3259683951,-0.3630585752,1,1,17.88306585,28.02758591
3.08,18.01963369,16.66666667,38.09511785,32.02945053,-0.3233831889,-0.3600913608,1,1,17.87980013,28.15672319
3.1,18.01249059,16.66666667,38.06812994,32.01873589,-0.3208241232,-0.3571547071,1,1,17.87654548,28.28611472
3.12,18.00540563,16.66666667,38.04128431,32.00810844,-0.3182909018,-0.3542482604,1,1,17.87330184,28.41575949
3.14,17.99837819,16.66666667,38.01457981,31.99756729,-0.3157832318,-0.3513716717,1,1,17.87006917,28.54565651
3.16,17.9914077,16.66666667,37.98801528,31.98711155,-0.3133008244,-0.3485245965,1,1,17.86684741,28.67580477
3.18,17.98449357,16.66666667,37.9615896,31.97674035,-0.3108433938,-0.3457066947,1,1,17.86363652,28.80620329
3.2,17.97763522,16.66666667,37.93530165,31.96645282,-0.3084106582,-0.3429176306,1,1,17.86043643,28.93685108
3.22,17.97083207,16.66666667,37.90915031,31.95624811,-0.3060023389,-0.3401570729,1,1,17.85724711,29.06774717
3.24,17.96408358,16.66666667,37.88313449,31.94612537,-0.3036181608,-0.3374246941,1,1,17.85406849,29.19889059
3.26,17.95738918,16.66666667,37.85725309,31.93608376,-0.3012578519,-0.3347201715,1,1,17.85090053,29.33028038
3.28,17.95074831,16.66666667,37.83150505,31.92612247,-0.2989211439,-0.3320431859,1,1,17.84774318,29.46191558
3.3,17.94416044,16.66666667,37.8058893,31.91624067,-0.2966077712,-0.3293934225,1,1,17.84459639,29.59379526
3.32,17.93762503,16.66666667,37.78040478,31.90643755,-0.294317472,-0.3267705704,1,1,17.84146011,29.72591848
3.34,17.93114155,16.66666667,37.75505044,31.89671232,-0.2920499872,-0.3241743226,1,1,17.83833429,29.8582843
3.36,17.92470946,16.66666667,37.72982527,31.88706419,-0.2898050611,-0.3216043757,1,1,17.83521888,29.99089181
3.38,17.91832825,16.66666667,37.70472822,31.87749238,-0.2875824409,-0.3190604306,1,1,17.83211384,30.12374009
3.4,17.91199741,16.66666667,37.6797583,31.86799611,-0.2853818769,-0.3165421914,1,1,17.8290191,30.25682825
3.42,17.90571642,16.66666667,37.65491449,31.85857463,-0.2832031224,-0.3140493662,1,1,17.82593464,30.39015538
3.44,17.89948479,16.66666667,37.63019582,31.84922718,-0.2810459337,-0.3115816667,1,1,17.82286039,30.5237206
3.46,17.89330201,16.66666667,37.60560128,31.83995301,-0.2789100699,-0.3091388081,1,1,17.81979632,30.65752304
3.48,17.8871676,16.66666667,37.58112992,31.8307514,-0.2767952931,-0.306720509,1,1,17.81674237,30.79156182
3.5,17.88108107,16.66666667,37.55678076,31.8216216,-0.2747013682,-0.3043264917,1,1,17.8136985,30.92583609
3.52,17.87504194,16.66666667,37.53255287,31.81256291,-0.2726280629,-0.3019564819,1,1,17.81066466,31.060345
3.54,17.86904974,16.66666667,37.50844528,31.8035746,-0.2705751475,-0.2996102083,1,1,17.8076408,31.1950877
3.56,17.86310399,16.66666667,37.48445708,31.79465598,-0.2685423954,-0.2972874035,1,1,17.80462689,31.33006337
3.58,17.85720423,16.66666667,37.46058733,31.78580635,-0.2665295824,-0.2949878028,1,1,17.80162286,31.46527118
3.6,17.85135001,16.66666667,37.43683512,31.77702501,-0.264536487,-0.2927111452,1,1,17.79862869,31.60071033
3.62,17.84554087,16.66666667,37.41319955,31.7683113,-0.2625628904,-0.2904571725,1,1,17.79564432,31.73638001
3.64,17.83977635,16.66666667,37.38967971,31.75966453,-0.2606085764,-0.28822563,1,1,17.7926697,31.87227943
3.66,17.83405603,16.66666667,37.36627472,31.75108404,-0.2586733314,-0.2860162657,1,1,17.7897048,32.0084078
3.68,17.82837945,16.66666667,37.3429837,31.74256918,-0.2567569441,-0.2838288309,1,1,17.78674957,32.14476436
3.7,17.82274619,16.66666667,37.31980577,31.73411928,-0.2548592059,-0.28166308,1,1,17.78380396,32.28134834
3.72,17.81715581,16.66666667,37.29674009,31.72573372,-0.2529799107,-0.2795187701,1,1,17.78086794,32.418159
3.74,17.8116079,16.66666667,37.27378578,31.71741185,-0.2511188548,-0.2773956613,1,1,17.77794145,32.55519557
3.76,17.80610203,16.66666667,37.25094202,31.70915305,-0.2492758367,-0.2752935168,1,1,17.77502446,32.69245735
3.78,17.80063779,16.66666667,37.22820795,31.70095668,-0.2474506576,-0.2732121024,1,1,17.77211692,32.8299436
3.8,17.79521476,16.66666667,37.20558276,31.69282215,-0.2456431208,-0.2711511868,1,1,17.76921879,32.96765361
3.82,17.78983255,16.66666667,37.18306562,31.68474883,-0.2438530321,-0.2691105415,1,1,17.76633002,33.10558668
3.84,17.78449075,16.66666667,37.16065572,31.67673613,-0.2420801994,-0.2670899408,1,1,17.76345058,33.24374213
3.86,17.77918897,16.66666667,37.13835226,31.66878346,-0.240324433,-0.2650891615,1,1,17.76058043,33.38211926
3.88,17.77392681,16.66666667,37.11615443,31.66089022,-0.2385855454,-0.2631079832,1,1,17.75771951,33.52071742
3.9,17.76870389,16.66666667,37.09406146,31.65305583,-0.2368633513,-0.2611461882,1,1,17.75486779,33.65953594
3.92,17.76351982,16.66666667,37.07207255,31.64527973,-0.2351576676,-0.2592035612,1,1,17.75202523,33.79857418
3.94,17.75837422,16.66666667,37.05018695,31.63756133,-0.2334683133,-0.2572798897,1,1,17.74919179,33.93783149
3.96,17.75326672,16.66666667,37.02840387,31.62990008,-0.2317951095,-0.2553749636,1,1,17.74636743,34.07730726
3.98,17.74819695,16.66666667,37.00672257,31.62229542,-0.2301378795,-0.2534885753,1,1,17.7435521,34.21700086
4,17.74316454,16.66666667,36.98514229,31.61474681,-0.2284964486,-0.2516205196,1,1,17.74074576,34.35691169
4.02,17.73816913,16.66666667,36.96366228,31.60725369,-0.2268706442,-0.2497705939,1,1,17.73794839,34.49703915
4.04,17.73321035,16.66666667,36.94228182,31.59981553,-0.2252602956,-0.2479385979,1,1,17.73515992,34.63738266
4.06,17.72828787,16.66666667,36.92100017,31.5924318,-0.2236652344,-0.2461243338,1,1,17.73238034,34.77794166
4.08,17.72340132,16.66666667,36.89981661,31.58510197,-0.2220852938,-0.2443276058,1,1,17.7296096,34.91871556
4.1,17.71855035,16.66666667,36.87873043,31.57782553,-0.2205203091,-0.2425482209,1,1,17.72684765,35.05970384
4.12,17.71373463,16.66666667,36.85774091,31.57060195,-0.2189701176,-0.2407859879,1,1,17.72409446,35.20090593
4.14,17.70895382,16.66666667,36.83684736,31.56343072,-0.2174345585,-0.2390407183,1,1,17.72134999,35.34232132
4.16,17.70420757,16.66666667,36.81604908,31.55631136,-0.2159134727,-0.2373122255,1,1,17.71861421,35.48394949
4.18,17.69949557,16.66666667,36.79534538,31.54924335,-0.2144067031,-0.2356003253,1,1,17.71588707,35.62578993
4.2,17.69481747,16.66666667,36.77473559,31.5422262,-0.2129140945,-0.2339048355,1,1,17.71316854,35.76784214
4.22,17.69017296,16.66666667,36.75421902,31.53525944,-0.2114354934,-0.2322255762,1,1,17.71045858,35.91010564
4.24,17.68556171,16.66666667,36.733795,31.52834256,-0.209970748,-0.2305623696,1,1,17.70775715,36.05257995
4.26,17.68098341,16.66666667,36.71346289,31.52147511,-0.2085197085,-0.2289150399,1,1,17.70506422,36.1952646
4.28,17.67643774,16.66666667,36.69322201,31.51465661,-0.2070822266,-0.2272834134,1,1,17.70237975,36.33815916
4.3,17.67192439,16.66666667,36.67307172,31.50788659,-0.205658156,-0.2256673184,1,1,17.69970369,36.48126317
4.32,17.66744306,16.66666667,36.65301138,31.50116459,-0.2042473519,-0.2240665854,1,1,17.69703602,36.6245762
4.34,17.66299344,16.66666667,36.63304035,31.49449016,-0.2028496712,-0.2224810467,1,1,17.6943767,36.76809784
4.36,17.65857523,16.66666667,36.61315799,31.48786285,-0.2014649725,-0.2209105367,1,1,17.6917257,36.91182767
4.38,17.65418813,16.66666667,36.59336369,31.4812822,-0.2000931161,-0.2193548916,1,1,17.68908297,37.0557653
4.4,17.64983185,16.66666667,36.57365683,31.47474778,-0.1987339638,-0.2178139495,1,1,17.68644848,37.19991034
4.42,17.6455061,16.66666667,36.55403678,31.46825915,-0.197387379,-0.2162875507,1,1,17.68382219,37.34426241
4.44,17.64121059,16.66666667,36.53450295,31.46181589,-0.196053227,-0.2147755369,1,1,17.68120408,37.48882116
4.46,17.63694504,16.66666667,36.51505472,31.45541756,-0.1947313742,-0.2132777521,1,1,17.6785941,37.63358622
4.48,17.63270916,16.66666667,36.49569151,31.44906374,-0.1934216888,-0.2117940419,1,1,17.67599222,37.77855725
4.5,17.62850267,16.66666667,36.47641273,31.44275401,-0.1921240405,-0.2103242536,1,1,17.67339841,37.92373392
4.52,17.62432531,16.66666667,36.45721778,31.43648796,-0.1908383006,-0.2088682366,1,1,17.67081263,38.06911592
4.54,17.62017679,16.66666667,36.4381061,31.43026519,-0.1895643416,-0.2074258417,1,1,17.66823485,38.21470292
4.56,17.61605685,16.66666667,36.41907709,31.42408528,-0.1883020378,-0.2059969217,1,1,17.66566503,38.36049463
4.58,17.61196522,16.66666667,36.40013021,31.41794784,-0.1870512647,-0.204581331,1,1,17.66310314,38.50649077
4.6,17.60790165,16.66666667,36.38126487,31.41185247,-0.1858118995,-0.2031789257,1,1,17.66054915,38.65269104
4.62,17.60386586,16.66666667,36.36248053,31.40579878,-0.1845838205,-0.2017895636,1,1,17.65800302,38.79909519
4.64,17.59985759,16.66666667,36.34377663,31.39978639,-0.1833669077,-0.2004131041,1,1,17.65546471,38.94570296
4.66,17.5958766,16.66666667,36.32515262,31.39381491,-0.1821610422,-0.1990494084,1,1,17.65293421,39.09251411
4.68,17.59192264,16.66666667,36.30660796,31.38788396,-0.1809661068,-0.1976983391,1,1,17.65041147,39.23952839
4.7,17.58799544,16.66666667,36.28814211,31.38199316,-0.1797819854,-0.1963597605,1,1,17.64789646,39.38674559
4.72,17.58409477,16.66666667,36.26975454,31.37614216,-0.1786085634,-0.1950335385,1,1,17.64538914,39.53416548
4.74,17.58022038,16.66666667,36.25144472,31.37033057,-0.1774457272,-0.1937195405,1,1,17.6428895,39.68178788
4.76,17.57637203,16.66666667,36.23321213,31.36455804,-0.176293365,-0.1924176355,1,1,17.64039748,39.82961259
4.78,17.57254947,16.66666667,36.21505625,31.35882421,-0.1751513658,-0.1911276938,1,1,17.63791307,39.97763941
4.8,17.56875248,16.66666667,36.19697657,31.35312872,-0.1740196202,-0.1898495876,1,1,17.63543624,40.12586819
4.82,17.56498082,16.66666667,36.17897257,31.34747123,-0.17289802,-0.1885831902,1,1,17.63296693,40.27429877
4.84,17.56123425,16.66666667,36.16104375,31.34185138,-0.1717864581,-0.1873283766,1,1,17.63050514,40.42293098
4.86,17.55751255,16.66666667,36.14318961,31.33626883,-0.1706848287,-0.1860850231,1,1,17.62805082,40.5717647
4.88,17.55381549,16.66666667,36.12540967,31.33072324,-0.1695930274,-0.1848530075,1,1,17.62560395,40.7207998
4.9,17.55014285,16.66666667,36.10770342,31.32521427,-0.1685109506,-0.1836322091,1,1,17.6231645,40.87003614
4.92,17.5464944,16.66666667,36.09007038,31.3197416,-0.1674384963,-0.1824225085,1,1,17.62073242,41.01947364
4.94,17.54286992,16.66666667,36.07251007,31.31430488,-0.1663755634,-0.1812237875,1,1,17.6183077,41.16911218
4.96,17.5392692,16.66666667,36.05502201,31.3089038,-0.1653220521,-0.1800359296,1,1,17.61589031,41.31895168
4.98,17.53569203,16.66666667,36.03760573,31.30353804,-0.1642778635,-0.1788588194,1,1,17.61348021,41.46899207
5,17.53213818,16.66666667,36.02026076,31.29820727,-0.1632429002,-0.1776923429,1,1,17.61107737,41.61923327
5.02,17.52860745,16.66666667,36.00298664,31.29291118,-0.1622170657,-0.1765363875,1,1,17.60868176,41.76967522
5.04,17.52509963,16.66666667,35.9857829,31.28764945,-0.1612002645,-0.1753908417,1,1,17.60629336,41.92031789
5.06,17.52161452,16.66666667,35.96864909,31.28242178,-0.1601924024,-0.1742555956,1,1,17.60391213,42.07116123
5.08,17.51815191,16.66666667,35.95158476,31.27722787,-0.1591933861,-0.1731305401,1,1,17.60153805,42.22220522
5.1,17.5147116,16.66666667,35.93458946,31.2720674,-0.1582031235,-0.1720155678,1,1,17.59917108,42.37344984
5.12,17.51129339,16.66666667,35.91766274,31.26694008,-0.1572215235,-0.1709105722,1,1,17.5968112,42.52489507
5.14,17.50789708,16.66666667,35.90080417,31.26184562,-0.156248496,-0.1698154483,1,1,17.59445838,42.67654094
5.16,17.50452248,16.66666667,35.88401331,31.25678372,-0.1552839519,-0.1687300921,1,1,17.59211259,42.82838743
5.18,17.50116939,16.66666667,35.86728973,31.25175409,-0.1543278033,-0.1676544009,1,1,17.58977379,42.98043459
5.2,17.49783762,16.66666667,35.85063299,31.24675644,-0.1533799631,-0.1665882731,1,1,17.58744198,43.13268244
5.22,17.49452699,16.66666667,35.83404268,31.24179049,-0.1524403451,-0.1655316083,1,1,17.5851171,43.28513102
5.24,17.49123731,16.66666667,35.81751837,31.23685596,-0.1515088644,-0.1644843073,1,1,17.58279915,43.43778039
5.26,17.48796838,16.66666667,35.80105964,31.23195257,-0.1505854369,-0.1634462718,1,1,17.58048808,43.5906306
5.28,17.48472003,16.66666667,35.78466609,31.22708005,-0.1496699793,-0.162417405,1,1,17.57818388,43.74368173
5.3,17.48149208,16.66666667,35.7683373,31.22223812,-0.1487624094,-0.161397611,1,1,17.5758865,43.89693386
5.32,17.47828434,16.66666667,35.75207287,31.21742652,-0.1478626461,-0.1603867949,1,1,17.57359594,44.05038707
5.34,17.47509665,16.66666667,35.7358724,31.21264497,-0.1469706088,-0.1593848629,1,1,17.57131215,44.20404147
5.36,17.47192881,16.66666667,35.71973548,31.20789322,-0.1460862181,-0.1583917226,1,1,17.56903512,44.35789716
5.38,17.46878067,16.66666667,35.70366171,31.203171,-0.1452093955,-0.1574072823,1,1,17.56676481,44.51195426
5.4,17.46565204,16.66666667,35.68765072,31.19847806,-0.1443400632,-0.1564314513,1,1,17.5645012,44.6662129
5.42,17.46254276,16.66666667,35.67170211,31.19381413,-0.1434781445,-0.1554641403,1,1,17.56224426,44.82067322
5.44,17.45945265,16.66666667,35.65581548,31.18917898,-0.1426235634,-0.1545052606,1,1,17.55999397,44.97533536
5.46,17.45638156,16.66666667,35.63999048,31.18457233,-0.1417762449,-0.1535547248,1,1,17.5577503,45.13019947
5.48,17.45332931,16.66666667,35.6242267,31.17999396,-0.1409361146,-0.1526124464,1,1,17.55551321,45.28526572
5.5,17.45029574,16.66666667,35.60852378,31.17544361,-0.1401030993,-0.1516783399,1,1,17.5532827,45.44053429
5.52,17.44728069,16.66666667,35.59288135,31.17092104,-0.1392771262,-0.1507523206,1,1,17.55105873,45.59600535
5.54,17.44428401,16.66666667,35.57729904,31.16642601,-0.1384581237,-0.1498343051,1,1,17.54884127,45.75167909
5.56,17.44130552,16.66666667,35.56177648,31.16195829,-0.1376460208,-0.1489242106,1,1,17.54663031,45.90755572
5.58,17.43834508,16.66666667,35.5463133,31.15751763,-0.1368407473,-0.1480219554,1,1,17.5444258,46.06363544
5.6,17.43540254,16.66666667,35.53090916,31.1531038,-0.1360422337,-0.1471274587,1,1,17.54222774,46.21991846
5.62,17.43247772,16.66666667,35.51556369,31.14871658,-0.1352504117,-0.1462406407,1,1,17.54003609,46.37640503
5.64,17.42957049,16.66666667,35.50027654,31.14435574,-0.1344652132,-0.1453614224,1,1,17.53785083,46.53309536
5.66,17.4266807,16.66666667,35.48504736,31.14002105,-0.1336865712,-0.1444897257,1,1,17.53567193,46.68998971
5.68,17.42380819,16.66666667,35.46987581,31.13571228,-0.1329144194,-0.1436254733,1,1,17.53349937,46.84708832
5.7,17.42095282,16.66666667,35.45476153,31.13142923,-0.1321486922,-0.142768589,1,1,17.53133313,47.00439146
5.72,17.41811444,16.66666667,35.43970419,31.12717166,-0.1313893247,-0.1419189973,1,1,17.52917317,47.16189939
5.74,17.41529291,16.66666667,35.42470345,31.12293936,-0.1306362528,-0.1410766234,1,1,17.52701949,47.31961239
5.76,17.41248808,16.66666667,35.40975898,31.11873212,-0.1298894131,-0.1402413938,1,1,17.52487204,47.47753074
5.78,17.40969981,16.66666667,35.39487043,31.11454972,-0.1291487429,-0.1394132353,1,1,17.52273081,47.63565475
5.8,17.40692797,16.66666667,35.38003749,31.11039196,-0.1284141802,-0.138592076,1,1,17.52059577,47.79398471
5.82,17.40417241,16.66666667,35.36525982,31.10625862,-0.1276856636,-0.1377778443,1,1,17.51846691,47.95252093
5.84,17.40143301,16.66666667,35.3505371,31.10214951,-0.1269631325,-0.1369704698,1,1,17.51634418,48.11126372
5.86,17.39870961,16.66666667,35.335869,31.09806441,-0.1262465269,-0.1361698828,1,1,17.51422758,48.27021343
5.88,17.39600209,16.66666667,35.32125522,31.09400313,-0.1255357875,-0.1353760144,1,1,17.51211708,48.42937038
5.9,17.39331031,16.66666667,35.30669543,31.08996547,-0.1248308558,-0.1345887962,1,1,17.51001266,48.58873491
5.92,17.39063415,16.66666667,35.29218932,31.08595122,-0.1241316736,-0.133808161,1,1,17.50791429,48.74830737
5.94,17.38797347,16.66666667,35.27773657,31.0819602,-0.1234381836,-0.133034042,1,1,17.50582194,48.90808812
5.96,17.38532814,16.66666667,35.26333689,31.07799221,-0.1227503292,-0.1322663733,1,1,17.5037356,49.06807753
5.98,17.38269804,16.66666667,35.24898996,31.07404706,-0.1220680542,-0.1315050898,1,1,17.50165525,49.22827598
6,17.38008304,16.66666667,35.23469549,31.07012455,-0.1213913031,-0.1307501269,1,1,17.49958085,49.38868383
6.02,17.37748301,16.66666667,35.22045316,31.06622451,-0.1207200211,-0.130001421,1,1,17.4975124,49.54930149
6.04,17.37489783,16.66666667,35.20626268,31.06234674,-0.120054154,-0.129258909,1,1,17.49544985,49.71012934
6.06,17.37232738,16.66666667,35.19212376,31.05849107,-0.119393648,-0.1285225286,1,1,17.49339321,49.8711678
6.08,17.36977153,16.66666667,35.17803611,31.0546573,-0.1187384502,-0.1277922182,1,1,17.49134243,50.03241727
6.1,17.36723018,16.66666667,35.16399943,31.05084526,-0.118088508,-0.1270679168,1,1,17.4892975,50.19387817
6.12,17.36470318,16.66666667,35.15001342,31.04705478,-0.1174437695,-0.126349564,1,1,17.4872584,50.35555093
6.14,17.36219044,16.66666667,35.13607782,31.04328566,-0.1168041834,-0.1256371005,1,1,17.4852251,50.51743599
6.16,17.35969183,16.66666667,35.12219233,31.03953775,-0.116169699,-0.1249304671,1,1,17.48319758,50.67953378
6.18,17.35720724,16.66666667,35.10835668,31.03581086,-0.115540266,-0.1242296057,1,1,17.48117583,50.84184475
6.2,17.35473655,16.66666667,35.09457057,31.03210483,-0.1149158348,-0.1235344585,1,1,17.47915982,51.00436936
6.22,17.35227965,16.66666667,35.08083374,31.02841948,-0.1142963562,-0.1228449686,1,1,17.47714952,51.16710808
6.24,17.34983643,16.66666667,35.06714591,31.02475465,-0.1136817817,-0.1221610796,1,1,17.47514492,51.33006136
6.26,17.34740678,16.66666667,35.05350682,31.02111016,-0.1130720632,-0.1214827358,1,1,17.473146,51.49322969
6.28,17.34499058,16.66666667,35.03991618,31.01748587,-0.1124671532,-0.120809882,1,1,17.47115273,51.65661355
6.3,17.34258773,16.66666667,35.02637373,31.01388159,-0.1118670048,-0.1201424637,1,1,17.46916509,51.82021343
6.32,17.34019812,16.66666667,35.0128792,31.01029718,-0.1112715714,-0.119480427,1,1,17.46718307,51.98402984
6.34,17.33782165,16.66666667,34.99943234,31.00673247,-0.110680807,-0.1188237185,1,1,17.46520664,52.14806326
6.36,17.3354582,16.66666667,34.98603287,31.0031873,-0.1100946661,-0.1181722856,1,1,17.46323578,52.31231422
6.38,17.33310768,16.66666667,34.97268055,30.99966152,-0.1095131039,-0.117526076,1,1,17.46127047,52.47678323
6.4,17.33076998,16.66666667,34.9593751,30.99615497,-0.1089360757,-0.1168850383,1,1,17.45931069,52.64147082
6.42,17.328445,16.66666667,34.94611629,30.99266749,-0.1083635377,-0.1162491213,1,1,17.45735643,52.80637752
6.44,17.32613263,16.66666667,34.93290384,30.98919895,-0.1077954462,-0.1156182746,1,1,17.45540765,52.97150386
6.46,17.32383278,16.66666667,34.91973752,30.98574917,-0.1072317581,-0.1149924483,1,1,17.45346434,53.13685039
6.48,17.32154535,16.66666667,34.90661707,30.98231802,-0.106672431,-0.1143715931,1,1,17.45152648,53.30241766
6.5,17.31927024,16.66666667,34.89354225,30.97890535,-0.1061174227,-0.1137556601,1,1,17.44959405,53.46820623
6.52,17.31700734,16.66666667,34.88051281,30.97551102,-0.1055666915,-0.1131446011,1,1,17.44766703,53.63421666
6.54,17.31475658,16.66666667,34.8675285,30.97213487,-0.1050201961,-0.1125383684,1,1,17.44574539,53.80044952
6.56,17.31251784,16.66666667,34.85458909,30.96877676,-0.1044778959,-0.1119369146,1,1,17.44382913,53.96690538
6.58,17.31029103,16.66666667,34.84169434,30.96543655,-0.1039397505,-0.1113401931,1,1,17.44191822,54.13358484
6.6,17.30807607,16.66666667,34.828844,30.96211411,-0.1034057199,-0.1107481577,1,1,17.44001265,54.30048847
6.62,17.30587286,16.66666667,34.81603784,30.95880928,-0.1028757648,-0.1101607627,1,1,17.43811238,54.46761687
6.64,17.3036813,16.66666667,34.80327564,30.95552195,-0.102349846,-0.1095779628,1,1,17.4362174,54.63497064
6.66,17.3015013,16.66666667,34.79055714,30.95225195,-0.101827925,-0.1089997135,1,1,17.4343277,54.80255039
6.68,17.29933278,16.66666667,34.77788213,30.94899918,-0.1013099636,-0.1084259704,1,1,17.43244326,54.97035673
6.7,17.29717565,16.66666667,34.76525038,30.94576347,-0.1007959239,-0.1078566899,1,1,17.43056405,55.13839029
6.72,17.29502981,16.66666667,34.75266166,30.94254472,-0.1002857686,-0.1072918286,1,1,17.42869006,55.30665167
6.74,17.29289519,16.66666667,34.74011575,30.93934278,-0.09977946066,-0.1067313438,1,1,17.42682126,55.47514152
6.76,17.29077168,16.66666667,34.72761241,30.93615752,-0.09927696355,-0.1061751931,1,1,17.42495764,55.64386047
6.78,17.28865922,16.66666667,34.71515143,30.93298882,-0.09877824106,-0.1056233348,1,1,17.42309919,55.81280916
6.8,17.2865577,16.66666667,34.7027326,30.92983655,-0.09828325738,-0.1050757273,1,1,17.42124588,55.98198824
6.82,17.28446705,16.66666667,34.69035568,30.92670058,-0.09779197708,-0.1045323297,1,1,17.41939769,56.15139836
6.84,17.28238719,16.66666667,34.67802048,30.92358079,-0.09730436512,-0.1039931015,1,1,17.4175546,56.32104018
6.86,17.28031803,16.66666667,34.66572676,30.92047705,-0.09682038683,-0.1034580026,1,1,17.41571661,56.49091437
6.88,17.27825949,16.66666667,34.65347431,30.91738924,-0.09634000792,-0.1029269933,1,1,17.41388368,56.66102159
6.9,17.27621149,16.66666667,34.64126294,30.91431724,-0.09586319444,-0.1024000345,1,1,17.41205581,56.83136253
6.92,17.27417395,16.66666667,34.62909242,30.91126093,-0.09538991283,-0.1018770873,1,1,17.41023297,57.00193785
6.94,17.27214679,16.66666667,34.61696254,30.90822018,-0.09492012989,-0.1013581133,1,1,17.40841514,57.17274825
6.96,17.27012993,16.66666667,34.60487311,30.90519489,-0.09445381274,-0.1008430746,1,1,17.40660231,57.34379443
6.98,17.26812329,16.66666667,34.59282391,30.90218493,-0.09399092888,-0.1003319337,1,1,17.40479446,57.51507706
7,17.26612679,16.66666667,34.58081474,30.89919019,-0.09353144615,-0.0998246533,1,1,17.40299158,57.68659687
7.02,17.26414037,16.66666667,34.5688454,30.89621056,-0.09307533272,-0.09932119673,1,1,17.40119364,57.85835455
7.04,17.26216394,16.66666667,34.5569157,30.89324591,-0.09262255712,-0.09882152761,1,1,17.39940062,58.03035082
7.06,17.26019743,16.66666667,34.54502541,30.89029614,-0.09217308818,-0.09832560997,1,1,17.39761252,58.2025864
7.08,17.25824076,16.66666667,34.53317437,30.88736114,-0.0917268951,-0.09783340823,1,1,17.39582931,58.375062
7.1,17.25629386,16.66666667,34.52136235,30.88444079,-0.09128394738,-0.09734488718,1,1,17.39405098,58.54777836
7.12,17.25435666,16.66666667,34.50958918,30.88153499,-0.09084421484,-0.09686001199,1,1,17.3922775,58.72073621
7.14,17.25242909,16.66666667,34.49785466,30.87864363,-0.09040766764,-0.09637874822,1,1,17.39050887,58.89393629
7.16,17.25051107,16.66666667,34.48615859,30.8757666,-0.08997427623,-0.09590106177,1,1,17.38874506,59.06737934
7.18,17.24860253,16.66666667,34.47450079,30.87290379,-0.0895440114,-0.09542691893,1,1,17.38698607,59.24106611
7.2,17.2467034,16.66666667,34.46288106,30.8700551,-0.08911684423,-0.09495628633,1,1,17.38523186,59.41499734
7.22,17.24481362,16.66666667,34.45129922,30.86722043,-0.0886927461,-0.09448913096,1,1,17.38348243,59.58917381
7.24,17.24293311,16.66666667,34.43975509,30.86439967,-0.08827168871,-0.09402542017,1,1,17.38173775,59.76359626
7.26,17.24106181,16.66666667,34.42824847,30.86159271,-0.08785364403,-0.09356512166,1,1,17.37999782,59.93826548
7.28,17.23919964,16.66666667,34.41677919,30.85879947,-0.08743858436,-0.09310820345,1,1,17.37826261,60.11318222
7.3,17.23734655,16.66666667,34.40534706,30.85601983,-0.08702648226,-0.09265463392,1,1,17.37653211,60.28834727
7.32,17.23550246,16.66666667,34.39395191,30.8532537,-0.08661731059,-0.09220438179,1,1,17.37480631,60.4637614
7.34,17.23366732,16.66666667,34.38259354,30.85050097,-0.0862110425,-0.09175741609,1,1,17.37308518,60.63942541
7.36,17.23184104,16.66666667,34.37127179,30.84776156,-0.08580765141,-0.0913137062,1,1,17.37136871,60.81534008
7.38,17.23002358,16.66666667,34.35998648,30.84503537,-0.08540711103,-0.09087322182,1,1,17.36965689,60.99150621
7.4,17.22821486,16.66666667,34.34873743,30.84232229,-0.08500939533,-0.09043593296,1,1,17.36794969,61.16792459
7.42,17.22641482,16.66666667,34.33752447,30.83962223,-0.08461447857,-0.09000180995,1,1,17.36624711,61.34459603
7.44,17.22462341,16.66666667,34.32634742,30.83693511,-0.08422233526,-0.08957082343,1,1,17.36454913,61.52152135
7.46,17.22284055,16.66666667,34.31520611,30.83426082,-0.08383294019,-0.08914294438,1,1,17.36285572,61.69870134
7.48,17.22106618,16.66666667,34.30410038,30.83159928,-0.0834462684,-0.08871814405,1,1,17.36116689,61.87613683
7.5,17.21930026,16.66666667,34.29303004,30.82895038,-0.08306229521,-0.08829639399,1,1,17.3594826,62.05382865
7.52,17.2175427,16.66666667,34.28199495,30.82631405,-0.08268099617,-0.08787766609,1,1,17.35780285,62.2317776
7.54,17.21579346,16.66666667,34.27099492,30.8236902,-0.08230234711,-0.0874619325,1,1,17.35612761,62.40998454
7.56,17.21405248,16.66666667,34.26002979,30.82107872,-0.08192632408,-0.08704916567,1,1,17.35445688,62.58845028
7.58,17.21231969,16.66666667,34.24909941,30.81847954,-0.08155290342,-0.08663933834,1,1,17.35279064,62.76717567
7.6,17.21059505,16.66666667,34.23820359,30.81589257,-0.08118206167,-0.08623242355,1,1,17.35112887,62.94616155
7.62,17.20887848,16.66666667,34.22734219,30.81331772,-0.08081377565,-0.0858283946,1,1,17.34947156,63.12540877
7.64,17.20716993,16.66666667,34.21651504,30.8107549,-0.0804480224,-0.08542722508,1,1,17.34781869,63.30491817
7.66,17.20546936,16.66666667,34.20572198,30.80820403,-0.0800847792,-0.08502888887,1,1,17.34617026,63.48469062
7.68,17.20377669,16.66666667,34.19496285,30.80566503,-0.07972402357,-0.08463336009,1,1,17.34452623,63.66472696
7.7,17.20209188,16.66666667,34.1842375,30.80313781,-0.07936573325,-0.08424061317,1,1,17.3428866,63.84502808
7.72,17.20041486,16.66666667,34.17354577,30.80062229,-0.07900988623,-0.08385062278,1,1,17.34125136,64.02559482
7.74,17.1987456,16.66666667,34.16288749,30.79811839,-0.0786564607,-0.08346336385,1,1,17.33962049,64.20642806
7.76,17.19708402,16.66666667,34.15226253,30.79562603,-0.0783054351,-0.0830788116,1,1,17.33799397,64.38752868
7.78,17.19543008,16.66666667,34.14167072,30.79314512,-0.07795678807,-0.08269694148,1,1,17.33637179,64.56889756
7.8,17.19378373,16.66666667,34.13111192,30.79067559,-0.07761049849,-0.08231772921,1,1,17.33475393,64.75053557
7.82,17.1921449,16.66666667,34.12058597,30.78821735,-0.07726654544,-0.08194115075,1,1,17.33314039,64.93244361
7.84,17.19051356,16.66666667,34.11009272,30.78577034,-0.07692490822,-0.08156718233,1,1,17.33153114,65.11462256
7.86,17.18888964,16.66666667,34.09963202,30.78333447,-0.07658556635,-0.0811958004,1,1,17.32992618,65.29707332
7.88,17.1872731,16.66666667,34.08920372,30.78090966,-0.07624849954,-0.08082698167,1,1,17.32832548,65.47979679
7.9,17.18566389,16.66666667,34.07880769,30.77849583,-0.07591368772,-0.0804607031,1,1,17.32672904,65.66279386
7.92,17.18406195,16.66666667,34.06844376,30.77609293,-0.07558111103,-0.08009694187,1,1,17.32513683,65.84606545
7.94,17.18246724,16.66666667,34.0581118,30.77370086,-0.07525074981,-0.0797356754,1,1,17.32354886,66.02961246
7.96,17.1808797,16.66666667,34.04781167,30.77131955,-0.07492258459,-0.07937688136,1,1,17.32196509,66.2134358
7.98,17.17929929,16.66666667,34.03754321,30.76894893,-0.07459659611,-0.07902053762,1,1,17.32038552,66.39753639
8,17.17772596,16.66666667,34.02730629,30.76658894,-0.0742727653,-0.0786666223,1,1,17.31881014,66.58191515
8.02,17.17615965,16.66666667,34.01710077,30.76423948,-0.07395107328,-0.07831511374,1,1,17.31723892,66.76657301
8.04,17.17460033,16.66666667,34.0069265,30.7619005,-0.07363150137,-0.0779659905,1,1,17.31567187,66.95151088
8.06,17.17304795,16.66666667,33.99678335,30.75957193,-0.07331403108,-0.07761923137,1,1,17.31410895,67.13672971
8.08,17.17150245,16.66666667,33.98667118,30.75725368,-0.0729986441,-0.07727481535,1,1,17.31255017,67.32223042
8.1,17.1699638,16.66666667,33.97658985,30.7549457,-0.07268532231,-0.07693272165,1,1,17.3109955,67.50801395
8.12,17.16843194,16.66666667,33.96653923,30.75264791,-0.07237404777,-0.0765929297,1,1,17.30944493,67.69408125
8.14,17.16690683,16.66666667,33.95651917,30.75036025,-0.07206480273,-0.07625541915,1,1,17.30789845,67.88043325
8.16,17.16538843,16.66666667,33.94652955,30.74808264,-0.0717575696,-0.07592016983,1,1,17.30635605,68.06707091
8.18,17.16387669,16.66666667,33.93657024,30.74581503,-0.07145233099,-0.07558716181,1,1,17.30481771,68.25399517
8.2,17.16237156,16.66666667,33.92664109,30.74355734,-0.07114906967,-0.07525637535,1,1,17.30328342,68.44120699
8.22,17.160873,16.66666667,33.91674197,30.7413095,-0.0708477686,-0.07492779089,1,1,17.30175316,68.62870733
8.24,17.15938097,16.66666667,33.90687277,30.73907146,-0.07054841088,-0.07460138911,1,1,17.30022693,68.81649716
8.26,17.15789543,16.66666667,33.89703334,30.73684315,-0.07025097982,-0.07427715085,1,1,17.2987047,69.00457742
8.28,17.15641633,16.66666667,33.88722355,30.7346245,-0.06995545887,-0.07395505717,1,1,17.29718648,69.1929491
8.3,17.15494363,16.66666667,33.87744329,30.73241544,-0.06966183165,-0.07363508931,1,1,17.29567224,69.38161315
8.32,17.15347728,16.66666667,33.86769241,30.73021593,-0.06937008194,-0.07331722869,1,1,17.29416196,69.57057057
8.34,17.15201725,16.66666667,33.8579708,30.72802588,-0.06908019371,-0.07300145695,1,1,17.29265565,69.75982232
8.36,17.1505635,16.66666667,33.84827833,30.72584525,-0.06879215106,-0.07268775589,1,1,17.29115328,69.94936939
8.38,17.14911598,16.66666667,33.83861486,30.72367397,-0.06850593825,-0.07237610751,1,1,17.28965485,70.13921275
8.4,17.14767465,16.66666667,33.82898029,30.72151197,-0.06822153972,-0.07206649397,1,1,17.28816033,70.3293534
8.42,17.14623947,16.66666667,33.81937448,30.7193592,-0.06793894005,-0.07175889763,1,1,17.28666972,70.51979233
8.44,17.1448104,16.66666667,33.80979732,30.71721561,-0.06765812396,-0.07145330102,1,1,17.28518301,70.71053052
8.46,17.14338741,16.66666667,33.80024867,30.71508112,-0.06737907635,-0.07114968686,1,1,17.28370018,70.90156898
8.48,17.14197045,16.66666667,33.79072843,30.71295567,-0.06710178225,-0.07084803802,1,1,17.28222122,71.09290871
8.5,17.14055948,16.66666667,33.78123646,30.71083922,-0.06682622685,-0.07054833755,1,1,17.28074611,71.2845507
8.52,17.13915447,16.66666667,33.77177266,30.70873171,-0.06655239548,-0.0702505687,1,1,17.27927486,71.47649597
8.54,17.13775538,16.66666667,33.76233689,30.70663307,-0.06628027362,-0.06995471484,1,1,17.27780743,71.66874552
8.56,17.13636216,16.66666667,33.75292905,30.70454324,-0.06600984689,-0.06966075954,1,1,17.27634383,71.86130037
8.58,17.13497479,16.66666667,33.74354901,30.70246218,-0.06574110104,-0.06936868653,1,1,17.27488403,72.05416152
8.6,17.13359322,16.66666667,33.73419667,30.70038983,-0.065474022,-0.06907847969,1,1,17.27342803,72.24733
8.62,17.13221742,16.66666667,33.72487189,30.69832612,-0.06520859579,-0.06879012308,1,1,17.27197582,72.44080682
8.64,17.13084734,16.66666667,33.71557458,30.69627102,-0.06494480861,-0.06850360089,1,1,17.27052738,72.63459302
8.66,17.12948297,16.66666667,33.70630461,30.69422445,-0.06468264676,-0.06821889751,1,1,17.2690827,72.82868962
8.68,17.12812425,16.66666667,33.69706187,30.69218637,-0.0644220967,-0.06793599745,1,1,17.26764177,73.02309764
8.7,17.12677115,16.66666667,33.68784625,30.69015672,-0.06416314502,-0.06765488539,1,1,17.26620457,73.21781812
8.72,17.12542364,16.66666667,33.67865763,30.68813546,-0.06390577842,-0.06737554616,1,1,17.2647711,73.41285209
8.74,17.12408168,16.66666667,33.66949591,30.68612252,-0.06364998377,-0.06709796474,1,1,17.26334135,73.6082006
8.76,17.12274524,16.66666667,33.66036098,30.68411785,-0.06339574802,-0.06682212626,1,1,17.26191529,73.80386468
8.78,17.12141428,16.66666667,33.65125272,30.68212141,-0.0631430583,-0.06654801601,1,1,17.26049293,73.99984537
8.8,17.12008876,16.66666667,33.64217102,30.68013314,-0.06289190181,-0.06627561939,1,1,17.25907424,74.19614374
8.82,17.11876866,16.66666667,33.63311578,30.678153,-0.06264226593,-0.06600492198,1,1,17.25765922,74.39276081
8.84,17.11745395,16.66666667,33.62408689,30.67618092,-0.06239413813,-0.0657359095,1,1,17.25624786,74.58969765
8.86,17.11614457,16.66666667,33.61508423,30.67421686,-0.062147506,-0.06546856779,1,1,17.25484014,74.78695532
8.88,17.11484052,16.66666667,33.60610772,30.67226078,-0.06190235727,-0.06520288284,1,1,17.25343605,74.98453486
8.9,17.11354174,16.66666667,33.59715723,30.67031261,-0.06165867977,-0.0649388408,1,1,17.25203559,75.18243734
8.92,17.11224821,16.66666667,33.58823266,30.66837232,-0.06141646147,-0.06467642792,1,1,17.25063874,75.38066383
8.94,17.1109599,16.66666667,33.57933391,30.66643985,-0.06117569044,-0.0644156306,1,1,17.24924548,75.57921538
8.96,17.10967677,16.66666667,33.57046088,30.66451516,-0.06093635487,-0.06415643539,1,1,17.24785581,75.77809307
8.98,17.10839879,16.66666667,33.56161346,30.66259819,-0.06069844307,-0.06389882895,1,1,17.24646972,75.97729798
9,17.10712594,16.66666667,33.55279154,30.66068891,-0.06046194345,-0.06364279808,1,1,17.24508719,76.17683117
9.02,17.10585817,16.66666667,33.54399504,30.65878726,-0.06022684455,-0.06338832971,1,1,17.24370822,76.37669372
9.04,17.10459546,16.66666667,33.53522383,30.65689319,-0.059993135,-0.06313541089,1,1,17.24233279,76.57688671
9.06,17.10333778,16.66666667,33.52647783,30.65500667,-0.05976080356,-0.06288402882,1,1,17.2409609,76.77741122
9.08,17.1020851,16.66666667,33.51775694,30.65312765,-0.05952983908,-0.0626341708,1,1,17.23959252,76.97826835
9.1,17.10083738,16.66666667,33.50906105,30.65125607,-0.05930023054,-0.06238582426,1,1,17.23822766,77.17945917
9.12,17.0995946,16.66666667,33.50039006,30.6493919,-0.05907196699,-0.06213897677,1,1,17.2368663,77.38098478
9.14,17.09835673,16.66666667,33.49174388,30.6475351,-0.05884503763,-0.06189361598,1,1,17.23550842,77.58284627
9.16,17.09712374,16.66666667,33.48312241,30.6456856,-0.05861943174,-0.06164972972,1,1,17.23415403,77.78504473
9.18,17.09589559,16.66666667,33.47452555,30.64384339,-0.05839513869,-0.06140730588,1,1,17.2328031,77.98758127
9.2,17.09467226,16.66666667,33.4659532,30.6420084,-0.05817214797,-0.0611663325,1,1,17.23145563,78.19045699
9.22,17.09345373,16.66666667,33.45740528,30.64018059,-0.05795044917,-0.06092679774,1,1,17.2301116,78.39367298
9.24,17.09223995,16.66666667,33.44888167,30.63835993,-0.05773003198,-0.06068868985,1,1,17.22877102,78.59723036
9.26,17.09103091,16.66666667,33.4403823,30.63654637,-0.05751088617,-0.06045199722,1,1,17.22743385,78.80113023
9.28,17.08982658,16.66666667,33.43190706,30.63473987,-0.05729300164,-0.06021670834,1,1,17.2261001,79.00537371
9.3,17.08862692,16.66666667,33.42345586,30.63294039,-0.05707636836,-0.0599828118,1,1,17.22476976,79.2099619
9.32,17.08743192,16.66666667,33.4150286,30.63114788,-0.05686097639,-0.05975029633,1,1,17.22344281,79.41489593
9.34,17.08624153,16.66666667,33.4066252,30.6293623,-0.05664681592,-0.05951915073,1,1,17.22211925,79.62017692
9.36,17.08505575,16.66666667,33.39824556,30.62758362,-0.05643387721,-0.05928936395,1,1,17.22079905,79.82580598
9.38,17.08387453,16.66666667,33.38988959,30.62581179,-0.05622215059,-0.05906092501,1,1,17.21948223,80.03178424
9.4,17.08269785,16.66666667,33.3815572,30.62404678,-0.05601162653,-0.05883382306,1,1,17.21816875,80.23811282
9.42,17.08152569,16.66666667,33.3732483,30.62228854,-0.05580229556,-0.05860804733,1,1,17.21685862,80.44479286
9.44,17.08035802,16.66666667,33.36496279,30.62053703,-0.0555941483,-0.05838358719,1,1,17.21555182,80.65182549
9.46,17.07919481,16.66666667,33.3567006,30.61879222,-0.05538717546,-0.05816043208,1,1,17.21424834,80.85921184
9.48,17.07803604,16.66666667,33.34846162,30.61705406,-0.05518136785,-0.05793857155,1,1,17.21294818,81.06695305
9.5,17.07688168,16.66666667,33.34024578,30.61532252,-0.05497671635,-0.05771799525,1,1,17.21165132,81.27505025
9.52,17.07573171,16.66666667,33.33205298,30.61359756,-0.05477321194,-0.05749869294,1,1,17.21035775,81.48350459
9.54,17.07458609,16.66666667,33.32388313,30.61187914,-0.05457084568,-0.05728065446,1,1,17.20906747,81.69231721
9.56,17.07344482,16.66666667,33.31573616,30.61016722,-0.0543696087,-0.05706386976,1,1,17.20778045,81.90148926
9.58,17.07230785,16.66666667,33.30761197,30.60846177,-0.05416949224,-0.05684832887,1,1,17.20649671,82.11102189
9.6,17.07117517,16.66666667,33.29951047,30.60676275,-0.0539704876,-0.05663402194,1,1,17.20521621,82.32091624
9.62,17.07004675,16.66666667,33.29143158,30.60507012,-0.05377258618,-0.0564209392,1,1,17.20393896,82.53117348
9.64,17.06892257,16.66666667,33.28337522,30.60338385,-0.05357577943,-0.05620907096,1,1,17.20266494,82.74179476
9.66,17.0678026,16.66666667,33.2753413,30.6017039,-0.05338005892,-0.05599840763,1,1,17.20139415,82.95278124
9.68,17.06668682,16.66666667,33.26732974,30.60003023,-0.05318541627,-0.05578893974,1,1,17.20012657,83.16413407
9.7,17.06557521,16.66666667,33.25934046,30.59836281,-0.05299184318,-0.05558065786,1,1,17.1988622,83.37585443
9.72,17.06446774,16.66666667,33.25137336,30.59670161,-0.05279933144,-0.05537355268,1,1,17.19760102,83.58794347
9.74,17.06336438,16.66666667,33.24342837,30.59504658,-0.05260787291,-0.05516761498,1,1,17.19634303,83.80040237
9.76,17.06226513,16.66666667,33.23550541,30.59339769,-0.05241745952,-0.05496283562,1,1,17.19508821,84.0132323
9.78,17.06116994,16.66666667,33.22760439,30.59175492,-0.05222808329,-0.05475920553,1,1,17.19383656,84.22643444
9.8,17.06007881,16.66666667,33.21972524,30.59011821,-0.0520397363,-0.05455671575,1,1,17.19258807,84.44000995
9.82,17.0589917,16.66666667,33.21186787,30.58848755,-0.0518524107,-0.05435535739,1,1,17.19134273,84.65396001
9.84,17.0579086,16.66666667,33.2040322,30.5868629,-0.05166609874,-0.05415512166,1,1,17.19010053,84.86828581
9.86,17.05682948,16.66666667,33.19621815,30.58524422,-0.0514807927,-0.05395599983,1,1,17.18886145,85.08298853
9.88,17.05575432,16.66666667,33.18842565,30.58363148,-0.05129648497,-0.05375798326,1,1,17.1876255,85.29806935
9.9,17.0546831,16.66666667,33.18065461,30.58202465,-0.05111316799,-0.05356106339,1,1,17.18639266,85.51352947
9.92,17.05361579,16.66666667,33.17290495,30.58042369,-0.05093083426,-0.05336523176,1,1,17.18516292,85.72937007
9.94,17.05255238,16.66666667,33.1651766,30.57882858,-0.05074947638,-0.05317047996,1,1,17.18393627,85.94559234
9.96,17.05149285,16.66666667,33.15746948,30.57723927,-0.05056908699,-0.05297679967,1,1,17.18271271,86.16219748
9.98,17.05043716,16.66666667,33.14978352,30.57565575,-0.0503896588,-0.05278418266,1,1,17.18149222,86.37918669
10,17.04938531,16.66666667,33.14211862,30.57407797,-0.05021118462,-0.05259262075,1,1,17.1802748,86.59656116
10.02,17.04833727,16.66666667,33.13447473,30.57250591,-0.05003365727,-0.05240210586,1,1,17.17906043,86.81432211
10.04,17.04729302,16.66666667,33.12685176,30.57093953,-0.04985706968,-0.05221262997,1,1,17.17784911,87.03247072
10.06,17.04625253,16.66666667,33.11924964,30.5693788,-0.04968141484,-0.05202418515,1,1,17.17664083,87.25100822
10.08,17.0452158,16.66666667,33.11166829,30.5678237,-0.04950668578,-0.05183676353,1,1,17.17543558,87.4699358
10.1,17.04418279,16.66666667,33.10410764,30.56627419,-0.04933287561,-0.05165035731,1,1,17.17423336,87.68925469
10.12,17.04315349,16.66666667,33.09656761,30.56473024,-0.0491599775,-0.05146495877,1,1,17.17303414,87.90896609
10.14,17.04212788,16.66666667,33.08904813,30.56319182,-0.04898798469,-0.05128056027,1,1,17.17183793,88.12907122
10.16,17.04110594,16.66666667,33.08154912,30.56165891,-0.04881689047,-0.05109715422,1,1,17.17064471,88.34957131
10.18,17.04008764,16.66666667,33.07407052,30.56013147,-0.0486466882,-0.05091473312,1,1,17.16945448,88.57046756
10.2,17.03907298,16.66666667,33.06661225,30.55860947,-0.04847737128,-0.05073328953,1,1,17.16826722,88.79176121
10.22,17.03806192,16.66666667,33.05917423,30.55709288,-0.0483089332,-0.05055281607,1,1,17.16708294,89.01345347
10.24,17.03705446,16.66666667,33.0517564,30.55558168,-0.04814136749,-0.05037330544,1,1,17.16590161,89.23554559
10.26,17.03605056,16.66666667,33.04435868,30.55407584,-0.04797466774,-0.0501947504,1,1,17.16472324,89.45803878
10.28,17.03505022,16.66666667,33.03698101,30.55257533,-0.0478088276,-0.05001714379,1,1,17.1635478,89.68093428
10.3,17.03405341,16.66666667,33.02962331,30.55108011,-0.04764384078,-0.0498404785,1,1,17.16237531,89.90423333
10.32,17.03306011,16.66666667,33.0222855,30.54959017,-0.04747970104,-0.04966474748,1,1,17.16120573,90.12793717
10.34,17.03207031,16.66666667,33.01496753,30.54810547,-0.04731640221,-0.04948994376,1,1,17.16003908,90.35204703
10.36,17.03108399,16.66666667,33.00766932,30.54662599,-0.04715393815,-0.04931606044,1,1,17.15887533,90.57656415
10.38,17.03010113,16.66666667,33.00039081,30.5451517,-0.0469923028,-0.04914309066,1,1,17.15771449,90.80148979
10.4,17.02912171,16.66666667,32.99313191,30.54368257,-0.04683149014,-0.04897102763,1,1,17.15655654,91.02682518
10.42,17.02814571,16.66666667,32.98589257,30.54221857,-0.04667149421,-0.04879986463,1,1,17.15540147,91.25257159
10.44,17.02717312,16.66666667,32.97867272,30.54075968,-0.0465123091,-0.04862959499,1,1,17.15424927,91.47873025
10.46,17.02620392,16.66666667,32.97147228,30.53930588,-0.04635392897,-0.04846021212,1,1,17.15309995,91.70530242
10.48,17.02523808,16.66666667,32.96429119,30.53785712,-0.04619634799,-0.04829170947,1,1,17.15195348,91.93228936
10.5,17.0242756,16.66666667,32.95712939,30.5364134,-0.04603956043,-0.04812408055,1,1,17.15080986,92.15969234
10.52,17.02331645,16.66666667,32.9499868,30.53497468,-0.04588356058,-0.04795731894,1,1,17.14966909,92.3875126
10.54,17.02236063,16.66666667,32.94286336,30.53354094,-0.0457283428,-0.04779141827,1,1,17.14853115,92.61575141
10.56,17.0214081,16.66666667,32.93575901,30.53211215,-0.04557390147,-0.04762637224,1,1,17.14739604,92.84441004
10.58,17.02045886,16.66666667,32.92867367,30.53068828,-0.04542023106,-0.04746217457,1,1,17.14626374,93.07348977
10.6,17.01951288,16.66666667,32.92160729,30.52926932,-0.04526732606,-0.04729881909,1,1,17.14513426,93.30299184
10.62,17.01857015,16.66666667,32.91455979,30.52785523,-0.04511518102,-0.04713629965,1,1,17.14400758,93.53291755
10.64,17.01763066,16.66666667,32.90753112,30.52644599,-0.04496379054,-0.04697461016,1,1,17.14288369,93.76326817
10.66,17.01669439,16.66666667,32.9005212,30.52504158,-0.04481314926,-0.04681374459,1,1,17.14176259,93.99404497
10.68,17.01576131,16.66666667,32.89352998,30.52364197,-0.04466325186,-0.04665369696,1,1,17.14064427,94.22524923
10.7,17.01483142,16.66666667,32.88655738,30.52224713,-0.0445140931,-0.04649446136,1,1,17.13952872,94.45688224
10.72,17.0139047,16.66666667,32.87960335,30.52085705,-0.04436566774,-0.0463360319,1,1,17.13841593,94.68894528
10.74,17.01298113,16.66666667,32.87266783,30.5194717,-0.04421797063,-0.04617840276,1,1,17.13730589,94.92143964
10.76,17.0120607,16.66666667,32.86575074,30.51809105,-0.04407099663,-0.04602156819,1,1,17.1361986,95.1543666
10.78,17.01114339,16.66666667,32.85885204,30.51671509,-0.04392474067,-0.04586552247,1,1,17.13509406,95.38772747
10.8,17.01022919,16.66666667,32.85197164,30.51534378,-0.04377919771,-0.04571025992,1,1,17.13399224,95.62152353
10.82,17.00931807,16.66666667,32.84510951,30.51397711,-0.04363436276,-0.04555577495,1,1,17.13289315,95.85575608
10.84,17.00841003,16.66666667,32.83826556,30.51261505,-0.04349023087,-0.04540206197,1,1,17.13179677,96.09042642
10.86,17.00750505,16.66666667,32.83143974,30.51125757,-0.04334679714,-0.04524911548,1,1,17.1307031,96.32553586
10.88,17.00660311,16.66666667,32.82463199,30.50990466,-0.04320405669,-0.04509693002,1,1,17.12961213,96.56108568
10.9,17.0057042,16.66666667,32.81784225,30.5085563,-0.04306200472,-0.04494550015,1,1,17.12852386,96.79707721
10.92,17.0048083,16.66666667,32.81107046,30.50721245,-0.04292063645,-0.04479482052,1,1,17.12743827,97.03351175
10.94,17.00391541,16.66666667,32.80431656,30.50587311,-0.04277994713,-0.04464488579,1,1,17.12635536,97.27039062
10.96,17.00302549,16.66666667,32.79758048,30.50453824,-0.04263993208,-0.0444956907,1,1,17.12527512,97.50771511
10.98,17.00213855,16.66666667,32.79086217,30.50320782,-0.04250058664,-0.04434723001,1,1,17.12419754,97.74548656
11,17.00125456,16.66666667,32.78416158,30.50188184,-0.04236190618,-0.04419949854,1,1,17.12312261,97.98370627
11.02,17.00037351,16.66666667,32.77747863,30.50056026,-0.04222388615,-0.04405249115,1,1,17.12205034,98.22237558
11.04,16.99949538,16.66666667,32.77081327,30.49924307,-0.042086522,-0.04390620275,1,1,17.12098071,98.4614958
11.06,16.99862017,16.66666667,32.76416545,30.49793026,-0.04194980923,-0.04376062829,1,1,17.11991371,98.70106825
11.08,16.99774786,16.66666667,32.7575351,30.49662178,-0.0418137434,-0.04361576277,1,1,17.11884933,98.94109428
11.1,16.99687842,16.66666667,32.75092217,30.49531764,-0.04167832007,-0.04347160122,1,1,17.11778757,99.18157519
11.12,16.99601186,16.66666667,32.74432661,30.49401779,-0.04154353487,-0.04332813872,1,1,17.11672843,99.42251234
11.14,16.99514815,16.66666667,32.73774834,30.49272223,-0.04140938345,-0.04318537042,1,1,17.11567189,99.66390705
11.16,16.99428729,16.66666667,32.73118732,30.49143093,-0.04127586152,-0.04304329146,1,1,17.11461794,99.90576067
11.18,16.99342925,16.66666667,32.72464349,30.49014387,-0.04114296478,-0.04290189706,1,1,17.11356659,100.1480745
11.2,16.99257403,16.66666667,32.71811679,30.48886104,-0.04101068903,-0.04276118248,1,1,17.11251782,100.39085
11.22,16.9917216,16.66666667,32.71160716,30.4875824,-0.04087903004,-0.04262114301,1,1,17.11147162,100.6340883
11.24,16.99087197,16.66666667,32.70511456,30.48630795,-0.04074798368,-0.04248177397,1,1,17.11042799,100.877791
11.26,16.99002511,16.66666667,32.69863892,30.48503766,-0.0406175458,-0.04234307074,1,1,17.10938692,101.1219592
11.28,16.98918101,16.66666667,32.6921802,30.48377151,-0.04048771232,-0.04220502875,1,1,17.1083484,101.3665945
11.3,16.98833965,16.66666667,32.68573832,30.48250948,-0.04035847918,-0.04206764343,1,1,17.10731244,101.6116981
11.32,16.98750103,16.66666667,32.67931325,30.48125155,-0.04022984235,-0.04193091029,1,1,17.10627901,101.8572714
11.34,16.98666514,16.66666667,32.67290492,30.47999771,-0.04010179786,-0.04179482486,1,1,17.10524811,102.1033157
11.36,16.98583195,16.66666667,32.66651328,30.47874793,-0.03997434175,-0.0416593827,1,1,17.10421974,102.3498324
11.38,16.98500146,16.66666667,32.66013828,30.47750219,-0.03984747009,-0.04152457942,1,1,17.10319389,102.5968229
11.4,16.98417365,16.66666667,32.65377986,30.47626048,-0.03972117901,-0.04139041068,1,1,17.10217054,102.8442886
11.42,16.98334851,16.66666667,32.64743798,30.47502277,-0.03959546463,-0.04125687214,1,1,17.10114971,103.0922308
11.44,16.98252603,16.66666667,32.64111256,30.47378905,-0.03947032314,-0.04112395954,1,1,17.10013137,103.3406508
11.46,16.9817062,16.66666667,32.63480357,30.4725593,-0.03934575076,-0.04099166863,1,1,17.09911552,103.5895501
11.48,16.980889,16.66666667,32.62851096,30.4713335,-0.03922174372,-0.0408599952,1,1,17.09810216,103.8389301
11.5,16.98007442,16.66666667,32.62223466,30.47011163,-0.03909829829,-0.04072893508,1,1,17.09709127,104.0887921
11.52,16.97926245,16.66666667,32.61597462,30.46889368,-0.03897541078,-0.04059848414,1,1,17.09608285,104.3391374
11.54,16.97845308,16.66666667,32.6097308,30.46767962,-0.03885307752,-0.04046863827,1,1,17.0950769,104.5899676
11.56,16.97764629,16.66666667,32.60350314,30.46646944,-0.03873129489,-0.04033939341,1,1,17.09407341,104.8412839
11.58,16.97684208,16.66666667,32.59729159,30.46526311,-0.03861005927,-0.04021074553,1,1,17.09307236,105.0930878
11.6,16.97604042,16.66666667,32.5910961,30.46406063,-0.03848936709,-0.04008269063,1,1,17.09207376,105.3453806
11.62,16.97524132,16.66666667,32.58491661,30.46286198,-0.03836921481,-0.03995522474,1,1,17.09107759,105.5981638
11.64,16.97444475,16.66666667,32.57875308,30.46166713,-0.03824959891,-0.03982834395,1,1,17.09008386,105.8514388
11.66,16.97365071,16.66666667,32.57260546,30.46047607,-0.0381305159,-0.03970204435,1,1,17.08909255,106.1052068
11.68,16.97285918,16.66666667,32.5664737,30.45928878,-0.03801196234,-0.03957632207,1,1,17.08810365,106.3594695
11.7,16.97207016,16.66666667,32.56035774,30.45810524,-0.03789393479,-0.03945117329,1,1,17.08711717,106.614228
11.72,16.97128363,16.66666667,32.55425753,30.45692544,-0.03777642985,-0.03932659421,1,1,17.08613308,106.8694839
11.74,16.97049958,16.66666667,32.54817303,30.45574937,-0.03765944415,-0.03920258106,1,1,17.0851514,107.1252386
11.76,16.96971799,16.66666667,32.54210419,30.45457699,-0.03754297434,-0.03907913011,1,1,17.08417211,107.3814935
11.78,16.96893887,16.66666667,32.53605096,30.4534083,-0.03742701712,-0.03895623765,1,1,17.0831952,107.63825
11.8,16.96816219,16.66666667,32.53001328,30.45224329,-0.03731156918,-0.0388339,1,1,17.08222066,107.8955095
11.82,16.96738795,16.66666667,32.52399111,30.45108192,-0.03719662728,-0.03871211354,1,1,17.0812485,108.1532734
11.84,16.96661613,16.66666667,32.5179844,30.4499242,-0.03708218817,-0.03859087464,1,1,17.08027871,108.4115432
11.86,16.96584673,16.66666667,32.51199311,30.44877009,-0.03696824864,-0.03847017972,1,1,17.07931127,108.6703202
11.88,16.96507973,16.66666667,32.50601718,30.44761959,-0.03685480552,-0.03835002523,1,1,17.07834618,108.929606
11.9,16.96431512,16.66666667,32.50005656,30.44647268,-0.03674185564,-0.03823040766,1,1,17.07738344,109.1894019
11.92,16.96355289,16.66666667,32.49411121,30.44532934,-0.03662939588,-0.0381113235,1,1,17.07642304,109.4497094
11.94,16.96279304,16.66666667,32.48818109,30.44418956,-0.03651742312,-0.03799276929,1,1,17.07546497,109.7105299
11.96,16.96203554,16.66666667,32.48226614,30.44305331,-0.0364059343,-0.03787474159,1,1,17.07450923,109.9718648
11.98,16.9612804,16.66666667,32.47636631,30.4419206,-0.03629492635,-0.03775723701,1,1,17.07355581,110.2337156
12,16.96052759,16.66666667,32.47048156,30.44079139,-0.03618439625,-0.03764025216,1,1,17.0726047,110.4960838
12.02,16.95977712,16.66666667,32.46461185,30.43966568,-0.03607434099,-0.03752378369,1,1,17.0716559,110.7589707
12.04,16.95902896,16.66666667,32.45875712,30.43854344,-0.03596475759,-0.03740782827,1,1,17.0707094,111.0223779
12.06,16.95828311,16.66666667,32.45291733,30.43742467,-0.03585564308,-0.03729238261,1,1,17.0697652,111.2863067
12.08,16.95753956,16.66666667,32.44709244,30.43630935,-0.03574699455,-0.03717744345,1,1,17.06882329,111.5507587
12.1,16.9567983,16.66666667,32.4412824,30.43519746,-0.03563880908,-0.03706300754,1,1,17.06788365,111.8157353
12.12,16.95605932,16.66666667,32.43548715,30.43408898,-0.03553108378,-0.03694907166,1,1,17.0669463,112.0812379
12.14,16.95532261,16.66666667,32.42970667,30.43298392,-0.03542381579,-0.03683563263,1,1,17.06601122,112.3472681
12.16,16.95458816,16.66666667,32.42394089,30.43188223,-0.03531700227,-0.03672268728,1,1,17.0650784,112.6138272
12.18,16.95385595,16.66666667,32.41818978,30.43078393,-0.03521064041,-0.03661023248,1,1,17.06414784,112.8809167
12.2,16.95312599,16.66666667,32.4124533,30.42968898,-0.0351047274,-0.03649826512,1,1,17.06321953,113.1485382
12.22,16.95239825,16.66666667,32.40673139,30.42859738,-0.03499926049,-0.0363867821,1,1,17.06229347,113.4166931
12.24,16.95167274,16.66666667,32.40102401,30.4275091,-0.03489423691,-0.03627578037,1,1,17.06136965,113.6853828
12.26,16.95094943,16.66666667,32.39533113,30.42642415,-0.03478965395,-0.03616525689,1,1,17.06044806,113.9546089
12.28,16.95022833,16.66666667,32.38965268,30.42534249,-0.03468550889,-0.03605520866,1,1,17.05952871,114.2243728
12.3,16.94950941,16.66666667,32.38398864,30.42426412,-0.03458179905,-0.03594563268,1,1,17.05861157,114.494676
12.32,16.94879268,16.66666667,32.37833895,30.42318902,-0.03447852176,-0.03583652599,1,1,17.05769665,114.76552
12.34,16.94807813,16.66666667,32.37270357,30.42211719,-0.0343756744,-0.03572788565,1,1,17.05678394,115.0369063
12.36,16.94736573,16.66666667,32.36708247,30.4210486,-0.03427325432,-0.03561970875,1,1,17.05587344,115.3088364
12.38,16.94665549,16.66666667,32.36147559,30.41998324,-0.03417125894,-0.03551199239,1,1,17.05496514,115.5813117
12.4,16.9459474,16.66666667,32.35588289,30.41892109,-0.03406968568,-0.03540473372,1,1,17.05405903,115.8543338
12.42,16.94524144,16.66666667,32.35030434,30.41786216,-0.03396853197,-0.03529792988,1,1,17.0531551,116.1279042
12.44,16.94453761,16.66666667,32.34473988,30.41680641,-0.03386779529,-0.03519157804,1,1,17.05225336,116.4020244
12.46,16.94383589,16.66666667,32.33918948,30.41575384,-0.03376747309,-0.03508567542,1,1,17.0513538,116.6766958
12.48,16.94313629,16.66666667,32.33365309,30.41470443,-0.0336675629,-0.03498021924,1,1,17.0504564,116.9519201
12.5,16.94243878,16.66666667,32.32813068,30.41365818,-0.03356806223,-0.03487520673,1,1,17.04956117,117.2276986
12.52,16.94174337,16.66666667,32.32262219,30.41261506,-0.03346896861,-0.03477063517,1,1,17.04866809,117.5040329
12.54,16.94105004,16.66666667,32.31712759,30.41157506,-0.03337027962,-0.03466650184,1,1,17.04777717,117.7809246
12.56,16.94035879,16.66666667,32.31164683,30.41053818,-0.03327199282,-0.03456280407,1,1,17.0468884,118.0583752
12.58,16.93966959,16.66666667,32.30617988,30.40950439,-0.03317410582,-0.03445953917,1,1,17.04600176,118.3363861
12.6,16.93898246,16.66666667,32.30072669,30.40847369,-0.03307661623,-0.0343567045,1,1,17.04511727,118.6149589
12.62,16.93829737,16.66666667,32.29528723,30.40744606,-0.03297952169,-0.03425429744,1,1,17.0442349,118.8940951
12.64,16.93761433,16.66666667,32.28986144,30.40642149,-0.03288281984,-0.03415231538,1,1,17.04335466,119.1737964
12.66,16.93693331,16.66666667,32.2844493,30.40539997,-0.03278650837,-0.03405075574,1,1,17.04247653,119.4540641
12.68,16.93625432,16.66666667,32.27905076,30.40438148,-0.03269058496,-0.03394961595,1,1,17.04160052,119.7348998
12.7,16.93557734,16.66666667,32.27366578,30.40336601,-0.03259504731,-0.03384889347,1,1,17.04072662,120.0163051
12.72,16.93490237,16.66666667,32.26829431,30.40235356,-0.03249989316,-0.03374858577,1,1,17.03985482,120.2982816
12.74,16.9342294,16.66666667,32.26293633,30.4013441,-0.03240512024,-0.03364869037,1,1,17.03898511,120.5808307
12.76,16.93355841,16.66666667,32.25759178,30.40033762,-0.03231072633,-0.03354920476,1,1,17.0381175,120.863954
12.78,16.93288941,16.66666667,32.25226064,30.39933412,-0.03221670918,-0.03345012648,1,1,17.03725197,121.147653
12.8,16.93222238,16.66666667,32.24694285,30.39833357,-0.03212306661,-0.0333514531,1,1,17.03638852,121.4319294
12.82,16.93155732,16.66666667,32.24163839,30.39733598,-0.03202979642,-0.03325318218,1,1,17.03552715,121.7167847
12.84,16.93089421,16.66666667,32.23634721,30.39634132,-0.03193689643,-0.03315531132,1,1,17.03466784,122.0022204
12.86,16.93023306,16.66666667,32.23106927,30.39534958,-0.0318443645,-0.03305783813,1,1,17.0338106,122.2882381
12.88,16.92957384,16.66666667,32.22580453,30.39436076,-0.03175219849,-0.03296076024,1,1,17.03295542,122.5748394
12.9,16.92891656,16.66666667,32.22055296,30.39337484,-0.03166039628,-0.0328640753,1,1,17.03210229,122.8620258
12.92,16.9282612,16.66666667,32.21531452,30.3923918,-0.03156895575,-0.03276778098,1,1,17.03125121,123.1497989
12.94,16.92760777,16.66666667,32.21008916,30.39141165,-0.03147787483,-0.03267187496,1,1,17.03040217,123.4381603
12.96,16.92695624,16.66666667,32.20487685,30.39043436,-0.03138715143,-0.03257635495,1,1,17.02955517,123.7271116
12.98,16.92630661,16.66666667,32.19967756,30.38945992,-0.0312967835,-0.03248121867,1,1,17.02871019,124.0166543
13,16.92565888,16.66666667,32.19449124,30.38848833,-0.031206769,-0.03238646385,1,1,17.02786725,124.30679
13.02,16.92501304,16.66666667,32.18931785,30.38751956,-0.0311171059,-0.03229208827,1,1,17.02702632,124.5975203
13.04,16.92436908,16.66666667,32.18415736,30.38655362,-0.03102779219,-0.03219808968,1,1,17.02618742,124.8888469
13.06,16.92372699,16.66666667,32.17900974,30.38559049,-0.03093882588,-0.03210446588,1,1,17.02535052,125.1807712
13.08,16.92308677,16.66666667,32.17387493,30.38463015,-0.03085020497,-0.03201121468,1,1,17.02451562,125.473295
13.1,16.9224484,16.66666667,32.16875291,30.3836726,-0.03076192752,-0.0319183339,1,1,17.02368273,125.7664197
13.12,16.92181188,16.66666667,32.16364364,30.38271783,-0.03067399156,-0.03182582139,1,1,17.02285183,126.060147
13.14,16.92117721,16.66666667,32.15854709,30.38176582,-0.03058639516,-0.031733675,1,1,17.02202292,126.3544786
13.16,16.92054437,16.66666667,32.1534632,30.38081656,-0.0304991364,-0.03164189262,1,1,17.021196,126.6494159
13.18,16.91991336,16.66666667,32.14839196,30.37987005,-0.03041221337,-0.03155047212,1,1,17.02037105,126.9449607
13.2,16.91928418,16.66666667,32.14333332,30.37892626,-0.03032562418,-0.03145941142,1,1,17.01954808,127.2411145
13.22,16.9186568,16.66666667,32.13828724,30.3779852,-0.03023936695,-0.03136870844,1,1,17.01872707,127.5378789
13.24,16.91803123,16.66666667,32.13325369,30.37704685,-0.03015343981,-0.03127836112,1,1,17.01790804,127.8352556
13.26,16.91740747,16.66666667,32.12823264,30.3761112,-0.03006784092,-0.03118836742,1,1,17.01709095,128.1332462
13.28,16.91678549,16.66666667,32.12322404,30.37517824,-0.02998256844,-0.0310987253,1,1,17.01627583,128.4318524
13.3,16.9161653,16.66666667,32.11822787,30.37424796,-0.02989762054,-0.03100943275,1,1,17.01546265,128.7310757
13.32,16.91554689,16.66666667,32.11324408,30.37332034,-0.02981299542,-0.03092048777,1,1,17.01465141,129.0309177
13.34,16.91493026,16.66666667,32.10827264,30.37239538,-0.02972869128,-0.03083188838,1,1,17.01384212,129.3313802
13.36,16.91431538,16.66666667,32.10331352,30.37147307,-0.02964470633,-0.03074363262,1,1,17.01303476,129.6324648
13.38,16.91370227,16.66666667,32.09836668,30.3705534,-0.02956103881,-0.03065571851,1,1,17.01222932,129.9341731
13.4,16.91309091,16.66666667,32.09343208,30.36963636,-0.02947768696,-0.03056814414,1,1,17.01142581,130.2365067
13.42,16.91248129,16.66666667,32.08850969,30.36872193,-0.02939464903,-0.03048090756,1,1,17.01062422,130.5394673
13.44,16.91187341,16.66666667,32.08359948,30.36781011,-0.0293119233,-0.03039400688,1,1,17.00982454,130.8430566
13.46,16.91126726,16.66666667,32.0787014,30.36690089,-0.02922950806,-0.03030744019,1,1,17.00902677,131.1472762
13.48,16.91066283,16.66666667,32.07381544,30.36599425,-0.02914740158,-0.03022120562,1,1,17.0082309,131.4521277
13.5,16.91006013,16.66666667,32.06894154,30.36509019,-0.02906560219,-0.0301353013,1,1,17.00743694,131.7576129
13.52,16.90945913,16.66666667,32.06407968,30.3641887,-0.02898410819,-0.03004972537,1,1,17.00664486,132.0637333
13.54,16.90885984,16.66666667,32.05922982,30.36328977,-0.02890291793,-0.029964476,1,1,17.00585468,132.3704907
13.56,16.90826225,16.66666667,32.05439194,30.36239338,-0.02882202975,-0.02987955135,1,1,17.00506638,132.6778868
13.58,16.90766635,16.66666667,32.04956598,30.36149953,-0.028741442,-0.02979494962,1,1,17.00427996,132.9859232
13.6,16.90707214,16.66666667,32.04475193,30.36060821,-0.02866115305,-0.02971066901,1,1,17.00349541,133.2946015
13.62,16.90647961,16.66666667,32.03994975,30.35971941,-0.02858116129,-0.02962670774,1,1,17.00271273,133.6039235
13.64,16.90588875,16.66666667,32.0351594,30.35883312,-0.0285014651,-0.02954306402,1,1,17.00193192,133.9138909
13.66,16.90529955,16.66666667,32.03038085,30.35794933,-0.02842206289,-0.02945973611,1,1,17.00115297,134.2245053
13.68,16.90471202,16.66666667,32.02561406,30.35706802,-0.02834295307,-0.02937672225,1,1,17.00037587,134.5357684
13.7,16.90412614,16.66666667,32.02085902,30.3561892,-0.02826413408,-0.02929402071,1,1,16.99960063,134.8476819
13.72,16.9035419,16.66666667,32.01611567,30.35531286,-0.02818560434,-0.02921162978,1,1,16.99882723,135.1602476
13.74,16.90295931,16.66666667,32.01138399,30.35443897,-0.02810736232,-0.02912954775,1,1,16.99805567,135.473467
13.76,16.90237836,16.66666667,32.00666395,30.35356754,-0.02802940647,-0.02904777291,1,1,16.99728595,135.787342
13.78,16.90179903,16.66666667,32.00195551,30.35269855,-0.02795173526,-0.0289663036,1,1,16.99651806,136.1018743
13.8,16.90122133,16.66666667,31.99725864,30.35183199,-0.02787434717,-0.02888513813,1,1,16.995752,136.4170654
13.82,16.90064524,16.66666667,31.9925733,30.35096786,-0.02779724071,-0.02880427485,1,1,16.99498775,136.7329173
13.84,16.90007077,16.66666667,31.98789948,30.35010615,-0.02772041437,-0.02872371212,1,1,16.99422533,137.0494315
13.86,16.8994979,16.66666667,31.98323712,30.34924685,-0.02764386667,-0.0286434483,1,1,16.99346472,137.3666098
13.88,16.89892663,16.66666667,31.97858621,30.34838995,-0.02756759614,-0.02856348177,1,1,16.99270592,137.6844539
13.9,16.89835695,16.66666667,31.97394671,30.34753543,-0.02749160132,-0.02848381092,1,1,16.99194892,138.0029655
13.92,16.89778887,16.66666667,31.96931858,30.3466833,-0.02741588074,-0.02840443415,1,1,16.99119372,138.3221465
13.94,16.89722236,16.66666667,31.96470181,30.34583354,-0.02734043297,-0.02832534988,1,1,16.99044032,138.6419984
13.96,16.89665743,16.66666667,31.96009634,30.34498614,-0.02726525658,-0.02824655653,1,1,16.98968871,138.9625231
13.98,16.89609407,16.66666667,31.95550216,30.3441411,-0.02719035014,-0.02816805253,1,1,16.98893888,139.2837223
14,16.89553227,16.66666667,31.95091923,30.3432984,-0.02711571224,-0.02808983634,1,1,16.98819083,139.6055977
14.02,16.89497203,16.66666667,31.94634752,30.34245805,-0.02704134149,-0.02801190641,1,1,16.98744456,139.9281511
14.04,16.89441335,16.66666667,31.941787,30.34162002,-0.02696723648,-0.02793426122,1,1,16.98670006,140.2513842
14.06,16.89385621,16.66666667,31.93723764,30.34078431,-0.02689339584,-0.02785689924,1,1,16.98595733,140.5752988
14.08,16.89330061,16.66666667,31.9326994,30.33995092,-0.0268198182,-0.02777981897,1,1,16.98521636,140.8998966
14.1,16.89274655,16.66666667,31.92817226,30.33911983,-0.02674650218,-0.02770301891,1,1,16.98447715,141.2251795
14.12,16.89219402,16.66666667,31.92365619,30.33829103,-0.02667344645,-0.02762649757,1,1,16.9837397,141.5511491
14.14,16.89164302,16.66666667,31.91915115,30.33746452,-0.02660064965,-0.02755025348,1,1,16.98300399,141.8778073
14.16,16.89109353,16.66666667,31.91465712,30.3366403,-0.02652811045,-0.02747428517,1,1,16.98227003,142.2051558
14.18,16.89054556,16.66666667,31.91017407,30.33581834,-0.02645582753,-0.02739859119,1,1,16.98153781,142.5331964
14.2,16.8899991,16.66666667,31.90570195,30.33499864,-0.02638379957,-0.0273231701,1,1,16.98080733,142.8619308
14.22,16.88945413,16.66666667,31.90124075,30.3341812,-0.02631202527,-0.02724802046,1,1,16.98007858,143.1913609
14.24,16.88891067,16.66666667,31.89679044,30.33336601,-0.02624050332,-0.02717314084,1,1,16.97935155,143.5214885
14.26,16.8883687,16.66666667,31.89235098,30.33255305,-0.02616923245,-0.02709852984,1,1,16.97862625,143.8523152
14.28,16.88782822,16.66666667,31.88792234,30.33174233,-0.02609821137,-0.02702418605,1,1,16.97790267,144.183843
14.3,16.88728922,16.66666667,31.8835045,30.33093382,-0.0260274388,-0.02695010808,1,1,16.9771808,144.5160736
14.32,16.88675169,16.66666667,31.87909743,30.33012753,-0.0259569135,-0.02687629453,1,1,16.97646064,144.8490088
14.34,16.88621563,16.66666667,31.87470109,30.32932345,-0.02588663421,-0.02680274405,1,1,16.97574219,145.1826505
14.36,16.88568105,16.66666667,31.87031545,30.32852157,-0.02581659968,-0.02672945526,1,1,16.97502544,145.5170003
14.38,16.88514792,16.66666667,31.8659405,30.32772188,-0.02574680868,-0.02665642682,1,1,16.97431039,145.8520602
14.4,16.88461624,16.66666667,31.86157619,30.32692437,-0.02567725998,-0.02658365737,1,1,16.97359703,146.187832
14.42,16.88408602,16.66666667,31.8572225,30.32612903,-0.02560795237,-0.02651114558,1,1,16.97288536,146.5243175
14.44,16.88355724,16.66666667,31.8528794,30.32533586,-0.02553888463,-0.02643889012,1,1,16.97217537,146.8615184
14.46,16.88302991,16.66666667,31.84854686,30.32454486,-0.02547005556,-0.02636688968,1,1,16.97146707,147.1994367
14.48,16.882504,16.66666667,31.84422485,30.323756,-0.02540146397,-0.02629514295,1,1,16.97076044,147.5380741
14.5,16.88197953,16.66666667,31.83991335,30.32296929,-0.02533310868,-0.02622364863,1,1,16.97005548,147.8774325
14.52,16.88145648,16.66666667,31.83561233,30.32218472,-0.0252649885,-0.02615240543,1,1,16.96935219,148.2175137
14.54,16.88093485,16.66666667,31.83132175,30.32140228,-0.02519710227,-0.02608141208,1,1,16.96865056,148.5583196
14.56,16.88041464,16.66666667,31.82704158,30.32062196,-0.02512944883,-0.02601066729,1,1,16.96795059,148.899852
14.58,16.87989584,16.66666667,31.82277181,30.31984375,-0.02506202703,-0.02594016982,1,1,16.96725228,149.2421128
14.6,16.87937844,16.66666667,31.8185124,30.31906766,-0.02499483571,-0.02586991839,1,1,16.96655562,149.5851038
14.62,16.87886244,16.66666667,31.81426333,30.31829366,-0.02492787375,-0.02579991178,1,1,16.9658606,149.9288268
14.64,16.87834784,16.66666667,31.81002456,30.31752176,-0.02486114001,-0.02573014874,1,1,16.96516723,150.2732837
14.66,16.87783462,16.66666667,31.80579607,30.31675194,-0.02479463337,-0.02566062804,1,1,16.96447549,150.6184765
14.68,16.8773228,16.66666667,31.80157783,30.3159842,-0.02472835271,-0.02559134846,1,1,16.96378539,150.9644069
14.7,16.87681235,16.66666667,31.79736981,30.31521853,-0.02466229694,-0.0255223088,1,1,16.96309692,151.3110768
14.72,16.87630328,16.66666667,31.79317199,30.31445492,-0.02459646495,-0.02545350786,1,1,16.96241008,151.6584881
14.74,16.87579558,16.66666667,31.78898433,30.31369337,-0.02453085564,-0.02538494442,1,1,16.96172486,152.0066427
14.76,16.87528925,16.66666667,31.78480682,30.31293387,-0.02446546795,-0.02531661732,1,1,16.96104125,152.3555424
14.78,16.87478428,16.66666667,31.78063941,30.31217642,-0.02440030077,-0.02524852537,1,1,16.96035927,152.7051892
14.8,16.87428067,16.66666667,31.7764821,30.311421,-0.02433535306,-0.0251806674,1,1,16.95967889,153.0555849
14.82,16.87377841,16.66666667,31.77233484,30.31066761,-0.02427062373,-0.02511304226,1,1,16.95900011,153.4067315
14.84,16.87327749,16.66666667,31.76819761,30.30991624,-0.02420611175,-0.02504564877,1,1,16.95832294,153.7586307
14.86,16.87277792,16.66666667,31.76407039,30.30916688,-0.02414181606,-0.02497848581,1,1,16.95764737,154.1112846
14.88,16.87227969,16.66666667,31.75995315,30.30841954,-0.02407773561,-0.02491155223,1,1,16.95697339,154.464695
14.9,16.87178279,16.66666667,31.75584586,30.30767419,-0.02401386938,-0.0248448469,1,1,16.956301,154.8188639
14.92,16.87128723,16.66666667,31.75174849,30.30693084,-0.02395021633,-0.0247783687,1,1,16.9556302,155.1737931
14.94,16.87079298,16.66666667,31.74766102,30.30618948,-0.02388677545,-0.02471211651,1,1,16.95496098,155.5294845
14.96,16.87030006,16.66666667,31.74358343,30.30545009,-0.02382354572,-0.02464608923,1,1,16.95429333,155.8859402
14.98,16.86980846,16.66666667,31.73951567,30.30471269,-0.02376052613,-0.02458028575,1,1,16.95362726,156.2431619
15,16.86931816,16.66666667,31.73545774,30.30397724,-0.02369771568,-0.02451470498,1,1,16.95296277,156.6011517
15.02,16.86882918,16.66666667,31.7314096,30.30324376,-0.02363511338,-0.02444934583,1,1,16.95229983,156.9599115
15.04,16.86834149,16.66666667,31.72737123,30.30251224,-0.02357271825,-0.02438420724,1,1,16.95163846,157.3194431
15.06,16.86785511,16.66666667,31.7233426,30.30178266,-0.02351052929,-0.02431928812,1,1,16.95097865,157.6797487
15.08,16.86737001,16.66666667,31.71932368,30.30105502,-0.02344854553,-0.02425458741,1,1,16.9503204,158.04083
15.1,16.86688621,16.66666667,31.71531445,30.30032932,-0.02338676601,-0.02419010406,1,1,16.94966369,158.402689
15.12,16.8664037,16.66666667,31.71131488,30.29960554,-0.02332518977,-0.02412583702,1,1,16.94900853,158.7653277
15.14,16.86592246,16.66666667,31.70732495,30.29888369,-0.02326381584,-0.02406178524,1,1,16.94835492,159.1287481
15.16,16.8654425,16.66666667,31.70334464,30.29816375,-0.02320264328,-0.02399794769,1,1,16.94770284,159.4929521
15.18,16.86496381,16.66666667,31.69937391,30.29744572,-0.02314167115,-0.02393432333,1,1,16.9470523,159.8579417
15.2,16.8644864,16.66666667,31.69541274,30.29672959,-0.02308089851,-0.02387091116,1,1,16.9464033,160.2237188
15.22,16.86401024,16.66666667,31.69146111,30.29601536,-0.02302032443,-0.02380771015,1,1,16.94575582,160.5902854
15.24,16.86353535,16.66666667,31.68751898,30.29530302,-0.02295994798,-0.02374471929,1,1,16.94510986,160.9576435
15.26,16.86306171,16.66666667,31.68358635,30.29459256,-0.02289976824,-0.02368193758,1,1,16.94446542,161.325795
15.28,16.86258932,16.66666667,31.67966317,30.29388398,-0.02283978431,-0.02361936404,1,1,16.9438225,161.694742
15.3,16.86211818,16.66666667,31.67574943,30.29317727,-0.02277999527,-0.02355699766,1,1,16.9431811,162.0644865
15.32,16.86164829,16.66666667,31.6718451,30.29247243,-0.02272040022,-0.02349483747,1,1,16.9425412,162.4350303
15.34,16.86117963,16.66666667,31.66795015,30.29176944,-0.02266099827,-0.02343288249,1,1,16.94190281,162.8063756
15.36,16.8607122,16.66666667,31.66406457,30.29106831,-0.02260178853,-0.02337113175,1,1,16.94126592,163.1785244
15.38,16.86024601,16.66666667,31.66018832,30.29036902,-0.02254277012,-0.02330958429,1,1,16.94063053,163.5514785
15.4,16.85978105,16.66666667,31.65632138,30.28967157,-0.02248394215,-0.02324823916,1,1,16.93999663,163.9252401
15.42,16.85931731,16.66666667,31.65246373,30.28897596,-0.02242530376,-0.0231870954,1,1,16.93936422,164.2998112
15.44,16.85885478,16.66666667,31.64861534,30.28828218,-0.02236685407,-0.02312615207,1,1,16.9387333,164.6751937
15.46,16.85839348,16.66666667,31.64477619,30.28759021,-0.02230859223,-0.02306540823,1,1,16.93810386,165.0513897
15.48,16.85793338,16.66666667,31.64094626,30.28690007,-0.02225051738,-0.02300486295,1,1,16.9374759,165.4284013
15.5,16.85747449,16.66666667,31.63712551,30.28621173,-0.02219262867,-0.0229445153,1,1,16.93684942,165.8062303
15.52,16.8570168,16.66666667,31.63331393,30.2855252,-0.02213492525,-0.02288436437,1,1,16.93622441,166.184879
15.54,16.85656031,16.66666667,31.6295115,30.28484047,-0.02207740629,-0.02282440924,1,1,16.93560087,166.5643493
15.56,16.85610502,16.66666667,31.62571818,30.28415753,-0.02202007095,-0.02276464901,1,1,16.9349788,166.9446432
15.58,16.85565092,16.66666667,31.62193395,30.28347638,-0.02196291841,-0.02270508276,1,1,16.93435818,167.3257629
15.6,16.855198,16.66666667,31.61815879,30.28279701,-0.02190594783,-0.02264570961,1,1,16.93373902,167.7077103
15.62,16.85474627,16.66666667,31.61439268,30.28211941,-0.0218491584,-0.02258652867,1,1,16.93312132,168.0904875
15.64,16.85429572,16.66666667,31.6106356,30.28144358,-0.0217925493,-0.02252753905,1,1,16.93250507,168.4740966
15.66,16.85384635,16.66666667,31.60688751,30.28076952,-0.02173611974,-0.02246873987,1,1,16.93189026,168.8585397
15.68,16.85339814,16.66666667,31.6031484,30.28009722,-0.0216798689,-0.02241013026,1,1,16.9312769,169.2438187
15.7,16.85295111,16.66666667,31.59941824,30.27942667,-0.02162379598,-0.02235170935,1,1,16.93066498,169.6299359
15.72,16.85250524,16.66666667,31.59569701,30.27875786,-0.0215679002,-0.02229347628,1,1,16.9300545,170.0168931
15.74,16.85206053,16.66666667,31.59198468,30.2780908,-0.02151218077,-0.02223543019,1,1,16.92944544,170.4046926
15.76,16.85161698,16.66666667,31.58828124,30.27742547,-0.0214566369,-0.02217757024,1,1,16.92883782,170.7933365
15.78,16.85117458,16.66666667,31.58458666,30.27676187,-0.02140126781,-0.02211989557,1,1,16.92823162,171.1828267
15.8,16.85073333,16.66666667,31.58090091,30.2761,-0.02134607273,-0.02206240535,1,1,16.92762685,171.5731655
15.82,16.85029323,16.66666667,31.57722398,30.27543985,-0.0212910509,-0.02200509874,1,1,16.92702349,171.9643548
15.84,16.84985427,16.66666667,31.57355584,30.27478141,-0.02123620154,-0.02194797492,1,1,16.92642155,172.3563969
15.86,16.84941645,16.66666667,31.56989647,30.27412468,-0.02118152391,-0.02189103305,1,1,16.92582102,172.7492937
15.88,16.84897977,16.66666667,31.56624584,30.27346965,-0.02112701723,-0.02183427231,1,1,16.9252219,173.1430475
15.9,16.84854421,16.66666667,31.56260393,30.27281632,-0.02107268078,-0.02177769191,1,1,16.92462419,173.5376603
15.92,16.84810979,16.66666667,31.55897072,30.27216468,-0.02101851379,-0.02172129102,1,1,16.92402788,173.9331343
15.94,16.84767649,16.66666667,31.5553462,30.27151473,-0.02096451553,-0.02166506884,1,1,16.92343296,174.3294716
15.96,16.84724431,16.66666667,31.55173032,30.27086646,-0.02091068527,-0.02160902457,1,1,16.92283944,174.7266743
15.98,16.84681324,16.66666667,31.54812308,30.27021986,-0.02085702226,-0.02155315743,1,1,16.92224731,175.1247445
16,16.84638329,16.66666667,31.54452445,30.26957494,-0.02080352579,-0.02149746662,1,1,16.92165657,175.5236844
16.02,16.84595445,16.66666667,31.5409344,30.26893168,-0.02075019514,-0.02144195135,1,1,16.92106721,175.9234961
16.04,16.84552672,16.66666667,31.53735292,30.26829008,-0.02069702958,-0.02138661085,1,1,16.92047923,176.3241819
16.06,16.84510009,16.66666667,31.53377999,30.26765014,-0.0206440284,-0.02133144435,1,1,16.91989264,176.7257437
16.08,16.84467456,16.66666667,31.53021558,30.26701185,-0.02059119089,-0.02127645108,1,1,16.91930741,177.1281838
16.1,16.84425013,16.66666667,31.52665966,30.2663752,-0.02053851635,-0.02122163026,1,1,16.91872356,177.5315044
16.12,16.84382679,16.66666667,31.52311223,30.26574019,-0.02048600408,-0.02116698115,1,1,16.91814107,177.9357075
16.14,16.84340454,16.66666667,31.51957325,30.26510681,-0.02043365337,-0.02111250298,1,1,16.91755995,178.3407955
16.16,16.84298338,16.66666667,31.5160427,30.26447507,-0.02038146355,-0.02105819501,1,1,16.91698019,178.7467704
16.18,16.8425633,16.66666667,31.51252057,30.26384495,-0.02032943391,-0.0210040565,1,1,16.91640179,179.1536344
16.2,16.8421443,16.66666667,31.50900682,30.26321644,-0.02027756378,-0.02095008669,1,1,16.91582474,179.5613898
16.22,16.84172637,16.66666667,31.50550145,30.26258955,-0.02022585247,-0.02089628486,1,1,16.91524905,179.9700386
16.24,16.84130952,16.66666667,31.50200443,30.26196427,-0.02017429931,-0.02084265027,1,1,16.9146747,180.3795832
16.26,16.84089373,16.66666667,31.49851573,30.2613406,-0.02012290364,-0.02078918219,1,1,16.91410169,180.7900256
16.28,16.84047902,16.66666667,31.49503533,30.26071852,-0.02007166477,-0.0207358799,1,1,16.91353003,181.2013681
16.3,16.84006536,16.66666667,31.49156322,30.26009804,-0.02002058205,-0.02068274269,1,1,16.9129597,181.613613
16.32,16.83965276,16.66666667,31.48809937,30.25947915,-0.01996965482,-0.02062976984,1,1,16.91239071,182.0267623
16.34,16.83924123,16.66666667,31.48464377,30.25886184,-0.01991888243,-0.02057696064,1,1,16.91182305,182.4408184
16.36,16.83883074,16.66666667,31.48119638,30.25824611,-0.01986826421,-0.02052431438,1,1,16.91125672,182.8557834
16.38,16.8384213,16.66666667,31.47775719,30.25763195,-0.01981779953,-0.02047183037,1,1,16.91069171,183.2716596
16.4,16.83801291,16.66666667,31.47432618,30.25701937,-0.01976748774,-0.0204195079,1,1,16.91012803,183.6884492
16.42,16.83760557,16.66666667,31.47090333,30.25640835,-0.01971732819,-0.02036734629,1,1,16.90956566,184.1061544
16.44,16.83719926,16.66666667,31.46748862,30.25579889,-0.01966732026,-0.02031534484,1,1,16.90900461,184.5247775
16.46,16.83679399,16.66666667,31.46408202,30.25519098,-0.01961746331,-0.02026350288,1,1,16.90844487,184.9443208
16.48,16.83638975,16.66666667,31.46068352,30.25458463,-0.01956775671,-0.02021181971,1,1,16.90788644,185.3647864
16.5,16.83598655,16.66666667,31.45729309,30.25397982,-0.01951819984,-0.02016029467,1,1,16.90732932,185.7861766
16.52,16.83558437,16.66666667,31.45391071,30.25337655,-0.01946879208,-0.02010892708,1,1,16.9067735,186.2084938
16.54,16.83518321,16.66666667,31.45053637,30.25277482,-0.0194195328,-0.02005771628,1,1,16.90621898,186.63174
16.56,16.83478308,16.66666667,31.44717004,30.25217462,-0.01937042139,-0.0200066616,1,1,16.90566575,187.0559177
16.58,16.83438397,16.66666667,31.4438117,30.25157595,-0.01932145725,-0.01995576239,1,1,16.90511382,187.4810291
16.6,16.83398586,16.66666667,31.44046134,30.2509788,-0.01927263977,-0.01990501798,1,1,16.90456317,187.9070764
16.62,16.83358878,16.66666667,31.43711892,30.25038316,-0.01922396834,-0.01985442772,1,1,16.90401382,188.334062
16.64,16.8331927,16.66666667,31.43378444,30.24978904,-0.01917544236,-0.01980399097,1,1,16.90346575,188.7619882
16.66,16.83279762,16.66666667,31.43045787,30.24919643,-0.01912706124,-0.01975370708,1,1,16.90291895,189.1908571
16.68,16.83240355,16.66666667,31.42713919,30.24860533,-0.01907882438,-0.01970357541,1,1,16.90237344,189.6206712
16.7,16.83201048,16.66666667,31.42382839,30.24801572,-0.0190307312,-0.01965359533,1,1,16.9018292,190.0514327
16.72,16.8316184,16.66666667,31.42052543,30.24742761,-0.0189827811,-0.0196037662,1,1,16.90128623,190.483144
16.74,16.83122732,16.66666667,31.41723031,30.24684098,-0.01893497352,-0.01955408739,1,1,16.90074453,190.9158073
16.76,16.83083723,16.66666667,31.41394299,30.24625585,-0.01888730786,-0.01950455828,1,1,16.9002041,191.349425
16.78,16.83044813,16.66666667,31.41066347,30.24567219,-0.01883978355,-0.01945517825,1,1,16.89966492,191.7839993
16.8,16.83006001,16.66666667,31.40739173,30.24509001,-0.01879240002,-0.01940594667,1,1,16.89912701,192.2195327
16.82,16.82967287,16.66666667,31.40412773,30.24450931,-0.0187451567,-0.01935686294,1,1,16.89859035,192.6560274
16.84,16.82928671,16.66666667,31.40087147,30.24393007,-0.01869805302,-0.01930792644,1,1,16.89805495,193.0934858
16.86,16.82890153,16.66666667,31.39762292,30.24335229,-0.01865108843,-0.01925913657,1,1,16.89752079,193.5319103
16.88,16.82851732,16.66666667,31.39438206,30.24277598,-0.01860426235,-0.01921049272,1,1,16.89698788,193.9713031
16.9,16.82813408,16.66666667,31.39114888,30.24220112,-0.01855757424,-0.01916199429,1,1,16.89645622,194.4116666
16.92,16.82775181,16.66666667,31.38792336,30.24162771,-0.01851102355,-0.01911364068,1,1,16.8959258,194.8530032
16.94,16.8273705,16.66666667,31.38470547,30.24105575,-0.01846460971,-0.01906543131,1,1,16.89539661,195.2953153
16.96,16.82699015,16.66666667,31.38149519,30.24048523,-0.01841833219,-0.01901736558,1,1,16.89486866,195.7386051
16.98,16.82661076,16.66666667,31.37829252,30.23991614,-0.01837219045,-0.01896944291,1,1,16.89434194,196.1828752
17,16.82623233,16.66666667,31.37509742,30.23934849,-0.01832618393,-0.01892166272,1,1,16.89381645,196.6281278
17.02,16.82585485,16.66666667,31.37190988,30.23878227,-0.01828031211,-0.01887402441,1,1,16.89329219,197.0743653
17.04,16.82547832,16.66666667,31.36872988,30.23821748,-0.01823457445,-0.01882652743,1,1,16.89276915,197.5215902
17.06,16.82510273,16.66666667,31.36555741,30.2376541,-0.01818897042,-0.01877917119,1,1,16.89224733,197.9698048
17.08,16.8247281,16.66666667,31.36239243,30.23709214,-0.01814349948,-0.01873195513,1,1,16.89172672,198.4190115
17.1,16.8243544,16.66666667,31.35923494,30.2365316,-0.01809816112,-0.01868487868,1,1,16.89120734,198.8692127
17.12,16.82398164,16.66666667,31.35608491,30.23597246,-0.01805295481,-0.01863794127,1,1,16.89068916,199.3204109
17.14,16.82360982,16.66666667,31.35294233,30.23541472,-0.01800788004,-0.01859114236,1,1,16.89017219,199.7726084
17.16,16.82323893,16.66666667,31.34980718,30.23485839,-0.01796293628,-0.01854448137,1,1,16.88965642,200.2258077
17.18,16.82286897,16.66666667,31.34667943,30.23430345,-0.01791812302,-0.01849795776,1,1,16.88914186,200.6800111
17.2,16.82249994,16.66666667,31.34355908,30.2337499,-0.01787343975,-0.01845157098,1,1,16.8886285,201.1352212
17.22,16.82213183,16.66666667,31.34044609,30.23319774,-0.01782888596,-0.01840532048,1,1,16.88811634,201.5914403
17.24,16.82176465,16.66666667,31.33734046,30.23264697,-0.01778446116,-0.01835920572,1,1,16.88760537,202.0486709
17.26,16.82139838,16.66666667,31.33424216,30.23209757,-0.01774016482,-0.01831322616,1,1,16.88709559,202.5069155
17.28,16.82103303,16.66666667,31.33115118,30.23154955,-0.01769599647,-0.01826738125,1,1,16.88658699,202.9661764
17.3,16.8206686,16.66666667,31.3280675,30.2310029,-0.01765195559,-0.01822167047,1,1,16.88607959,203.4264561
17.32,16.82030508,16.66666667,31.3249911,30.23045762,-0.0176080417,-0.01817609328,1,1,16.88557336,203.8877572
17.34,16.81994247,16.66666667,31.32192196,30.2299137,-0.0175642543,-0.01813064915,1,1,16.88506832,204.350082
17.36,16.81958076,16.66666667,31.31886006,30.22937114,-0.0175205929,-0.01808533756,1,1,16.88456445,204.8134331
17.38,16.81921996,16.66666667,31.31580538,30.22882993,-0.01747705703,-0.01804015799,1,1,16.88406176,205.2778128
17.4,16.81886005,16.66666667,31.31275792,30.22829008,-0.01743364619,-0.01799510991,1,1,16.88356023,205.7432238
17.42,16.81850105,16.66666667,31.30971764,30.22775157,-0.0173903599,-0.01795019281,1,1,16.88305988,206.2096684
17.44,16.81814294,16.66666667,31.30668453,30.22721441,-0.01734719769,-0.01790540618,1,1,16.88256069,206.6771492
17.46,16.81778573,16.66666667,31.30365858,30.22667859,-0.01730415909,-0.0178607495,1,1,16.88206266,207.1456687
17.48,16.8174294,16.66666667,31.30063976,30.2261441,-0.01726124361,-0.01781622227,1,1,16.8815658,207.6152294
17.5,16.81707397,16.66666667,31.29762806,30.22561095,-0.01721845079,-0.01777182398,1,1,16.88107009,208.0858337
17.52,16.81671941,16.66666667,31.29462346,30.22507912,-0.01717578016,-0.01772755412,1,1,16.88057553,208.5574842
17.54,16.81636575,16.66666667,31.29162594,30.22454862,-0.01713323126,-0.0176834122,1,1,16.88008213,209.0301835
17.56,16.81601296,16.66666667,31.28863549,30.22401944,-0.01709080362,-0.01763939773,1,1,16.87958988,209.5039339
17.58,16.81566105,16.66666667,31.28565208,30.22349157,-0.01704849679,-0.0175955102,1,1,16.87909877,209.9787382
17.6,16.81531001,16.66666667,31.2826757,30.22296502,-0.0170063103,-0.01755174913,1,1,16.8786088,210.4545987
17.62,16.81495985,16.66666667,31.27970634,30.22243978,-0.01696424371,-0.01750811402,1,1,16.87811998,210.9315182
17.64,16.81461056,16.66666667,31.27674397,30.22191584,-0.01692229655,-0.0174646044,1,1,16.87763229,211.409499
17.66,16.81426213,16.66666667,31.27378857,30.2213932,-0.01688046838,-0.01742121977,1,1,16.87714574,211.8885437
17.68,16.81391457,16.66666667,31.27084014,30.22087186,-0.01683875875,-0.01737795966,1,1,16.87666032,212.368655
17.7,16.81356788,16.66666667,31.26789865,30.22035182,-0.01679716722,-0.01733482359,1,1,16.87617603,212.8498353
17.72,16.81322204,16.66666667,31.26496408,30.21983306,-0.01675569334,-0.01729181108,1,1,16.87569287,213.3320872
17.74,16.81287706,16.66666667,31.26203643,30.2193156,-0.01671433667,-0.01724892166,1,1,16.87521083,213.8154134
17.76,16.81253294,16.66666667,31.25911566,30.21879941,-0.01667309677,-0.01720615486,1,1,16.87472992,214.2998164
17.78,16.81218967,16.66666667,31.25620177,30.21828451,-0.01663197321,-0.01716351021,1,1,16.87425012,214.7852987
17.8,16.81184725,16.66666667,31.25329473,30.21777088,-0.01659096556,-0.01712098725,1,1,16.87377144,215.271863
17.82,16.81150568,16.66666667,31.25039453,30.21725852,-0.01655007338,-0.01707858552,1,1,16.87329387,215.7595119
17.84,16.81116495,16.66666667,31.24750116,30.21674743,-0.01650929624,-0.01703630454,1,1,16.87281741,216.248248
17.86,16.81082507,16.66666667,31.24461459,30.2162376,-0.01646863372,-0.01699414388,1,1,16.87234206,216.7380738
17.88,16.81048603,16.66666667,31.24173482,30.21572904,-0.01642808539,-0.01695210307,1,1,16.87186782,217.228992
17.9,16.81014782,16.66666667,31.23886181,30.21522174,-0.01638765084,-0.01691018165,1,1,16.87139468,217.7210053
17.92,16.80981046,16.66666667,31.23599556,30.21471568,-0.01634732963,-0.01686837919,1,1,16.87092264,218.2141162
17.94,16.80947392,16.66666667,31.23313605,30.21421088,-0.01630712136,-0.01682669522,1,1,16.8704517,218.7083273
17.96,16.80913822,16.66666667,31.23028326,30.21370733,-0.0162670256,-0.01678512932,1,1,16.86998185,219.2036414
17.98,16.80880335,16.66666667,31.22743718,30.21320502,-0.01622704195,-0.01674368102,1,1,16.8695131,219.700061
18,16.8084693,16.66666667,31.22459779,30.21270395,-0.01618716999,-0.01670234989,1,1,16.86904543,220.1975888
18.02,16.80813608,16.66666667,31.22176507,30.21220411,-0.01614740932,-0.0166611355,1,1,16.86857886,220.6962274
18.04,16.80780368,16.66666667,31.218939,30.21170551,-0.01610775952,-0.01662003741,1,1,16.86811336,221.1959796
18.06,16.80747209,16.66666667,31.21611958,30.21120814,-0.0160682202,-0.01657905518,1,1,16.86764895,221.696848
18.08,16.80714133,16.66666667,31.21330678,30.210712,-0.01602879094,-0.01653818838,1,1,16.86718562,222.1988352
18.1,16.80681138,16.66666667,31.21050058,30.21021707,-0.01598947135,-0.01649743658,1,1,16.86672337,222.7019439
18.12,16.80648225,16.66666667,31.20770098,30.20972337,-0.01595026103,-0.01645679936,1,1,16.86626219,223.2061768
18.14,16.80615392,16.66666667,31.20490795,30.20923088,-0.01591115959,-0.0164162763,1,1,16.86580208,223.7115367
18.16,16.8058264,16.66666667,31.20212148,30.20873961,-0.01587216663,-0.01637586696,1,1,16.86534304,224.2180261
18.18,16.80549969,16.66666667,31.19934156,30.20824954,-0.01583328175,-0.01633557093,1,1,16.86488507,224.7256479
18.2,16.80517378,16.66666667,31.19656815,30.20776068,-0.01579450457,-0.0162953878,1,1,16.86442816,225.2344046
18.22,16.80484868,16.66666667,31.19380126,30.20727302,-0.0157558347,-0.01625531714,1,1,16.86397232,225.7442991
18.24,16.80452437,16.66666667,31.19104087,30.20678656,-0.01571727175,-0.01621535855,1,1,16.86351753,226.255334
18.26,16.80420086,16.66666667,31.18828695,30.20630129,-0.01567881534,-0.0161755116,1,1,16.8630638,226.767512
18.28,16.80387814,16.66666667,31.18553949,30.20581722,-0.01564046508,-0.0161357759,1,1,16.86261112,227.280836
18.3,16.80355622,16.66666667,31.18279848,30.20533433,-0.0156022206,-0.01609615104,1,1,16.8621595,227.7953086
18.32,16.80323509,16.66666667,31.1800639,30.20485263,-0.01556408152,-0.0160566366,1,1,16.86170892,228.3109325
18.34,16.80291474,16.66666667,31.17733573,30.20437212,-0.01552604746,-0.01601723219,1,1,16.86125939,228.8277106
18.36,16.80259519,16.66666667,31.17461397,30.20389278,-0.01548811804,-0.01597793742,1,1,16.8608109,229.3456455
18.38,16.80227641,16.66666667,31.17189859,30.20341462,-0.01545029289,-0.01593875187,1,1,16.86036346,229.8647401
18.4,16.80195842,16.66666667,31.16918957,30.20293763,-0.01541257165,-0.01589967515,1,1,16.85991706,230.3849971
18.42,16.8016412,16.66666667,31.16648691,30.2024618,-0.01537495394,-0.01586070687,1,1,16.85947169,230.9064193
18.44,16.80132477,16.66666667,31.16379058,30.20198715,-0.01533743939,-0.01582184663,1,1,16.85902735,231.4290094
18.46,16.8010091,16.66666667,31.16110058,30.20151366,-0.01530002765,-0.01578309405,1,1,16.85858405,231.9527703
18.48,16.80069422,16.66666667,31.15841688,30.20104132,-0.01526271834,-0.01574444874,1,1,16.85814178,232.4777047
18.5,16.8003801,16.66666667,31.15573947,30.20057015,-0.01522551111,-0.01570591031,1,1,16.85770053,233.0038154
18.52,16.80006675,16.66666667,31.15306833,30.20010012,-0.01518840559,-0.01566747837,1,1,16.85726031,233.5311052
18.54,16.79975416,16.66666667,31.15040346,30.19963125,-0.01515140144,-0.01562915255,1,1,16.85682111,234.059577
18.56,16.79944235,16.66666667,31.14774482,30.19916352,-0.01511449828,-0.01559093246,1,1,16.85638293,234.5892336
18.58,16.79913129,16.66666667,31.14509242,30.19869693,-0.01507769577,-0.01555281773,1,1,16.85594576,235.1200777
18.6,16.79882099,16.66666667,31.14244623,30.19823149,-0.01504099356,-0.01551480797,1,1,16.85550962,235.6521123
18.62,16.79851146,16.66666667,31.13980624,30.19776718,-0.01500439129,-0.01547690282,1,1,16.85507448,236.1853401
18.64,16.79820267,16.66666667,31.13717243,30.19730401,-0.01496788861,-0.0154391019,1,1,16.85464035,236.719764
18.66,16.79789465,16.66666667,31.13454479,30.19684197,-0.01493148519,-0.01540140483,1,1,16.85420723,237.2553868
18.68,16.79758737,16.66666667,31.13192331,30.19638105,-0.01489518066,-0.01536381126,1,1,16.85377512,237.7922114
18.7,16.79728084,16.66666667,31.12930796,30.19592126,-0.01485897469,-0.01532632081,1,1,16.85334401,238.3302406
18.72,16.79697506,16.66666667,31.12669873,30.1954626,-0.01482286694,-0.01528893312,1,1,16.85291389,238.8694774
18.74,16.79667003,16.66666667,31.12409561,30.19500505,-0.01478685706,-0.01525164783,1,1,16.85248478,239.4099245
18.76,16.79636574,16.66666667,31.12149859,30.19454861,-0.01475094472,-0.01521446457,1,1,16.85205666,239.9515849
18.78,16.79606219,16.66666667,31.11890764,30.19409329,-0.01471512958,-0.01517738298,1,1,16.85162954,240.4944614
18.8,16.79575939,16.66666667,31.11632276,30.19363908,-0.0146794113,-0.01514040271,1,1,16.8512034,241.038557
18.82,16.79545732,16.66666667,31.11374393,30.19318597,-0.01464378955,-0.0151035234,1,1,16.85077826,241.5838745
18.84,16.79515598,16.66666667,31.11117113,30.19273397,-0.014608264,-0.01506674469,1,1,16.8503541,242.1304169
18.86,16.79485538,16.66666667,31.10860435,30.19228307,-0.01457283432,-0.01503006623,1,1,16.84993092,242.6781869
18.88,16.79455551,16.66666667,31.10604357,30.19183326,-0.01453750017,-0.01499348768,1,1,16.84950873,243.2271877
18.9,16.79425637,16.66666667,31.10348879,30.19138455,-0.01450226123,-0.01495700868,1,1,16.84908751,243.7774221
18.92,16.79395796,16.66666667,31.10093998,30.19093694,-0.01446711718,-0.01492062888,1,1,16.84866727,244.3288929
18.94,16.79366027,16.66666667,31.09839713,30.1904904,-0.01443206769,-0.01488434795,1,1,16.84824801,244.8816033
18.96,16.79336331,16.66666667,31.09586023,30.19004496,-0.01439711243,-0.01484816553,1,1,16.84782972,245.435556
18.98,16.79306706,16.66666667,31.09332925,30.1896006,-0.01436225109,-0.01481208128,1,1,16.8474124,245.9907541
19,16.79277154,16.66666667,31.0908042,30.18915731,-0.01432748335,-0.01477609486,1,1,16.84699604,246.5472005
19.02,16.79247674,16.66666667,31.08828505,30.18871511,-0.01429280888,-0.01474020594,1,1,16.84658066,247.1048981
19.04,16.79218265,16.66666667,31.08577179,30.18827398,-0.01425822738,-0.01470441418,1,1,16.84616623,247.66385
19.06,16.79188928,16.66666667,31.08326441,30.18783391,-0.01422373852,-0.01466871923,1,1,16.84575277,248.2240591
19.08,16.79159661,16.66666667,31.08076288,30.18739492,-0.014189342,-0.01463312078,1,1,16.84534026,248.7855283
19.1,16.79130466,16.66666667,31.0782672,30.18695699,-0.0141550375,-0.01459761848,1,1,16.84492871,249.3482608
19.12,16.79101342,16.66666667,31.07577735,30.18652013,-0.01412082471,-0.014562212,1,1,16.84451811,249.9122594
19.14,16.79072288,16.66666667,31.07329332,30.18608432,-0.01408670332,-0.01452690101,1,1,16.84410847,250.4775272
19.16,16.79043305,16.66666667,31.0708151,30.18564957,-0.01405267303,-0.0144916852,1,1,16.84369977,251.0440672
19.18,16.79014391,16.66666667,31.06834266,30.18521587,-0.01401873352,-0.01445656423,1,1,16.84329202,251.6118824
19.2,16.78985548,16.66666667,31.065876,30.18478323,-0.0139848845,-0.01442153777,1,1,16.84288522,252.1809758
19.22,16.78956775,16.66666667,31.0634151,30.18435163,-0.01395112566,-0.01438660551,1,1,16.84247936,252.7513505
19.24,16.78928072,16.66666667,31.06095995,30.18392107,-0.0139174567,-0.01435176712,1,1,16.84207444,253.3230095
19.26,16.78899438,16.66666667,31.05851053,30.18349156,-0.01388387731,-0.01431702229,1,1,16.84167046,253.8959557
19.28,16.78870873,16.66666667,31.05606684,30.18306309,-0.01385038721,-0.01428237069,1,1,16.84126742,254.4701924
19.3,16.78842377,16.66666667,31.05362884,30.18263566,-0.01381698608,-0.01424781201,1,1,16.8408653,255.0457225
19.32,16.7881395,16.66666667,31.05119654,30.18220926,-0.01378367365,-0.01421334594,1,1,16.84046412,255.6225491
19.34,16.78785593,16.66666667,31.04876992,30.18178389,-0.0137504496,-0.01417897215,1,1,16.84006387,256.2006752
19.36,16.78757303,16.66666667,31.04634897,30.18135955,-0.01371731365,-0.01414469035,1,1,16.83966455,256.780104
19.38,16.78729082,16.66666667,31.04393366,30.18093623,-0.01368426551,-0.01411050021,1,1,16.83926615,257.3608385
19.4,16.78700929,16.66666667,31.04152399,30.18051394,-0.01365130488,-0.01407640144,1,1,16.83886868,257.9428818
19.42,16.78672845,16.66666667,31.03911995,30.18009267,-0.01361843148,-0.01404239371,1,1,16.83847212,258.5262371
19.44,16.78644828,16.66666667,31.03672152,30.17967241,-0.01358564502,-0.01400847673,1,1,16.83807649,259.1109073
19.46,16.78616878,16.66666667,31.03432868,30.17925317,-0.01355294521,-0.0139746502,1,1,16.83768177,259.6968956
19.48,16.78588996,16.66666667,31.03194142,30.17883495,-0.01352033176,-0.0139409138,1,1,16.83728796,260.2842052
19.5,16.78561182,16.66666667,31.02955974,30.17841773,-0.0134878044,-0.01390726723,1,1,16.83689507,260.8728392
19.52,16.78533435,16.66666667,31.02718361,30.17800152,-0.01345536283,-0.01387371021,1,1,16.83650309,261.4628006
19.54,16.78505754,16.66666667,31.02481303,30.17758631,-0.01342300679,-0.01384024242,1,1,16.83611201,262.0540927
19.56,16.7847814,16.66666667,31.02244797,30.1771721,-0.01339073598,-0.01380686357,1,1,16.83572184,262.6467186
19.58,16.78450593,16.66666667,31.02008843,30.1767589,-0.01335855014,-0.01377357336,1,1,16.83533257,263.2406813
19.6,16.78423112,16.66666667,31.01773439,30.17634669,-0.01332644897,-0.0137403715,1,1,16.83494421,263.8359842
19.62,16.78395698,16.66666667,31.01538585,30.17593547,-0.01329443221,-0.0137072577,1,1,16.83455674,264.4326303
19.64,16.78368349,16.66666667,31.01304277,30.17552524,-0.01326249959,-0.01367423166,1,1,16.83417017,265.0306228
19.66,16.78341067,16.66666667,31.01070517,30.175116,-0.01323065082,-0.0136412931,1,1,16.8337845,265.629965
19.68,16.7831385,16.66666667,31.00837301,30.17470775,-0.01319888563,-0.01360844171,1,1,16.83339972,266.2306599
19.7,16.78286699,16.66666667,31.00604629,30.17430048,-0.01316720376,-0.01357567723,1,1,16.83301583,266.8327108
19.72,16.78259613,16.66666667,31.00372499,30.17389419,-0.01313560493,-0.01354299935,1,1,16.83263283,267.4361209
19.74,16.78232592,16.66666667,31.0014091,30.17348888,-0.01310408888,-0.0135104078,1,1,16.83225071,268.0408934
19.76,16.78205636,16.66666667,30.99909861,30.17308454,-0.01307265534,-0.01347790228,1,1,16.83186948,268.6470315
19.78,16.78178745,16.66666667,30.99679351,30.17268118,-0.01304130404,-0.01344548253,1,1,16.83148913,269.2545385
19.8,16.78151919,16.66666667,30.99449377,30.17227878,-0.01301003471,-0.01341314825,1,1,16.83110967,269.8634174
19.82,16.78125157,16.66666667,30.9921994,30.17187735,-0.0129788471,-0.01338089917,1,1,16.83073108,270.4736717
19.84,16.78098459,16.66666667,30.98991037,30.17147689,-0.01294774094,-0.013348735,1,1,16.83035336,271.0853046
19.86,16.78071826,16.66666667,30.98762668,30.17107739,-0.01291671596,-0.01331665548,1,1,16.82997652,271.6983192
19.88,16.78045257,16.66666667,30.9853483,30.17067885,-0.01288577192,-0.01328466031,1,1,16.82960056,272.3127189
19.9,16.78018751,16.66666667,30.98307523,30.17028127,-0.01285490854,-0.01325274924,1,1,16.82922546,272.9285069
19.92,16.7799231,16.66666667,30.98080746,30.16988464,-0.01282412558,-0.01322092199,1,1,16.82885123,273.5456865
19.94,16.77965931,16.66666667,30.97854497,30.16948897,-0.01279342276,-0.01318917827,1,1,16.82847787,274.164261
19.96,16.77939616,16.66666667,30.97628775,30.16909424,-0.01276279985,-0.01315751783,1,1,16.82810537,274.7842336
19.98,16.77913364,16.66666667,30.97403578,30.16870046,-0.01273225658,-0.01312594039,1,1,16.82773373,275.4056077
20,16.77887175,16.66666667,30.97178906,30.16830763,-0.0127017927,-0.01309444569,1,1,16.82736295,276.0283866
20.02,16.77861049,16.66666667,30.96954757,30.16791574,-0.01267140796,-0.01306303345,1,1,16.82699303,276.6525735
20.04,16.77834986,16.66666667,30.9673113,30.16752479,-0.0126411021,-0.01303170341,1,1,16.82662397,277.2781718
20.06,16.77808985,16.66666667,30.96508024,30.16713477,-0.01261087489,-0.01300045531,1,1,16.82625576,277.9051848
20.08,16.77783046,16.66666667,30.96285437,30.1667457,-0.01258072606,-0.01296928887,1,1,16.8258884,278.5336159
20.1,16.7775717,16.66666667,30.96063368,30.16635755,-0.01255065537,-0.01293820385,1,1,16.82552189,279.1634683
20.12,16.77731356,16.66666667,30.95841816,30.16597033,-0.01252066257,-0.01290719997,1,1,16.82515623,279.7947455
20.14,16.77705603,16.66666667,30.9562078,30.16558405,-0.01249074742,-0.01287627698,1,1,16.82479142,280.4274507
20.16,16.77679912,16.66666667,30.95400258,30.16519868,-0.01246090967,-0.01284543461,1,1,16.82442745,281.0615874
20.18,16.77654283,16.66666667,30.9518025,30.16481424,-0.01243114908,-0.01281467262,1,1,16.82406432,281.6971589
20.2,16.77628715,16.66666667,30.94960753,30.16443072,-0.01240146541,-0.01278399073,1,1,16.82370203,282.3341686
20.22,16.77603208,16.66666667,30.94741767,30.16404812,-0.01237185841,-0.01275338871,1,1,16.82334058,282.9726199
20.24,16.77577762,16.66666667,30.94523291,30.16366643,-0.01234232785,-0.01272286628,1,1,16.82297996,283.6125162
20.26,16.77552377,16.66666667,30.94305323,30.16328566,-0.01231287348,-0.01269242321,1,1,16.82262018,284.2538608
20.28,16.77527053,16.66666667,30.94087862,30.1629058,-0.01228349507,-0.01266205923,1,1,16.82226123,284.8966572
20.3,16.7750179,16.66666667,30.93870907,30.16252685,-0.01225419238,-0.0126317741,1,1,16.82190311,285.5409088
20.32,16.77476587,16.66666667,30.93654456,30.1621488,-0.01222496518,-0.01260156756,1,1,16.82154582,286.186619
20.34,16.77451444,16.66666667,30.93438509,30.16177166,-0.01219581322,-0.01257143937,1,1,16.82118935,286.8337913
20.36,16.77426361,16.66666667,30.93223064,30.16139542,-0.01216673628,-0.01254138928,1,1,16.82083371,287.482429
20.38,16.77401338,16.66666667,30.93008121,30.16102007,-0.01213773411,-0.01251141704,1,1,16.82047889,288.1325357
20.4,16.77376375,16.66666667,30.92793677,30.16064563,-0.0121088065,-0.0124815224,1,1,16.8201249,288.7841147
20.42,16.77351472,16.66666667,30.92579732,30.16027208,-0.0120799532,-0.01245170513,1,1,16.81977172,289.4371696
20.44,16.77326628,16.66666667,30.92366284,30.15989942,-0.01205117399,-0.01242196498,1,1,16.81941935,290.0917038
20.46,16.77301843,16.66666667,30.92153333,30.15952765,-0.01202246864,-0.0123923017,1,1,16.8190678,290.7477208
20.48,16.77277118,16.66666667,30.91940877,30.15915677,-0.01199383691,-0.01236271505,1,1,16.81871707,291.405224
20.5,16.77252451,16.66666667,30.91728914,30.15878677,-0.01196527859,-0.0123332048,1,1,16.81836714,292.0642171
20.52,16.77227844,16.66666667,30.91517445,30.15841766,-0.01193679345,-0.01230377071,1,1,16.81801802,292.7247033
20.54,16.77203295,16.66666667,30.91306467,30.15804942,-0.01190838126,-0.01227441253,1,1,16.81766971,293.3866864
20.56,16.77178805,16.66666667,30.91095979,30.15768207,-0.01188004179,-0.01224513002,1,1,16.81732221,294.0501698
20.58,16.77154373,16.66666667,30.9088598,30.15731559,-0.01185177482,-0.01221592296,1,1,16.81697551,294.7151569
20.6,16.77129999,16.66666667,30.9067647,30.15694999,-0.01182358014,-0.01218679111,1,1,16.81662961,295.3816514
20.62,16.77105684,16.66666667,30.90467447,30.15658526,-0.01179545751,-0.01215773424,1,1,16.81628451,296.0496568
20.64,16.77081426,16.66666667,30.90258909,30.15622139,-0.01176740673,-0.0121287521,1,1,16.81594021,296.7191766
20.66,16.77057227,16.66666667,30.90050856,30.1558584,-0.01173942756,-0.01209984447,1,1,16.8155967,297.3902145
20.68,16.77033085,16.66666667,30.89843286,30.15549627,-0.01171151979,-0.01207101112,1,1,16.81525398,298.0627738
20.7,16.77009,16.66666667,30.89636198,30.155135,-0.0116836832,-0.01204225181,1,1,16.81491206,298.7368583
20.72,16.76984973,16.66666667,30.89429592,30.15477459,-0.01165591757,-0.01201356632,1,1,16.81457093,299.4124715
20.74,16.76961003,16.66666667,30.89223465,30.15441505,-0.0116282227,-0.01198495442,1,1,16.81423059,300.0896169
20.76,16.7693709,16.66666667,30.89017818,30.15405635,-0.01160059836,-0.01195641588,1,1,16.81389103,300.7682983
20.78,16.76913234,16.66666667,30.88812648,30.15369851,-0.01157304434,-0.01192795048,1,1,16.81355226,301.4485191
20.8,16.76889435,16.66666667,30.88607955,30.15334153,-0.01154556042,-0.01189955799,1,1,16.81321427,302.1302831
20.82,16.76865693,16.66666667,30.88403737,30.15298539,-0.0115181464,-0.01187123818,1,1,16.81287706,302.8135937
20.84,16.76842007,16.66666667,30.88199993,30.1526301,-0.01149080205,-0.01184299084,1,1,16.81254063,303.4984547
20.86,16.76818377,16.66666667,30.87996722,30.15227566,-0.01146352718,-0.01181481574,1,1,16.81220498,304.1848697
20.88,16.76794804,16.66666667,30.87793924,30.15192206,-0.01143632158,-0.01178671265,1,1,16.8118701,304.8728423
20.9,16.76771286,16.66666667,30.87591596,30.1515693,-0.01140918502,-0.01175868137,1,1,16.811536,305.5623762
20.92,16.76747825,16.66666667,30.87389739,30.15121737,-0.01138211731,-0.01173072166,1,1,16.81120267,306.253475
20.94,16.76724419,16.66666667,30.8718835,30.15086629,-0.01135511823,-0.01170283331,1,1,16.81087011,306.9461424
20.96,16.76701069,16.66666667,30.86987428,30.15051604,-0.01132818758,-0.0116750161,1,1,16.81053832,307.6403821
20.98,16.76677775,16.66666667,30.86786973,30.15016662,-0.01130132516,-0.01164726982,1,1,16.81020729,308.3361978
21,16.76654535,16.66666667,30.86586983,30.14981803,-0.01127453076,-0.01161959425,1,1,16.80987703,309.0335932
21.02,16.76631351,16.66666667,30.86387458,30.14947027,-0.01124780418,-0.01159198917,1,1,16.80954753,309.7325719
21.04,16.76608223,16.66666667,30.86188395,30.14912334,-0.01122114521,-0.01156445437,1,1,16.80921879,310.4331377
21.06,16.76585149,16.66666667,30.85989795,30.14877723,-0.01119455365,-0.01153698964,1,1,16.80889081,311.1352943
21.08,16.76562129,16.66666667,30.85791655,30.14843194,-0.0111680293,-0.01150959476,1,1,16.80856359,311.8390454
21.1,16.76539165,16.66666667,30.85593976,30.14808747,-0.01114157195,-0.01148226952,1,1,16.80823712,312.5443947
21.12,16.76516255,16.66666667,30.85396755,30.14774382,-0.01111518142,-0.01145501372,1,1,16.80791141,313.2513461
21.14,16.76493399,16.66666667,30.85199992,30.14740099,-0.0110888575,-0.01142782713,1,1,16.80758645,313.9599032
21.16,16.76470598,16.66666667,30.85003685,30.14705897,-0.01106259999,-0.01140070956,1,1,16.80726224,314.6700699
21.18,16.7644785,16.66666667,30.84807834,30.14671776,-0.01103640869,-0.0113736608,1,1,16.80693878,315.3818498
21.2,16.76425157,16.66666667,30.84612437,30.14637736,-0.01101028341,-0.01134668063,1,1,16.80661607,316.0952467
21.22,16.76402518,16.66666667,30.84417494,30.14603776,-0.01098422396,-0.01131976885,1,1,16.8062941,316.8102646
21.24,16.76379932,16.66666667,30.84223003,30.14569898,-0.01095823013,-0.01129292526,1,1,16.80597288,317.526907
21.26,16.76357399,16.66666667,30.84028963,30.14536099,-0.01093230173,-0.01126614965,1,1,16.80565239,318.2451779
21.28,16.76334921,16.66666667,30.83835373,30.14502381,-0.01090643857,-0.01123944182,1,1,16.80533265,318.9650811
21.3,16.76312495,16.66666667,30.83642232,30.14468742,-0.01088064046,-0.01121280156,1,1,16.80501365,319.6866203
21.32,16.76290122,16.66666667,30.83449539,30.14435184,-0.01085490721,-0.01118622867,1,1,16.80469538,320.4097994
21.34,16.76267803,16.66666667,30.83257293,30.14401705,-0.01082923862,-0.01115972295,1,1,16.80437784,321.1346223
21.36,16.76245536,16.66666667,30.83065493,30.14368305,-0.0108036345,-0.01113328421,1,1,16.80406104,321.8610928
21.38,16.76223323,16.66666667,30.82874138,30.14334984,-0.01077809467,-0.01110691223,1,1,16.80374497,322.5892147
21.4,16.76201161,16.66666667,30.82683226,30.14301742,-0.01075261893,-0.01108060682,1,1,16.80342964,323.3189919
21.42,16.76179053,16.66666667,30.82492757,30.14268579,-0.01072720709,-0.01105436779,1,1,16.80311502,324.0504283
21.44,16.76156996,16.66666667,30.8230273,30.14235494,-0.01070185898,-0.01102819494,1,1,16.80280114,324.7835277
21.46,16.76134992,16.66666667,30.82113144,30.14202488,-0.0106765744,-0.01100208806,1,1,16.80248798,325.5182941
21.48,16.7611304,16.66666667,30.81923997,30.1416956,-0.01065135317,-0.01097604697,1,1,16.80217554,326.2547314
21.5,16.7609114,16.66666667,30.81735288,30.1413671,-0.0106261951,-0.01095007146,1,1,16.80186382,326.9928434
21.52,16.76069292,16.66666667,30.81547017,30.14103937,-0.0106011,-0.01092416135,1,1,16.80155283,327.7326341
21.54,16.76047495,16.66666667,30.81359183,30.14071242,-0.0105760677,-0.01089831645,1,1,16.80124255,328.4741073
21.56,16.7602575,16.66666667,30.81171784,30.14038625,-0.01055109801,-0.01087253655,1,1,16.80093298,329.2172671
21.58,16.76004056,16.66666667,30.80984819,30.14006084,-0.01052619075,-0.01084682146,1,1,16.80062414,329.9621174
21.6,16.75982414,16.66666667,30.80798288,30.13973621,-0.01050134573,-0.01082117101,1,1,16.800316,330.7086621
21.62,16.75960823,16.66666667,30.80612189,30.13941234,-0.01047656278,-0.01079558498,1,1,16.80000858,331.4569052
21.64,16.75939283,16.66666667,30.80426521,30.13908924,-0.01045184171,-0.01077006321,1,1,16.79970186,332.2068506
21.66,16.75917793,16.66666667,30.80241283,30.1387669,-0.01042718235,-0.01074460549,1,1,16.79939585,332.9585024
21.68,16.75896355,16.66666667,30.80056475,30.13844532,-0.01040258452,-0.01071921164,1,1,16.79909055,333.7118644
21.7,16.75874967,16.66666667,30.79872095,30.13812451,-0.01037804804,-0.01069388147,1,1,16.79878596,334.4669408
21.72,16.7585363,16.66666667,30.79688143,30.13780445,-0.01035357273,-0.01066861479,1,1,16.79848206,335.2237356
21.74,16.75832343,16.66666667,30.79504616,30.13748515,-0.01032915841,-0.01064341143,1,1,16.79817887,335.9822526
21.76,16.75811107,16.66666667,30.79321515,30.1371666,-0.01030480492,-0.01061827119,1,1,16.79787638,336.742496
21.78,16.7578992,16.66666667,30.79138838,30.1368488,-0.01028051206,-0.01059319389,1,1,16.79757458,337.5044698
21.8,16.75768784,16.66666667,30.78956585,30.13653176,-0.01025627968,-0.01056817934,1,1,16.79727348,338.2681781
21.82,16.75747697,16.66666667,30.78774753,30.13621546,-0.01023210759,-0.01054322737,1,1,16.79697308,339.0336248
21.84,16.75726661,16.66666667,30.78593343,30.13589991,-0.01020799562,-0.01051833778,1,1,16.79667337,339.800814
21.86,16.75705674,16.66666667,30.78412353,30.13558511,-0.0101839436,-0.01049351041,1,1,16.79637435,340.5697499
21.88,16.75684736,16.66666667,30.78231782,30.13527104,-0.01015995136,-0.01046874507,1,1,16.79607602,341.3404365
21.9,16.75663848,16.66666667,30.7805163,30.13495772,-0.01013601872,-0.01044404157,1,1,16.79577838,342.1128778
21.92,16.75643009,16.66666667,30.77871894,30.13464514,-0.01011214552,-0.01041939974,1,1,16.79548143,342.887078
21.94,16.7562222,16.66666667,30.77692575,30.13433329,-0.01008833158,-0.0103948194,1,1,16.79518516,343.6630412
21.96,16.75601479,16.66666667,30.77513672,30.13402219,-0.01006457674,-0.01037030038,1,1,16.79488957,344.4407715
21.98,16.75580787,16.66666667,30.77335182,30.13371181,-0.01004088083,-0.01034584249,1,1,16.79459467,345.2202731
22,16.75560144,16.66666667,30.77157106,30.13340217,-0.01001724367,-0.01032144556,1,1,16.79430045,346.0015499
22.02,16.7553955,16.66666667,30.76979443,30.13309325,-0.009993665104,-0.0102971094,1,1,16.7940069,346.7846063
22.04,16.75519005,16.66666667,30.76802191,30.13278507,-0.009970144961,-0.01027283386,1,1,16.79371403,347.5694463
22.06,16.75498507,16.66666667,30.76625349,30.13247761,-0.009946683077,-0.01024861875,1,1,16.79342184,348.3560741
22.08,16.75478058,16.66666667,30.76448916,30.13217088,-0.009923279284,-0.01022446389,1,1,16.79313032,349.144494
22.1,16.75457658,16.66666667,30.76272893,30.13186487,-0.009899933418,-0.01020036913,1,1,16.79283948,349.9347099
22.12,16.75437305,16.66666667,30.76097276,30.13155958,-0.009876645315,-0.01017633427,1,1,16.7925493,350.7267263
22.14,16.75417,16.66666667,30.75922067,30.131255,-0.009853414811,-0.01015235915,1,1,16.7922598,351.5205472
22.16,16.75396743,16.66666667,30.75747262,30.13095115,-0.009830241743,-0.01012844361,1,1,16.79197096,352.3161768
22.18,16.75376534,16.66666667,30.75572863,30.13064801,-0.009807125947,-0.01010458746,1,1,16.79168279,353.1136195
22.2,16.75356373,16.66666667,30.75398867,30.13034559,-0.009784067263,-0.01008079054,1,1,16.79139528,353.9128793
22.22,16.75336259,16.66666667,30.75225274,30.13004388,-0.009761065529,-0.01005705267,1,1,16.79110844,354.7139606
22.24,16.75316192,16.66666667,30.75052083,30.12974288,-0.009738120584,-0.0100333737,1,1,16.79082226,355.5168676
22.26,16.75296172,16.66666667,30.74879293,30.12944258,-0.009715232268,-0.01000975345,1,1,16.79053674,356.3216046
22.28,16.752762,16.66666667,30.74706902,30.129143,-0.009692400421,-0.009986191758,1,1,16.79025187,357.1281758
22.3,16.75256275,16.66666667,30.74534911,30.12884412,-0.009669624885,-0.009962688451,1,1,16.78996767,357.9365854
22.32,16.75236396,16.66666667,30.74363318,30.12854594,-0.0096469055,-0.009939243366,1,1,16.78968411,358.7468379
22.34,16.75216564,16.66666667,30.74192121,30.12824847,-0.00962424211,-0.009915856337,1,1,16.78940122,359.5589374
22.36,16.75196779,16.66666667,30.74021321,30.12795169,-0.009601634557,-0.009892527199,1,1,16.78911897,360.3728884
22.38,16.75177041,16.66666667,30.73850916,30.12765561,-0.009579082684,-0.009869255787,1,1,16.78883738,361.188695
22.4,16.75157349,16.66666667,30.73680906,30.12736023,-0.009556586336,-0.009846041939,1,1,16.78855643,362.0063616
22.42,16.75137703,16.66666667,30.73511289,30.12706554,-0.009534145356,-0.009822885491,1,1,16.78827614,362.8258926
22.44,16.75118103,16.66666667,30.73342064,30.12677155,-0.009511759591,-0.00979978628,1,1,16.78799648,363.6472924
22.46,16.7509855,16.66666667,30.73173231,30.12647825,-0.009489428884,-0.009776744145,1,1,16.78771748,364.4705651
22.48,16.75079042,16.66666667,30.73004788,30.12618564,-0.009467153084,-0.009753758924,1,1,16.78743912,365.2957153
22.5,16.75059581,16.66666667,30.72836735,30.12589371,-0.009444932036,-0.009730830457,1,1,16.7871614,366.1227473
22.52,16.75040165,16.66666667,30.72669071,30.12560247,-0.009422765587,-0.009707958583,1,1,16.78688431,366.9516655
22.54,16.75020794,16.66666667,30.72501795,30.12531192,-0.009400653587,-0.009685143143,1,1,16.78660787,367.7824743
22.56,16.7500147,16.66666667,30.72334906,30.12502205,-0.009378595882,-0.009662383979,1,1,16.78633207,368.615178
22.58,16.7498219,16.66666667,30.72168402,30.12473286,-0.009356592323,-0.009639680931,1,1,16.7860569,369.4497811
22.6,16.74962956,16.66666667,30.72002284,30.12444434,-0.009334642758,-0.009617033842,1,1,16.78578237,370.2862881
22.62,16.74943767,16.66666667,30.7183655,30.12415651,-0.009312747037,-0.009594442556,1,1,16.78550847,371.1247033
22.64,16.74924624,16.66666667,30.716712,30.12386935,-0.009290905012,-0.009571906914,1,1,16.7852352,371.9650312
22.66,16.74905525,16.66666667,30.71506232,30.12358287,-0.009269116533,-0.009549426762,1,1,16.78496256,372.8072763
22.68,16.74886471,16.66666667,30.71341645,30.12329706,-0.009247381453,-0.009527001944,1,1,16.78469054,373.651443
22.7,16.74867461,16.66666667,30.71177439,30.12301192,-0.009225699622,-0.009504632304,1,1,16.78441916,374.4975357
22.72,16.74848497,16.66666667,30.71013613,30.12272745,-0.009204070895,-0.00948231769,1,1,16.7841484,375.3455591
22.74,16.74829577,16.66666667,30.70850165,30.12244365,-0.009182495123,-0.009460057946,1,1,16.78387827,376.1955175
22.76,16.74810701,16.66666667,30.70687096,30.12216052,-0.009160972162,-0.00943785292,1,1,16.78360876,377.0474155
22.78,16.7479187,16.66666667,30.70524403,30.12187804,-0.009139501865,-0.00941570246,1,1,16.78333986,377.9012576
22.8,16.74773082,16.66666667,30.70362087,30.12159624,-0.009118084087,-0.009393606412,1,1,16.78307159,378.7570483
22.82,16.74754339,16.66666667,30.70200146,30.12131509,-0.009096718684,-0.009371564626,1,1,16.78280394,379.6147921
22.84,16.7473564,16.66666667,30.7003858,30.1210346,-0.009075405511,-0.009349576951,1,1,16.78253691,380.4744937
22.86,16.74716985,16.66666667,30.69877387,30.12075477,-0.009054144424,-0.009327643236,1,1,16.78227049,381.3361575
22.88,16.74698373,16.66666667,30.69716567,30.1204756,-0.009032935282,-0.009305763331,1,1,16.78200468,382.1997881
22.9,16.74679805,16.66666667,30.69556118,30.12019708,-0.00901177794,-0.009283937087,1,1,16.78173949,383.0653901
22.92,16.74661281,16.66666667,30.69396041,30.11991922,-0.008990672257,-0.009262164355,1,1,16.78147491,383.9329681
22.94,16.746428,16.66666667,30.69236333,30.119642,-0.008969618091,-0.009240444987,1,1,16.78121093,384.8025267
22.96,16.74624363,16.66666667,30.69076995,30.11936544,-0.008948615301,-0.009218778835,1,1,16.78094757,385.6740705
22.98,16.74605968,16.66666667,30.68918025,30.11908952,-0.008927663747,-0.009197165753,1,1,16.78068481,386.5476041
23,16.74587617,16.66666667,30.68759423,30.11881426,-0.008906763288,-0.009175605592,1,1,16.78042266,387.4231321
23.02,16.74569309,16.66666667,30.68601187,30.11853963,-0.008885913785,-0.009154098208,1,1,16.78016111,388.3006593
23.04,16.74551044,16.66666667,30.68443316,30.11826565,-0.008865115098,-0.009132643454,1,1,16.77990017,389.1801901
23.06,16.74532821,16.66666667,30.68285811,30.11799232,-0.00884436709,-0.009111241186,1,1,16.77963983,390.0617294
23.08,16.74514641,16.66666667,30.6812867,30.11771962,-0.008823669621,-0.009089891258,1,1,16.77938008,390.9452817
23.1,16.74496504,16.66666667,30.67971892,30.11744756,-0.008803022554,-0.009068593527,1,1,16.77912094,391.8308517
23.12,16.74478409,16.66666667,30.67815476,30.11717614,-0.008782425751,-0.009047347849,1,1,16.77886239,392.7184442
23.14,16.74460357,16.66666667,30.67659422,30.11690536,-0.008761879077,-0.009026154081,1,1,16.77860444,393.6080638
23.16,16.74442347,16.66666667,30.67503728,30.11663521,-0.008741382395,-0.009005012081,1,1,16.77834708,394.4997153
23.18,16.74424379,16.66666667,30.67348394,30.11636569,-0.008720935568,-0.008983921706,1,1,16.77809032,395.3934034
23.2,16.74406454,16.66666667,30.67193419,30.1160968,-0.008700538463,-0.008962882815,1,1,16.77783414,396.2891328
23.22,16.7438857,16.66666667,30.67038802,30.11582855,-0.008680190943,-0.008941895267,1,1,16.77757856,397.1869082
23.24,16.74370728,16.66666667,30.66884542,30.11556092,-0.008659892875,-0.008920958921,1,1,16.77732357,398.0867345
23.26,16.74352928,16.66666667,30.66730639,30.11529391,-0.008639644124,-0.008900073637,1,1,16.77706916,398.9886163
23.28,16.74335169,16.66666667,30.66577092,30.11502754,-0.008619444557,-0.008879239276,1,1,16.77681534,399.8925585
23.3,16.74317452,16.66666667,30.66423899,30.11476178,-0.008599294041,-0.008858455699,1,1,16.77656211,400.7985659
23.32,16.74299777,16.66666667,30.6627106,30.11449665,-0.008579192444,-0.008837722766,1,1,16.77630946,401.7066432
23.34,16.74282143,16.66666667,30.66118574,30.11423214,-0.008559139633,-0.00881704034,1,1,16.77605739,402.6167953
23.36,16.7426455,16.66666667,30.6596644,30.11396825,-0.008539135476,-0.008796408284,1,1,16.7758059,403.529027
23.38,16.74246998,16.66666667,30.65814658,30.11370497,-0.008519179844,-0.008775826459,1,1,16.77555499,404.4433431
23.4,16.74229488,16.66666667,30.65663227,30.11344232,-0.008499272604,-0.00875529473,1,1,16.77530466,405.3597485
23.42,16.74212018,16.66666667,30.65512145,30.11318027,-0.008479413626,-0.00873481296,1,1,16.7750549,406.278248
23.44,16.74194589,16.66666667,30.65361412,30.11291884,-0.008459602781,-0.008714381013,1,1,16.77480572,407.1988465
23.46,16.74177201,16.66666667,30.65211028,30.11265802,-0.00843983994,-0.008693998754,1,1,16.77455712,408.1215488
23.48,16.74159854,16.66666667,30.6506099,30.11239781,-0.008420124972,-0.008673666049,1,1,16.77430909,409.0463599
23.5,16.74142547,16.66666667,30.649113,30.11213821,-0.00840045775,-0.008653382763,1,1,16.77406162,409.9732847
23.52,16.74125281,16.66666667,30.64761955,30.11187921,-0.008380838146,-0.008633148762,1,1,16.77381473,410.902328
23.54,16.74108055,16.66666667,30.64612955,30.11162082,-0.008361266032,-0.008612963913,1,1,16.77356841,411.8334948
23.56,16.74090869,16.66666667,30.64464299,30.11136304,-0.00834174128,-0.008592828082,1,1,16.77332266,412.76679
23.58,16.74073724,16.66666667,30.64315986,30.11110586,-0.008322263765,-0.008572741138,1,1,16.77307747,413.7022186
23.6,16.74056618,16.66666667,30.64168016,30.11084928,-0.008302833358,-0.008552702948,1,1,16.77283284,414.6397855
23.62,16.74039553,16.66666667,30.64020388,30.1105933,-0.008283449936,-0.008532713381,1,1,16.77258878,415.5794957
23.64,16.74022527,16.66666667,30.638731,30.11033791,-0.008264113371,-0.008512772306,1,1,16.77234528,416.5213542
23.66,16.74005542,16.66666667,30.63726153,30.11008313,-0.008244823539,-0.008492879591,1,1,16.77210235,417.4653659
23.68,16.73988596,16.66666667,30.63579545,30.10982893,-0.008225580315,-0.008473035107,1,1,16.77185997,418.4115359
23.7,16.73971689,16.66666667,30.63433275,30.10957534,-0.008206383575,-0.008453238723,1,1,16.77161815,419.3598692
23.72,16.73954822,16.66666667,30.63287344,30.10932233,-0.008187233195,-0.008433490311,1,1,16.77137689,420.3103707
23.74,16.73937995,16.66666667,30.63141749,30.10906992,-0.008168129052,-0.008413789742,1,1,16.77113618,421.2630456
23.76,16.73921206,16.66666667,30.6299649,30.10881809,-0.008149071022,-0.008394136887,1,1,16.77089603,422.2178988
23.78,16.73904457,16.66666667,30.62851567,30.10856686,-0.008130058983,-0.008374531618,1,1,16.77065643,423.1749355
23.8,16.73887747,16.66666667,30.62706978,30.10831621,-0.008111092813,-0.008354973807,1,1,16.77041738,424.1341606
23.82,16.73871076,16.66666667,30.62562723,30.10806615,-0.008092172389,-0.008335463327,1,1,16.77017888,425.0955794
23.84,16.73854444,16.66666667,30.62418801,30.10781667,-0.008073297591,-0.008316000052,1,1,16.76994094,426.0591968
23.86,16.73837851,16.66666667,30.62275212,30.10756777,-0.008054468297,-0.008296583855,1,1,16.76970354,427.025018
23.88,16.73821297,16.66666667,30.62131953,30.10731945,-0.008035684387,-0.008277214611,1,1,16.76946668,427.9930481
23.9,16.73804781,16.66666667,30.61989026,30.10707172,-0.008016945741,-0.008257892193,1,1,16.76923038,428.9632922
23.92,16.73788304,16.66666667,30.61846428,30.10682456,-0.007998252238,-0.008238616477,1,1,16.76899461,429.9357555
23.94,16.73771865,16.66666667,30.6170416,30.10657797,-0.00797960376,-0.008219387338,1,1,16.76875939,430.9104431
23.96,16.73755465,16.66666667,30.6156222,30.10633197,-0.007961000187,-0.008200204651,1,1,16.76852471,431.8873602
23.98,16.73739102,16.66666667,30.61420608,30.10608654,-0.0079424414,-0.008181068294,1,1,16.76829057,432.8665119
24,16.73722778,16.66666667,30.61279322,30.10584168,-0.007923927282,-0.008161978143,1,1,16.76805698,433.8479034
24.02,16.73706493,16.66666667,30.61138363,30.10559739,-0.007905457715,-0.008142934074,1,1,16.76782391,434.83154
24.04,16.73690245,16.66666667,30.60997729,30.10535367,-0.00788703258,-0.008123935965,1,1,16.76759139,435.8174268
24.06,16.73674035,16.66666667,30.60857419,30.10511052,-0.007868651762,-0.008104983694,1,1,16.7673594,436.8055691
24.08,16.73657863,16.66666667,30.60717434,30.10486794,-0.007850315143,-0.00808607714,1,1,16.76712795,437.7959721
24.1,16.73641728,16.66666667,30.60577771,30.10462592,-0.007832022606,-0.00806721618,1,1,16.76689702,438.7886411
24.12,16.73625631,16.66666667,30.60438431,30.10438447,-0.007813774037,-0.008048400694,1,1,16.76666663,439.7835812
24.14,16.73609572,16.66666667,30.60299412,30.10414358,-0.007795569318,-0.008029630562,1,1,16.76643677,440.7807978
24.16,16.7359355,16.66666667,30.60160714,30.10390325,-0.007777408336,-0.008010905662,1,1,16.76620744,441.7802962
24.18,16.73577566,16.66666667,30.60022337,30.10366349,-0.007759290976,-0.007992225876,1,1,16.76597864,442.7820816
24.2,16.73561619,16.66666667,30.59884278,30.10342428,-0.007741217122,-0.007973591084,1,1,16.76575037,443.7861594
24.22,16.73545709,16.66666667,30.59746538,30.10318563,-0.007723186661,-0.007955001167,1,1,16.76552262,444.7925348
24.24,16.73529836,16.66666667,30.59609116,30.10294754,-0.007705199479,-0.007936456007,1,1,16.76529539,445.8012132
24.26,16.73514,16.66666667,30.59472011,30.10271,-0.007687255462,-0.007917955484,1,1,16.76506869,446.8122
24.28,16.73498201,16.66666667,30.59335222,30.10247301,-0.007669354499,-0.007899499483,1,1,16.76484251,447.8255005
24.3,16.73482439,16.66666667,30.59198749,30.10223658,-0.007651496475,-0.007881087884,1,1,16.76461685,448.84112
24.32,16.73466713,16.66666667,30.59062591,30.1020007,-0.007633681279,-0.007862720571,1,1,16.76439171,449.859064
24.34,16.73451024,16.66666667,30.58926747,30.10176537,-0.0076159088,-0.007844397428,1,1,16.76416709,450.8793378
24.36,16.73435372,16.66666667,30.58791216,30.10153058,-0.007598178924,-0.007826118338,1,1,16.76394298,451.9019468
24.38,16.73419756,16.66666667,30.58655998,30.10129635,-0.007580491542,-0.007807883184,1,1,16.76371939,452.9268965
24.4,16.73404177,16.66666667,30.58521092,30.10106266,-0.007562846542,-0.007789691853,1,1,16.76349632,453.9541923
24.42,16.73388634,16.66666667,30.58386498,30.10082951,-0.007545243814,-0.007771544228,1,1,16.76327376,454.9838395
24.44,16.73373127,16.66666667,30.58252213,30.10059691,-0.007527683247,-0.007753440195,1,1,16.76305171,456.0158438
24.46,16.73357656,16.66666667,30.58118239,30.10036485,-0.007510164733,-0.007735379639,1,1,16.76283018,457.0502105
24.48,16.73342222,16.66666667,30.57984573,30.10013332,-0.007492688161,-0.007717362447,1,1,16.76260915,458.0869451
24.5,16.73326823,16.66666667,30.57851216,30.09990234,-0.007475253422,-0.007699388504,1,1,16.76238863,459.1260531
24.52,16.7331146,16.66666667,30.57718167,30.0996719,-0.007457860409,-0.007681457697,1,1,16.76216862,460.16754
24.54,16.73296133,16.66666667,30.57585424,30.09944199,-0.007440509011,-0.007663569914,1,1,16.76194912,461.2114113
24.56,16.73280841,16.66666667,30.57452988,30.09921262,-0.007423199122,-0.007645725042,1,1,16.76173012,462.2576726
24.58,16.73265585,16.66666667,30.57320857,30.09898378,-0.007405930633,-0.007627922968,1,1,16.76151162,463.3063294
24.6,16.73250365,16.66666667,30.57189031,30.09875548,-0.007388703438,-0.007610163582,1,1,16.76129363,464.3573872
24.62,16.7323518,16.66666667,30.57057509,30.0985277,-0.007371517429,-0.00759244677,1,1,16.76107614,465.4108516
24.64,16.73220031,16.66666667,30.5692629,30.09830046,-0.007354372499,-0.007574772423,1,1,16.76085915,466.4667282
24.66,16.73204916,16.66666667,30.56795374,30.09807375,-0.007337268543,-0.007557140429,1,1,16.76064266,467.5250226
24.68,16.73189837,16.66666667,30.56664759,30.09784756,-0.007320205453,-0.007539550678,1,1,16.76042667,468.5857404
24.7,16.73174793,16.66666667,30.56534446,30.0976219,-0.007303183125,-0.00752200306,1,1,16.76021118,469.6488871
24.72,16.73159784,16.66666667,30.56404434,30.09739677,-0.007286201454,-0.007504497465,1,1,16.75999618,470.7144685
24.74,16.7314481,16.66666667,30.56274721,30.09717215,-0.007269260333,-0.007487033784,1,1,16.75978168,471.7824902
24.76,16.73129871,16.66666667,30.56145308,30.09694807,-0.007252359658,-0.007469611908,1,1,16.75956767,472.8529578
24.78,16.73114967,16.66666667,30.56016193,30.0967245,-0.007235499326,-0.007452231728,1,1,16.75935415,473.9258769
24.8,16.73100097,16.66666667,30.55887376,30.09650145,-0.007218679232,-0.007434893136,1,1,16.75914113,475.0012534
24.82,16.73085262,16.66666667,30.55758855,30.09627892,-0.007201899271,-0.007417596024,1,1,16.75892859,476.0790928
24.84,16.73070461,16.66666667,30.55630631,30.09605691,-0.007185159342,-0.007400340284,1,1,16.75871655,477.1594009
24.86,16.73055695,16.66666667,30.55502703,30.09583542,-0.007168459341,-0.007383125808,1,1,16.75850499,478.2421833
24.88,16.73040963,16.66666667,30.5537507,30.09561444,-0.007151799164,-0.007365952491,1,1,16.75829392,479.3274459
24.9,16.73026265,16.66666667,30.55247731,30.09539398,-0.00713517871,-0.007348820225,1,1,16.75808333,480.4151944
24.92,16.73011602,16.66666667,30.55120686,30.09517403,-0.007118597877,-0.007331728904,1,1,16.75787323,481.5054345
24.94,16.72996972,16.66666667,30.54993933,30.09495458,-0.007102056562,-0.007314678421,1,1,16.75766362,482.598172
24.96,16.72982377,16.66666667,30.54867473,30.09473565,-0.007085554664,-0.007297668673,1,1,16.75745448,483.6934127
24.98,16.72967816,16.66666667,30.54741305,30.09451723,-0.007069092083,-0.007280699552,1,1,16.75724583,484.7911624
25,16.72953288,16.66666667,30.54615427,30.09429932,0.617736229,-0.007263770954,0,0,27.77777778,inf
25.02,16.7303876,16.66666667,30.5448884,30.09558141,0.667736229,0.04273622905,0,0,27.77777778,inf
25.04,16.73224233,16.66666667,30.54359543,30.09836349,0.717736229,0.09273622905,0,0,27.77777778,inf
25.06,16.73509705,16.66666667,30.54225537,30.10264558,0.767736229,0.142736229,0,0,27.77777778,inf
25.08,16.73895178,16.66666667,30.54084822,30.10842767,0.817736229,0.192736229,0,0,27.77777778,inf
25.1,16.7438065,16.66666667,30.53935397,30.11570975,0.867736229,0.242736229,0,0,27.77777778,inf
25.12,16.74966123,16.66666667,30.53775262,30.12449184,0.917736229,0.292736229,0,0,27.77777778,inf
25.14,16.75651595,16.66666667,30.53602418,30.13477393,0.967736229,0.342736229,0,0,27.77777778,inf
25.16,16.76437068,16.66666667,30.53414865,30.14655602,1.017736229,0.392736229,0,0,27.77777778,inf
25.18,16.7732254,16.66666667,30.53210602,30.1598381,1.067736229,0.442736229,0,0,27.77777778,inf
25.2,16.78308013,16.66666667,30.5298763,30.17462019,1.117736229,0.492736229,0,0,27.77777778,inf
25.22,16.79393485,16.66666667,30.52743948,30.19090228,1.167736229,0.542736229,0,0,27.77777778,inf
25.24,16.80578958,16.66666667,30.52477557,30.20868436,1.217736229,0.592736229,0,0,27.77777778,inf
25.26,16.8186443,16.66666667,30.52186457,30.22796645,1.267736229,0.642736229,0,0,27.77777778,inf
25.28,16.83249902,16.66666667,30.51868647,30.24874854,1.317736229,0.692736229,0,0,27.77777778,inf
25.3,16.84735375,16.66666667,30.51522127,30.27103062,1.367736229,0.742736229,0,0,27.77777778,inf
25.32,16.86320847,16.66666667,30.51144899,30.29481271,1.417736229,0.792736229,0,0,27.77777778,inf
25.34,16.8800632,16.66666667,30.5073496,30.3200948,1.467736229,0.842736229,0,0,27.77777778,inf
25.36,16.89791792,16.66666667,30.50290312,30.34687688,1.517736229,0.892736229,0,0,27.77777778,inf
25.38,16.91677265,16.66666667,30.49808955,30.37515897,1.567736229,0.942736229,0,0,27.77777778,inf
25.4,16.93662737,16.66666667,30.49288888,30.40494106,1.617736229,0.992736229,0,0,27.77777778,inf
25.42,16.9574821,16.66666667,30.48728112,30.43622314,1.667736229,1.042736229,0,0,27.77777778,inf
25.44,16.97933682,16.66666667,30.48124627,30.46900523,1.717736229,1.092736229,0,0,27.77777778,inf
25.46,17.00219155,16.66666667,30.47476432,30.50328732,1.767736229,1.142736229,0,0,27.77777778,inf
25.48,17.02604627,16.66666667,30.46781527,30.53906941,1.817736229,1.192736229,0,0,27.77777778,inf
25.5,17.05090099,16.66666667,30.46037913,30.57635149,1.867736229,1.242736229,0,0,27.77777778,inf
25.52,17.07675572,16.66666667,30.4524359,30.61513358,1.917736229,1.292736229,0,0,27.77777778,inf
25.54,17.10361044,16.66666667,30.44396557,30.65541567,1.967736229,1.342736229,0,0,27.77777778,inf
25.56,17.13146517,16.66666667,30.43494815,30.69719775,2,1.392736229,0,0,27.77777778,inf
25.58,17.16029152,16.66666667,30.42536391,30.74043727,2,1.441317331,0,0,27.77777778,inf
25.6,17.19001175,16.66666667,30.41519422,30.78501763,2,1.486011944,0,0,27.77777778,inf
25.62,17.22055437,16.66666667,30.40442189,30.83083156,2,1.527130989,0,0,27.77777778,inf
25.64,17.25185358,16.66666667,30.39303114,30.87778038,2,1.56496051,0,0,27.77777778,inf
25.66,17.28384886,16.66666667,30.38100745,30.92577329,2,1.599763669,0,0,27.77777778,inf
25.68,17.31648451,16.66666667,30.36833745,30.97472676,2,1.631782575,0,0,27.77777778,inf
25.7,17.34970931,16.66666667,30.35500885,31.02456396,2,1.661239969,0,0,27.77777778,inf
25.72,17.38347612,16.66666667,30.34101032,31.07521419,2,1.688340772,0,0,27.77777778,inf
25.74,17.41774159,16.66666667,30.32633148,31.12661239,2,1.71327351,0,0,27.77777778,inf
25.76,17.45246583,16.66666667,30.31096274,31.17869874,2,1.736211629,0,0,27.77777778,inf
25.78,17.48761212,16.66666667,30.29489529,31.23141818,2,1.757314699,0,0,27.77777778,inf
25.8,17.52314671,16.66666667,30.27812104,31.28472007,2,1.776729523,0,0,27.77777778,inf
25.82,17.55903853,16.66666667,30.26063252,31.3385578,2,1.794591161,0,0,27.77777778,inf
25.84,17.59525901,16.66666667,30.24242288,31.39288852,2,1.811023868,0,0,27.77777778,inf
25.86,17.63178185,16.66666667,30.2234858,31.44767278,2,1.826141959,0,0,27.77777778,inf
25.88,17.66858286,16.66666667,30.20381549,31.50287429,2,1.840050602,0,0,27.77777778,inf
25.9,17.70563979,16.66666667,30.18340659,31.55845969,2,1.852846554,0,0,27.77777778,inf
25.92,17.74293217,16.66666667,30.16225421,31.61439826,2,1.86461883,0,0,27.77777778,inf
25.94,17.78044116,16.66666667,30.14035381,31.67066174,2,1.875449323,0,0,27.77777778,inf
25.96,17.81814942,16.66666667,30.11770124,31.72722414,2,1.885413377,0,0,27.77777778,inf
25.98,17.85604103,16.66666667,30.09429266,31.78406155,2,1.894580307,0,0,27.77777778,inf
26,17.89410131,16.66666667,30.07012457,31.84115196,2,1.903013883,0,0,27.77777778,inf
26.02,17.93231676,16.66666667,30.04519373,31.89847515,2,1.910772772,0,0,27.77777778,inf
26.04,17.97067498,16.66666667,30.01949714,31.95601247,2,1.91791095,0,0,27.77777778,inf
26.06,18.00916454,16.66666667,29.99303208,32.01374682,2,1.924478074,0,0,27.77777778,inf
26.08,18.04777494,16.66666667,29.96579602,32.07166241,2,1.930519828,0,0,27.77777778,inf
26.1,18.08649651,16.66666667,29.93778664,32.12974476,2,1.936078242,0,0,27.77777778,inf
26.12,18.12532035,16.66666667,29.9090018,32.18798052,2,1.941191983,0,0,27.77777778,inf
26.14,18.16423828,16.66666667,29.87943955,32.24635742,2,1.945896624,0,0,27.77777778,inf
26.16,18.20324278,16.66666667,29.84909807,32.30486416,2,1.950224894,0,0,27.77777778,inf
26.18,18.24232691,16.66666667,29.81797571,32.36349037,2,1.954206903,0,0,27.77777778,inf
26.2,18.28148432,16.66666667,29.78607093,32.42222648,2,1.95787035,0,0,27.77777778,inf
26.22,18.32070914,16.66666667,29.75338233,32.4810637,2,1.961240722,0,0,27.77777778,inf
26.24,18.35999596,16.66666667,29.71990861,32.53999395,2,1.964341465,0,0,27.77777778,inf
26.26,18.39933985,16.66666667,29.68564859,32.59900977,2,1.967194147,0,0,27.77777778,inf
26.28,18.43873622,16.66666667,29.65060116,32.65810433,2,1.969818616,0,0,27.77777778,inf
26.3,18.47818088,16.66666667,29.61476532,32.71727132,2,1.972233126,0,0,27.77777778,inf
26.32,18.51766997,16.66666667,29.57814015,32.77650496,2,1.974454476,0,0,27.77777778,inf
26.34,18.55719993,16.66666667,29.54072478,32.8357999,2,1.976498118,0,0,27.77777778,inf
26.36,18.5967675,16.66666667,29.50251844,32.89515125,2,1.978378269,0,0,27.77777778,inf
26.38,18.63636966,16.66666667,29.4635204,32.95455449,2,1.980108007,0,0,27.77777778,inf
26.4,18.67600365,16.66666667,29.42373,33.01400547,2,1.981699367,0,0,27.77777778,inf
26.42,18.71566692,16.66666667,29.38314663,33.07350037,2,1.983163417,0,0,27.77777778,inf
26.44,18.75535712,16.66666667,29.34176972,33.13303568,2,1.984510344,0,0,27.77777778,inf
26.46,18.79507211,16.66666667,29.29959876,33.19260817,2,1.985749516,0,0,27.77777778,inf
26.48,18.8348099,16.66666667,29.25663328,33.25221486,2,1.986889555,0,0,27.77777778,inf
26.5,18.87456867,16.66666667,29.21287282,33.31185301,2,1.987938391,0,0,27.77777778,inf
26.52,18.91434674,16.66666667,29.168317,33.37152011,2,1.988903319,0,0,27.77777778,inf
26.54,18.95414256,16.66666667,29.12296544,33.43121384,2,1.989791054,0,0,27.77777778,inf
26.56,18.99395471,16.66666667,29.0768178,33.49093207,2,1.99060777,0,0,27.77777778,inf
26.58,19.0337819,16.66666667,29.02987377,33.55067285,2,1.991359148,0,0,27.77777778,inf
26.6,19.07362291,16.66666667,28.98213306,33.61043436,2,1.992050416,0,0,27.77777778,inf
26.62,19.11347663,16.66666667,28.9335954,33.67021495,2,1.992686383,0,0,27.77777778,inf
26.64,19.15334206,16.66666667,28.88426054,33.73001309,2,1.993271472,0,0,27.77777778,inf
26.66,19.19321826,16.66666667,28.83412827,33.78982739,2,1.993809754,0,0,27.77777778,inf
26.68,19.23310436,16.66666667,28.78319838,33.84965654,2,1.994304974,0,0,27.77777778,inf
26.7,19.27299957,16.66666667,28.73147067,33.90949935,2,1.994760576,0,0,27.77777778,inf
26.72,19.31290316,16.66666667,28.67894498,33.96935475,2,1.99517973,0,0,27.77777778,inf
26.74,19.35281447,16.66666667,28.62562114,34.02922171,2,1.995565352,0,0,27.77777778,inf
26.76,19.39273287,16.66666667,28.571499,34.08909931,2,1.995920124,0,0,27.77777778,inf
26.78,19.4326578,16.66666667,28.51657842,34.1489867,2,1.996246514,0,0,27.77777778,inf
26.8,19.47258874,16.66666667,28.46085929,34.20888311,2,1.996546793,0,0,27.77777778,inf
26.82,19.5125252,16.66666667,28.40434148,34.2687878,2,1.996823049,0,0,27.77777778,inf
26.84,19.55246674,16.66666667,28.3470249,34.32870012,2,1.997077205,0,0,27.77777778,inf
26.86,19.59241296,16.66666667,28.28890943,34.38861945,2,1.997311029,0,0,27.77777778,inf
26.88,19.63236349,16.66666667,28.229995,34.44854523,2,1.997526147,0,0,27.77777778,inf
26.9,19.67231797,16.66666667,28.17028152,34.50847695,2,1.997724055,0,0,27.77777778,inf
26.92,19.71227609,16.66666667,28.10976891,34.56841414,2,1.99790613,0,0,27.77777778,inf
26.94,19.75223756,16.66666667,28.04845711,34.62835635,2,1.99807364,0,0,27.77777778,inf
26.96,19.79220212,16.66666667,27.98634605,34.68830318,2,1.998227749,0,0,27.77777778,inf
26.98,19.83216951,16.66666667,27.92343567,34.74825426,2,1.998369529,0,0,27.77777778,inf
27,19.87213951,16.66666667,27.85972591,34.80820926,2,1.998499967,0,0,27.77777778,inf
27.02,19.91211191,16.66666667,27.79521673,34.86816786,2,1.998619969,0,0,27.77777778,inf
27.04,19.95208652,16.66666667,27.72990808,34.92812977,2,1.998730372,0,0,27.77777778,inf
27.06,19.99206315,16.66666667,27.66379991,34.98809473,2,1.998831942,0,0,27.77777778,inf
27.08,20.03204166,16.66666667,27.5968922,35.04806249,2,1.998925387,0,0,27.77777778,inf
27.1,20.07202189,16.66666667,27.5291849,35.10803283,2,1.999011356,0,0,27.77777778,inf
27.12,20.1120037,16.66666667,27.46067797,35.16800555,2,1.999090447,0,0,27.77777778,inf
27.14,20.15198696,16.66666667,27.3913714,35.22798044,2,1.999163211,0,0,27.77777778,inf
27.16,20.19197157,16.66666667,27.32126515,35.28795735,2,1.999230155,0,0,27.77777778,inf
27.18,20.2319574,16.66666667,27.25035919,35.3479361,2,1.999291742,0,0,27.77777778,inf
27.2,20.27194437,16.66666667,27.17865351,35.40791655,2,1.999348403,0,0,27.77777778,inf
27.22,20.31193238,16.66666667,27.10614807,35.46789857,2,1.999400531,0,0,27.77777778,inf
27.24,20.35192135,16.66666667,27.03284287,35.52788202,2,1.999448488,0,0,27.77777778,inf
27.26,20.3919112,16.66666667,26.95873788,35.5878668,2,1.999492609,0,0,27.77777778,inf
27.28,20.43190187,16.66666667,26.88383308,35.6478528,2,1.9995332,0,0,27.77777778,inf
27.3,20.47189328,16.66666667,26.80812846,35.70783991,2,1.999570544,0,0,27.77777778,inf
27.32,20.51188537,16.66666667,26.73162401,35.76782806,2,1.999604901,0,0,27.77777778,inf
27.34,20.5518781,16.66666667,26.65431971,35.82781716,2,1.999636509,0,0,27.77777778,inf
27.36,20.59187142,16.66666667,26.57621555,35.88780712,2,1.999665588,0,0,27.77777778,inf
27.38,20.63186526,16.66666667,26.49731151,35.94779789,2,1.999692341,0,0,27.77777778,inf
27.4,20.6718596,16.66666667,26.4176076,36.0077894,2,1.999716954,0,0,27.77777778,inf
27.42,20.71185439,16.66666667,26.33710379,36.06778159,2,1.999739597,0,0,27.77777778,inf
27.44,20.7518496,16.66666667,26.25580008,36.1277744,2,1.99976043,0,0,27.77777778,inf
27.46,20.79184519,16.66666667,26.17369647,36.18776779,2,1.999779595,0,0,27.77777778,inf
27.48,20.83184114,16.66666667,26.09079294,36.24776171,2,1.999797228,0,0,27.77777778,inf
27.5,20.87183741,16.66666667,26.00708949,36.30775611,2,1.999813449,0,0,27.77777778,inf
27.52,20.91183398,16.66666667,25.92258611,36.36775096,2,1.999828373,0,0,27.77777778,inf
27.54,20.95183082,16.66666667,25.83728279,36.42774623,2,1.999842104,0,0,27.77777778,inf
27.56,20.99182791,16.66666667,25.75117954,36.48774187,2,1.999854735,0,0,27.77777778,inf
27.58,21.03182524,16.66666667,25.66427634,36.54773786,2,1.999866356,0,0,27.77777778,inf
27.6,21.07182278,16.66666667,25.57657319,36.60773417,2,1.999877048,0,0,27.77777778,inf
27.62,21.11182052,16.66666667,25.48807009,36.66773078,2,1.999886884,0,0,27.77777778,inf
27.64,21.15181844,16.66666667,25.39876704,36.72772765,2,1.999895933,0,0,27.77777778,inf
27.66,21.19181652,16.66666667,25.30866402,36.78772478,2,1.999904259,0,0,27.77777778,inf
27.68,21.23181476,16.66666667,25.21776104,36.84772214,2,1.999911918,0,0,27.77777778,inf
27.7,21.27181314,16.66666667,25.1260581,36.90771971,2,1.999918965,0,0,27.77777778,inf
27.72,21.31181165,16.66666667,25.03355518,36.96771747,2,1.999925447,0,0,27.77777778,inf
27.74,21.35181028,16.66666667,24.94025229,37.02771541,2,1.999931412,0,0,27.77777778,inf
27.76,21.39180901,16.66666667,24.84614944,37.08771352,2,1.999936899,0,0,27.77777778,inf
27.78,21.43180785,16.66666667,24.7512466,37.14771178,2,1.999941947,0,0,27.77777778,inf
27.8,21.47180679,16.66666667,24.65554379,37.20771018,2,1.999946591,0,0,27.77777778,inf
27.82,21.5118058,16.66666667,24.55904099,37.2677087,2,1.999950864,0,0,27.77777778,inf
27.84,21.5518049,16.66666667,24.46173822,37.32770735,2,1.999954795,0,0,27.77777778,inf
27.86,21.59180407,16.66666667,24.36363546,37.3877061,2,1.999958411,0,0,27.77777778,inf
27.88,21.6318033,16.66666667,24.26473272,37.44770495,2,1.999961738,0,0,27.77777778,inf
27.9,21.6718026,16.66666667,24.16503,37.5077039,2,1.999964799,0,0,27.77777778,inf
27.92,21.71180195,16.66666667,24.06452729,37.56770292,2,1.999967615,0,0,27.77777778,inf
27.94,21.75180135,16.66666667,23.96322459,37.62770203,2,1.999970206,0,0,27.77777778,inf
27.96,21.79180081,16.66666667,23.8611219,37.68770121,2,1.99997259,0,0,27.77777778,inf
27.98,21.8318003,16.66666667,23.75821922,37.74770045,2,1.999974782,0,0,27.77777778,inf
28,21.87179984,16.66666667,23.65451655,37.80769976,2,1.9999768,0,0,27.77777778,inf
28.02,21.91179941,16.66666667,23.55001389,37.86769912,2,1.999978656,0,0,27.77777778,inf
28.04,21.95179902,16.66666667,23.44471124,37.92769853,2,1.999980363,0,0,27.77777778,inf
28.06,21.99179866,16.66666667,23.3386086,37.98769798,2,1.999981934,0,0,27.77777778,inf
28.08,22.03179832,16.66666667,23.23170596,38.04769749,2,1.99998338,0,0,27.77777778,inf
28.1,22.07179802,16.66666667,23.12400333,38.10769703,2,1.999984709,0,0,27.77777778,inf
28.12,22.11179774,16.66666667,23.01550071,38.16769661,2,1.999985932,0,0,27.77777778,inf
28.14,22.15179748,16.66666667,22.90619809,38.22769622,2,1.999987058,0,0,27.77777778,inf
28.16,22.19179724,16.66666667,22.79609548,38.28769586,2,1.999988093,0,0,27.77777778,inf
28.18,22.23179702,16.66666667,22.68519287,38.34769553,2,1.999989046,0,0,27.77777778,inf
28.2,22.27179682,16.66666667,22.57349026,38.40769523,2,1.999989922,0,0,27.77777778,inf
28.22,22.31179663,16.66666667,22.46098766,38.46769495,2,1.999990728,0,0,27.77777778,inf
28.24,22.35179646,16.66666667,22.34768506,38.52769469,2,1.99999147,0,0,27.77777778,inf
28.26,22.39179631,16.66666667,22.23358247,38.58769446,2,1.999992152,0,0,27.77777778,inf
28.28,22.43179616,16.66666667,22.11867988,38.64769424,2,1.99999278,0,0,27.77777778,inf
28.3,22.47179603,16.66666667,22.00297729,38.70769404,2,1.999993358,0,0,27.77777778,inf
28.32,22.51179591,16.66666667,21.8864747,38.76769386,2,1.999993889,0,0,27.77777778,inf
28.34,22.55179579,16.66666667,21.76917212,38.82769369,2,1.999994378,0,0,27.77777778,inf
28.36,22.59179569,16.66666667,21.65106954,38.88769354,2,1.999994828,0,0,27.77777778,inf
28.38,22.6317956,16.66666667,21.53216696,38.94769339,2,1.999995242,0,0,27.77777778,inf
28.4,22.67179551,16.66666667,21.41246438,39.00769326,2,1.999995622,0,0,27.77777778,inf
28.42,22.71179543,16.66666667,21.2919618,39.06769314,2,1.999995972,0,0,27.77777778,inf
28.44,22.75179535,16.66666667,21.17065923,39.12769303,2,1.999996295,0,0,27.77777778,inf
28.46,22.79179529,16.66666667,21.04855666,39.18769293,2,1.999996591,0,0,27.77777778,inf
28.48,22.83179522,16.66666667,20.92565408,39.24769283,2,1.999996864,0,0,27.77777778,inf
28.5,22.87179516,16.66666667,20.80195151,39.30769275,2,1.999997115,0,0,27.77777778,inf
28.52,22.91179511,16.66666667,20.67744894,39.36769267,2,1.999997346,0,0,27.77777778,inf
28.54,22.95179506,16.66666667,20.55214638,39.42769259,2,1.999997558,0,0,27.77777778,inf
28.56,22.99179502,16.66666667,20.42604381,39.48769253,2,1.999997753,0,0,27.77777778,inf
28.58,23.03179498,16.66666667,20.29914124,39.54769247,2,1.999997933,0,0,27.77777778,inf
28.6,23.07179494,16.66666667,20.17143868,39.60769241,2,1.999998098,0,0,27.77777778,inf
28.62,23.1117949,16.66666667,20.04293611,39.66769236,2,1.99999825,0,0,27.77777778,inf
28.64,23.15179487,16.66666667,19.91363355,39.72769231,2,1.99999839,0,0,27.77777778,inf
28.66,23.19179484,16.66666667,19.78353098,39.78769226,2,1.999998519,0,0,27.77777778,inf
28.68,23.23179481,16.66666667,19.65262842,39.84769222,2,1.999998638,0,0,27.77777778,inf
28.7,23.27179479,16.66666667,19.52092586,39.90769218,2,1.999998747,0,0,27.77777778,inf
28.72,23.31179477,16.66666667,19.38842329,39.96769215,2,1.999998847,0,0,27.77777778,inf
28.74,23.35179475,16.66666667,19.25512073,40.02769212,2,1.999998939,0,0,27.77777778,inf
28.76,23.39179473,16.66666667,19.12101817,40.08769209,2,1.999999024,0,0,27.77777778,inf
28.78,23.43179471,16.66666667,18.98611561,40.14769206,2,1.999999102,0,0,27.77777778,inf
28.8,23.47179469,16.66666667,18.85041305,40.20769204,2,1.999999174,0,0,27.77777778,inf
28.82,23.51179468,16.66666667,18.71391049,40.26769201,2,1.99999924,0,0,27.77777778,inf
28.84,23.55179466,16.66666667,18.57660793,40.32769199,2,1.999999301,0,0,27.77777778,inf
28.86,23.59179465,16.66666667,18.43850537,40.38769197,2,1.999999357,0,0,27.77777778,inf
28.88,23.63179464,16.66666667,18.29960281,40.44769196,2,1.999999408,0,0,27.77777778,inf
28.9,23.67179463,16.66666667,18.15990025,40.50769194,2,1.999999456,0,0,27.77777778,inf
28.92,23.71179462,16.66666667,18.01939769,40.56769192,2,1.999999499,0,0,27.77777778,inf
28.94,23.75179461,16.66666667,17.87809513,40.62769191,2,1.999999539,0,0,27.77777778,inf
28.96,23.7917946,16.66666667,17.73599257,40.6876919,2,1.999999576,0,0,27.77777778,inf
28.98,23.83179459,16.66666667,17.59309002,40.74769189,2,1.99999961,0,0,27.77777778,inf
29,23.87179458,16.66666667,17.44938746,40.80769188,2,1.999999641,0,0,27.77777778,inf
29.02,23.91179458,16.66666667,17.3048849,40.86769187,2,1.99999967,0,0,27.77777778,inf
29.04,23.95179457,16.66666667,17.15958234,40.92769186,2,1.999999696,0,0,27.77777778,inf
29.06,23.99179457,16.66666667,17.01347978,40.98769185,2,1.999999721,0,0,27.77777778,inf
29.08,24.03179456,16.66666667,16.86657722,41.04769184,2,1.999999743,0,0,27.77777778,inf
29.1,24.07179456,16.66666667,16.71887467,41.10769183,2,1.999999764,0,0,27.77777778,inf
29.12,24.11179455,16.66666667,16.57037211,41.16769183,2,1.999999782,0,0,27.77777778,inf
29.14,24.15179455,16.66666667,16.42106955,41.22769182,2,1.9999998,0,0,27.77777778,inf
29.16,24.19179454,16.66666667,16.27096699,41.28769182,2,1.999999816,0,0,27.77777778,inf
29.18,24.23179454,16.66666667,16.12006444,41.34769181,2,1.999999831,0,0,27.77777778,inf
29.2,24.27179454,16.66666667,15.96836188,41.40769181,2,1.999999844,0,0,27.77777778,inf
29.22,24.31179453,16.66666667,15.81585932,41.4676918,2,1.999999857,0,0,27.77777778,inf
29.24,24.35179453,16.66666667,15.66255676,41.5276918,2,1.999999868,0,0,27.77777778,inf
29.26,24.39179453,16.66666667,15.50845421,41.58769179,2,1.999999879,0,0,27.77777778,inf
29.28,24.43179453,16.66666667,15.35355165,41.64769179,2,1.999999888,0,0,27.77777778,inf
29.3,24.47179452,16.66666667,15.19784909,41.70769179,2,1.999999897,0,0,27.77777778,inf
29.32,24.51179452,16.66666667,15.04134654,41.76769178,2,1.999999905,0,0,27.77777778,inf
29.34,24.55179452,16.66666667,14.88404398,41.82769178,2,1.999999913,0,0,27.77777778,inf
29.36,24.59179452,16.66666667,14.72594142,41.88769178,2,1.99999992,0,0,27.77777778,inf
29.38,24.63179452,16.66666667,14.56703886,41.94769178,2,1.999999926,0,0,27.77777778,inf
29.4,24.67179452,16.66666667,14.40733631,42.00769178,2,1.999999932,0,0,27.77777778,inf
29.42,24.71179452,16.66666667,14.24683375,42.06769177,2,1.999999938,0,0,27.77777778,inf
29.44,24.75179451,16.66666667,14.08553119,42.12769177,2,1.999999943,0,0,27.77777778,inf
29.46,24.79179451,16.66666667,13.92342864,42.18769177,2,1.999999947,0,0,27.77777778,inf
29.48,24.83179451,16.66666667,13.76052608,42.24769177,2,1.999999951,0,0,27.77777778,inf
29.5,24.87179451,16.66666667,13.59682352,42.30769177,2,1.999999955,0,0,27.77777778,inf
29.52,24.91179451,16.66666667,13.43232097,42.36769177,2,1.999999959,0,0,27.77777778,inf
29.54,24.95179451,16.66666667,13.26701841,42.42769177,2,1.999999962,0,0,27.77777778,inf
29.56,24.99179451,16.66666667,13.10091585,42.48769176,2,1.999999965,0,0,27.77777778,inf
29.58,25.03179451,16.66666667,12.93401329,42.54769176,2,1.999999968,0,0,27.77777778,inf
29.6,25.07179451,16.66666667,12.76631074,42.60769176,2,1.999999971,0,0,27.77777778,inf
29.62,25.11179451,16.66666667,12.59780818,42.66769176,1.972786632,1.999999973,0,0,27.77777778,inf
29.64,25.15175097,16.66666667,12.42850606,42.72762645,1.947235657,1.997822906,0,0,27.77777778,inf
29.66,25.19162648,16.66666667,12.25840562,42.78743973,1.921681532,1.993775926,0,0,27.77777778,inf
29.68,25.23138665,16.66666667,12.08750882,42.84707998,1.896161948,1.988008374,0,0,27.77777778,inf
29.7,25.27099986,16.66666667,11.91581829,42.9064998,1.870710506,1.98066066,0,0,27.77777778,inf
29.72,25.31043716,16.66666667,11.74333725,42.96565574,1.845357082,1.971864648,0,0,27.77777778,inf
29.74,25.34967204,16.66666667,11.57006949,43.02450806,1.820128166,1.961744043,0,0,27.77777778,inf
29.76,25.38868033,16.66666667,11.3960193,43.0830205,1.79504717,1.950414772,0,0,27.77777778,inf
29.78,25.42744004,16.66666667,11.22119143,43.14116006,1.770134713,1.937985364,0,0,27.77777778,inf
29.8,25.46593119,16.66666667,11.04559105,43.19889678,1.745408878,1.924557312,0,0,27.77777778,inf
29.82,25.5041357,16.66666667,10.86922372,43.25620354,1.720885455,1.910225437,0,0,27.77777778,inf
29.84,25.54203726,16.66666667,10.69209532,43.31305589,1.696578152,1.895078239,0,0,27.77777778,inf
29.86,25.57962123,16.66666667,10.51421207,43.36943184,1.672498802,1.879198232,0,0,27.77777778,inf
29.88,25.61687447,16.66666667,10.33558045,43.42531171,1.648657537,1.862662277,0,0,27.77777778,inf
29.9,25.65378531,16.66666667,10.15620718,43.48067796,1.625062961,1.845541898,0,0,27.77777778,inf
29.92,25.69034338,16.66666667,9.976099228,43.53551507,1.601722297,1.827903583,0,0,27.77777778,inf
29.94,25.72653956,16.66666667,9.795263732,43.58980934,1.578641529,1.80980908,0,0,27.77777778,inf
29.96,25.76236588,16.66666667,9.613708011,43.64354881,1.555825524,1.791315676,0,0,27.77777778,inf
29.98,25.79781541,16.66666667,9.431439532,43.69672311,1.533278151,1.772476464,0,0,27.77777778,inf
30,25.83288222,16.66666667,9.248465889,43.74932333,1.511002382,1.753340599,0,0,27.77777778,inf
30.02,25.86756129,16.66666667,9.064794787,43.80134193,1.489000391,1.733953542,0,0,27.77777778,inf
30.04,25.90184843,16.66666667,8.880434023,43.85277265,1.467273637,1.71435729,0,0,27.77777778,inf
30.06,25.93574025,16.66666667,8.69539147,43.90361037,1.445822941,1.694590597,0,0,27.77777778,inf
30.08,25.96923403,16.66666667,8.50967506,43.95385104,1.424648563,1.674689185,0,0,27.77777778,inf
30.1,26.00232775,16.66666667,8.323292776,44.00349162,1.403750261,1.654685935,0,0,27.77777778,inf
30.12,26.03501997,16.66666667,8.136252632,44.05252995,1.383127351,1.634611081,0,0,27.77777778,inf
30.14,26.06730982,16.66666667,7.948562668,44.10096473,1.362778762,1.614492383,0,0,27.77777778,inf
30.16,26.09919692,16.66666667,7.760230933,44.14879539,1.34270308,1.594355293,0,0,27.77777778,inf
30.18,26.13068139,16.66666667,7.571265484,44.19602208,1.322898592,1.574223116,0,0,27.77777778,inf
30.2,26.16176373,16.66666667,7.381674366,44.24264559,1.303363327,1.554117154,0,0,27.77777778,inf
30.22,26.19244487,16.66666667,7.191465613,44.2886673,1.284095088,1.534056848,0,0,27.77777778,inf
30.24,26.22272606,16.66666667,7.000647237,44.3340891,1.265091485,1.514059907,0,0,27.77777778,inf
30.26,26.25260891,16.66666667,6.809227221,44.37891337,1.246349963,1.494142433,0,0,27.77777778,inf
30.28,26.28209529,16.66666667,6.617213512,44.42314294,1.227867827,1.474319036,0,0,27.77777778,inf
30.3,26.31118735,16.66666667,6.424614019,44.46678103,1.209642266,1.454602939,0,0,27.77777778,inf
30.32,26.33988747,16.66666667,6.231436604,44.50983121,1.19167037,1.435006085,0,0,27.77777778,inf
30.34,26.36819826,16.66666667,6.03768908,44.55229739,1.173949151,1.415539228,0,0,27.77777778,inf
30.36,26.3961225,16.66666667,5.843379206,44.59418375,1.156475558,1.396212022,0,0,27.77777778,inf
30.38,26.42366316,16.66666667,5.648514683,44.63549474,1.139246492,1.377033105,0,0,27.77777778,inf
30.4,26.45082336,16.66666667,5.453103151,44.67623505,1.122258817,1.358010176,0,0,27.77777778,inf
30.42,26.47760637,16.66666667,5.257152187,44.71640955,1.105509374,1.339150067,0,0,27.77777778,inf
30.44,26.50401554,16.66666667,5.060669301,44.75602331,1.088994987,1.320458812,0,0,27.77777778,inf
30.46,26.53005438,16.66666667,4.863661935,44.79508156,1.072712476,1.301941706,0,0,27.77777778,inf
30.48,26.55572644,16.66666667,4.66613746,44.83358967,1.056658662,1.283603367,0,0,27.77777778,inf
30.5,26.5810354,16.66666667,4.468103175,44.8715531,1.040830373,1.265447791,0,0,27.77777778,inf
30.52,26.60598497,16.66666667,4.269566305,44.90897745,1.025224453,1.247478398,0,0,27.77777778,inf
30.54,26.63057893,16.66666667,4.070533999,44.94586839,1.009837764,1.229698082,0,0,27.77777778,inf
30.56,26.65482111,16.66666667,3.871013332,44.98223167,0.9946671917,1.212109257,0,0,27.77777778,inf
30.58,26.67871539,16.66666667,3.6710113,45.01807309,0.9797096483,1.194713891,0,0,27.77777778,inf
30.6,26.70226566,16.66666667,3.470534823,45.05339849,0.9649620772,1.177513552,0,0,27.77777778,inf
30.62,26.72547585,16.66666667,3.269590741,45.08821378,0.9504214543,1.160509434,0,0,27.77777778,inf
30.64,26.7483499,16.66666667,3.068185817,45.12252485,0.9360847909,1.143702396,0,0,27.77777778,inf
30.66,26.77089176,16.66666667,2.866326734,45.15633764,0.921949135,1.127092987,0,0,27.77777778,inf
30.68,26.79310539,16.66666667,2.664020096,45.18965808,0.9080115734,1.110681479,0,0,27.77777778,inf
30.7,26.81499475,16.66666667,2.461272428,45.22249212,0.8942692321,1.094467887,0,0,27.77777778,inf
30.72,26.83656379,16.66666667,2.258090176,45.25484568,0.880719278,1.078451994,0,0,27.77777778,inf
30.74,26.85781645,16.66666667,2.054479707,45.28672468,0.8673589188,1.062633377,0,0,27.77777778,inf
30.76,26.87875668,16.66666667,1.850447309,45.31813502,0.8541854041,1.04701142,0,0,27.77777778,inf
30.78,26.89938839,16.66666667,1.645999191,45.34908258,0.8411960252,1.031585339,0,0,27.77777778,inf
30.8,26.91971547,16.66666667,1.441141486,45.37957321,0.8283881154,1.016354194,0,0,27.77777778,inf
30.82,26.93974181,16.66666667,1.235880246,45.40961272,0.81575905,1.001316908,0,0,27.77777778,inf
30.84,26.95947126,16.66666667,1.030221449,45.43920689,0.8033062458,0.986472279,0,0,27.77777778,inf
30.86,26.97890764,16.66666667,0.8241709935,45.46836146,0.7910271613,0.9718189963,0,0,27.77777778,inf
30.88,26.99805475,16.66666667,0.617734703,45.49708212,0.7789192962,0.9573556495,0,0,27.77777778,inf
30.9,27.01691636,16.66666667,0.4109183252,45.52537455,0.7669801907,0.9430807413,0,0,27.77777778,inf
30.92,27.03549622,16.66666667,0.2037275327,45.55324433,0.7552074253,0.9289926972,0,0,27.77777778,inf
30.94,27.05379802,16.66666667,-0.003832076297,45.58069702,0.7435986203,0.9150898755,0,0,27.77777778,inf
30.96,27.07182543,16.66666667,-0.2117549774,45.60773814,0.7321514349,0.9013705751,0,0,27.77777778,inf
30.98,27.08958209,16.66666667,-0.4200357192,45.63437313,0.720863567,0.8878330439,0,0,27.77777778,inf
31,27.1070716,16.66666667,-0.6286689228,45.6606074,0.7097327522,0.8744754857,0,0,27.77777778,inf
31.02,27.12429752,16.66666667,-0.8376492806,45.68644628,0.6987567632,0.861296067,0,0,27.77777778,inf
31.04,27.14126338,16.66666667,-1.046971556,45.71189507,0.6879334095,0.8482929227,0,0,27.77777778,inf
31.06,27.15797266,16.66666667,-1.256630583,45.73695899,0.6772605361,0.8354641617,0,0,27.77777778,inf
31.08,27.17442882,16.66666667,-1.466621265,45.76164323,0.6667360233,0.8228078716,0,0,27.77777778,inf
31.1,27.19063526,16.66666667,-1.676938572,45.78595289,0.6563577858,0.8103221238,0,0,27.77777778,inf
31.12,27.20659536,16.66666667,-1.887577545,45.80989304,0.646123772,0.7980049767,0,0,27.77777778,inf
31.14,27.22231245,16.66666667,-2.09853329,45.83346868,0.6360319633,0.7858544803,0,0,27.77777778,inf
31.16,27.23778982,16.66666667,-2.309800979,45.85668474,0.6260803736,0.773868679,0,0,27.77777778,inf
31.18,27.25303074,16.66666667,-2.521375852,45.8795461,0.6162670484,0.7620456145,0,0,27.77777778,inf
31.2,27.2680384,16.66666667,-2.73325321,45.9020576,0.6065900642,0.7503833293,0,0,27.77777778,inf
31.22,27.282816,16.66666667,-2.94542842,45.924224,0.597047528,0.7388798681,0,0,27.77777778,inf
31.24,27.29736667,16.66666667,-3.157896914,45.94605,0.5876375764,0.7275332808,0,0,27.77777778,inf
31.26,27.3116935,16.66666667,-3.370654182,45.96754025,0.5783583751,0.7163416245,0,0,27.77777778,inf
31.28,27.32579956,16.66666667,-3.583695779,45.98869934,0.5692081185,0.7053029645,0,0,27.77777778,inf
31.3,27.33968786,16.66666667,-3.79701732,46.0095318,0.5601850285,0.6944153769,0,0,27.77777778,inf
31.32,27.3533614,16.66666667,-4.010614479,46.03004211,0.5512873547,0.683676949,0,0,27.77777778,inf
31.34,27.36682312,16.66666667,-4.224482991,46.05023468,0.5425133733,0.6730857815,0,0,27.77777778,inf
31.36,27.38007592,16.66666667,-4.438618648,46.07011388,0.5338613866,0.6626399888,0,0,27.77777778,inf
31.38,27.39312267,16.66666667,-4.653017301,46.08968401,0.5253297226,0.6523377006,0,0,27.77777778,inf
31.4,27.40596621,16.66666667,-4.867674856,46.10894932,0.5169167345,0.6421770624,0,0,27.77777778,inf
31.42,27.41860934,16.66666667,-5.082587279,46.12791401,0.5086207999,0.6321562361,0,0,27.77777778,inf
31.44,27.43105481,16.66666667,-5.297750587,46.14658221,0.5004403208,0.6222734012,0,0,27.77777778,inf
31.46,27.44330534,16.66666667,-5.513160855,46.16495801,0.4923737226,0.6125267548,0,0,27.77777778,inf
31.48,27.45536363,16.66666667,-5.728814211,46.18304545,0.4844194539,0.6029145122,0,0,27.77777778,inf
31.5,27.46723233,16.66666667,-5.944706838,46.2008485,0.4765759862,0.5934349076,0,0,27.77777778,inf
31.52,27.47891405,16.66666667,-6.160834968,46.21837108,0.4688418131,0.5840861939,0,0,27.77777778,inf
31.54,27.49041139,16.66666667,-6.377194889,46.23561708,0.46121545,0.5748666434,0,0,27.77777778,inf
31.56,27.50172688,16.66666667,-6.593782939,46.25259032,0.4536954338,0.5657745479,0,0,27.77777778,inf
31.58,27.51286304,16.66666667,-6.810595504,46.26929456,0.4462803226,0.5568082188,0,0,27.77777778,inf
31.6,27.52382236,16.66666667,-7.027629025,46.28573354,0.4389686949,0.5479659871,0,0,27.77777778,inf
31.62,27.53460729,16.66666667,-7.244879988,46.30191093,0.4317591495,0.5392462037,0,0,27.77777778,inf
31.64,27.54522023,16.66666667,-7.46234493,46.31783035,0.4246503052,0.5306472394,0,0,27.77777778,inf
31.66,27.55566358,16.66666667,-7.680020435,46.33349537,0.4176408003,0.5221674846,0,0,27.77777778,inf
31.68,27.56593969,16.66666667,-7.897903134,46.34890953,0.4107292922,0.5138053499,0,0,27.77777778,inf
31.7,27.57605087,16.66666667,-8.115989707,46.36407631,0.4039144573,0.5055592653,0,0,27.77777778,inf
31.72,27.58599943,16.66666667,-8.334276876,46.37899914,0.3971949904,0.4974276806,0,0,27.77777778,inf
31.74,27.59578761,16.66666667,-8.552761413,46.39368141,0.3905696047,0.4894090654,0,0,27.77777778,inf
31.76,27.60541765,16.66666667,-8.771440133,46.40812647,0.384037031,0.4815019086,0,0,27.77777778,inf
31.78,27.61489174,16.66666667,-8.990309893,46.42233761,0.377596018,0.4737047184,0,0,27.77777778,inf
31.8,27.62421206,16.66666667,-9.209367598,46.43631809,0.3712453316,0.4660160223,0,0,27.77777778,inf
31.82,27.63338075,16.66666667,-9.428610193,46.45007112,0.3649837546,0.4584343671,0,0,27.77777778,inf
31.84,27.64239992,16.66666667,-9.648034666,46.46359987,0.3588100866,0.4509583181,0,0,27.77777778,inf
31.86,27.65127164,16.66666667,-9.867638048,46.47690747,0.3527231439,0.4435864596,0,0,27.77777778,inf
31.88,27.65999799,16.66666667,-10.08741741,46.48999699,0.3467217588,0.4363173943,0,0,27.77777778,inf
31.9,27.66858099,16.66666667,-10.30736987,46.50287148,0.3408047795,0.4291497435,0,0,27.77777778,inf
31.92,27.67702263,16.66666667,-10.52749257,46.51553394,0.3349710702,0.4220821464,0,0,27.77777778,inf
31.94,27.6853249,16.66666667,-10.74778271,46.52798734,0.3292195101,0.4151132603,0,0,27.77777778,inf
31.96,27.69348973,16.66666667,-10.96823753,46.5402346,0.3235489941,0.4082417603,0,0,27.77777778,inf
31.98,27.70151906,16.66666667,-11.18885428,46.55227859,0.3179584319,0.401466339,0,0,27.77777778,inf
32,27.70941477,16.66666667,-11.40963028,46.56412216,0.3124467478,0.3947857064,0,0,27.77777778,inf
32.02,27.71717874,16.66666667,-11.63056289,46.57576811,0.3070128808,0.3881985897,0,0,27.77777778,inf
32.04,27.72481282,16.66666667,-11.85164947,46.58721923,0.3016557843,0.381703733,0,0,27.77777778,inf
32.06,27.73231882,16.66666667,-12.07288745,46.59847822,0.2963744258,0.3752998971,0,0,27.77777778,inf
32.08,27.73969853,16.66666667,-12.29427429,46.6095478,0.2911677864,0.3689858594,0,0,27.77777778,inf
32.1,27.74695374,16.66666667,-12.51580748,46.62043061,0.2860348613,0.3627604136,0,0,27.77777778,inf
32.12,27.75408619,16.66666667,-12.73748455,46.63112928,0.280974659,0.3566223694,0,0,27.77777778,inf
32.14,27.7610976,16.66666667,-12.95930305,46.6416464,0.2759862012,0.3505705525,0,0,27.77777778,inf
32.16,27.76798968,16.66666667,-13.18126059,46.65198451,0.271068523,0.3446038044,0,0,27.77777778,inf
32.18,27.7747641,16.66666667,-13.4033548,46.66214614,0.2662206722,0.3387209819,0,0,27.77777778,inf
32.2,27.78142251,16.66666667,-13.62558333,46.67213377,0.2614417095,0.3329209572,0,0,27.77777778,inf
32.22,27.78796657,16.66666667,-13.84794389,46.68194985,0.2567307079,0.3272026173,0,0,27.77777778,inf
32.24,27.79439786,16.66666667,-14.0704342,46.6915968,0.252086753,0.3215648646,0,0,27.77777778,inf
32.26,27.800718,16.66666667,-14.29305202,46.70107699,0.2475089427,0.3160066157,0,0,27.77777778,inf
32.28,27.80692853,16.66666667,-14.51579515,46.7103928,0.2429963866,0.3105268018,0,0,27.77777778,inf
32.3,27.81303102,16.66666667,-14.73866142,46.71954653,0.2385482065,0.3051243686,0,0,27.77777778,inf
32.32,27.81902699,16.66666667,-14.96164866,46.72854048,0.2341635357,0.2997982756,0,0,27.77777778,inf
32.34,27.82491794,16.66666667,-15.18475478,46.7373769,0.2298415191,0.2945474964,0,0,27.77777778,inf
32.36,27.83070536,16.66666667,-15.40797768,46.74605803,0.2255813131,0.2893710183,0,0,27.77777778,inf
32.38,27.83639071,16.66666667,-15.63131531,46.75458607,0.2213820851,0.2842678418,0,0,27.77777778,inf
32.4,27.84197545,16.66666667,-15.85476563,46.76296318,0.2172430138,0.2792369813,0,0,27.77777778,inf
32.42,27.847461,16.66666667,-16.07832667,46.7711915,0.2131632887,0.2742774639,0,0,27.77777778,inf
32.44,27.85284877,16.66666667,-16.30199643,46.77927315,0.20914211,0.2693883299,0,0,27.77777778,inf
32.46,27.85814014,16.66666667,-16.52577299,46.78721021,0.2051786887,0.2645686323,0,0,27.77777778,inf
32.48,27.86333649,16.66666667,-16.74965442,46.79500473,0.2012722462,0.2598174368,0,0,27.77777778,inf
32.5,27.86843917,16.66666667,-16.97363884,46.80265875,0.1974220142,0.2551338216,0,0,27.77777778,inf
32.52,27.8734495,16.66666667,-17.1977244,46.81017425,0.1936272346,0.250516877,0,0,27.77777778,inf
32.54,27.87836882,16.66666667,-17.42190924,46.81755323,0.1898871596,0.2459657056,0,0,27.77777778,inf
32.56,27.88319841,16.66666667,-17.64619158,46.82479761,0.1862010509,0.2414794219,0,0,27.77777778,inf
32.58,27.88793955,16.66666667,-17.87056963,46.83190932,0.1825681804,0.2370571522,0,0,27.77777778,inf
32.6,27.89259351,16.66666667,-18.09504163,46.83889026,0.1789878293,0.2326980345,0,0,27.77777778,inf
32.62,27.89716153,16.66666667,-18.31960584,46.8457423,0.1754592887,0.2284012181,0,0,27.77777778,inf
32.64,27.90164485,16.66666667,-18.54426057,46.85246728,0.1719818588,0.2241658637,0,0,27.77777778,inf
32.66,27.90604467,16.66666667,-18.76900414,46.85906701,0.1685548493,0.2199911433,0,0,27.77777778,inf
32.68,27.9103622,16.66666667,-18.99383487,46.8655433,0.1651775789,0.2158762398,0,0,27.77777778,inf
32.7,27.91459861,16.66666667,-19.21875115,46.87189791,0.1618493754,0.2118203469,0,0,27.77777778,inf
32.72,27.91875506,16.66666667,-19.44375135,46.87813259,0.1585695755,0.2078226692,0,0,27.77777778,inf
32.74,27.92283271,16.66666667,-19.66883389,46.88424906,0.1553375248,0.2038824217,0,0,27.77777778,inf
32.76,27.92683268,16.66666667,-19.89399722,46.89024903,0.1521525773,0.19999883,0,0,27.77777778,inf
32.78,27.93075611,16.66666667,-20.11923977,46.89613416,0.1490140958,0.1961711297,0,0,27.77777778,inf
32.8,27.93460408,16.66666667,-20.34456004,46.90190612,0.1459214515,0.192398567,0,0,27.77777778,inf
32.82,27.93837769,16.66666667,-20.56995652,46.90756653,0.142874024,0.1886803978,0,0,27.77777778,inf
32.84,27.942078,16.66666667,-20.79542775,46.91311701,0.1398712009,0.1850158879,0,0,27.77777778,inf
32.86,27.94570609,16.66666667,-21.02097225,46.91855914,0.1369123783,0.1814043129,0,0,27.77777778,inf
32.88,27.94926299,16.66666667,-21.24658861,46.92389448,0.1339969598,0.1778449582,0,0,27.77777778,inf
32.9,27.95274973,16.66666667,-21.47227541,46.9291246,0.1311243573,0.1743371183,0,0,27.77777778,inf
32.92,27.95616733,16.66666667,-21.69803124,46.934251,0.1282939904,0.1708800974,0,0,27.77777778,inf
32.94,27.9595168,16.66666667,-21.92385475,46.9392752,0.1255052864,0.1674732089,0,0,27.77777778,inf
32.96,27.96279911,16.66666667,-22.14974458,46.94419867,0.1227576801,0.1641157751,0,0,27.77777778,inf
32.98,27.96601526,16.66666667,-22.37569939,46.94902288,0.1200506139,0.1608071275,0,0,27.77777778,inf
33,27.96916619,16.66666667,-22.60171787,46.95374928,0.1173835375,0.1575466064,0,0,27.77777778,inf
33.02,27.97225286,16.66666667,-22.82779872,46.95837929,0.114755908,0.1543335609,0,0,27.77777778,inf
33.04,27.97527621,16.66666667,-23.05394068,46.96291431,0.1121671897,0.1511673486,0,0,27.77777778,inf
33.06,27.97823715,16.66666667,-23.28014248,46.96735573,0.1096168538,0.1480473359,0,0,27.77777778,inf
33.08,27.98113661,16.66666667,-23.50640289,46.97170492,0.1071043788,0.1449728974,0,0,27.77777778,inf
33.1,27.98397548,16.66666667,-23.73272067,46.97596322,0.10462925,0.1419434159,0,0,27.77777778,inf
33.12,27.98675464,16.66666667,-23.95909464,46.98013197,0.1021909594,0.1389582826,0,0,27.77777778,inf
33.14,27.98947498,16.66666667,-24.18552361,46.98421247,0.09978900599,0.1360168967,0,0,27.77777778,inf
33.16,27.99213736,16.66666667,-24.4120064,46.98820603,0.09742289518,0.1331186655,0,0,27.77777778,inf
33.18,27.99474262,16.66666667,-24.63854186,46.99211392,0.09509213906,0.1302630039,0,0,27.77777778,inf
33.2,27.9972916,16.66666667,-24.86512887,46.9959374,0.09279625616,0.1274493347,0,0,27.77777778,inf
33.22,27.99978514,16.66666667,-25.0917663,46.99967772,0.09053477142,0.1246770884,0,0,27.77777778,inf
33.24,28.00222406,16.66666667,-25.31845306,47.00333609,0.08830721608,0.121945703,0,0,27.77777778,inf
33.26,28.00460915,16.66666667,-25.54518806,47.00691373,0.08611312758,0.1192546241,0,0,27.77777778,inf
33.28,28.00694122,16.66666667,-25.77197023,47.01041183,0.08395204952,0.1166033044,0,0,27.77777778,inf
33.3,28.00922104,16.66666667,-25.99879852,47.01383156,0.08182353155,0.113991204,0,0,27.77777778,inf
33.32,28.0114494,16.66666667,-26.22567189,47.0171741,0.07972712932,0.1114177902,0,0,27.77777778,inf
33.34,28.01362705,16.66666667,-26.45258932,47.02044057,0.07766240434,0.1088825373,0,0,27.77777778,inf
33.36,28.01575475,16.66666667,-26.67954981,47.02363212,0.07562892399,0.1063849267,0,0,27.77777778,inf
33.38,28.01783324,16.66666667,-26.90655235,47.02674985,0.07362626137,0.1039244465,0,0,27.77777778,inf
33.4,28.01986325,16.66666667,-27.13359599,47.02979487,0.07165399524,0.1015005917,0,0,27.77777778,inf
33.42,28.0218455,16.66666667,-27.36067974,47.03276826,0.06971170998,0.09911286394,0,0,27.77777778,inf
33.44,28.02378072,16.66666667,-27.58780267,47.03567108,0.06779899548,0.09676077162,0,0,27.77777778,inf
33.46,28.0256696,16.66666667,-27.81496384,47.03850439,0.06591544708,0.09444382953,0,0,27.77777778,inf
33.48,28.02751283,16.66666667,-28.04216233,47.04126924,0.06406066549,0.09216155893,0,0,27.77777778,inf
33.5,28.0293111,16.66666667,-28.26939724,47.04396665,0.06223425675,0.08991348746,0,0,27.77777778,inf
33.52,28.03106508,16.66666667,-28.49666766,47.04659762,0.06043583212,0.087699149,0,0,27.77777778,inf
33.54,28.03277544,16.66666667,-28.72397274,47.04916316,0.05866500801,0.08551808365,0,0,27.77777778,inf
33.56,28.03444284,16.66666667,-28.95131159,47.05166426,0.05692140597,0.0833698376,0,0,27.77777778,inf
33.58,28.03606792,16.66666667,-29.17868336,47.05410188,0.05520465255,0.08125396307,0,0,27.77777778,inf
33.6,28.03765132,16.66666667,-29.40608722,47.05647698,0.05351437928,0.07917001823,0,0,27.77777778,inf
33.62,28.03919367,16.66666667,-29.63352234,47.0587905,0.05185022259,0.07711756711,0,0,27.77777778,inf
33.64,28.04069559,16.66666667,-29.86098789,47.06104339,0.05021182374,0.07509617955,0,0,27.77777778,inf
33.66,28.0421577,16.66666667,-30.08848309,47.06323655,0.04859882877,0.07310543109,0,0,27.77777778,inf
33.68,28.0435806,16.66666667,-30.31600714,47.0653709,0.04701088843,0.0711449029,0,0,27.77777778,inf
33.7,28.04496488,16.66666667,-30.54355927,47.06744733,0.0454476581,0.06921418174,0,0,27.77777778,inf
33.72,28.04631114,16.66666667,-30.77113869,47.06946671,0.04390879777,0.06731285985,0,0,27.77777778,inf
33.74,28.04761995,16.66666667,-30.99874467,47.07142993,0.04239397193,0.06544053489,0,0,27.77777778,inf
33.76,28.04889189,16.66666667,-31.22637646,47.07333783,0.04090284958,0.06359680985,0,0,27.77777778,inf
33.78,28.05012751,16.66666667,-31.45403332,47.07519127,0.03943510407,0.06178129303,0,0,27.77777778,inf
33.8,28.05132739,16.66666667,-31.68171453,47.07699108,0.03799041315,0.05999359791,0,0,27.77777778,inf
33.82,28.05249205,16.66666667,-31.90941939,47.07873808,0.03656845882,0.05823334313,0,0,27.77777778,inf
33.84,28.05362206,16.66666667,-32.1371472,47.08043308,0.03516892735,0.05650015239,0,0,27.77777778,inf
33.86,28.05471793,16.66666667,-32.36489727,47.08207689,0.03379150917,0.05479365438,0,0,27.77777778,inf
33.88,28.0557802,16.66666667,-32.59266891,47.0836703,0.03243589884,0.05311348277,0,0,27.77777778,inf
33.9,28.05680938,16.66666667,-32.82046148,47.08521408,0.03110179498,0.05145927605,0,0,27.77777778,inf
33.92,28.057806,16.66666667,-33.0482743,47.086709,0.02978890025,0.04983067757,0,0,27.77777778,inf
33.94,28.05877054,16.66666667,-33.27610673,47.08815582,0.02849692124,0.04822733538,0,0,27.77777778,inf
33.96,28.05970352,16.66666667,-33.50395814,47.08955528,0.02722556849,0.04664890225,0,0,27.77777778,inf
33.98,28.06060542,16.66666667,-33.73182789,47.09090813,0.02597455637,0.04509503555,0,0,27.77777778,inf
34,28.06147673,16.66666667,-33.95971538,47.0922151,0.02474360307,0.04356539721,0,0,27.77777778,inf
34.02,28.06231792,16.66666667,-34.18761999,47.09347689,0.02353243053,0.04205965368,0,0,27.77777778,inf
34.04,28.06312947,16.66666667,-34.41554114,47.09469421,0.02234076441,0.04057747583,0,0,27.77777778,inf
34.06,28.06391184,16.66666667,-34.64347822,47.09586777,0.02116833403,0.03911853892,0,0,27.77777778,inf
34.08,28.06466549,16.66666667,-34.87143066,47.09699824,0.02001487231,0.03768252252,0,0,27.77777778,inf
34.1,28.06539088,16.66666667,-35.09939789,47.09808632,0.01888011574,0.03626911051,0,0,27.77777778,inf
34.12,28.06608844,16.66666667,-35.32737935,47.09913265,0.01776380434,0.03487799093,0,0,27.77777778,inf
34.14,28.06675861,16.66666667,-35.55537448,47.10013792,0.01666568159,0.033508856,0,0,27.77777778,inf
34.16,28.06740184,16.66666667,-35.78338275,47.10110276,0.01558549438,0.03216140205,0,0,27.77777778,inf
34.18,28.06801855,16.66666667,-36.01140362,47.10202782,0.014522993,0.03083532943,0,0,27.77777778,inf
34.2,28.06860916,16.66666667,-36.23943657,47.10291373,0.01347793107,0.02953034252,0,0,27.77777778,inf
34.22,28.06917408,16.66666667,-36.46748107,47.10376112,0.0124500655,0.0282461496,0,0,27.77777778,inf
34.24,28.06971373,16.66666667,-36.69553661,47.10457059,0.01143915645,0.02698246287,0,0,27.77777778,inf
34.26,28.07022851,16.66666667,-36.9236027,47.10534276,0.01044496728,0.02573899836,0,0,27.77777778,inf
34.28,28.07071882,16.66666667,-37.15167884,47.10607823,0.009467264518,0.02451547587,0,0,27.77777778,inf
34.3,28.07118505,16.66666667,-37.37976455,47.10677757,0.008505817811,0.02331161896,0,0,27.77777778,inf
34.32,28.07162759,16.66666667,-37.60785934,47.10744139,0.007560399884,0.02212715487,0,0,27.77777778,inf
34.34,28.07204683,16.66666667,-37.83596275,47.10807024,0.006630786502,0.02096181447,0,0,27.77777778,inf
34.36,28.07244314,16.66666667,-38.06407432,47.1086647,0.005716756431,0.01981533224,0,0,27.77777778,inf
34.38,28.07281688,16.66666667,-38.29219358,47.10922533,0.004818091393,0.01868744617,0,0,27.77777778,inf
34.4,28.07316844,16.66666667,-38.5203201,47.10975266,0.003934576033,0.01757789779,0,0,27.77777778,inf
34.42,28.07349817,16.66666667,-38.74845344,47.11024726,0.003065997877,0.01648643205,0,0,27.77777778,inf
34.44,28.07380643,16.66666667,-38.97659315,47.11070964,0.002212147294,0.01541279731,0,0,27.77777778,inf
34.46,28.07409356,16.66666667,-39.20473882,47.11114034,0.001372817459,0.01435674531,0,0,27.77777778,inf
34.48,28.07435992,16.66666667,-39.43289002,47.11153988,0.0005478043191,0.01331803108,0,0,27.77777778,inf
34.5,28.07460585,16.66666667,-39.66104634,47.11190878,-0.0002630934499,0.01229641294,0,0,27.77777778,inf
34.52,28.07483168,16.66666667,-39.88920738,47.11224753,-0.001060074473,0.01129165243,0,0,27.77777778,inf
34.54,28.07503775,16.66666667,-40.11737274,47.11255663,-0.001843334716,0.01030351428,0,0,27.77777778,inf
34.56,28.07522439,16.66666667,-40.34554203,47.11283658,-0.002613067518,0.00933176636,0,0,27.77777778,inf
34.58,28.07539191,16.66666667,-40.57371486,47.11308787,-0.003369463627,0.00837617965,0,0,27.77777778,inf
34.6,28.07554064,16.66666667,-40.80189085,47.11331097,-0.004112711235,0.007436528188,0,0,27.77777778,inf
34.62,28.0756709,16.66666667,-41.03006964,47.11350634,-0.004842996008,0.006512589034,0,0,27.77777778,inf
34.64,28.07578298,16.66666667,-41.25825084,47.11367447,-0.005560501127,0.00560414223,0,0,27.77777778,inf
34.66,28.0758772,16.66666667,-41.48643411,47.1138158,-0.006265407312,0.004710970762,0,0,27.77777778,inf
34.68,28.07595385,16.66666667,-41.71461909,47.11393078,-0.00695789286,0.003832860516,0,0,27.77777778,inf
34.7,28.07601325,16.66666667,-41.94280542,47.11401987,-0.007638133676,0.002969600246,0,0,27.77777778,inf
34.72,28.07605567,16.66666667,-42.17099278,47.1140835,-0.008306303305,0.002120981532,0,0,27.77777778,inf
34.74,28.0760814,16.66666667,-42.39918082,47.1141221,-0.008962572959,0.001286798745,0,0,27.77777778,inf
34.76,28.07609074,16.66666667,-42.62736921,47.11413611,-0.009607111554,0.0004668490088,0,0,27.77777778,inf
34.78,28.07608396,16.66666667,-42.85555762,47.11412594,-0.01024008574,-0.0003390678363,0,0,27.77777778,inf
34.8,28.07606133,16.66666667,-43.08374574,47.114092,-0.01086165992,-0.001131149268,0,0,27.77777778,inf
34.82,28.07602314,16.66666667,-43.31193325,47.11403471,-0.0114719963,-0.00190959012,0,0,27.77777778,inf
34.84,28.07596965,16.66666667,-43.54011985,47.11395448,-0.01207125489,-0.002674582614,0,0,27.77777778,inf
34.86,28.07590113,16.66666667,-43.76830522,47.11385169,-0.01265959357,-0.003426316396,0,0,27.77777778,inf
34.88,28.07581783,16.66666667,-43.99648908,47.11372674,-0.01323716808,-0.00416497857,0,0,27.77777778,inf
34.9,28.07572001,16.66666667,-44.22467112,47.11358002,-0.01380413207,-0.00489075373,0,0,27.77777778,inf
34.92,28.07560793,16.66666667,-44.45285107,47.1134119,-0.01436063713,-0.005603823997,0,0,27.77777778,inf
34.94,28.07548185,16.66666667,-44.68102863,47.11322277,-0.0149068328,-0.006304369048,0,0,27.77777778,inf
34.96,28.075342,16.66666667,-44.90920354,47.11301299,-0.01544286663,-0.006992566148,0,0,27.77777778,inf
34.98,28.07518862,16.66666667,-45.13737551,47.11278294,-0.01596888415,-0.007668590187,0,0,27.77777778,inf
35,28.07502197,16.66666667,-45.36554428,47.11253296,-0.01648502895,-0.008332613704,0,0,27.77777778,inf
35.02,28.07484228,16.66666667,-45.59370959,47.11226341,-0.01699144269,-0.008984806924,0,0,27.77777778,inf
35.04,28.07464977,16.66666667,-45.82187118,47.11197465,-0.01748826512,-0.009625337785,0,0,27.77777778,inf
35.06,28.07444468,16.66666667,-46.05002879,47.11166702,-0.0179756341,-0.01025437197,0,0,27.77777778,inf
35.08,28.07422724,16.66666667,-46.27818218,47.11134086,-0.01845368563,-0.01087207294,0,0,27.77777778,inf
35.1,28.07399767,16.66666667,-46.50633109,47.1109965,-0.01892255388,-0.01147860196,0,0,27.77777778,inf
35.12,28.07375618,16.66666667,-46.7344753,47.11063428,-0.01938237123,-0.01207411811,0,0,27.77777778,inf
35.14,28.07350301,16.66666667,-46.96261455,47.11025451,-0.01983326824,-0.01265877836,0,0,27.77777778,inf
35.16,28.07323835,16.66666667,-47.19074864,47.10985753,-0.02027537373,-0.01323273755,0,0,27.77777778,inf
35.18,28.07296243,16.66666667,-47.41887731,47.10944365,-0.02070881479,-0.01379614845,0,0,27.77777778,inf
35.2,28.07267545,16.66666667,-47.64700036,47.10901317,-0.02113371678,-0.01434916175,0,0,27.77777778,inf
35.22,28.07237761,16.66666667,-47.87511755,47.10856641,-0.02155020336,-0.01489192615,0,0,27.77777778,inf
35.24,28.07206912,16.66666667,-48.10322869,47.10810368,-0.02195839653,-0.01542458833,0,0,27.77777778,inf
35.26,28.07175017,16.66666667,-48.33133355,47.10762526,-0.02235841666,-0.01594729299,0,0,27.77777778,inf
35.28,28.07142097,16.66666667,-48.55943192,47.10713145,-0.02275038245,-0.01646018288,0,0,27.77777778,inf
35.3,28.0710817,16.66666667,-48.78752362,47.10662255,-0.02313441105,-0.01696339885,0,0,27.77777778,inf
35.32,28.07073256,16.66666667,-49.01560843,47.10609884,-0.02351061798,-0.01745707982,0,0,27.77777778,inf
35.34,28.07037373,16.66666667,-49.24368616,47.1055606,-0.02387911722,-0.01794136288,0,0,27.77777778,inf
35.36,28.0700054,16.66666667,-49.47175661,47.10500811,-0.0242400212,-0.01841638322,0,0,27.77777778,inf
35.38,28.06962776,16.66666667,-49.69981961,47.10444164,-0.02459344084,-0.01888227426,0,0,27.77777778,inf
35.4,28.06924098,16.66666667,-49.92787497,47.10386146,-0.02493948555,-0.01933916759,0,0,27.77777778,inf
35.42,28.06884523,16.66666667,-50.1559225,47.10326785,-0.02527826325,-0.01978719302,0,0,27.77777778,inf
35.44,28.0684407,16.66666667,-50.38396202,47.10266105,-0.02560988042,-0.02022647864,0,0,27.77777778,inf
35.46,28.06802756,16.66666667,-50.61199337,47.10204134,-0.02593444208,-0.02065715078,0,0,27.77777778,inf
35.48,28.06760597,16.66666667,-50.84001637,47.10140896,-0.02625205184,-0.02107933409,0,0,27.77777778,inf
35.5,28.06717611,16.66666667,-51.06803086,47.10076416,-0.02656281189,-0.02149315151,0,0,27.77777778,inf
35.52,28.06673813,16.66666667,-51.29603667,47.1001072,-0.02686682305,-0.02189872434,0,0,27.77777778,inf
35.54,28.06629221,16.66666667,-51.52403364,47.09943832,-0.02716418475,-0.02229617224,0,0,27.77777778,inf
35.56,28.0658385,16.66666667,-51.75202161,47.09875775,-0.02745499511,-0.02268561324,0,0,27.77777778,inf
35.58,28.06537716,16.66666667,-51.98000044,47.09806573,-0.02773935087,-0.02306716379,0,0,27.77777778,inf
35.6,28.06490834,16.66666667,-52.20796996,47.09736251,-0.0280173475,-0.02344093875,0,0,27.77777778,inf
35.62,28.0644322,16.66666667,-52.43593003,47.09664829,-0.02828907915,-0.02380705145,0,0,27.77777778,inf
35.64,28.06394888,16.66666667,-52.66388051,47.09592333,-0.02855463869,-0.02416561367,0,0,27.77777778,inf
35.66,28.06345855,16.66666667,-52.89182125,47.09518782,-0.02881411773,-0.02451673567,0,0,27.77777778,inf
35.68,28.06296134,16.66666667,-53.11975211,47.09444201,-0.02906760665,-0.02486052624,0,0,27.77777778,inf
35.7,28.0624574,16.66666667,-53.34767297,47.09368609,-0.02931519458,-0.02519709267,0,0,27.77777778,inf
35.72,28.06194687,16.66666667,-53.57558368,47.0929203,-0.02955696946,-0.02552654082,0,0,27.77777778,inf
35.74,28.06142989,16.66666667,-53.80348411,47.09214483,-0.029793018,-0.02584897511,0,0,27.77777778,inf
35.76,28.0609066,16.66666667,-54.03137414,47.09135989,-0.03002342576,-0.02616449854,0,0,27.77777778,inf
35.78,28.06037713,16.66666667,-54.25925365,47.0905657,-0.03024827713,-0.02647321272,0,0,27.77777778,inf
35.8,28.05984163,16.66666667,-54.4871225,47.08976244,-0.03046765533,-0.02677521787,0,0,27.77777778,inf
35.82,28.05930022,16.66666667,-54.71498059,47.08895032,-0.03068164247,-0.02707061287,0,0,27.77777778,inf
35.84,28.05875303,16.66666667,-54.94282779,47.08812954,-0.03089031953,-0.02735949524,0,0,27.77777778,inf
35.86,28.05820019,16.66666667,-55.17066398,47.08730028,-0.03109376639,-0.02764196118,0,0,27.77777778,inf
35.88,28.05764182,16.66666667,-55.39848907,47.08646274,-0.03129206184,-0.0279181056,0,0,27.77777778,inf
35.9,28.05707806,16.66666667,-55.62630294,47.0856171,-0.03148528358,-0.0281880221,0,0,27.77777778,inf
35.92,28.05650903,16.66666667,-55.85410547,47.08476354,-0.03167350826,-0.02845180302,0,0,27.77777778,inf
35.94,28.05593484,16.66666667,-56.08189658,47.08390226,-0.0318568115,-0.02870953944,0,0,27.77777778,inf
35.96,28.05535561,16.66666667,-56.30967615,47.08303342,-0.03203526787,-0.0289613212,0,0,27.77777778,inf
35.98,28.05477147,16.66666667,-56.53744409,47.0821572,-0.03220895091,-0.02920723693,0,0,27.77777778,inf
36,28.05418252,16.66666667,-56.76520029,47.08127378,-0.03237793317,-0.02944737405,0,0,27.77777778,inf
36.02,28.05358888,16.66666667,-56.99294467,47.08038332,-0.03254228621,-0.02968181878,0,0,27.77777778,inf
36.04,28.05299067,16.66666667,-57.22067714,47.079486,-0.0327020806,-0.02991065618,0,0,27.77777778,inf
36.06,28.05238799,16.66666667,-57.44839759,47.07858198,-0.03285738595,-0.03013397013,0,0,27.77777778,inf
36.08,28.05178095,16.66666667,-57.67610595,47.07767143,-0.03300827091,-0.0303518434,0,0,27.77777778,inf
36.1,28.05116967,16.66666667,-57.90380212,47.0767545,-0.03315480321,-0.0305643576,0,0,27.77777778,inf
36.12,28.05055423,16.66666667,-58.13148602,47.07583135,-0.03329704962,-0.03077159325,0,0,27.77777778,inf
36.14,28.04993476,16.66666667,-58.35915758,47.07490214,-0.03343507603,-0.03097362976,0,0,27.77777778,inf
36.16,28.04931135,16.66666667,-58.58681671,47.07396702,-0.03356894739,-0.03117054546,0,0,27.77777778,inf
36.18,28.0486841,16.66666667,-58.81446333,47.07302615,-0.03369872778,-0.03136241761,0,0,27.77777778,inf
36.2,28.04805312,16.66666667,-59.04209737,47.07207967,-0.0338244804,-0.03154932243,0,0,27.77777778,inf
36.22,28.04741849,16.66666667,-59.26971875,47.07112773,-0.03394626757,-0.03173133506,0,0,27.77777778,inf
36.24,28.04678032,16.66666667,-59.49732741,47.07017048,-0.03406415078,-0.03190852966,0,0,27.77777778,inf
36.26,28.0461387,16.66666667,-59.72492326,47.06920805,-0.03417819064,-0.03208097935,0,0,27.77777778,inf
36.28,28.04549372,16.66666667,-59.95250625,47.06824058,-0.03428844694,-0.03224875626,0,0,27.77777778,inf
36.3,28.04484548,16.66666667,-60.18007631,47.06726823,-0.03439497867,-0.03241193151,0,0,27.77777778,inf
36.32,28.04419407,16.66666667,-60.40763338,47.06629111,-0.03449784397,-0.03257057528,0,0,27.77777778,inf
36.34,28.04353958,16.66666667,-60.63517738,47.06530937,-0.0345971002,-0.03272475678,0,0,27.77777778,inf
36.36,28.04288209,16.66666667,-60.86270826,47.06432313,-0.03469280393,-0.03287454425,0,0,27.77777778,inf
36.38,28.04222169,16.66666667,-61.09022597,47.06333253,-0.03478501095,-0.03302000503,0,0,27.77777778,inf
36.4,28.04155846,16.66666667,-61.31773043,47.06233769,-0.03487377628,-0.0331612055,0,0,27.77777778,inf
36.42,28.0408925,16.66666667,-61.54522161,47.06133875,-0.03495915417,-0.03329821116,0,0,27.77777778,inf
36.44,28.04022388,16.66666667,-61.77269944,47.06033582,-0.03504119813,-0.0334310866,0,0,27.77777778,inf
36.46,28.03955268,16.66666667,-62.00016387,47.05932902,-0.03511996094,-0.03355989553,0,0,27.77777778,inf
36.48,28.03887898,16.66666667,-62.22761486,47.05831848,-0.03519549463,-0.03368470076,0,0,27.77777778,inf
36.5,28.03820287,16.66666667,-62.45505234,47.05730431,-0.03526785053,-0.03380556427,0,0,27.77777778,inf
36.52,28.03752442,16.66666667,-62.68247628,47.05628663,-0.03533707925,-0.03392254717,0,0,27.77777778,inf
36.54,28.03684371,16.66666667,-62.90988663,47.05526556,-0.0354032307,-0.03403570974,0,0,27.77777778,inf
36.56,28.03616081,16.66666667,-63.13728334,47.05424121,-0.0354663541,-0.03414511141,0,0,27.77777778,inf
36.58,28.03547579,16.66666667,-63.36466637,47.05321368,-0.03552649799,-0.03425081083,0,0,27.77777778,inf
36.6,28.03478873,16.66666667,-63.59203569,47.0521831,-0.03558371023,-0.0343528658,0,0,27.77777778,inf
36.62,28.03409971,16.66666667,-63.81939124,47.05114956,-0.03563803803,-0.03445133335,0,0,27.77777778,inf
36.64,28.03340878,16.66666667,-64.04673299,47.05011317,-0.03568952793,-0.03454626973,0,0,27.77777778,inf
36.66,28.03271603,16.66666667,-64.2740609,47.04907404,-0.03573822584,-0.03463773039,0,0,27.77777778,inf
36.68,28.03202151,16.66666667,-64.50137495,47.04803227,-0.03578417702,-0.03472577002,0,0,27.77777778,inf
36.7,28.0313253,16.66666667,-64.72867508,47.04698795,-0.0358274261,-0.03481044258,0,0,27.77777778,inf
36.72,28.03062747,16.66666667,-64.95596127,47.0459412,-0.03586801709,-0.03489180126,0,0,27.77777778,inf
36.74,28.02992807,16.66666667,-65.1832335,47.0448921,-0.0359059934,-0.03496989853,0,0,27.77777778,inf
36.76,28.02922717,16.66666667,-65.41049172,47.04384076,-0.03594139782,-0.03504478612,0,0,27.77777778,inf
36.78,28.02852484,16.66666667,-65.6377359,47.04278726,-0.03597427255,-0.03511651505,0,0,27.77777778,inf
36.8,28.02782114,16.66666667,-65.86496603,47.04173171,-0.03600465921,-0.03518513565,0,0,27.77777778,inf
36.82,28.02711613,16.66666667,-66.09218207,47.04067419,-0.03603259883,-0.03525069754,0,0,27.77777778,inf
36.84,28.02640986,16.66666667,-66.31938399,47.03961479,-0.03605813186,-0.03531324964,0,0,27.77777778,inf
36.86,28.0257024,16.66666667,-66.54657178,47.0385536,-0.03608129821,-0.03537284022,0,0,27.77777778,inf
36.88,28.02499381,16.66666667,-66.77374541,47.03749072,-0.0361021372,-0.03542951686,0,0,27.77777778,inf
36.9,28.02428415,16.66666667,-67.00090486,47.03642622,-0.03612068763,-0.03548332649,0,0,27.77777778,inf
36.92,28.02357346,16.66666667,-67.2280501,47.03536019,-0.03613698773,-0.03553431538,0,0,27.77777778,inf
36.94,28.02286181,16.66666667,-67.45518112,47.03429271,-0.03615107523,-0.03558252917,0,0,27.77777778,inf
36.96,28.02214925,16.66666667,-67.6822979,47.03322387,-0.0361629873,-0.03562801285,0,0,27.77777778,inf
36.98,28.02143583,16.66666667,-67.90940042,47.03215375,-0.0361727606,-0.03567081081,0,0,27.77777778,inf
37,28.02072161,16.66666667,-68.13648866,47.03108242,-0.03618043127,-0.03571096679,0,0,27.77777778,inf
37.02,28.02000664,16.66666667,-68.36356261,47.03000996,-0.03618603496,-0.03574852395,0,0,27.77777778,inf
37.04,28.01929097,16.66666667,-68.59062225,47.02893646,-0.0361896068,-0.03578352483,0,0,27.77777778,inf
37.06,28.01857465,16.66666667,-68.81766757,47.02786198,-0.03619118145,-0.03581601139,0,0,27.77777778,inf
37.08,28.01785773,16.66666667,-69.04469856,47.0267866,-0.03619079304,-0.03584602499,0,0,27.77777778,inf
37.1,28.01714026,16.66666667,-69.27171521,47.02571039,-0.03618847527,-0.03587360644,0,0,27.77777778,inf
37.12,28.01642228,16.66666667,-69.4987175,47.02463343,-0.03618426133,-0.03589879594,0,0,27.77777778,inf
37.14,28.01570385,16.66666667,-69.72570543,47.02355578,-0.03617818396,-0.03592163317,0,0,27.77777778,inf
37.16,28.01498501,16.66666667,-69.95267898,47.02247751,-0.03617027544,-0.03594215724,0,0,27.77777778,inf
37.18,28.0142658,16.66666667,-70.17963816,47.0213987,-0.03616056757,-0.03596040669,0,0,27.77777778,inf
37.2,28.01354627,16.66666667,-70.40658295,47.02031941,-0.03614909174,-0.03597641956,0,0,27.77777778,inf
37.22,28.01282647,16.66666667,-70.63351334,47.0192397,-0.03613587886,-0.03599023334,0,0,27.77777778,inf
37.24,28.01210643,16.66666667,-70.86042934,47.01815964,-0.03612095942,-0.03600188498,0,0,27.77777778,inf
37.26,28.0113862,16.66666667,-71.08733093,47.0170793,-0.03610436348,-0.03601141094,0,0,27.77777778,inf
37.28,28.01066582,16.66666667,-71.31421812,47.01599874,-0.03608612067,-0.03601884714,0,0,27.77777778,inf
37.3,28.00994534,16.66666667,-71.54109089,47.01491801,-0.03606626021,-0.03602422902,0,0,27.77777778,inf
37.32,28.00922479,16.66666667,-71.76794926,47.01383718,-0.03604481088,-0.03602759152,0,0,27.77777778,inf
37.34,28.00850421,16.66666667,-71.99479322,47.01275631,-0.03602180107,-0.03602896907,0,0,27.77777778,inf
37.36,28.00778364,16.66666667,-72.22162276,47.01167546,-0.03599725878,-0.03602839563,0,0,27.77777778,inf
37.38,28.00706312,16.66666667,-72.4484379,47.01059468,-0.03597121159,-0.03602590468,0,0,27.77777778,inf
37.4,28.00634269,16.66666667,-72.67523862,47.00951404,-0.03594368669,-0.03602152923,0,0,27.77777778,inf
37.42,28.00562239,16.66666667,-72.90202494,47.00843358,-0.03591471089,-0.03601530183,0,0,27.77777778,inf
37.44,28.00490224,16.66666667,-73.12879685,47.00735336,-0.03588431062,-0.03600725455,0,0,27.77777778,inf
37.46,28.00418229,16.66666667,-73.35555437,47.00627344,-0.03585251192,-0.03599741904,0,0,27.77777778,inf
37.48,28.00346258,16.66666667,-73.58229748,47.00519386,-0.03581934048,-0.03598582647,0,0,27.77777778,inf
37.5,28.00274313,16.66666667,-73.8090262,47.00411469,-0.03578482159,-0.03597250759,0,0,27.77777778,inf
37.52,28.00202398,16.66666667,-74.03574054,47.00303596,-0.03574898022,-0.03595749271,0,0,27.77777778,inf
37.54,28.00130516,16.66666667,-74.2624405,47.00195774,-0.03571184094,-0.03594081171,0,0,27.77777778,inf
37.56,28.00058671,16.66666667,-74.48912609,47.00088006,-0.035673428,-0.03592249405,0,0,27.77777778,inf
37.58,27.99986866,16.66666667,-74.71579731,46.99980299,-0.0356337653,-0.03590256877,0,0,27.77777778,inf
37.6,27.99915104,16.66666667,-74.94245417,46.99872656,-0.03559287637,-0.03588106449,0,0,27.77777778,inf
37.62,27.99843388,16.66666667,-75.16909669,46.99765081,-0.03555078444,-0.03585800944,0,0,27.77777778,inf
37.64,27.99771721,16.66666667,-75.39572486,46.99657581,-0.03550751237,-0.03583343144,0,0,27.77777778,inf
37.66,27.99700106,16.66666667,-75.62233871,46.99550159,-0.03546308272,-0.03580735791,0,0,27.77777778,inf
37.68,27.99628546,16.66666667,-75.84893824,46.9944282,-0.03541751771,-0.0357798159,0,0,27.77777778,inf
37.7,27.99557045,16.66666667,-76.07552347,46.99335567,-0.03537083924,-0.03575083204,0,0,27.77777778,inf
37.72,27.99485604,16.66666667,-76.3020944,46.99228406,-0.0353230689,-0.03572043262,0,0,27.77777778,inf
37.74,27.99414227,16.66666667,-76.52865105,46.9912134,-0.03527422796,-0.03568864352,0,0,27.77777778,inf
37.76,27.99342916,16.66666667,-76.75519343,46.99014373,-0.0352243374,-0.03565549028,0,0,27.77777778,inf
37.78,27.99271674,16.66666667,-76.98172156,46.9890751,-0.03517341787,-0.03562099805,0,0,27.77777778,inf
37.8,27.99200503,16.66666667,-77.20823544,46.98800755,-0.03512148975,-0.03558519163,0,0,27.77777778,inf
37.82,27.99129407,16.66666667,-77.4347351,46.98694111,-0.03506857309,-0.03554809548,0,0,27.77777778,inf
37.84,27.99058388,16.66666667,-77.66122055,46.98587581,-0.03501468769,-0.03550973369,0,0,27.77777778,inf
37.86,27.98987447,16.66666667,-77.8876918,46.98481171,-0.03495985303,-0.03547013001,0,0,27.77777778,inf
37.88,27.98916589,16.66666667,-78.11414887,46.98374883,-0.03490408832,-0.03542930785,0,0,27.77777778,inf
37.9,27.98845814,16.66666667,-78.34059177,46.98268721,-0.03484741249,-0.03538729029,0,0,27.77777778,inf
37.92,27.98775126,16.66666667,-78.56702053,46.98162689,-0.03478984419,-0.03534410007,0,0,27.77777778,inf
37.94,27.98704526,16.66666667,-78.79343517,46.9805679,-0.03473140181,-0.0352997596,0,0,27.77777778,inf
37.96,27.98634018,16.66666667,-79.01983569,46.97951027,-0.03467210345,-0.03525429097,0,0,27.77777778,inf
37.98,27.98563602,16.66666667,-79.24622212,46.97845404,-0.03461196697,-0.03520771597,0,0,27.77777778,inf
38,27.98493282,16.66666667,-79.47259447,46.97739923,-0.03455100994,-0.03516005605,0,0,27.77777778,inf
38.02,27.9842306,16.66666667,-79.69895277,46.97634589,-0.03448924971,-0.03511133236,0,0,27.77777778,inf
38.04,27.98352937,16.66666667,-79.92529704,46.97529405,-0.03442670333,-0.03506156575,0,0,27.77777778,inf
38.06,27.98282915,16.66666667,-80.15162729,46.97424372,-0.03436338765,-0.03501077676,0,0,27.77777778,inf
38.08,27.98212997,16.66666667,-80.37794355,46.97319495,-0.03429931923,-0.03495898563,0,0,27.77777778,inf
38.1,27.98143185,16.66666667,-80.60424583,46.97214777,-0.0342345144,-0.03490621232,0,0,27.77777778,inf
38.12,27.9807348,16.66666667,-80.83053417,46.97110219,-0.03416898927,-0.03485247648,0,0,27.77777778,inf
38.14,27.98003884,16.66666667,-81.05680857,46.97005826,-0.03410275967,-0.03479779751,0,0,27.77777778,inf
38.16,27.979344,16.66666667,-81.28306906,46.96901599,-0.03403584125,-0.03474219448,0,0,27.77777778,inf
38.18,27.97865028,16.66666667,-81.50931567,46.96797542,-0.03396824938,-0.03468568622,0,0,27.77777778,inf
38.2,27.97795772,16.66666667,-81.73554842,46.96693658,-0.03389999922,-0.03462829127,0,0,27.77777778,inf
38.22,27.97726632,16.66666667,-81.96176733,46.96589947,-0.03383110572,-0.03457002791,0,0,27.77777778,inf
38.24,27.9765761,16.66666667,-82.18797242,46.96486415,-0.03376158359,-0.03451091413,0,0,27.77777778,inf
38.26,27.97588708,16.66666667,-82.41416372,46.96383062,-0.03369144732,-0.03445096769,0,0,27.77777778,inf
38.28,27.97519927,16.66666667,-82.64034125,46.96279891,-0.0336207112,-0.03439020606,0,0,27.77777778,inf
38.3,27.9745127,16.66666667,-82.86650503,46.96176905,-0.0335493893,-0.03432864647,0,0,27.77777778,inf
38.32,27.97382738,16.66666667,-83.0926551,46.96074106,-0.03347749547,-0.0342663059,0,0,27.77777778,inf
38.34,27.97314331,16.66666667,-83.31879147,46.95971497,-0.03340504336,-0.03420320106,0,0,27.77777778,inf
38.36,27.97246052,16.66666667,-83.54491418,46.95869079,-0.03333204643,-0.03413934845,0,0,27.77777778,inf
38.38,27.97177903,16.66666667,-83.77102324,46.95766854,-0.03325851792,-0.03407476429,0,0,27.77777778,inf
38.4,27.97109884,16.66666667,-83.99711869,46.95664826,-0.03318447087,-0.03400946458,0,0,27.77777778,inf
38.42,27.97041997,16.66666667,-84.22320054,46.95562996,-0.03310991814,-0.03394346508,0,0,27.77777778,inf
38.44,27.96974243,16.66666667,-84.44926883,46.95461365,-0.03303487239,-0.03387678132,0,0,27.77777778,inf
38.46,27.96906625,16.66666667,-84.67532358,46.95359937,-0.03295934608,-0.03380942861,0,0,27.77777778,inf
38.48,27.96839142,16.66666667,-84.90136483,46.95258713,-0.03288335149,-0.03374142201,0,0,27.77777778,inf
38.5,27.96771796,16.66666667,-85.12739259,46.95157694,-0.03280690071,-0.03367277636,0,0,27.77777778,inf
38.52,27.96704589,16.66666667,-85.35340689,46.95056884,-0.03273000567,-0.03360350631,0,0,27.77777778,inf
38.54,27.96637522,16.66666667,-85.57940777,46.94956283,-0.03265267808,-0.03353362626,0,0,27.77777778,inf
38.56,27.96570596,16.66666667,-85.80539525,46.94855894,-0.0325749295,-0.03346315041,0,0,27.77777778,inf
38.58,27.96503811,16.66666667,-86.03136936,46.94755717,-0.03249677131,-0.03339209273,0,0,27.77777778,inf
38.6,27.96437171,16.66666667,-86.25733012,46.94655756,-0.0324182147,-0.03332046702,0,0,27.77777778,inf
38.62,27.96370674,16.66666667,-86.48327757,46.94556011,-0.03233927072,-0.03324828683,0,0,27.77777778,inf
38.64,27.96304323,16.66666667,-86.70921174,46.94456484,-0.03225995023,-0.03317556555,0,0,27.77777778,inf
38.66,27.96238118,16.66666667,-86.93513265,46.94357177,-0.03218026393,-0.03310231632,0,0,27.77777778,inf
38.68,27.96172061,16.66666667,-87.16104034,46.94258092,-0.03210022235,-0.03302855213,0,0,27.77777778,inf
38.7,27.96106153,16.66666667,-87.38693482,46.94159229,-0.03201983586,-0.03295428575,0,0,27.77777778,inf
38.72,27.96040393,16.66666667,-87.61281614,46.9406059,-0.03193911468,-0.03287952976,0,0,27.77777778,inf
38.74,27.95974785,16.66666667,-87.83868433,46.93962177,-0.03185806886,-0.03280429655,0,0,27.77777778,inf
38.76,27.95909328,16.66666667,-88.06453941,46.93863992,-0.03177670831,-0.03272859834,0,0,27.77777778,inf
38.78,27.95844023,16.66666667,-88.29038141,46.93766034,-0.03169504278,-0.03265244713,0,0,27.77777778,inf
38.8,27.95778871,16.66666667,-88.51621036,46.93668307,-0.03161308185,-0.03257585479,0,0,27.77777778,inf
38.82,27.95713873,16.66666667,-88.74202631,46.9357081,-0.03153083499,-0.03249883295,0,0,27.77777778,inf
38.84,27.95649031,16.66666667,-88.96782926,46.93473546,-0.03144831149,-0.03242139311,0,0,27.77777778,inf
38.86,27.95584344,16.66666667,-89.19361927,46.93376515,-0.03136552051,-0.03234354658,0,0,27.77777778,inf
38.88,27.95519813,16.66666667,-89.41939635,46.93279719,-0.03128247106,-0.0322653045,0,0,27.77777778,inf
38.9,27.9545544,16.66666667,-89.64516054,46.93183159,-0.03119917203,-0.03218667782,0,0,27.77777778,inf
38.92,27.95391224,16.66666667,-89.87091187,46.93086836,-0.03111563213,-0.03210767736,0,0,27.77777778,inf
38.94,27.95327168,16.66666667,-90.09665038,46.92990751,-0.03103185998,-0.03202831374,0,0,27.77777778,inf
38.96,27.9526327,16.66666667,-90.32237609,46.92894906,-0.03094786404,-0.03194859744,0,0,27.77777778,inf
38.98,27.95199533,16.66666667,-90.54808904,46.927993,-0.03086365263,-0.03186853877,0,0,27.77777778,inf
39,27.95135957,16.66666667,-90.77378925,46.92703936,-0.03077923396,-0.03178814788,0,0,27.77777778,inf
39.02,27.95072542,16.66666667,-90.99947677,46.92608813,-0.0306946161,-0.03170743476,0,0,27.77777778,inf
39.04,27.95009289,16.66666667,-91.22515162,46.92513934,-0.03060980698,-0.03162640927,0,0,27.77777778,inf
39.06,27.94946199,16.66666667,-91.45081384,46.92419299,-0.03052481442,-0.03154508109,0,0,27.77777778,inf
39.08,27.94883272,16.66666667,-91.67646345,46.92324908,-0.03043964612,-0.03146345975,0,0,27.77777778,inf
39.1,27.94820509,16.66666667,-91.90210049,46.92230764,-0.03035430964,-0.03138155466,0,0,27.77777778,inf
39.12,27.9475791,16.66666667,-92.127725,46.92136866,-0.03026881243,-0.03129937506,0,0,27.77777778,inf
39.14,27.94695477,16.66666667,-92.35333701,46.92043215,-0.03018316182,-0.03121693005,0,0,27.77777778,inf
39.16,27.94633208,16.66666667,-92.57893654,46.91949812,-0.03009736503,-0.03113422859,0,0,27.77777778,inf
39.18,27.94571106,16.66666667,-92.80452364,46.91856658,-0.03001142914,-0.03105127951,0,0,27.77777778,inf
39.2,27.94509169,16.66666667,-93.03009834,46.91763754,-0.02992536115,-0.03096809148,0,0,27.77777778,inf
39.22,27.944474,16.66666667,-93.25566066,46.916711,-0.02983916791,-0.03088467305,0,0,27.77777778,inf
39.24,27.94385798,16.66666667,-93.48121065,46.91578697,-0.0297528562,-0.03080103264,0,0,27.77777778,inf
39.26,27.94324364,16.66666667,-93.70674833,46.91486545,-0.02966643265,-0.03071717852,0,0,27.77777778,inf
39.28,27.94263097,16.66666667,-93.93227374,46.91394646,-0.02957990381,-0.03063311885,0,0,27.77777778,inf
39.3,27.94202,16.66666667,-94.15778692,46.91302999,-0.02949327611,-0.03054886165,0,0,27.77777778,inf
39.32,27.94141071,16.66666667,-94.38328789,46.91211606,-0.02940655588,-0.03046441481,0,0,27.77777778,inf
39.34,27.94080311,16.66666667,-94.6087767,46.91120467,-0.02931974935,-0.03037978609,0,0,27.77777778,inf
39.36,27.94019721,16.66666667,-94.83425337,46.91029582,-0.02923286263,-0.03029498315,0,0,27.77777778,inf
39.38,27.93959301,16.66666667,-95.05971793,46.90938952,-0.02914590176,-0.03021001351,0,0,27.77777778,inf
39.4,27.93899051,16.66666667,-95.28517044,46.90848577,-0.02905887265,-0.03012488457,0,0,27.77777778,inf
39.42,27.93838972,16.66666667,-95.51061091,46.90758458,-0.02897178114,-0.03003960362,0,0,27.77777778,inf
39.44,27.93779064,16.66666667,-95.73603938,46.90668596,-0.02888463294,-0.02995417782,0,0,27.77777778,inf
39.46,27.93719327,16.66666667,-95.96145588,46.9057899,-0.0287974337,-0.02986861423,0,0,27.77777778,inf
39.48,27.93659761,16.66666667,-96.18686046,46.90489641,-0.02871018895,-0.02978291979,0,0,27.77777778,inf
39.5,27.93600367,16.66666667,-96.41225314,46.9040055,-0.02862290415,-0.02969710132,0,0,27.77777778,inf
39.52,27.93541144,16.66666667,-96.63763395,46.90311716,-0.02853558463,-0.02961116555,0,0,27.77777778,inf
39.54,27.93482094,16.66666667,-96.86300294,46.90223141,-0.02844823569,-0.02952511907,0,0,27.77777778,inf
39.56,27.93423216,16.66666667,-97.08836014,46.90134824,-0.02836086248,-0.0294389684,0,0,27.77777778,inf
39.58,27.93364511,16.66666667,-97.31370558,46.90046766,-0.02827347011,-0.02935271993,0,0,27.77777778,inf
39.6,27.93305978,16.66666667,-97.5390393,46.89958967,-0.02818606356,-0.02926637994,0,0,27.77777778,inf
39.62,27.93247618,16.66666667,-97.76436132,46.89871427,-0.02809864778,-0.02917995463,0,0,27.77777778,inf
39.64,27.93189431,16.66666667,-97.9896717,46.89784147,-0.02801122757,-0.02909345008,0,0,27.77777778,inf
39.66,27.93131417,16.66666667,-98.21497045,46.89697126,-0.02792380771,-0.02900687228,0,0,27.77777778,inf
39.68,27.93073577,16.66666667,-98.44025761,46.89610365,-0.02783639286,-0.02892022712,0,0,27.77777778,inf
39.7,27.9301591,16.66666667,-98.66553323,46.89523865,-0.02774898762,-0.02883352038,0,0,27.77777778,inf
39.72,27.92958416,16.66666667,-98.89079733,46.89437625,-0.02766159648,-0.02874675776,0,0,27.77777778,inf
39.74,27.92901096,16.66666667,-99.11604995,46.89351645,-0.02757422389,-0.02865994485,0,0,27.77777778,inf
39.76,27.9284395,16.66666667,-99.34129112,46.89265925,-0.0274868742,-0.02857308718,0,0,27.77777778,inf
39.78,27.92786978,16.66666667,-99.56652088,46.89180467,-0.02739955169,-0.02848619014,0,0,27.77777778,inf
39.8,27.92730179,16.66666667,-99.79173926,46.89095269,-0.02731226057,-0.02839925906,0,0,27.77777778,inf
39.82,27.92673555,16.66666667,-100.0169463,46.89010332,-0.02722500496,-0.02831229918,0,0,27.77777778,inf
39.84,27.92617104,16.66666667,-100.242142,46.88925656,-0.02713778893,-0.02822531564,0,0,27.77777778,inf
39.86,27.92560828,16.66666667,-100.4673265,46.88841241,-0.02705061647,-0.02813831351,0,0,27.77777778,inf
39.88,27.92504725,16.66666667,-100.6924997,46.88757087,-0.02696349149,-0.02805129775,0,0,27.77777778,inf
39.9,27.92448796,16.66666667,-100.9176617,46.88673195,-0.02687641783,-0.02796427324,0,0,27.77777778,inf
39.92,27.92393042,16.66666667,-101.1428126,46.88589563,-0.02678939928,-0.02787724481,0,0,27.77777778,inf
39.94,27.92337461,16.66666667,-101.3679523,46.88506192,-0.02670243955,-0.02779021717,0,0,27.77777778,inf
39.96,27.92282055,16.66666667,-101.5930809,46.88423083,-0.02661554227,-0.02770319496,0,0,27.77777778,inf
39.98,27.92226823,16.66666667,-101.8181985,46.88340234,-0.02652871104,-0.02761618275,0,0,27.77777778,inf
40,27.92171764,16.66666667,-102.043305,46.88257647,-0.02644194935,-0.02752918501,0,0,27.77777778,inf
40.02,27.9211688,16.66666667,-102.2684005,46.8817532,-0.02635526066,-0.02744220616,0,0,27.77777778,inf
40.04,27.92062169,16.66666667,-102.4934851,46.88093254,-0.02626864835,-0.02735525052,0,0,27.77777778,inf
40.06,27.92007633,16.66666667,-102.7185587,46.88011449,-0.02618211575,-0.02726832234,0,0,27.77777778,inf
40.08,27.9195327,16.66666667,-102.9436215,46.87929905,-0.02609566612,-0.02718142581,0,0,27.77777778,inf
40.1,27.91899081,16.66666667,-103.1686734,46.87848621,-0.02600930267,-0.02709456504,0,0,27.77777778,inf
40.12,27.91845065,16.66666667,-103.3937145,46.87767598,-0.02592302853,-0.02700774405,0,0,27.77777778,inf
40.14,27.91791223,16.66666667,-103.6187448,46.87686835,-0.02583684679,-0.02692096681,0,0,27.77777778,inf
40.16,27.91737555,16.66666667,-103.8437643,46.87606332,-0.02575076048,-0.02683423721,0,0,27.77777778,inf
40.18,27.9168406,16.66666667,-104.0687732,46.8752609,-0.02566477256,-0.02674755907,0,0,27.77777778,inf
40.2,27.91630738,16.66666667,-104.2937713,46.87446107,-0.02557888594,-0.02666093615,0,0,27.77777778,inf
40.22,27.91577589,16.66666667,-104.5187588,46.87366384,-0.0254931035,-0.02657437213,0,0,27.77777778,inf
40.24,27.91524613,16.66666667,-104.7437357,46.8728692,-0.02540742802,-0.02648787064,0,0,27.77777778,inf
40.26,27.91471811,16.66666667,-104.968702,46.87207716,-0.02532186225,-0.02640143523,0,0,27.77777778,inf
40.28,27.9141918,16.66666667,-105.1936578,46.87128771,-0.02523640891,-0.02631506939,0,0,27.77777778,inf
40.3,27.91366723,16.66666667,-105.418603,46.87050084,-0.02515107061,-0.02622877655,0,0,27.77777778,inf
40.32,27.91314438,16.66666667,-105.6435378,46.86971657,-0.02506584997,-0.02614256008,0,0,27.77777778,inf
40.34,27.91262325,16.66666667,-105.8684621,46.86893487,-0.02498074953,-0.02605642327,0,0,27.77777778,inf
40.36,27.91210384,16.66666667,-106.0933761,46.86815576,-0.02489577176,-0.02597036937,0,0,27.77777778,inf
40.38,27.91158615,16.66666667,-106.3182796,46.86737923,-0.02481091912,-0.02588440156,0,0,27.77777778,inf
40.4,27.91107018,16.66666667,-106.5431729,46.86660527,-0.02472619401,-0.02579852297,0,0,27.77777778,inf
40.42,27.91055593,16.66666667,-106.7680558,46.86583389,-0.02464159875,-0.02571273665,0,0,27.77777778,inf
40.44,27.91004339,16.66666667,-106.9929285,46.86506508,-0.02455713567,-0.02562704562,0,0,27.77777778,inf
40.46,27.90953256,16.66666667,-107.2177909,46.86429884,-0.024472807,-0.02554145282,0,0,27.77777778,inf
40.48,27.90902344,16.66666667,-107.4426431,46.86353516,-0.02438861495,-0.02545596116,0,0,27.77777778,inf
40.5,27.90851603,16.66666667,-107.6674852,46.86277404,-0.02430456169,-0.02537057346,0,0,27.77777778,inf
40.52,27.90801032,16.66666667,-107.8923171,46.86201548,-0.02422064934,-0.02528529252,0,0,27.77777778,inf
40.54,27.90750632,16.66666667,-108.1171389,46.86125948,-0.02413687996,-0.02520012106,0,0,27.77777778,inf
40.56,27.90700402,16.66666667,-108.3419507,46.86050603,-0.02405325558,-0.02511506178,0,0,27.77777778,inf
40.58,27.90650342,16.66666667,-108.5667525,46.85975512,-0.0239697782,-0.02503011728,0,0,27.77777778,inf
40.6,27.90600451,16.66666667,-108.7915442,46.85900676,-0.02388644976,-0.02494529015,0,0,27.77777778,inf
40.62,27.9055073,16.66666667,-109.016326,46.85826095,-0.02380327216,-0.02486058292,0,0,27.77777778,inf
40.64,27.90501178,16.66666667,-109.2410978,46.85751767,-0.02372024726,-0.02477599806,0,0,27.77777778,inf
40.66,27.90451795,16.66666667,-109.4658598,46.85677692,-0.0236373769,-0.024691538,0,0,27.77777778,inf
40.68,27.9040258,16.66666667,-109.6906119,46.85603871,-0.02355466285,-0.02460720511,0,0,27.77777778,inf
40.7,27.90353534,16.66666667,-109.9153542,46.85530302,-0.02347210685,-0.02452300173,0,0,27.77777778,inf
40.72,27.90304656,16.66666667,-110.1400867,46.85456985,-0.02338971062,-0.02443893014,0,0,27.77777778,inf
40.74,27.90255947,16.66666667,-110.3648094,46.8538392,-0.02330747583,-0.02435499258,0,0,27.77777778,inf
40.76,27.90207404,16.66666667,-110.5895224,46.85311106,-0.0232254041,-0.02427119124,0,0,27.77777778,inf
40.78,27.90159029,16.66666667,-110.8142257,46.85238544,-0.02314349702,-0.02418752827,0,0,27.77777778,inf
40.8,27.90110821,16.66666667,-111.0389194,46.85166232,-0.02306175617,-0.02410400577,0,0,27.77777778,inf
40.82,27.9006278,16.66666667,-111.2636034,46.8509417,-0.02298018306,-0.0240206258,0,0,27.77777778,inf
40.84,27.90014905,16.66666667,-111.4882778,46.85022358,-0.02289877917,-0.02393739038,0,0,27.77777778,inf
40.86,27.89967196,16.66666667,-111.7129427,46.84950795,-0.02281754597,-0.02385430148,0,0,27.77777778,inf
40.88,27.89919654,16.66666667,-111.9375981,46.84879481,-0.02273648487,-0.02377136104,0,0,27.77777778,inf
40.9,27.89872277,16.66666667,-112.1622439,46.84808415,-0.02265559726,-0.02368857095,0,0,27.77777778,inf
40.92,27.89825065,16.66666667,-112.3868803,46.84737597,-0.02257488448,-0.02360593305,0,0,27.77777778,inf
40.94,27.89778018,16.66666667,-112.6115073,46.84667027,-0.02249434787,-0.02352344917,0,0,27.77777778,inf
40.96,27.89731136,16.66666667,-112.8361249,46.84596703,-0.0224139887,-0.02344112106,0,0,27.77777778,inf
40.98,27.89684418,16.66666667,-113.0607331,46.84526626,-0.02233380824,-0.02335895047,0,0,27.77777778,inf
41,27.89637864,16.66666667,-113.285332,46.84456796,-0.0222538077,-0.02327693909,0,0,27.77777778,inf
41.02,27.89591474,16.66666667,-113.5099216,46.8438721,-0.0221739883,-0.02319508858,0,0,27.77777778,inf
41.04,27.89545247,16.66666667,-113.7345019,46.8431787,-0.02209435118,-0.02311340056,0,0,27.77777778,inf
41.06,27.89499183,16.66666667,-113.959073,46.84248775,-0.02201489748,-0.02303187661,0,0,27.77777778,inf
41.08,27.89453282,16.66666667,-114.183635,46.84179923,-0.02193562832,-0.02295051828,0,0,27.77777778,inf
41.1,27.89407543,16.66666667,-114.4081877,46.84111315,-0.02185654476,-0.02286932708,0,0,27.77777778,inf
41.12,27.89361967,16.66666667,-114.6327313,46.8404295,-0.02177764786,-0.0227883045,0,0,27.77777778,inf
41.14,27.89316552,16.66666667,-114.8572658,46.83974828,-0.02169893863,-0.02270745197,0,0,27.77777778,inf
41.16,27.89271298,16.66666667,-115.0817913,46.83906947,-0.02162041807,-0.0226267709,0,0,27.77777778,inf
41.18,27.89226206,16.66666667,-115.3063077,46.83839309,-0.02154208714,-0.02254626267,0,0,27.77777778,inf
41.2,27.89181274,16.66666667,-115.5308151,46.83771911,-0.02146394679,-0.02246592863,0,0,27.77777778,inf
41.22,27.89136502,16.66666667,-115.7553136,46.83704754,-0.02138599792,-0.02238577008,0,0,27.77777778,inf
41.24,27.89091891,16.66666667,-115.9798031,46.83637836,-0.02130824143,-0.02230578831,0,0,27.77777778,inf
41.26,27.89047439,16.66666667,-116.2042837,46.83571158,-0.02123067817,-0.02222598456,0,0,27.77777778,inf
41.28,27.89003146,16.66666667,-116.4287554,46.83504719,-0.02115330898,-0.02214636005,0,0,27.77777778,inf
41.3,27.88959012,16.66666667,-116.6532183,46.83438518,-0.02107613467,-0.02206691596,0,0,27.77777778,inf
41.32,27.88915037,16.66666667,-116.8776724,46.83372555,-0.02099915603,-0.02198765346,0,0,27.77777778,inf
41.34,27.8887122,16.66666667,-117.1021176,46.8330683,-0.02092237383,-0.02190857367,0,0,27.77777778,inf
41.36,27.8882756,16.66666667,-117.3265542,46.83241341,-0.02084578879,-0.02182967768,0,0,27.77777778,inf
41.38,27.88784059,16.66666667,-117.550982,46.83176088,-0.02076940165,-0.02175096657,0,0,27.77777778,inf
41.4,27.88740714,16.66666667,-117.7754012,46.8311107,-0.02069321308,-0.02167244137,0,0,27.77777778,inf
41.42,27.88697525,16.66666667,-117.9998117,46.83046288,-0.02061722377,-0.02159410311,0,0,27.77777778,inf
41.44,27.88654494,16.66666667,-118.2242135,46.8298174,-0.02054143437,-0.02151595276,0,0,27.77777778,inf
41.46,27.88611618,16.66666667,-118.4486068,46.82917426,-0.02046584549,-0.02143799129,0,0,27.77777778,inf
41.48,27.88568897,16.66666667,-118.6729915,46.82853346,-0.02039045774,-0.02136021963,0,0,27.77777778,inf
41.5,27.88526332,16.66666667,-118.8973677,46.82789498,-0.02031527172,-0.02128263868,0,0,27.77777778,inf
41.52,27.88483921,16.66666667,-119.1217354,46.82725882,-0.02024028798,-0.02120524932,0,0,27.77777778,inf
41.54,27.88441665,16.66666667,-119.3460946,46.82662498,-0.02016550706,-0.02112805241,0,0,27.77777778,inf
41.56,27.88399563,16.66666667,-119.5704454,46.82599345,-0.02009092949,-0.02105104878,0,0,27.77777778,inf
41.58,27.88357615,16.66666667,-119.7947878,46.82536422,-0.02001655578,-0.02097423924,0,0,27.77777778,inf
41.6,27.88315819,16.66666667,-120.0191218,46.82473729,-0.0199423864,-0.02089762456,0,0,27.77777778,inf
41.62,27.88274177,16.66666667,-120.2434475,46.82411265,-0.01986842182,-0.02082120551,0,0,27.77777778,inf
41.64,27.88232687,16.66666667,-120.4677648,46.82349031,-0.01979466249,-0.02074498282,0,0,27.77777778,inf
41.66,27.88191349,16.66666667,-120.6920739,46.82287024,-0.01972110883,-0.02066895719,0,0,27.77777778,inf
41.68,27.88150163,16.66666667,-120.9163747,46.82225244,-0.01964776125,-0.02059312932,0,0,27.77777778,inf
41.7,27.88109128,16.66666667,-121.1406673,46.82163692,-0.01957462014,-0.02051749988,0,0,27.77777778,inf
41.72,27.88068244,16.66666667,-121.3649517,46.82102366,-0.01950168588,-0.0204420695,0,0,27.77777778,inf
41.74,27.8802751,16.66666667,-121.589228,46.82041265,-0.01942895882,-0.02036683881,0,0,27.77777778,inf
41.76,27.87986926,16.66666667,-121.8134961,46.8198039,-0.01935643929,-0.02029180841,0,0,27.77777778,inf
41.78,27.87946492,16.66666667,-122.0377561,46.81919739,-0.01928412763,-0.02021697888,0,0,27.77777778,inf
41.8,27.87906208,16.66666667,-122.262008,46.81859312,-0.01921202412,-0.02014235078,0,0,27.77777778,inf
41.82,27.87866072,16.66666667,-122.4862519,46.81799108,-0.01914012907,-0.02006792465,0,0,27.77777778,inf
41.84,27.87826085,16.66666667,-122.7104878,46.81739127,-0.01906844274,-0.019993701,0,0,27.77777778,inf
41.86,27.87786245,16.66666667,-122.9347157,46.81679368,-0.0189969654,-0.01991968034,0,0,27.77777778,inf
41.88,27.87746553,16.66666667,-123.1589356,46.8161983,-0.01892569727,-0.01984586314,0,0,27.77777778,inf
41.9,27.87707009,16.66666667,-123.3831477,46.81560513,-0.0188546386,-0.01977224987,0,0,27.77777778,inf
41.92,27.87667611,16.66666667,-123.6073518,46.81501417,-0.01878378957,-0.01969884097,0,0,27.77777778,inf
41.94,27.8762836,16.66666667,-123.831548,46.8144254,-0.0187131504,-0.01962563686,0,0,27.77777778,inf
41.96,27.87589255,16.66666667,-124.0557365,46.81383882,-0.01864272127,-0.01955263794,0,0,27.77777778,inf
41.98,27.87550295,16.66666667,-124.2799171,46.81325443,-0.01857250233,-0.01947984461,0,0,27.77777778,inf
42,27.8751148,16.66666667,-124.5040899,46.81267221,-0.01850249375,-0.01940725723,0,0,27.77777778,inf
42.02,27.87472811,16.66666667,-124.728255,46.81209216,-0.01843269566,-0.01933487615,0,0,27.77777778,inf
42.04,27.87434285,16.66666667,-124.9524124,46.81151428,-0.01836310819,-0.01926270171,0,0,27.77777778,inf
42.06,27.87395904,16.66666667,-125.1765621,46.81093856,-0.01829373144,-0.01919073423,0,0,27.77777778,inf
42.08,27.87357666,16.66666667,-125.4007041,46.81036499,-0.01822456552,-0.01911897401,0,0,27.77777778,inf
42.1,27.87319571,16.66666667,-125.6248385,46.80979357,-0.01815561051,-0.01904742133,0,0,27.77777778,inf
42.12,27.87281619,16.66666667,-125.8489653,46.80922428,-0.01808686648,-0.01897607646,0,0,27.77777778,inf
42.14,27.87243809,16.66666667,-126.0730845,46.80865714,-0.01801833351,-0.01890493966,0,0,27.77777778,inf
42.16,27.87206141,16.66666667,-126.2971962,46.80809212,-0.01795001162,-0.01883401117,0,0,27.77777778,inf
42.18,27.87168614,16.66666667,-126.5213003,46.80752922,-0.01788190086,-0.01876329121,0,0,27.77777778,inf
42.2,27.87131229,16.66666667,-126.745397,46.80696843,-0.01781400125,-0.01869277998,0,0,27.77777778,inf
42.22,27.87093984,16.66666667,-126.9694862,46.80640976,-0.01774631281,-0.01862247768,0,0,27.77777778,inf
42.24,27.87056879,16.66666667,-127.1935679,46.80585319,-0.01767883553,-0.01855238449,0,0,27.77777778,inf
42.26,27.87019914,16.66666667,-127.4176423,46.80529871,-0.01761156941,-0.01848250057,0,0,27.77777778,inf
42.28,27.86983088,16.66666667,-127.6417092,46.80474633,-0.01754451442,-0.01841282608,0,0,27.77777778,inf
42.3,27.86946402,16.66666667,-127.8657688,46.80419603,-0.01747767053,-0.01834336115,0,0,27.77777778,inf
42.32,27.86909854,16.66666667,-128.0898211,46.8036478,-0.01741103769,-0.0182741059,0,0,27.77777778,inf
42.34,27.86873443,16.66666667,-128.3138661,46.80310165,-0.01734461586,-0.01820506044,0,0,27.77777778,inf
42.36,27.86837171,16.66666667,-128.5379039,46.80255756,-0.01727840497,-0.01813622488,0,0,27.77777778,inf
42.38,27.86801036,16.66666667,-128.7619343,46.80201554,-0.01721240494,-0.01806759928,0,0,27.77777778,inf
42.4,27.86765037,16.66666667,-128.9859576,46.80147556,-0.01714661568,-0.01799918374,0,0,27.77777778,inf
42.42,27.86729175,16.66666667,-129.2099737,46.80093763,-0.01708103712,-0.01793097829,0,0,27.77777778,inf
42.44,27.8669345,16.66666667,-129.4339826,46.80040174,-0.01701566913,-0.017862983,0,0,27.77777778,inf
42.46,27.86657859,16.66666667,-129.6579844,46.79986789,-0.01695051161,-0.01779519789,0,0,27.77777778,inf
42.48,27.86622404,16.66666667,-129.8819791,46.79933606,-0.01688556443,-0.01772762299,0,0,27.77777778,inf
42.5,27.86587083,16.66666667,-130.1059667,46.79880625,-0.01682082747,-0.0176602583,0,0,27.77777778,inf
42.52,27.86551897,16.66666667,-130.3299473,46.79827846,-0.01675630058,-0.01759310383,0,0,27.77777778,inf
42.54,27.86516845,16.66666667,-130.5539208,46.79775267,-0.01669198361,-0.01752615957,0,0,27.77777778,inf
42.56,27.86481926,16.66666667,-130.7778874,46.79722889,-0.0166278764,-0.0174594255,0,0,27.77777778,inf
42.58,27.8644714,16.66666667,-131.001847,46.7967071,-0.01656397879,-0.01739290157,0,0,27.77777778,inf
42.6,27.86412487,16.66666667,-131.2257996,46.7961873,-0.0165002906,-0.01732658775,0,0,27.77777778,inf
42.62,27.86377966,16.66666667,-131.4497453,46.79566949,-0.01643681164,-0.01726048397,0,0,27.77777778,inf
42.64,27.86343577,16.66666667,-131.6736841,46.79515365,-0.01637354173,-0.01719459019,0,0,27.77777778,inf
42.66,27.86309319,16.66666667,-131.8976161,46.79463979,-0.01631048067,-0.01712890631,0,0,27.77777778,inf
42.68,27.86275192,16.66666667,-132.1215412,46.79412788,-0.01624762825,-0.01706343226,0,0,27.77777778,inf
42.7,27.86241196,16.66666667,-132.3454595,46.79361794,-0.01618498425,-0.01699816794,0,0,27.77777778,inf
42.72,27.8620733,16.66666667,-132.569371,46.79310994,-0.01612254846,-0.01693311324,0,0,27.77777778,inf
42.74,27.86173593,16.66666667,-132.7932758,46.7926039,-0.01606032064,-0.01686826806,0,0,27.77777778,inf
42.76,27.86139986,16.66666667,-133.0171738,46.79209979,-0.01599830055,-0.01680363227,0,0,27.77777778,inf
42.78,27.86106507,16.66666667,-133.2410651,46.79159761,-0.01593648796,-0.01673920573,0,0,27.77777778,inf
42.8,27.86073157,16.66666667,-133.4649498,46.79109736,-0.0158748826,-0.01667498831,0,0,27.77777778,inf
42.82,27.86039935,16.66666667,-133.6888277,46.79059903,-0.01581348423,-0.01661097985,0,0,27.77777778,inf
42.84,27.86006841,16.66666667,-133.9126991,46.79010262,-0.01575229258,-0.0165471802,0,0,27.77777778,inf
42.86,27.85973874,16.66666667,-134.1365638,46.78960811,-0.01569130738,-0.01648358919,0,0,27.77777778,inf
42.88,27.85941034,16.66666667,-134.360422,46.7891155,-0.01563052835,-0.01642020665,0,0,27.77777778,inf
42.9,27.85908319,16.66666667,-134.5842736,46.78862479,-0.01556995521,-0.01635703238,0,0,27.77777778,inf
42.92,27.85875731,16.66666667,-134.8081186,46.78813597,-0.01550958767,-0.01629406621,0,0,27.77777778,inf
42.94,27.85843269,16.66666667,-135.0319572,46.78764903,-0.01544942543,-0.01623130793,0,0,27.77777778,inf
42.96,27.85810931,16.66666667,-135.2557893,46.78716397,-0.0153894682,-0.01616875733,0,0,27.77777778,inf
42.98,27.85778718,16.66666667,-135.4796149,46.78668078,-0.01532971565,-0.0161064142,0,0,27.77777778,inf
43,27.8574663,16.66666667,-135.7034341,46.78619945,-0.01527016749,-0.01604427831,0,0,27.77777778,inf
43.02,27.85714665,16.66666667,-135.9272469,46.78571998,-0.0152108234,-0.01598234945,0,0,27.77777778,inf
43.04,27.85682824,16.66666667,-136.1510533,46.78524236,-0.01515168304,-0.01592062736,0,0,27.77777778,inf
43.06,27.85651106,16.66666667,-136.3748534,46.78476658,-0.01509274609,-0.01585911182,0,0,27.77777778,inf
43.08,27.8561951,16.66666667,-136.5986471,46.78429265,-0.01503401221,-0.01579780256,0,0,27.77777778,inf
43.1,27.85588037,16.66666667,-136.8224345,46.78382055,-0.01497548107,-0.01573669933,0,0,27.77777778,inf
43.12,27.85556685,16.66666667,-137.0462157,46.78335028,-0.01491715232,-0.01567580187,0,0,27.77777778,inf
43.14,27.85525455,16.66666667,-137.2699906,46.78288182,-0.01485902562,-0.01561510991,0,0,27.77777778,inf
43.16,27.85494346,16.66666667,-137.4937592,46.78241518,-0.0148011006,-0.01555462316,0,0,27.77777778,inf
43.18,27.85463357,16.66666667,-137.7175217,46.78195035,-0.0147433769,-0.01549434136,0,0,27.77777778,inf
43.2,27.85432488,16.66666667,-137.9412779,46.78148732,-0.01468585417,-0.0154342642,0,0,27.77777778,inf
43.22,27.8540174,16.66666667,-138.165028,46.78102609,-0.01462853204,-0.0153743914,0,0,27.77777778,inf
43.24,27.8537111,16.66666667,-138.3887719,46.78056665,-0.01457141012,-0.01531472265,0,0,27.77777778,inf
43.26,27.853406,16.66666667,-138.6125098,46.78010899,-0.01451448806,-0.01525525765,0,0,27.77777778,inf
43.28,27.85310208,16.66666667,-138.8362415,46.77965311,-0.01445776545,-0.01519599608,0,0,27.77777778,inf
43.3,27.85279934,16.66666667,-139.0599672,46.77919901,-0.01440124193,-0.01513693763,0,0,27.77777778,inf
43.32,27.85249778,16.66666667,-139.2836868,46.77874666,-0.01434491709,-0.01507808197,0,0,27.77777778,inf
43.34,27.85219739,16.66666667,-139.5074005,46.77829608,-0.01428879055,-0.01501942878,0,0,27.77777778,inf
43.36,27.85189817,16.66666667,-139.7311081,46.77784725,-0.01423286191,-0.01496097773,0,0,27.77777778,inf
43.38,27.85160011,16.66666667,-139.9548097,46.77740017,-0.01417713077,-0.01490272846,0,0,27.77777778,inf
43.4,27.85130322,16.66666667,-140.1785054,46.77695483,-0.01412159672,-0.01484468065,0,0,27.77777778,inf
43.42,27.85100748,16.66666667,-140.4021952,46.77651122,-0.01406625936,-0.01478683393,0,0,27.77777778,inf
43.44,27.8507129,16.66666667,-140.6258791,46.77606935,-0.01401111826,-0.01472918797,0,0,27.77777778,inf
43.46,27.85041946,16.66666667,-140.8495571,46.7756292,-0.01395617303,-0.01467174239,0,0,27.77777778,inf
43.48,27.85012717,16.66666667,-141.0732292,46.77519076,-0.01390142323,-0.01461449684,0,0,27.77777778,inf
43.5,27.84983602,16.66666667,-141.2968955,46.77475404,-0.01384686845,-0.01455745095,0,0,27.77777778,inf
43.52,27.84954601,16.66666667,-141.520556,46.77431902,-0.01379250827,-0.01450060435,0,0,27.77777778,inf
43.54,27.84925713,16.66666667,-141.7442107,46.7738857,-0.01373834224,-0.01444395666,0,0,27.77777778,inf
43.56,27.84896938,16.66666667,-141.9678596,46.77345408,-0.01368436995,-0.01438750751,0,0,27.77777778,inf
43.58,27.84868276,16.66666667,-142.1915028,46.77302414,-0.01363059096,-0.01433125651,0,0,27.77777778,inf
43.6,27.84839725,16.66666667,-142.4151403,46.77259588,-0.01357700483,-0.01427520326,0,0,27.77777778,inf
43.62,27.84811287,16.66666667,-142.638772,46.7721693,-0.01352361111,-0.01421934739,0,0,27.77777778,inf
43.64,27.84782959,16.66666667,-142.8623981,46.77174439,-0.01347040938,-0.01416368849,0,0,27.77777778,inf
43.66,27.84754743,16.66666667,-143.0860186,46.77132114,-0.01341739918,-0.01410822616,0,0,27.77777778,inf
43.68,27.84726637,16.66666667,-143.3096334,46.77089955,-0.01336458006,-0.01405296,0,0,27.77777778,inf
43.7,27.84698641,16.66666667,-143.5332426,46.77047962,-0.01331195158,-0.0139978896,0,0,27.77777778,inf
43.72,27.84670755,16.66666667,-143.7568462,46.77006133,-0.01325951328,-0.01394301456,0,0,27.77777778,inf
43.74,27.84642979,16.66666667,-143.9804442,46.76964468,-0.01320726471,-0.01388833446,0,0,27.77777778,inf
43.76,27.84615311,16.66666667,-144.2040367,46.76922966,-0.0131552054,-0.01383384888,0,0,27.77777778,inf
43.78,27.84587752,16.66666667,-144.4276237,46.76881628,-0.01310333491,-0.0137795574,0,0,27.77777778,inf
43.8,27.84560301,16.66666667,-144.6512052,46.76840451,-0.01305165275,-0.0137254596,0,0,27.77777778,inf
43.82,27.84532958,16.66666667,-144.8747811,46.76799437,-0.01300015848,-0.01367155505,0,0,27.77777778,inf
43.84,27.84505722,16.66666667,-145.0983517,46.76758583,-0.01294885163,-0.01361784333,0,0,27.77777778,inf
43.86,27.84478593,16.66666667,-145.3219168,46.7671789,-0.01289773172,-0.01356432399,0,0,27.77777778,inf
43.88,27.84451571,16.66666667,-145.5454765,46.76677357,-0.01284679828,-0.01351099661,0,0,27.77777778,inf
43.9,27.84424656,16.66666667,-145.7690308,46.76636983,-0.01279605085,-0.01345786074,0,0,27.77777778,inf
43.92,27.84397846,16.66666667,-145.9925797,46.76596769,-0.01274548895,-0.01340491595,0,0,27.77777778,inf
43.94,27.84371141,16.66666667,-146.2161232,46.76556712,-0.0126951121,-0.01335216179,0,0,27.77777778,inf
43.96,27.84344542,16.66666667,-146.4396615,46.76516813,-0.01264491983,-0.01329959782,0,0,27.77777778,inf
43.98,27.84318048,16.66666667,-146.6631944,46.76477072,-0.01259491165,-0.01324722358,0,0,27.77777778,inf
44,27.84291658,16.66666667,-146.886722,46.76437487,-0.01254508709,-0.01319503862,0,0,27.77777778,inf
44.02,27.84265372,16.66666667,-147.1102444,46.76398058,-0.01249544566,-0.0131430425,0,0,27.77777778,inf
44.04,27.84239189,16.66666667,-147.3337615,46.76358784,-0.01244598687,-0.01309123475,0,0,27.77777778,inf
44.06,27.8421311,16.66666667,-147.5572734,46.76319665,-0.01239671025,-0.01303961492,0,0,27.77777778,inf
44.08,27.84187134,16.66666667,-147.7807801,46.762807,-0.01234761531,-0.01298818255,0,0,27.77777778,inf
44.1,27.8416126,16.66666667,-148.0042816,46.7624189,-0.01229870155,-0.01293693717,0,0,27.77777778,inf
44.12,27.84135488,16.66666667,-148.227778,46.76203232,-0.01224996849,-0.01288587832,0,0,27.77777778,inf
44.14,27.84109818,16.66666667,-148.4512692,46.76164727,-0.01220141563,-0.01283500553,0,0,27.77777778,inf
44.16,27.84084249,16.66666667,-148.6747552,46.76126374,-0.01215304249,-0.01278431834,0,0,27.77777778,inf
44.18,27.84058782,16.66666667,-148.8982362,46.76088173,-0.01210484857,-0.01273381627,0,0,27.77777778,inf
44.2,27.84033415,16.66666667,-149.1217121,46.76050122,-0.01205683337,-0.01268349886,0,0,27.77777778,inf
44.22,27.84008148,16.66666667,-149.3451829,46.76012222,-0.01200899641,-0.01263336562,0,0,27.77777778,inf
44.24,27.83982981,16.66666667,-149.5686487,46.75974472,-0.01196133717,-0.01258341608,0,0,27.77777778,inf
44.26,27.83957914,16.66666667,-149.7921094,46.75936871,-0.01191385518,-0.01253364977,0,0,27.77777778,inf
44.28,27.83932946,16.66666667,-150.0155652,46.75899419,-0.01186654992,-0.0124840662,0,0,27.77777778,inf
44.3,27.83908076,16.66666667,-150.239016,46.75862115,-0.01181942089,-0.0124346649,0,0,27.77777778,inf
44.32,27.83883305,16.66666667,-150.4624618,46.75824958,-0.01177246761,-0.01238544538,0,0,27.77777778,inf
44.34,27.83858633,16.66666667,-150.6859026,46.75787949,-0.01172568956,-0.01233640716,0,0,27.77777778,inf
44.36,27.83834058,16.66666667,-150.9093386,46.75751086,-0.01167908624,-0.01228754975,0,0,27.77777778,inf
44.38,27.8380958,16.66666667,-151.1327696,46.7571437,-0.01163265716,-0.01223887267,0,0,27.77777778,inf
44.4,27.83785199,16.66666667,-151.3561957,46.75677799,-0.0115864018,-0.01219037543,0,0,27.77777778,inf
44.42,27.83760915,16.66666667,-151.579617,46.75641372,-0.01154031967,-0.01214205754,0,0,27.77777778,inf
44.44,27.83736727,16.66666667,-151.8030335,46.75605091,-0.01149441026,-0.01209391851,0,0,27.77777778,inf
44.46,27.83712635,16.66666667,-152.0264451,46.75568953,-0.01144867306,-0.01204595785,0,0,27.77777778,inf
44.48,27.83688639,16.66666667,-152.2498519,46.75532958,-0.01140310756,-0.01199817506,0,0,27.77777778,inf
44.5,27.83664738,16.66666667,-152.4732539,46.75497107,-0.01135771327,-0.01195056966,0,0,27.77777778,inf
44.52,27.83640931,16.66666667,-152.6966511,46.75461397,-0.01131248967,-0.01190314115,0,0,27.77777778,inf
44.54,27.8361722,16.66666667,-152.9200436,46.75425829,-0.01126743627,-0.01185588903,0,0,27.77777778,inf
44.56,27.83593602,16.66666667,-153.1434313,46.75390403,-0.01122255254,-0.01180881281,0,0,27.77777778,inf
44.58,27.83570078,16.66666667,-153.3668144,46.75355117,-0.01117783798,-0.01176191199,0,0,27.77777778,inf
44.6,27.83546648,16.66666667,-153.5901927,46.75319972,-0.01113329208,-0.01171518607,0,0,27.77777778,inf
44.62,27.83523311,16.66666667,-153.8135664,46.75284966,-0.01108891434,-0.01166863455,0,0,27.77777778,inf
44.64,27.83500066,16.66666667,-154.0369354,46.75250099,-0.01104470425,-0.01162225693,0,0,27.77777778,inf
44.66,27.83476914,16.66666667,-154.2602997,46.75215371,-0.01100066129,-0.01157605272,0,0,27.77777778,inf
44.68,27.83453854,16.66666667,-154.4836595,46.75180781,-0.01095678496,-0.0115300214,0,0,27.77777778,inf
44.7,27.83430886,16.66666667,-154.7070146,46.75146328,-0.01091307474,-0.01148416249,0,0,27.77777778,inf
44.72,27.83408009,16.66666667,-154.9303652,46.75112013,-0.01086953013,-0.01143847547,0,0,27.77777778,inf
44.74,27.83385223,16.66666667,-155.1537112,46.75077834,-0.01082615062,-0.01139295984,0,0,27.77777778,inf
44.76,27.83362527,16.66666667,-155.3770526,46.75043791,-0.0107829357,-0.0113476151,0,0,27.77777778,inf
44.78,27.83339923,16.66666667,-155.6003895,46.75009884,-0.01073988486,-0.01130244075,0,0,27.77777778,inf
44.8,27.83317408,16.66666667,-155.8237219,46.74976112,-0.01069699758,-0.01125743628,0,0,27.77777778,inf
44.82,27.83294983,16.66666667,-156.0470498,46.74942474,-0.01065427336,-0.01121260118,0,0,27.77777778,inf
44.84,27.83272647,16.66666667,-156.2703732,46.7490897,-0.01061171168,-0.01116793496,0,0,27.77777778,inf
44.86,27.832504,16.66666667,-156.4936922,46.748756,-0.01056931205,-0.0111234371,0,0,27.77777778,inf
44.88,27.83228242,16.66666667,-156.7170067,46.74842362,-0.01052707394,-0.01107910709,0,0,27.77777778,inf
44.9,27.83206172,16.66666667,-156.9403169,46.74809258,-0.01048499685,-0.01103494444,0,0,27.77777778,inf
44.92,27.8318419,16.66666667,-157.1636226,46.74776285,-0.01044308027,-0.01099094863,0,0,27.77777778,inf
44.94,27.83162296,16.66666667,-157.3869239,46.74743443,-0.01040132368,-0.01094711916,0,0,27.77777778,inf
44.96,27.83140489,16.66666667,-157.6102208,46.74710733,-0.01035972659,-0.01090345553,0,0,27.77777778,inf
44.98,27.83118769,16.66666667,-157.8335134,46.74678153,-0.01031828847,-0.01085995721,0,0,27.77777778,inf
45,27.83097135,16.66666667,-158.0568017,46.74645703,-0.01027700883,-0.01081662371,0,0,27.77777778,inf
45.02,27.83075589,16.66666667,-158.2800856,46.74613383,-0.01023588714,-0.01077345452,0,0,27.77777778,inf
45.04,27.83054128,16.66666667,-158.5033652,46.74581191,-0.01019492291,-0.01073044913,0,0,27.77777778,inf
45.06,27.83032752,16.66666667,-158.7266406,46.74549129,-0.01015411563,-0.01068760703,0,0,27.77777778,inf
45.08,27.83011463,16.66666667,-158.9499117,46.74517194,-0.01011346478,-0.01064492772,0,0,27.77777778,inf
45.1,27.82990258,16.66666667,-159.1731785,46.74485387,-0.01007296987,-0.01060241069,0,0,27.77777778,inf
45.12,27.82969138,16.66666667,-159.3964411,46.74453706,-0.01003263038,-0.01056005542,0,0,27.77777778,inf
45.14,27.82948102,16.66666667,-159.6196995,46.74422153,-0.0099924458,-0.01051786142,0,0,27.77777778,inf
45.16,27.8292715,16.66666667,-159.8429537,46.74390725,-0.009952415634,-0.01047582817,0,0,27.77777778,inf
45.18,27.82906282,16.66666667,-160.0662037,46.74359424,-0.009912539373,-0.01043395516,0,0,27.77777778,inf
45.2,27.82885498,16.66666667,-160.2894496,46.74328247,-0.00987281651,-0.0103922419,0,0,27.77777778,inf
45.22,27.82864797,16.66666667,-160.5126913,46.74297195,-0.009833246541,-0.01035068787,0,0,27.77777778,inf
45.24,27.82844178,16.66666667,-160.7359288,46.74266267,-0.009793828961,-0.01030929256,0,0,27.77777778,inf
45.26,27.82823642,16.66666667,-160.9591623,46.74235463,-0.009754563266,-0.01026805548,0,0,27.77777778,inf
45.28,27.82803188,16.66666667,-161.1823916,46.74204782,-0.009715448952,-0.0102269761,0,0,27.77777778,inf
45.3,27.82782816,16.66666667,-161.4056169,46.74174224,-0.009676485518,-0.01018605393,0,0,27.77777778,inf
45.32,27.82762525,16.66666667,-161.6288381,46.74143788,-0.009637672459,-0.01014528845,0,0,27.77777778,inf
45.34,27.82742316,16.66666667,-161.8520552,46.74113474,-0.009599009275,-0.01010467917,0,0,27.77777778,inf
45.36,27.82722187,16.66666667,-162.0752684,46.74083281,-0.009560495464,-0.01006422558,0,0,27.77777778,inf
45.38,27.8270214,16.66666667,-162.2984775,46.74053209,-0.009522130525,-0.01002392717,0,0,27.77777778,inf
45.4,27.82682172,16.66666667,-162.5216826,46.74023258,-0.009483913959,-0.009983783441,0,0,27.77777778,inf
45.42,27.82662284,16.66666667,-162.7448837,46.73993427,-0.009445845266,-0.009943793883,0,0,27.77777778,inf
45.44,27.82642476,16.66666667,-162.9680808,46.73963715,-0.009407923946,-0.009903957993,0,0,27.77777778,inf
45.46,27.82622748,16.66666667,-163.191274,46.73934122,-0.009370149503,-0.00986427527,0,0,27.77777778,inf
45.48,27.82603098,16.66666667,-163.4144633,46.73904648,-0.009332521438,-0.009824745208,0,0,27.77777778,inf
45.5,27.82583528,16.66666667,-163.6376486,46.73875291,-0.009295039256,-0.009785367307,0,0,27.77777778,inf
45.52,27.82564035,16.66666667,-163.86083,46.73846053,-0.009257702459,-0.009746141063,0,0,27.77777778,inf
45.54,27.82544621,16.66666667,-164.0840075,46.73816932,-0.009220510553,-0.009707065974,0,0,27.77777778,inf
45.56,27.82525285,16.66666667,-164.3071812,46.73787927,-0.009183463043,-0.009668141541,0,0,27.77777778,inf
45.58,27.82506026,16.66666667,-164.530351,46.73759039,-0.009146559435,-0.009629367261,0,0,27.77777778,inf
45.6,27.82486845,16.66666667,-164.7535169,46.73730267,-0.009109799237,-0.009590742635,0,0,27.77777778,inf
45.62,27.8246774,16.66666667,-164.9766791,46.7370161,-0.009073181955,-0.009552267163,0,0,27.77777778,inf
45.64,27.82448712,16.66666667,-165.1998374,46.73673068,-0.0090367071,-0.009513940346,0,0,27.77777778,inf
45.66,27.82429761,16.66666667,-165.4229919,46.73644641,-0.009000374179,-0.009475761687,0,0,27.77777778,inf
45.68,27.82410885,16.66666667,-165.6461426,46.73616328,-0.008964182703,-0.009437730686,0,0,27.77777778,inf
45.7,27.82392086,16.66666667,-165.8692896,46.73588128,-0.008928132184,-0.009399846847,0,0,27.77777778,inf
45.72,27.82373361,16.66666667,-166.0924328,46.73560042,-0.008892222133,-0.009362109674,0,0,27.77777778,inf
45.74,27.82354712,16.66666667,-166.3155723,46.73532069,-0.008856452062,-0.009324518671,0,0,27.77777778,inf
45.76,27.82336138,16.66666667,-166.538708,46.73504207,-0.008820821486,-0.009287073342,0,0,27.77777778,inf
45.78,27.82317639,16.66666667,-166.7618401,46.73476458,-0.008785329918,-0.009249773194,0,0,27.77777778,inf
45.8,27.82299213,16.66666667,-166.9849684,46.7344882,-0.008749976875,-0.009212617732,0,0,27.77777778,inf
45.82,27.82280862,16.66666667,-167.2080931,46.73421293,-0.008714761872,-0.009175606463,0,0,27.77777778,inf
45.84,27.82262585,16.66666667,-167.4312141,46.73393877,-0.008679684427,-0.009138738896,0,0,27.77777778,inf
45.86,27.82244381,16.66666667,-167.6543315,46.73366571,-0.008644744057,-0.009102014538,0,0,27.77777778,inf
45.88,27.8222625,16.66666667,-167.8774452,46.73339375,-0.008609940282,-0.0090654329,0,0,27.77777778,inf
45.9,27.82208192,16.66666667,-168.1005553,46.73312288,-0.008575272621,-0.00902899349,0,0,27.77777778,inf
45.92,27.82190206,16.66666667,-168.3236618,46.7328531,-0.008540740596,-0.008992695821,0,0,27.77777778,inf
45.94,27.82172293,16.66666667,-168.5467647,46.7325844,-0.008506343728,-0.008956539403,0,0,27.77777778,inf
45.96,27.82154452,16.66666667,-168.7698641,46.73231679,-0.00847208154,-0.008920523749,0,0,27.77777778,inf
45.98,27.82136683,16.66666667,-168.9929599,46.73205025,-0.008437953557,-0.008884648372,0,0,27.77777778,inf
46,27.82118985,16.66666667,-169.2160521,46.73178478,-0.008403959302,-0.008848912787,0,0,27.77777778,inf
46.02,27.82101359,16.66666667,-169.4391408,46.73152038,-0.008370098301,-0.008813316508,0,0,27.77777778,inf
46.04,27.82083803,16.66666667,-169.662226,46.73125704,-0.008336370081,-0.008777859052,0,0,27.77777778,inf
46.06,27.82066318,16.66666667,-169.8853077,46.73099477,-0.008302774171,-0.008742539934,0,0,27.77777778,inf
46.08,27.82048903,16.66666667,-170.1083858,46.73073355,-0.008269310099,-0.008707358673,0,0,27.77777778,inf
46.1,27.82031558,16.66666667,-170.3314606,46.73047338,-0.008235977394,-0.008672314787,0,0,27.77777778,inf
46.12,27.82014284,16.66666667,-170.5545318,46.73021425,-0.008202775587,-0.008637407795,0,0,27.77777778,inf
46.14,27.81997078,16.66666667,-170.7775996,46.72995618,-0.008169704211,-0.008602637219,0,0,27.77777778,inf
46.16,27.81979942,16.66666667,-171.000664,46.72969914,-0.008136762799,-0.008568002578,0,0,27.77777778,inf
46.18,27.81962875,16.66666667,-171.2237249,46.72944313,-0.008103950883,-0.008533503396,0,0,27.77777778,inf
46.2,27.81945877,16.66666667,-171.4467825,46.72918816,-0.008071268001,-0.008499139195,0,0,27.77777778,inf
46.22,27.81928947,16.66666667,-171.6698366,46.72893421,-0.008038713686,-0.008464909499,0,0,27.77777778,inf
46.24,27.81912086,16.66666667,-171.8928874,46.72868128,-0.008006287478,-0.008430813834,0,0,27.77777778,inf
46.26,27.81895292,16.66666667,-172.1159348,46.72842938,-0.007973988914,-0.008396851726,0,0,27.77777778,inf
46.28,27.81878566,16.66666667,-172.3389788,46.72817849,-0.007941817533,-0.008363022701,0,0,27.77777778,inf
46.3,27.81861907,16.66666667,-172.5620196,46.72792861,-0.007909772876,-0.008329326287,0,0,27.77777778,inf
46.32,27.81845316,16.66666667,-172.785057,46.72767974,-0.007877854485,-0.008295762014,0,0,27.77777778,inf
46.34,27.81828791,16.66666667,-173.008091,46.72743187,-0.007846061901,-0.008262329412,0,0,27.77777778,inf
46.36,27.81812333,16.66666667,-173.2311218,46.727185,-0.00781439467,-0.008229028011,0,0,27.77777778,inf
46.38,27.81795941,16.66666667,-173.4541493,46.72693912,-0.007782852336,-0.008195857344,0,0,27.77777778,inf
46.4,27.81779616,16.66666667,-173.6771735,46.72669423,-0.007751434444,-0.008162816943,0,0,27.77777778,inf
46.42,27.81763356,16.66666667,-173.9001945,46.72645034,-0.007720140543,-0.008129906343,0,0,27.77777778,inf
46.44,27.81747162,16.66666667,-174.1232122,46.72620742,-0.00768897018,-0.008097125079,0,0,27.77777778,inf
46.46,27.81731033,16.66666667,-174.3462267,46.72596549,-0.007657922905,-0.008064472687,0,0,27.77777778,inf
46.48,27.81714969,16.66666667,-174.569238,46.72572453,-0.007626998268,-0.008031948705,0,0,27.77777778,inf
46.5,27.8169897,16.66666667,-174.792246,46.72548454,-0.007596195821,-0.00799955267,0,0,27.77777778,inf
46.52,27.81683035,16.66666667,-175.0152509,46.72524553,-0.007565515117,-0.007967284122,0,0,27.77777778,inf
46.54,27.81667165,16.66666667,-175.2382526,46.72500747,-0.00753495571,-0.007935142602,0,0,27.77777778,inf
46.56,27.81651359,16.66666667,-175.4612511,46.72477038,-0.007504517156,-0.00790312765,0,0,27.77777778,inf
46.58,27.81635616,16.66666667,-175.6842465,46.72453424,-0.007474199009,-0.007871238811,0,0,27.77777778,inf
46.6,27.81619937,16.66666667,-175.9072387,46.72429906,-0.007444000828,-0.007839475627,0,0,27.77777778,inf
46.62,27.81604321,16.66666667,-176.1302278,46.72406482,-0.007413922172,-0.007807837643,0,0,27.77777778,inf
46.64,27.81588769,16.66666667,-176.3532137,46.72383153,-0.007383962601,-0.007776324405,0,0,27.77777778,inf
46.66,27.81573279,16.66666667,-176.5761966,46.72359918,-0.007354121674,-0.007744935461,0,0,27.77777778,inf
46.68,27.81557852,16.66666667,-176.7991764,46.72336777,-0.007324398956,-0.007713670358,0,0,27.77777778,inf
46.7,27.81542487,16.66666667,-177.0221531,46.7231373,-0.007294794008,-0.007682528646,0,0,27.77777778,inf
46.72,27.81527183,16.66666667,-177.2451267,46.72290775,-0.007265306396,-0.007651509875,0,0,27.77777778,inf
46.74,27.81511942,16.66666667,-177.4680973,46.72267913,-0.007235935685,-0.007620613596,0,0,27.77777778,inf
46.76,27.81496763,16.66666667,-177.6910648,46.72245144,-0.007206681442,-0.007589839363,0,0,27.77777778,inf
46.78,27.81481644,16.66666667,-177.9140294,46.72222466,-0.007177543235,-0.00755918673,0,0,27.77777778,inf
46.8,27.81466587,16.66666667,-178.1369908,46.7219988,-0.007148520635,-0.00752865525,0,0,27.77777778,inf
46.82,27.8145159,16.66666667,-178.3599493,46.72177386,-0.00711961321,-0.007498244481,0,0,27.77777778,inf
46.84,27.81436655,16.66666667,-178.5829048,46.72154982,-0.007090820533,-0.007467953979,0,0,27.77777778,inf
46.86,27.81421779,16.66666667,-178.8058573,46.72132668,-0.007062142178,-0.007437783304,0,0,27.77777778,inf
46.88,27.81406963,16.66666667,-179.0288069,46.72110445,-0.007033577717,-0.007407732013,0,0,27.77777778,inf
46.9,27.81392208,16.66666667,-179.2517535,46.72088312,-0.007005126727,-0.00737779967,0,0,27.77777778,inf
46.92,27.81377512,16.66666667,-179.4746971,46.72066268,-0.006976788783,-0.007347985834,0,0,27.77777778,inf
46.94,27.81362875,16.66666667,-179.6976378,46.72044313,-0.006948563464,-0.00731829007,0,0,27.77777778,inf
46.96,27.81348298,16.66666667,-179.9205756,46.72022447,-0.006920450349,-0.007288711942,0,0,27.77777778,inf
46.98,27.81333779,16.66666667,-180.1435105,46.72000669,-0.006892449018,-0.007259251014,0,0,27.77777778,inf
47,27.8131932,16.66666667,-180.3664424,46.71978979,-0.006864559052,-0.007229906855,0,0,27.77777778,inf
47.02,27.81304918,16.66666667,-180.5893715,46.71957377,-0.006836780034,-0.00720067903,0,0,27.77777778,inf
47.04,27.81290575,16.66666667,-180.8122977,46.71935863,-0.006809111548,-0.007171567111,0,0,27.77777778,inf
47.06,27.8127629,16.66666667,-181.0352211,46.71914435,-0.006781553179,-0.007142570666,0,0,27.77777778,inf
47.08,27.81262063,16.66666667,-181.2581416,46.71893094,-0.006754104512,-0.007113689267,0,0,27.77777778,inf
47.1,27.81247893,16.66666667,-181.4810593,46.71871839,-0.006726765137,-0.007084922486,0,0,27.77777778,inf
47.12,27.8123378,16.66666667,-181.7039741,46.7185067,-0.006699534641,-0.007056269898,0,0,27.77777778,inf
47.14,27.81219725,16.66666667,-181.9268861,46.71829587,-0.006672412615,-0.007027731078,0,0,27.77777778,inf
47.16,27.81205726,16.66666667,-182.1497953,46.71808589,-0.006645398649,-0.006999305601,0,0,27.77777778,inf
47.18,27.81191784,16.66666667,-182.3727017,46.71787676,-0.006618492336,-0.006970993045,0,0,27.77777778,inf
47.2,27.81177899,16.66666667,-182.5956054,46.71766848,-0.00659169327,-0.006942792988,0,0,27.77777778,inf
47.22,27.81164069,16.66666667,-182.8185062,46.71746104,-0.006565001046,-0.00691470501,0,0,27.77777778,inf
47.24,27.81150296,16.66666667,-183.0414043,46.71725444,-0.006538415259,-0.006886728693,0,0,27.77777778,inf
47.26,27.81136578,16.66666667,-183.2642997,46.71704867,-0.006511935508,-0.006858863619,0,0,27.77777778,inf
47.28,27.81122916,16.66666667,-183.4871923,46.71684374,-0.00648556139,-0.00683110937,0,0,27.77777778,inf
47.3,27.81109309,16.66666667,-183.7100822,46.71663963,-0.006459292506,-0.006803465531,0,0,27.77777778,inf
47.32,27.81095757,16.66666667,-183.9329694,46.71643635,-0.006433128456,-0.006775931689,0,0,27.77777778,inf
47.34,27.8108226,16.66666667,-184.1558538,46.7162339,-0.006407068843,-0.006748507431,0,0,27.77777778,inf
47.36,27.81068818,16.66666667,-184.3787356,46.71603226,-0.006381113271,-0.006721192344,0,0,27.77777778,inf
47.38,27.8105543,16.66666667,-184.6016147,46.71583144,-0.006355261344,-0.006693986018,0,0,27.77777778,inf
47.4,27.81042096,16.66666667,-184.8244911,46.71563144,-0.006329512668,-0.006666888044,0,0,27.77777778,inf
47.42,27.81028816,16.66666667,-185.0473649,46.71543224,-0.00630386685,-0.006639898014,0,0,27.77777778,inf
47.44,27.8101559,16.66666667,-185.270236,46.71523385,-0.006278323498,-0.006613015521,0,0,27.77777778,inf
47.46,27.81002417,16.66666667,-185.4931045,46.71503626,-0.006252882224,-0.006586240159,0,0,27.77777778,inf
47.48,27.80989298,16.66666667,-185.7159703,46.71483948,-0.006227542636,-0.006559571524,0,0,27.77777778,inf
47.5,27.80976232,16.66666667,-185.9388335,46.71464348,-0.006202304348,-0.006533009213,0,0,27.77777778,inf
47.52,27.80963219,16.66666667,-186.1616941,46.71444829,-0.006177166973,-0.006506552824,0,0,27.77777778,inf
47.54,27.80950259,16.66666667,-186.3845521,46.71425388,-0.006152130125,-0.006480201956,0,0,27.77777778,inf
47.56,27.80937351,16.66666667,-186.6074076,46.71406026,-0.00612719342,-0.006453956209,0,0,27.77777778,inf
47.58,27.80924495,16.66666667,-186.8302604,46.71386743,-0.006102356476,-0.006427815186,0,0,27.77777778,inf
47.6,27.80911692,16.66666667,-187.0531107,46.71367538,-0.00607761891,-0.006401778489,0,0,27.77777778,inf
47.62,27.8089894,16.66666667,-187.2759584,46.7134841,-0.006052980343,-0.006375845723,0,0,27.77777778,inf
47.64,27.8088624,16.66666667,-187.4988036,46.7132936,-0.006028440394,-0.006350016493,0,0,27.77777778,inf
47.66,27.80873591,16.66666667,-187.7216463,46.71310387,-0.006003998686,-0.006324290405,0,0,27.77777778,inf
47.68,27.80860994,16.66666667,-187.9444864,46.71291491,-0.005979654841,-0.006298667067,0,0,27.77777778,inf
47.7,27.80848448,16.66666667,-188.167324,46.71272672,-0.005955408486,-0.006273146089,0,0,27.77777778,inf
47.72,27.80835952,16.66666667,-188.3901591,46.71253928,-0.005931259244,-0.006247727081,0,0,27.77777778,inf
47.74,27.80823508,16.66666667,-188.6129917,46.71235261,-0.005907206743,-0.006222409654,0,0,27.77777778,inf
47.76,27.80811113,16.66666667,-188.8358219,46.7121667,-0.005883250611,-0.006197193421,0,0,27.77777778,inf
47.78,27.80798769,16.66666667,-189.0586495,46.71198153,-0.005859390478,-0.006172077996,0,0,27.77777778,inf
47.8,27.80786475,16.66666667,-189.2814747,46.71179712,-0.005835625973,-0.006147062995,0,0,27.77777778,inf
47.82,27.80774231,16.66666667,-189.5042974,46.71161346,-0.005811956729,-0.006122148033,0,0,27.77777778,inf
47.84,27.80762036,16.66666667,-189.7271177,46.71143054,-0.005788382378,-0.006097332729,0,0,27.77777778,inf
47.86,27.80749891,16.66666667,-189.9499356,46.71124836,-0.005764902555,-0.006072616701,0,0,27.77777778,inf
47.88,27.80737795,16.66666667,-190.172751,46.71106692,-0.005741516895,-0.006047999569,0,0,27.77777778,inf
47.9,27.80725748,16.66666667,-190.395564,46.71088622,-0.005718225035,-0.006023480955,0,0,27.77777778,inf
47.92,27.8071375,16.66666667,-190.6183747,46.71070624,-0.005695026613,-0.005999060481,0,0,27.77777778,inf
47.94,27.807018,16.66666667,-190.8411829,46.710527,-0.005671921267,-0.005974737772,0,0,27.77777778,inf
47.96,27.80689899,16.66666667,-191.0639887,46.71034849,-0.005648908637,-0.005950512452,0,0,27.77777778,inf
47.98,27.80678046,16.66666667,-191.2867922,46.71017069,-0.005625988366,-0.005926384146,0,0,27.77777778,inf
48,27.80666242,16.66666667,-191.5095933,46.70999362,-0.005603160096,-0.005902352484,0,0,27.77777778,inf
48.02,27.80654485,16.66666667,-191.732392,46.70981727,-0.005580423471,-0.005878417093,0,0,27.77777778,inf
48.04,27.80642776,16.66666667,-191.9551884,46.70964163,-0.005557778136,-0.005854577603,0,0,27.77777778,inf
48.06,27.80631114,16.66666667,-192.1779825,46.70946671,-0.005535223736,-0.005830833646,0,0,27.77777778,inf
48.08,27.806195,16.66666667,-192.4007742,46.70929249,-0.005512759921,-0.005807184853,0,0,27.77777778,inf
48.1,27.80607932,16.66666667,-192.6235636,46.70911898,-0.005490386337,-0.005783630858,0,0,27.77777778,inf
48.12,27.80596412,16.66666667,-192.8463507,46.70894618,-0.005468102636,-0.005760171297,0,0,27.77777778,inf
48.14,27.80584938,16.66666667,-193.0691355,46.70877408,-0.005445908468,-0.005736805804,0,0,27.77777778,inf
48.16,27.80573511,16.66666667,-193.291918,46.70860267,-0.005423803485,-0.005713534017,0,0,27.77777778,inf
48.18,27.80562131,16.66666667,-193.5146982,46.70843196,-0.005401787341,-0.005690355574,0,0,27.77777778,inf
48.2,27.80550796,16.66666667,-193.7374762,46.70826194,-0.00537985969,-0.005667270116,0,0,27.77777778,inf
48.22,27.80539507,16.66666667,-193.9602519,46.70809261,-0.005358020189,-0.005644277282,0,0,27.77777778,inf
48.24,27.80528265,16.66666667,-194.1830254,46.70792397,-0.005336268494,-0.005621376714,0,0,27.77777778,inf
48.26,27.80517068,16.66666667,-194.4057965,46.70775601,-0.005314604264,-0.005598568057,0,0,27.77777778,inf
48.28,27.80505916,16.66666667,-194.6285655,46.70758874,-0.005293027158,-0.005575850953,0,0,27.77777778,inf
48.3,27.80494809,16.66666667,-194.8513323,46.70742214,-0.005271536836,-0.00555322505,0,0,27.77777778,inf
48.32,27.80483748,16.66666667,-195.0740968,46.70725622,-0.00525013296,-0.005530689993,0,0,27.77777778,inf
48.34,27.80472732,16.66666667,-195.2968591,46.70709097,-0.005228815193,-0.00550824543,0,0,27.77777778,inf
48.36,27.8046176,16.66666667,-195.5196192,46.7069264,-0.005207583199,-0.005485891011,0,0,27.77777778,inf
48.38,27.80450833,16.66666667,-195.7423771,46.70676249,-0.005186436643,-0.005463626386,0,0,27.77777778,inf
48.4,27.8043995,16.66666667,-195.9651329,46.70659924,-0.005165375193,-0.005441451207,0,0,27.77777778,inf
48.42,27.80429111,16.66666667,-196.1878865,46.70643666,-0.005144398514,-0.005419365125,0,0,27.77777778,inf
48.44,27.80418316,16.66666667,-196.4106379,46.70627474,-0.005123506277,-0.005397367797,0,0,27.77777778,inf
48.46,27.80407565,16.66666667,-196.6333871,46.70611348,-0.005102698151,-0.005375458875,0,0,27.77777778,inf
48.48,27.80396858,16.66666667,-196.8561342,46.70595287,-0.005081973807,-0.005353638017,0,0,27.77777778,inf
48.5,27.80386194,16.66666667,-197.0788792,46.70579291,-0.005061332917,-0.00533190488,0,0,27.77777778,inf
48.52,27.80375574,16.66666667,-197.301622,46.7056336,-0.005040775155,-0.005310259123,0,0,27.77777778,inf
48.54,27.80364996,16.66666667,-197.5243628,46.70547494,-0.005020300194,-0.005288700406,0,0,27.77777778,inf
48.56,27.80354462,16.66666667,-197.7471014,46.70531693,-0.004999907712,-0.005267228389,0,0,27.77777778,inf
48.58,27.8034397,16.66666667,-197.9698379,46.70515955,-0.004979597385,-0.005245842735,0,0,27.77777778,inf
48.6,27.80333521,16.66666667,-198.1925723,46.70500282,-0.00495936889,-0.005224543107,0,0,27.77777778,inf
48.62,27.80323114,16.66666667,-198.4153046,46.70484672,-0.004939221907,-0.005203329169,0,0,27.77777778,inf
48.64,27.8031275,16.66666667,-198.6380349,46.70469125,-0.004919156116,-0.005182200588,0,0,27.77777778,inf
48.66,27.80302428,16.66666667,-198.8607631,46.70453641,-0.004899171198,-0.005161157031,0,0,27.77777778,inf
48.68,27.80292147,16.66666667,-199.0834892,46.70438221,-0.004879266837,-0.005140198164,0,0,27.77777778,inf
48.7,27.80281909,16.66666667,-199.3062133,46.70422863,-0.004859442715,-0.005119323658,0,0,27.77777778,inf
48.72,27.80271712,16.66666667,-199.5289353,46.70407567,-0.004839698518,-0.005098533182,0,0,27.77777778,inf
48.74,27.80261556,16.66666667,-199.7516553,46.70392334,-0.004820033931,-0.005077826409,0,0,27.77777778,inf
48.76,27.80251441,16.66666667,-199.9743733,46.70377162,-0.004800448641,-0.005057203011,0,0,27.77777778,inf
48.78,27.80241368,16.66666667,-200.1970892,46.70362052,-0.004780942337,-0.005036662661,0,0,27.77777778,inf
48.8,27.80231336,16.66666667,-200.4198031,46.70347004,-0.004761514708,-0.005016205035,0,0,27.77777778,inf
48.82,27.80221344,16.66666667,-200.6425151,46.70332016,-0.004742165444,-0.004995829809,0,0,27.77777778,inf
48.84,27.80211393,16.66666667,-200.865225,46.70317089,-0.004722894238,-0.00497553666,0,0,27.77777778,inf
48.86,27.80201482,16.66666667,-201.087933,46.70302224,-0.00470370078,-0.004955325266,0,0,27.77777778,inf
48.88,27.80191612,16.66666667,-201.3106389,46.70287418,-0.004684584766,-0.004935195307,0,0,27.77777778,inf
48.9,27.80181782,16.66666667,-201.5333429,46.70272672,-0.00466554589,-0.004915146464,0,0,27.77777778,inf
48.92,27.80171991,16.66666667,-201.756045,46.70257987,-0.004646583848,-0.004895178418,0,0,27.77777778,inf
48.94,27.80162241,16.66666667,-201.9787451,46.70243361,-0.004627698338,-0.004875290853,0,0,27.77777778,inf
48.96,27.8015253,16.66666667,-202.2014432,46.70228795,-0.004608889056,-0.004855483451,0,0,27.77777778,inf
48.98,27.80142858,16.66666667,-202.4241394,46.70214287,-0.004590155704,-0.0048357559,0,0,27.77777778,inf
49,27.80133226,16.66666667,-202.6468337,46.70199839,-0.00457149798,-0.004816107884,0,0,27.77777778,inf
49.02,27.80123633,16.66666667,-202.8695261,46.70185449,-0.004552915587,-0.004796539092,0,0,27.77777778,inf
49.04,27.80114079,16.66666667,-203.0922165,46.70171118,-0.004534408226,-0.004777049211,0,0,27.77777778,inf
49.06,27.80104564,16.66666667,-203.314905,46.70156845,-0.004515975602,-0.004757637933,0,0,27.77777778,inf
49.08,27.80095087,16.66666667,-203.5375917,46.7014263,-0.00449761742,-0.004738304946,0,0,27.77777778,inf
49.1,27.80085649,16.66666667,-203.7602764,46.70128473,-0.004479333384,-0.004719049944,0,0,27.77777778,inf
49.12,27.80076249,16.66666667,-203.9829593,46.70114374,-0.004461123203,-0.004699872619,0,0,27.77777778,inf
49.14,27.80066888,16.66666667,-204.2056402,46.70100331,-0.004442986583,-0.004680772666,0,0,27.77777778,inf
49.16,27.80057564,16.66666667,-204.4283193,46.70086346,-0.004424923235,-0.004661749779,0,0,27.77777778,inf
49.18,27.80048278,16.66666667,-204.6509966,46.70072418,-0.004406932867,-0.004642803656,0,0,27.77777778,inf
49.2,27.80039031,16.66666667,-204.873672,46.70058546,-0.004389015192,-0.004623933993,0,0,27.77777778,inf
49.22,27.8002982,16.66666667,-205.0963455,46.7004473,-0.004371169921,-0.004605140489,0,0,27.77777778,inf
49.24,27.80020647,16.66666667,-205.3190173,46.70030971,-0.004353396767,-0.004586422843,0,0,27.77777778,inf
49.26,27.80011512,16.66666667,-205.5416871,46.70017268,-0.004335695445,-0.004567780757,0,0,27.77777778,inf
49.28,27.80002413,16.66666667,-205.7643552,46.7000362,-0.004318065671,-0.004549213932,0,0,27.77777778,inf
49.3,27.79993352,16.66666667,-205.9870214,46.69990028,-0.004300507161,-0.004530722071,0,0,27.77777778,inf
49.32,27.79984327,16.66666667,-206.2096859,46.69976491,-0.004283019632,-0.004512304878,0,0,27.77777778,inf
49.34,27.7997534,16.66666667,-206.4323485,46.69963009,-0.004265602803,-0.004493962059,0,0,27.77777778,inf
49.36,27.79966388,16.66666667,-206.6550094,46.69949582,-0.004248256393,-0.004475693318,0,0,27.77777778,inf
49.38,27.79957473,16.66666667,-206.8776684,46.6993621,-0.004230980123,-0.004457498364,0,0,27.77777778,inf
49.4,27.79948594,16.66666667,-207.1003257,46.69922892,-0.004213773715,-0.004439376905,0,0,27.77777778,inf
49.42,27.79939752,16.66666667,-207.3229812,46.69909628,-0.004196636891,-0.00442132865,0,0,27.77777778,inf
49.44,27.79930945,16.66666667,-207.5456349,46.69896418,-0.004179569376,-0.004403353309,0,0,27.77777778,inf
49.46,27.79922174,16.66666667,-207.7682869,46.69883261,-0.004162570893,-0.004385450594,0,0,27.77777778,inf
49.48,27.79913439,16.66666667,-207.9909371,46.69870158,-0.004145641169,-0.004367620218,0,0,27.77777778,inf
49.5,27.79904739,16.66666667,-208.2135856,46.69857109,-0.00412877993,-0.004349861894,0,0,27.77777778,inf
49.52,27.79896075,16.66666667,-208.4362324,46.69844112,-0.004111986904,-0.004332175337,0,0,27.77777778,inf
49.54,27.79887446,16.66666667,-208.6588774,46.69831169,-0.004095261821,-0.004314560262,0,0,27.77777778,inf
49.56,27.79878852,16.66666667,-208.8815207,46.69818277,-0.00407860441,-0.004297016387,0,0,27.77777778,inf
49.58,27.79870293,16.66666667,-209.1041623,46.69805439,-0.004062014401,-0.004279543429,0,0,27.77777778,inf
49.6,27.79861768,16.66666667,-209.3268021,46.69792652,-0.004045491527,-0.004262141107,0,0,27.77777778,inf
49.62,27.79853279,16.66666667,-209.5494403,46.69779918,-0.004029035521,-0.00424480914,0,0,27.77777778,inf
49.64,27.79844824,16.66666667,-209.7720768,46.69767235,-0.004012646116,-0.004227547251,0,0,27.77777778,inf
49.66,27.79836403,16.66666667,-209.9947116,46.69754604,-0.003996323048,-0.00421035516,0,0,27.77777778,inf
49.68,27.79828016,16.66666667,-210.2173447,46.69742025,-0.003980066052,-0.004193232591,0,0,27.77777778,inf
49.7,27.79819664,16.66666667,-210.4399761,46.69729496,-0.003963874865,-0.004176179268,0,0,27.77777778,inf
49.72,27.79811346,16.66666667,-210.6626059,46.69717018,-0.003947749224,-0.004159194916,0,0,27.77777778,inf
49.74,27.79803061,16.66666667,-210.885234,46.69704592,-0.00393168887,-0.00414227926,0,0,27.77777778,inf
49.76,27.7979481,16.66666667,-211.1078604,46.69692215,-0.003915693542,-0.004125432029,0,0,27.77777778,inf
49.78,27.79786593,16.66666667,-211.3304852,46.69679889,-0.003899762979,-0.00410865295,0,0,27.77777778,inf
49.8,27.79778409,16.66666667,-211.5531084,46.69667614,-0.003883896925,-0.004091941753,0,0,27.77777778,inf
49.82,27.79770258,16.66666667,-211.7757299,46.69655388,-0.003868095123,-0.004075298166,0,0,27.77777778,inf
49.84,27.79762141,16.66666667,-211.9983499,46.69643211,-0.003852357315,-0.004058721923,0,0,27.77777778,inf
49.86,27.79754057,16.66666667,-212.2209681,46.69631085,-0.003836683246,-0.004042212754,0,0,27.77777778,inf
49.88,27.79746005,16.66666667,-212.4435848,46.69619008,-0.003821072663,-0.004025770394,0,0,27.77777778,inf
49.9,27.79737986,16.66666667,-212.6661999,46.69606979,-0.003805525311,-0.004009394575,0,0,27.77777778,inf
49.92,27.7973,16.66666667,-212.8888133,46.69595,-0.003790040939,-0.003993085034,0,0,27.77777778,inf
49.94,27.79722046,16.66666667,-213.1114252,46.6958307,-0.003774619295,-0.003976841506,0,0,27.77777778,inf
49.96,27.79714125,16.66666667,-213.3340355,46.69571188,-0.003759260129,-0.003960663729,0,0,27.77777778,inf
49.98,27.79706236,16.66666667,-213.5566442,46.69559354,-0.00374396319,-0.003944551441,0,0,27.77777778,inf
50,27.79698379,16.66666667,-213.7792513,46.69547568,-0.003728728231,-0.003928504381,0,0,27.77777778,inf
50.02,27.79690554,16.66666667,-214.0018569,46.69535831,-0.003713555004,-0.003912522289,0,0,27.77777778,inf
50.04,27.79682761,16.66666667,-214.2244609,46.69524141,-0.003698443262,-0.003896604907,0,0,27.77777778,inf
50.06,27.79674999,16.66666667,-214.4470633,46.69512499,-0.003683392759,-0.003880751975,0,0,27.77777778,inf
50.08,27.79667269,16.66666667,-214.6696642,46.69500904,-0.003668403251,-0.003864963238,0,0,27.77777778,inf
50.1,27.79659571,16.66666667,-214.8922636,46.69489356,-0.003653474494,-0.003849238439,0,0,27.77777778,inf
50.12,27.79651904,16.66666667,-215.1148614,46.69477855,-0.003638606244,-0.003833577323,0,0,27.77777778,inf
50.14,27.79644268,16.66666667,-215.3374577,46.69466401,-0.00362379826,-0.003817979637,0,0,27.77777778,inf
50.16,27.79636663,16.66666667,-215.5600524,46.69454994,-0.003609050301,-0.003802445127,0,0,27.77777778,inf
50.18,27.79629089,16.66666667,-215.7826457,46.69443633,-0.003594362126,-0.003786973541,0,0,27.77777778,inf
50.2,27.79621546,16.66666667,-216.0052374,46.69432319,-0.003579733496,-0.003771564627,0,0,27.77777778,inf
50.22,27.79614033,16.66666667,-216.2278276,46.6942105,-0.003565164174,-0.003756218137,0,0,27.77777778,inf
50.24,27.79606551,16.66666667,-216.4504164,46.69409827,-0.003550653921,-0.00374093382,0,0,27.77777778,inf
50.26,27.795991,16.66666667,-216.6730036,46.6939865,-0.0035362025,-0.003725711428,0,0,27.77777778,inf
50.28,27.79591679,16.66666667,-216.8955893,46.69387518,-0.003521809677,-0.003710550714,0,0,27.77777778,inf
50.3,27.79584288,16.66666667,-217.1181736,46.69376432,-0.003507475217,-0.003695451431,0,0,27.77777778,inf
50.32,27.79576927,16.66666667,-217.3407564,46.69365391,-0.003493198886,-0.003680413334,0,0,27.77777778,inf
50.34,27.79569596,16.66666667,-217.5633377,46.69354394,-0.003478980451,-0.003665436178,0,0,27.77777778,inf
50.36,27.79562295,16.66666667,-217.7859176,46.69343443,-0.003464819679,-0.00365051972,0,0,27.77777778,inf
50.38,27.79555024,16.66666667,-218.008496,46.69332536,-0.003450716341,-0.003635663717,0,0,27.77777778,inf
50.4,27.79547782,16.66666667,-218.2310729,46.69321673,-0.003436670205,-0.003620867926,0,0,27.77777778,inf
50.42,27.7954057,16.66666667,-218.4536484,46.69310855,-0.003422681042,-0.003606132109,0,0,27.77777778,inf
50.44,27.79533387,16.66666667,-218.6762225,46.6930008,-0.003408748625,-0.003591456023,0,0,27.77777778,inf
50.46,27.79526233,16.66666667,-218.8987951,46.6928935,-0.003394872725,-0.003576839432,0,0,27.77777778,inf
50.48,27.79519109,16.66666667,-219.1213663,46.69278663,-0.003381053115,-0.003562282095,0,0,27.77777778,inf
50.5,27.79512013,16.66666667,-219.3439361,46.6926802,-0.00336728957,-0.003547783777,0,0,27.77777778,inf
50.52,27.79504946,16.66666667,-219.5665044,46.6925742,-0.003353581865,-0.00353334424,0,0,27.77777778,inf
50.54,27.79497909,16.66666667,-219.7890714,46.69246863,-0.003339929776,-0.00351896325,0,0,27.77777778,inf
50.56,27.79490899,16.66666667,-220.0116369,46.69236349,-0.00332633308,-0.003504640572,0,0,27.77777778,inf
50.58,27.79483919,16.66666667,-220.2342011,46.69225878,-0.003312791554,-0.003490375973,0,0,27.77777778,inf
50.6,27.79476966,16.66666667,-220.4567638,46.69215449,-0.003299304976,-0.003476169219,0,0,27.77777778,inf
50.62,27.79470042,16.66666667,-220.6793252,46.69205063,-0.003285873127,-0.00346202008,0,0,27.77777778,inf
50.64,27.79463146,16.66666667,-220.9018852,46.69194719,-0.003272495786,-0.003447928324,0,0,27.77777778,inf
50.66,27.79456278,16.66666667,-221.1244438,46.69184418,-0.003259172735,-0.003433893721,0,0,27.77777778,inf
50.68,27.79449439,16.66666667,-221.347001,46.69174158,-0.003245903755,-0.003419916042,0,0,27.77777778,inf
50.7,27.79442627,16.66666667,-221.5695569,46.6916394,-0.003232688629,-0.003405995059,0,0,27.77777778,inf
50.72,27.79435842,16.66666667,-221.7921114,46.69153764,-0.003219527142,-0.003392130544,0,0,27.77777778,inf
50.74,27.79429086,16.66666667,-222.0146646,46.69143629,-0.003206419076,-0.003378322272,0,0,27.77777778,inf
50.76,27.79422357,16.66666667,-222.2372164,46.69133535,-0.003193364218,-0.003364570017,0,0,27.77777778,inf
50.78,27.79415655,16.66666667,-222.4597669,46.69123482,-0.003180362354,-0.003350873553,0,0,27.77777778,inf
50.8,27.7940898,16.66666667,-222.682316,46.69113471,-0.003167413271,-0.003337232657,0,0,27.77777778,inf
50.82,27.79402333,16.66666667,-222.9048638,46.691035,-0.003154516756,-0.003323647106,0,0,27.77777778,inf
50.84,27.79395713,16.66666667,-223.1274103,46.69093569,-0.003141672598,-0.003310116678,0,0,27.77777778,inf
50.86,27.7938912,16.66666667,-223.3499554,46.69083679,-0.003128880587,-0.003296641151,0,0,27.77777778,inf
50.88,27.79382553,16.66666667,-223.5724992,46.6907383,-0.003116140512,-0.003283220306,0,0,27.77777778,inf
50.9,27.79376013,16.66666667,-223.7950418,46.6906402,-0.003103452166,-0.003269853923,0,0,27.77777778,inf
50.92,27.793695,16.66666667,-224.017583,46.69054251,-0.003090815339,-0.003256541782,0,0,27.77777778,inf
50.94,27.79363014,16.66666667,-224.2401229,46.69044521,-0.003078229825,-0.003243283667,0,0,27.77777778,inf
50.96,27.79356554,16.66666667,-224.4626615,46.6903483,-0.003065695417,-0.003230079359,0,0,27.77777778,inf
50.98,27.7935012,16.66666667,-224.6851989,46.6902518,-0.003053211909,-0.003216928644,0,0,27.77777778,inf
51,27.79343712,16.66666667,-224.9077349,46.69015568,-0.003040779097,-0.003203831305,0,0,27.77777778,inf
51.02,27.79337331,16.66666667,-225.1302697,46.69005996,-0.003028396776,-0.003190787129,0,0,27.77777778,inf
51.04,27.79330975,16.66666667,-225.3528032,46.68996462,-0.003016064744,-0.0031777959,0,0,27.77777778,inf
51.06,27.79324645,16.66666667,-225.5753354,46.68986968,-0.003003782797,-0.003164857408,0,0,27.77777778,inf
51.08,27.79318341,16.66666667,-225.7978664,46.68977512,-0.002991550734,-0.003151971439,0,0,27.77777778,inf
51.1,27.79312063,16.66666667,-226.0203961,46.68968095,-0.002979368354,-0.003139137783,0,0,27.77777778,inf
51.12,27.7930581,16.66666667,-226.2429245,46.68958715,-0.002967235457,-0.003126356228,0,0,27.77777778,inf
51.14,27.79299583,16.66666667,-226.4654517,46.68949375,-0.002955151844,-0.003113626567,0,0,27.77777778,inf
51.16,27.79293381,16.66666667,-226.6879777,46.68940072,-0.002943117316,-0.003100948589,0,0,27.77777778,inf
51.18,27.79287205,16.66666667,-226.9105024,46.68930807,-0.002931131676,-0.003088322087,0,0,27.77777778,inf
51.2,27.79281053,16.66666667,-227.1330259,46.6892158,-0.002919194726,-0.003075746854,0,0,27.77777778,inf
51.22,27.79274927,16.66666667,-227.3555482,46.6891239,-0.002907306269,-0.003063222684,0,0,27.77777778,inf
51.24,27.79268825,16.66666667,-227.5780692,46.68903238,-0.002895466112,-0.003050749371,0,0,27.77777778,inf
51.26,27.79262748,16.66666667,-227.8005891,46.68894123,-0.002883674059,-0.00303832671,0,0,27.77777778,inf
51.28,27.79256697,16.66666667,-228.0231077,46.68885045,-0.002871929915,-0.003025954498,0,0,27.77777778,inf
51.3,27.79250669,16.66666667,-228.2456251,46.68876004,-0.002860233489,-0.003013632531,0,0,27.77777778,inf
51.32,27.79244667,16.66666667,-228.4681413,46.68867,-0.002848584587,-0.003001360608,0,0,27.77777778,inf
51.34,27.79238688,16.66666667,-228.6906563,46.68858032,-0.002836983018,-0.002989138526,0,0,27.77777778,inf
51.36,27.79232734,16.66666667,-228.9131701,46.68849101,-0.002825428592,-0.002976966086,0,0,27.77777778,inf
51.38,27.79226805,16.66666667,-229.1356827,46.68840207,-0.002813921117,-0.002964843086,0,0,27.77777778,inf
51.4,27.79220899,16.66666667,-229.3581941,46.68831349,-0.002802460404,-0.002952769329,0,0,27.77777778,inf
51.42,27.79215018,16.66666667,-229.5807044,46.68822526,-0.002791046266,-0.002940744615,0,0,27.77777778,inf
51.44,27.7920916,16.66666667,-229.8032135,46.6881374,-0.002779678513,-0.002928768747,0,0,27.77777778,inf
51.46,27.79203326,16.66666667,-230.0257214,46.6880499,-0.002768356959,-0.002916841528,0,0,27.77777778,inf
51.48,27.79197516,16.66666667,-230.2482281,46.68796275,-0.002757081418,-0.002904962763,0,0,27.77777778,inf
51.5,27.7919173,16.66666667,-230.4707337,46.68787595,-0.002745851703,-0.002893132255,0,0,27.77777778,inf
51.52,27.79185968,16.66666667,-230.6932382,46.68778951,-0.00273466763,-0.002881349811,0,0,27.77777778,inf
51.54,27.79180228,16.66666667,-230.9157415,46.68770342,-0.002723529014,-0.002869615236,0,0,27.77777778,inf
51.56,27.79174512,16.66666667,-231.1382436,46.68761769,-0.002712435673,-0.002857928338,0,0,27.77777778,inf
51.58,27.7916882,16.66666667,-231.3607446,46.6875323,-0.002701387422,-0.002846288925,0,0,27.77777778,inf
51.6,27.7916315,16.66666667,-231.5832445,46.68744726,-0.002690384081,-0.002834696805,0,0,27.77777778,inf
51.62,27.79157504,16.66666667,-231.8057432,46.68736256,-0.002679425468,-0.002823151787,0,0,27.77777778,inf
51.64,27.79151881,16.66666667,-232.0282408,46.68727821,-0.002668511402,-0.002811653682,0,0,27.77777778,inf
51.66,27.7914628,16.66666667,-232.2507373,46.68719421,-0.002657641703,-0.002800202299,0,0,27.77777778,inf
51.68,27.79140703,16.66666667,-232.4732327,46.68711054,-0.002646816193,-0.002788797452,0,0,27.77777778,inf
51.7,27.79135148,16.66666667,-232.6957269,46.68702722,-0.002636034692,-0.002777438951,0,0,27.77777778,inf
51.72,27.79129616,16.66666667,-232.91822,46.68694424,-0.002625297022,-0.00276612661,0,0,27.77777778,inf
51.74,27.79124106,16.66666667,-233.1407121,46.68686159,-0.002614603008,-0.002754860243,0,0,27.77777778,inf
51.76,27.79118619,16.66666667,-233.363203,46.68677928,-0.002603952472,-0.002743639664,0,0,27.77777778,inf
51.78,27.79113154,16.66666667,-233.5856929,46.68669731,-0.002593345239,-0.002732464689,0,0,27.77777778,inf
51.8,27.79107711,16.66666667,-233.8081816,46.68661567,-0.002582781134,-0.002721335133,0,0,27.77777778,inf
51.82,27.79102291,16.66666667,-234.0306693,46.68653436,-0.002572259982,-0.002710250813,0,0,27.77777778,inf
51.84,27.79096892,16.66666667,-234.2531559,46.68645338,-0.00256178161,-0.002699211546,0,0,27.77777778,inf
51.86,27.79091516,16.66666667,-234.4756414,46.68637274,-0.002551345844,-0.002688217151,0,0,27.77777778,inf
51.88,27.79086161,16.66666667,-234.6981258,46.68629242,-0.002540952514,-0.002677267447,0,0,27.77777778,inf
51.9,27.79080828,16.66666667,-234.9206092,46.68621243,-0.002530601447,-0.002666362252,0,0,27.77777778,inf
51.92,27.79075517,16.66666667,-235.1430915,46.68613276,-0.002520292472,-0.002655501388,0,0,27.77777778,inf
51.94,27.79070228,16.66666667,-235.3655727,46.68605342,-0.002510025419,-0.002644684675,0,0,27.77777778,inf
51.96,27.7906496,16.66666667,-235.5880529,46.6859744,-0.002499800119,-0.002633911934,0,0,27.77777778,inf
51.98,27.79059714,16.66666667,-235.810532,46.68589571,-0.002489616402,-0.002623182989,0,0,27.77777778,inf
52,27.79054489,16.66666667,-236.0330101,46.68581733,-0.002479474102,-0.002612497662,0,0,27.77777778,inf
52.02,27.79049285,16.66666667,-236.2554872,46.68573928,-0.002469373049,-0.002601855777,0,0,27.77777778,inf
52.04,27.79044103,16.66666667,-236.4779632,46.68566154,-0.002459313078,-0.002591257159,0,0,27.77777778,inf
52.06,27.79038941,16.66666667,-236.7004381,46.68558412,-0.002449294021,-0.002580701632,0,0,27.77777778,inf
52.08,27.79033801,16.66666667,-236.9229121,46.68550701,-0.002439315715,-0.002570189024,0,0,27.77777778,inf
52.1,27.79028681,16.66666667,-237.145385,46.68543022,-0.002429377993,-0.002559719159,0,0,27.77777778,inf
52.12,27.79023583,16.66666667,-237.3678569,46.68535374,-0.002419480692,-0.002549291866,0,0,27.77777778,inf
52.14,27.79018505,16.66666667,-237.5903278,46.68527758,-0.002409623647,-0.002538906972,0,0,27.77777778,inf
52.16,27.79013448,16.66666667,-237.8127976,46.68520172,-0.002399806697,-0.002528564306,0,0,27.77777778,inf
52.18,27.79008411,16.66666667,-238.0352665,46.68512617,-0.002390029679,-0.002518263697,0,0,27.77777778,inf
52.2,27.79003395,16.66666667,-238.2577343,46.68505093,-0.002380292431,-0.002508004976,0,0,27.77777778,inf
52.22,27.789984,16.66666667,-238.4802012,46.684976,-0.002370594792,-0.002497787972,0,0,27.77777778,inf
52.24,27.78993425,16.66666667,-238.702667,46.68490137,-0.002360936602,-0.002487612518,0,0,27.77777778,inf
52.26,27.7898847,16.66666667,-238.9251319,46.68482704,-0.002351317701,-0.002477478444,0,0,27.77777778,inf
52.28,27.78983535,16.66666667,-239.1475958,46.68475302,-0.002341737931,-0.002467385585,0,0,27.77777778,inf
52.3,27.7897862,16.66666667,-239.3700586,46.6846793,-0.002332197133,-0.002457333773,0,0,27.77777778,inf
52.32,27.78973726,16.66666667,-239.5925205,46.68460588,-0.002322695149,-0.002447322841,0,0,27.77777778,inf
52.34,27.78968851,16.66666667,-239.8149815,46.68453276,-0.002313231821,-0.002437352626,0,0,27.77777778,inf
52.36,27.78963996,16.66666667,-240.0374414,46.68445994,-0.002303806994,-0.002427422962,0,0,27.77777778,inf
52.38,27.78959161,16.66666667,-240.2599004,46.68438741,-0.002294420512,-0.002417533684,0,0,27.77777778,inf
52.4,27.78954346,16.66666667,-240.4823584,46.68431518,-0.002285072218,-0.00240768463,0,0,27.77777778,inf
52.42,27.7894955,16.66666667,-240.7048155,46.68424325,-0.00227576196,-0.002397875637,0,0,27.77777778,inf
52.44,27.78944774,16.66666667,-240.9272716,46.6841716,-0.002266489581,-0.002388106543,0,0,27.77777778,inf
52.46,27.78940017,16.66666667,-241.1497267,46.68410025,-0.00225725493,-0.002378377186,0,0,27.77777778,inf
52.48,27.78935279,16.66666667,-241.3721809,46.68402919,-0.002248057853,-0.002368687406,0,0,27.77777778,inf
52.5,27.78930561,16.66666667,-241.5946342,46.68395842,-0.002238898199,-0.002359037042,0,0,27.77777778,inf
52.52,27.78925863,16.66666667,-241.8170865,46.68388794,-0.002229775814,-0.002349425934,0,0,27.77777778,inf
52.54,27.78921183,16.66666667,-242.0395378,46.68381774,-0.002220690549,-0.002339853925,0,0,27.77777778,inf
52.56,27.78916522,16.66666667,-242.2619883,46.68374783,-0.002211642254,-0.002330320855,0,0,27.77777778,inf
52.58,27.78911881,16.66666667,-242.4844378,46.68367821,-0.002202630777,-0.002320826566,0,0,27.77777778,inf
52.6,27.78907258,16.66666667,-242.7068864,46.68360887,-0.002193655971,-0.002311370903,0,0,27.77777778,inf
52.62,27.78902654,16.66666667,-242.929334,46.68353981,-0.002184717686,-0.002301953709,0,0,27.77777778,inf
52.64,27.78898069,16.66666667,-243.1517808,46.68347103,-0.002175815775,-0.002292574827,0,0,27.77777778,inf
52.66,27.78893502,16.66666667,-243.3742266,46.68340253,-0.00216695009,-0.002283234103,0,0,27.77777778,inf
52.68,27.78888954,16.66666667,-243.5966715,46.68333432,-0.002158120484,-0.002273931382,0,0,27.77777778,inf
52.7,27.78884425,16.66666667,-243.8191155,46.68326638,-0.002149326811,-0.00226466651,0,0,27.77777778,inf
52.72,27.78879914,16.66666667,-244.0415586,46.68319871,-0.002140568926,-0.002255439334,0,0,27.77777778,inf
52.74,27.78875422,16.66666667,-244.2640008,46.68313133,-0.002131846683,-0.002246249701,0,0,27.77777778,inf
52.76,27.78870948,16.66666667,-244.4864421,46.68306421,-0.002123159937,-0.00223709746,0,0,27.77777778,inf
52.78,27.78866492,16.66666667,-244.7088825,46.68299737,-0.002114508546,-0.002227982458,0,0,27.77777778,inf
52.8,27.78862054,16.66666667,-244.931322,46.68293081,-0.002105892365,-0.002218904545,0,0,27.77777778,inf
52.82,27.78857634,16.66666667,-245.1537607,46.68286451,-0.002097311253,-0.002209863571,0,0,27.77777778,inf
52.84,27.78853232,16.66666667,-245.3761984,46.68279848,-0.002088765066,-0.002200859385,0,0,27.77777778,inf
52.86,27.78848849,16.66666667,-245.5986353,46.68273273,-0.002080253663,-0.00219189184,0,0,27.77777778,inf
52.88,27.78844483,16.66666667,-245.8210713,46.68266724,-0.002071776903,-0.002182960786,0,0,27.77777778,inf
52.9,27.78840134,16.66666667,-246.0435064,46.68260202,-0.002063334645,-0.002174066075,0,0,27.77777778,inf
52.92,27.78835804,16.66666667,-246.2659407,46.68253706,-0.00205492675,-0.00216520756,0,0,27.77777778,inf
52.94,27.78831491,16.66666667,-246.4883741,46.68247237,-0.002046553079,-0.002156385096,0,0,27.77777778,inf
52.96,27.78827196,16.66666667,-246.7108066,46.68240794,-0.002038213492,-0.002147598534,0,0,27.77777778,inf
52.98,27.78822918,16.66666667,-246.9332383,46.68234378,-0.002029907851,-0.002138847731,0,0,27.77777778,inf
53,27.78818658,16.66666667,-247.1556691,46.68227987,-0.002021636018,-0.002130132541,0,0,27.77777778,inf
53.02,27.78814415,16.66666667,-247.3780991,46.68221623,-0.002013397857,-0.002121452819,0,0,27.77777778,inf
53.04,27.7881019,16.66666667,-247.6005282,46.68215284,-0.002005193231,-0.002112808422,0,0,27.77777778,inf
53.06,27.78805981,16.66666667,-247.8229565,46.68208972,-0.001997022004,-0.002104199207,0,0,27.77777778,inf
53.08,27.7880179,16.66666667,-248.045384,46.68202685,-0.00198888404,-0.00209562503,0,0,27.77777778,inf
53.1,27.78797616,16.66666667,-248.2678106,46.68196424,-0.001980779204,-0.002087085751,0,0,27.77777778,inf
53.12,27.78793459,16.66666667,-248.4902363,46.68190188,-0.001972707362,-0.002078581227,0,0,27.77777778,inf
53.14,27.78789318,16.66666667,-248.7126613,46.68183978,-0.00196466838,-0.002070111318,0,0,27.77777778,inf
53.16,27.78785195,16.66666667,-248.9350854,46.68177793,-0.001956662125,-0.002061675883,0,0,27.77777778,inf
53.18,27.78781089,16.66666667,-249.1575087,46.68171633,-0.001948688463,-0.002053274782,0,0,27.77777778,inf
53.2,27.78776999,16.66666667,-249.3799312,46.68165498,-0.001940747264,-0.002044907877,0,0,27.77777778,inf
53.22,27.78772926,16.66666667,-249.6023528,46.68159388,-0.001932838394,-0.002036575028,0,0,27.77777778,inf
53.24,27.78768869,16.66666667,-249.8247737,46.68153303,-0.001924961723,-0.002028276097,0,0,27.77777778,inf
53.26,27.78764829,16.66666667,-250.0471937,46.68147243,-0.00191711712,-0.002020010947,0,0,27.77777778,inf
53.28,27.78760805,16.66666667,-250.2696129,46.68141208,-0.001909304455,-0.002011779441,0,0,27.77777778,inf
53.3,27.78756798,16.66666667,-250.4920314,46.68135197,-0.001901523598,-0.002003581442,0,0,27.77777778,inf
53.32,27.78752807,16.66666667,-250.714449,46.68129211,-0.00189377442,-0.001995416815,0,0,27.77777778,inf
53.34,27.78748833,16.66666667,-250.9368658,46.68123249,-0.001886056793,-0.001987285423,0,0,27.77777778,inf
53.36,27.78744874,16.66666667,-251.1592819,46.68117312,-0.001878370588,-0.001979187133,0,0,27.77777778,inf
53.38,27.78740932,16.66666667,-251.3816971,46.68111398,-0.001870715678,-0.001971121809,0,0,27.77777778,inf
53.4,27.78737006,16.66666667,-251.6041116,46.68105509,-0.001863091936,-0.001963089318,0,0,27.77777778,inf
53.42,27.78733096,16.66666667,-251.8265252,46.68099644,-0.001855499235,-0.001955089528,0,0,27.77777778,inf
53.44,27.78729202,16.66666667,-252.0489381,46.68093802,-0.00184793745,-0.001947122304,0,0,27.77777778,inf
53.46,27.78725323,16.66666667,-252.2713503,46.68087985,-0.001840406454,-0.001939187516,0,0,27.77777778,inf
53.48,27.78721461,16.66666667,-252.4937616,46.68082191,-0.001832906123,-0.001931285031,0,0,27.77777778,inf
53.5,27.78717614,16.66666667,-252.7161722,46.68076421,-0.001825436333,-0.001923414719,0,0,27.77777778,inf
53.52,27.78713783,16.66666667,-252.938582,46.68070674,-0.001817996958,-0.001915576448,0,0,27.77777778,inf
53.54,27.78709967,16.66666667,-253.160991,46.68064951,-0.001810587877,-0.001907770089,0,0,27.77777778,inf
53.56,27.78706167,16.66666667,-253.3833993,46.68059251,-0.001803208965,-0.001899995512,0,0,27.77777778,inf
53.58,27.78702383,16.66666667,-253.6058068,46.68053574,-0.0017958601,-0.001892252588,0,0,27.77777778,inf
53.6,27.78698614,16.66666667,-253.8282136,46.6804792,-0.001788541161,-0.001884541189,0,0,27.77777778,inf
53.62,27.7869486,16.66666667,-254.0506196,46.6804229,-0.001781252025,-0.001876861187,0,0,27.77777778,inf
53.64,27.78691121,16.66666667,-254.2730249,46.68036682,-0.001773992572,-0.001869212454,0,0,27.77777778,inf
53.66,27.78687398,16.66666667,-254.4954294,46.68031097,-0.001766762681,-0.001861594863,0,0,27.77777778,inf
53.68,27.7868369,16.66666667,-254.7178332,46.68025535,-0.001759562232,-0.001854008289,0,0,27.77777778,inf
53.7,27.78679997,16.66666667,-254.9402362,46.68019996,-0.001752391105,-0.001846452604,0,0,27.77777778,inf
53.72,27.78676319,16.66666667,-255.1626385,46.68014479,-0.001745249181,-0.001838927684,0,0,27.77777778,inf
53.74,27.78672657,16.66666667,-255.3850401,46.68008985,-0.001738136342,-0.001831433404,0,0,27.77777778,inf
53.76,27.78669009,16.66666667,-255.6074409,46.68003513,-0.00173105247,-0.001823969639,0,0,27.77777778,inf
53.78,27.78665376,16.66666667,-255.829841,46.67998063,-0.001723997447,-0.001816536265,0,0,27.77777778,inf
53.8,27.78661757,16.66666667,-256.0522404,46.67992636,-0.001716971155,-0.00180913316,0,0,27.77777778,inf
53.82,27.78658154,16.66666667,-256.274639,46.67987231,-0.001709973478,-0.0018017602,0,0,27.77777778,inf
53.84,27.78654565,16.66666667,-256.497037,46.67981847,-0.001703004299,-0.001794417262,0,0,27.77777778,inf
53.86,27.78650991,16.66666667,-256.7194342,46.67976486,-0.001696063504,-0.001787104225,0,0,27.77777778,inf
53.88,27.78647431,16.66666667,-256.9418307,46.67971147,-0.001689150976,-0.001779820967,0,0,27.77777778,inf
53.9,27.78643886,16.66666667,-257.1642265,46.67965829,-0.001682266601,-0.001772567368,0,0,27.77777778,inf
53.92,27.78640355,16.66666667,-257.3866216,46.67960533,-0.001675410264,-0.001765343306,0,0,27.77777778,inf
53.94,27.78636839,16.66666667,-257.609016,46.67955258,-0.001668581851,-0.001758148663,0,0,27.77777778,inf
53.96,27.78633337,16.66666667,-257.8314097,46.67950006,-0.001661781249,-0.001750983318,0,0,27.77777778,inf
53.98,27.78629849,16.66666667,-258.0538027,46.67944774,-0.001655008346,-0.001743847153,0,0,27.77777778,inf
54,27.78626376,16.66666667,-258.2761949,46.67939564,-0.001648263027,-0.001736740048,0,0,27.77777778,inf
54.02,27.78622917,16.66666667,-258.4985865,46.67934375,-0.001641545182,-0.001729661886,0,0,27.77777778,inf
54.04,27.78619471,16.66666667,-258.7209774,46.67929207,-0.001634854698,-0.00172261255,0,0,27.77777778,inf
54.06,27.7861604,16.66666667,-258.9433677,46.6792406,-0.001628191465,-0.001715591922,0,0,27.77777778,inf
54.08,27.78612623,16.66666667,-259.1657572,46.67918934,-0.001621555371,-0.001708599885,0,0,27.77777778,inf
54.1,27.7860922,16.66666667,-259.3881461,46.67913829,-0.001614946307,-0.001701636324,0,0,27.77777778,inf
54.12,27.7860583,16.66666667,-259.6105342,46.67908745,-0.001608364162,-0.001694701123,0,0,27.77777778,inf
54.14,27.78602455,16.66666667,-259.8329217,46.67903682,-0.001601808827,-0.001687794166,0,0,27.77777778,inf
54.16,27.78599093,16.66666667,-260.0553085,46.67898639,-0.001595280193,-0.001680915339,0,0,27.77777778,inf
54.18,27.78595745,16.66666667,-260.2776947,46.67893617,-0.001588778152,-0.001674064527,0,0,27.77777778,inf
54.2,27.7859241,16.66666667,-260.5000802,46.67888615,-0.001582302595,-0.001667241617,0,0,27.77777778,inf
54.22,27.78589089,16.66666667,-260.722465,46.67883634,-0.001575853415,-0.001660446495,0,0,27.77777778,inf
54.24,27.78585782,16.66666667,-260.9448491,46.67878673,-0.001569430504,-0.001653679049,0,0,27.77777778,inf
54.26,27.78582488,16.66666667,-261.1672326,46.67873732,-0.001563033756,-0.001646939165,0,0,27.77777778,inf
54.28,27.78579208,16.66666667,-261.3896155,46.67868811,-0.001556663065,-0.001640226733,0,0,27.77777778,inf
54.3,27.78575941,16.66666667,-261.6119977,46.67863911,-0.001550318324,-0.001633541639,0,0,27.77777778,inf
54.32,27.78572687,16.66666667,-261.8343792,46.6785903,-0.001543999428,-0.001626883774,0,0,27.77777778,inf
54.34,27.78569446,16.66666667,-262.0567601,46.67854169,-0.001537706271,-0.001620253026,0,0,27.77777778,inf
54.36,27.78566219,16.66666667,-262.2791403,46.67849328,-0.001531438751,-0.001613649286,0,0,27.77777778,inf
54.38,27.78563005,16.66666667,-262.5015199,46.67844507,-0.001525196761,-0.001607072443,0,0,27.77777778,inf
54.4,27.78559804,16.66666667,-262.7238988,46.67839706,-0.001518980198,-0.001600522388,0,0,27.77777778,inf
54.42,27.78556616,16.66666667,-262.9462771,46.67834924,-0.001512788959,-0.001593999013,0,0,27.77777778,inf
54.44,27.78553441,16.66666667,-263.1686548,46.67830161,-0.001506622941,-0.001587502209,0,0,27.77777778,inf
54.46,27.78550279,16.66666667,-263.3910319,46.67825418,-0.001500482041,-0.001581031867,0,0,27.77777778,inf
54.48,27.7854713,16.66666667,-263.6134083,46.67820694,-0.001494366157,-0.001574587881,0,0,27.77777778,inf
54.5,27.78543993,16.66666667,-263.835784,46.6781599,-0.001488275188,-0.001568170143,0,0,27.77777778,inf
54.52,27.7854087,16.66666667,-264.0581592,46.67811304,-0.001482209032,-0.001561778547,0,0,27.77777778,inf
54.54,27.78537759,16.66666667,-264.2805337,46.67806638,-0.001476167588,-0.001555412986,0,0,27.77777778,inf
54.56,27.78534661,16.66666667,-264.5029076,46.67801991,-0.001470150755,-0.001549073354,0,0,27.77777778,inf
54.58,27.78531575,16.66666667,-264.7252809,46.67797363,-0.001464158434,-0.001542759546,0,0,27.77777778,inf
54.6,27.78528502,16.66666667,-264.9476536,46.67792753,-0.001458190526,-0.001536471457,0,0,27.77777778,inf
54.62,27.78525442,16.66666667,-265.1700257,46.67788163,-0.001452246929,-0.001530208982,0,0,27.77777778,inf
54.64,27.78522394,16.66666667,-265.3923971,46.67783591,-0.001446327547,-0.001523972018,0,0,27.77777778,inf
54.66,27.78519358,16.66666667,-265.6147679,46.67779037,-0.00144043228,-0.001517760461,0,0,27.77777778,inf
54.68,27.78516335,16.66666667,-265.8371382,46.67774503,-0.00143456103,-0.001511574206,0,0,27.77777778,inf
54.7,27.78513324,16.66666667,-266.0595078,46.67769987,-0.001428713699,-0.001505413152,0,0,27.77777778,inf
54.72,27.78510326,16.66666667,-266.2818768,46.67765489,-0.001422890191,-0.001499277196,0,0,27.77777778,inf
54.74,27.78507339,16.66666667,-266.5042453,46.67761009,-0.001417090408,-0.001493166235,0,0,27.77777778,inf
54.76,27.78504365,16.66666667,-266.7266131,46.67756548,-0.001411314253,-0.001487080169,0,0,27.77777778,inf
54.78,27.78501403,16.66666667,-266.9489804,46.67752105,-0.001405561632,-0.001481018896,0,0,27.77777778,inf
54.8,27.78498453,16.66666667,-267.171347,46.6774768,-0.001399832447,-0.001474982315,0,0,27.77777778,inf
54.82,27.78495515,16.66666667,-267.3937131,46.67743273,-0.001394126604,-0.001468970325,0,0,27.77777778,inf
54.84,27.78492589,16.66666667,-267.6160786,46.67738884,-0.001388444008,-0.001462982828,0,0,27.77777778,inf
54.86,27.78489675,16.66666667,-267.8384434,46.67734513,-0.001382784563,-0.001457019722,0,0,27.77777778,inf
54.88,27.78486773,16.66666667,-268.0608078,46.6773016,-0.001377148177,-0.001451080909,0,0,27.77777778,inf
54.9,27.78483883,16.66666667,-268.2831715,46.67725824,-0.001371534755,-0.001445166291,0,0,27.77777778,inf
54.92,27.78481004,16.66666667,-268.5055346,46.67721506,-0.001365944203,-0.001439275768,0,0,27.77777778,inf
54.94,27.78478137,16.66666667,-268.7278972,46.67717206,-0.001360376429,-0.001433409243,0,0,27.77777778,inf
54.96,27.78475282,16.66666667,-268.9502592,46.67712924,-0.00135483134,-0.001427566618,0,0,27.77777778,inf
54.98,27.78472439,16.66666667,-269.1726207,46.67708658,-0.001349308844,-0.001421747795,0,0,27.77777778,inf
55,27.78469607,16.66666667,-269.3949815,46.6770441,-0.001343808848,-0.001415952679,0,0,27.77777778,inf
