time,ego_speed,lead_speed,gap,desired_gap,command,acceleration,mode,lead_present,reference_speed,ttc
0,22.22222222,22.22222222,55,38.33333333,0.625,0,1,1,25.55555556,inf
0.02,22.22322222,22.22222222,54.99999,38.33483333,0.675,0.05,1,1,25.55525356,54999.99
0.04,22.22522222,22.22222222,54.99995,38.33783333,0.725,0.1,1,1,25.55464556,18333.31667
0.06,22.22822222,22.22222222,54.99986,38.34233333,0.775,0.15,1,1,25.55372756,9166.643333
0.08,22.23222222,22.22222222,54.9997,38.34833333,0.825,0.2,1,1,25.55249556,5499.97
0.1,22.23722222,22.22222222,54.99945,38.35583333,0.875,0.25,1,1,25.55094556,3666.63
0.12,22.24322222,22.22222222,54.99909,38.36483333,0.925,0.3,1,1,25.54907356,2619.004286
0.14,22.25022222,22.22222222,54.9986,38.37533333,0.975,0.35,1,1,25.54687556,1964.235714
0.16,22.25822222,22.22222222,54.99796,38.38733333,1.025,0.4,1,1,25.54434756,1527.721111
0.18,22.26722222,22.22222222,54.99715,38.40083333,1.075,0.45,1,1,25.54148556,1222.158889
0.2,22.27722222,22.22222222,54.99615,38.41583333,1.125,0.5,1,1,25.53828556,999.93
0.22,22.28822222,22.22222222,54.99494,38.43233333,1.175,0.55,1,1,25.53474356,833.2566667
0.24,22.30022222,22.22222222,54.9935,38.45033333,1.225,0.6,1,1,25.53085556,705.0448718
0.26,22.31322222,22.22222222,54.99181,38.46983333,1.275,0.65,1,1,25.52661756,604.3056044
0.28,22.32722222,22.22222222,54.98985,38.49083333,1.325,0.7,1,1,25.52202556,523.7128571
0.3,22.34222222,22.22222222,54.9876,38.51333333,1.375,0.75,1,1,25.51707556,458.23
0.32,22.35822222,22.22222222,54.98504,38.53733333,1.425,0.8,1,1,25.51176356,404.3017647
0.34,22.37522222,22.22222222,54.98215,38.56283333,1.475,0.85,1,1,25.50608556,359.3604575
0.36,22.39322222,22.22222222,54.97891,38.58983333,1.525,0.9,1,1,25.50003756,321.5140936
0.38,22.41222222,22.22222222,54.9753,38.61833333,1.575,0.95,1,1,25.49361556,289.3436842
0.4,22.43222222,22.22222222,54.9713,38.64833333,1.625,1,1,1,25.48681556,261.7680952
0.42,22.45322222,22.22222222,54.96689,38.67983333,1.675,1.05,1,1,25.47963356,237.9519048
0.44,22.47522222,22.22222222,54.96205,38.71283333,1.725,1.1,1,1,25.47206556,217.2413043
0.46,22.49822222,22.22222222,54.95676,38.74733333,1.775,1.15,1,1,25.46410756,199.1186957
0.48,22.52222222,22.22222222,54.951,38.78333333,1.825,1.2,1,1,25.45575556,183.17
0.5,22.54722222,22.22222222,54.94475,38.82083333,1.875,1.25,1,1,25.44700556,169.0607692
0.52,22.57322222,22.22222222,54.93799,38.85983333,1.925,1.3,1,1,25.43785356,156.51849
0.54,22.60022222,22.22222222,54.9307,38.90033333,1.975,1.35,1,1,25.42829556,145.3193122
0.56,22.62822222,22.22222222,54.92286,38.94233333,2,1.4,1,1,25.41832756,135.2779803
0.58,22.65718222,22.22222222,54.9144504,38.98577333,2,1.448,1,1,25.40795764,126.2517252
0.6,22.68702542,22.22222222,54.90545277,39.03053813,2,1.49216,1,1,25.39720515,118.1262366
0.62,22.71768117,22.22222222,54.89585015,39.07652175,2,1.5327872,1,1,25.3860879,110.79798
0.64,22.74908445,22.22222222,54.88562693,39.12362668,1.979402348,1.570164224,1,1,25.37462227,104.1745336
0.66,22.78114252,22.22222222,54.87476911,39.17171377,1.945684154,1.602903274,1,1,25.36283329,98.17995464
0.68,22.81374903,22.22222222,54.86326464,39.22062355,1.911329839,1.630325744,1,1,25.35075044,92.74856831
0.7,22.84680515,22.22222222,54.85110354,39.27020773,1.876471585,1.652806072,1,1,25.33840138,87.82036921
0.72,22.88021914,22.22222222,54.83827774,39.32032871,1.841228578,1.670699313,1,1,25.32581203,83.34123818
0.74,22.91390597,22.22222222,54.82478094,39.37085896,1.805708091,1.684341654,1,1,25.31300662,79.26278587
0.76,22.94778699,22.22222222,54.81060845,39.42168049,1.770006487,1.694050969,1,1,25.30000782,75.54199265
0.78,22.98178954,22.22222222,54.79575713,39.47268431,1.734210148,1.700127411,1,1,25.28683679,72.14075157
0.8,23.01584662,22.22222222,54.78022521,39.52376993,1.698396325,1.70285403,1,1,25.27351328,69.02537947
0.82,23.04989657,22.22222222,54.76401223,39.57484485,1.662633934,1.702497413,1,1,25.2600557,66.16613465
0.84,23.08388273,22.22222222,54.74711888,39.6258241,1.626984287,1.699308335,1,1,25.24648118,63.53676194
0.86,23.11775318,22.22222222,54.72954696,39.67662977,1.591501757,1.693522411,1,1,25.23280566,61.11407572
0.88,23.1514604,22.22222222,54.71129927,39.7271906,1.556234409,1.685360759,1,1,25.21904396,58.87758454
0.9,23.18496101,22.22222222,54.6923795,39.77744152,1.521224561,1.675030651,1,1,25.20520982,56.8091575
0.92,23.21821553,22.22222222,54.67279218,39.8273233,1.486509313,1.662726163,1,1,25.191316,54.8927302
0.94,23.25118811,22.22222222,54.65254259,39.87678217,1.452121033,1.648628815,1,1,25.17737431,53.11404701
0.96,23.28384627,22.22222222,54.63163669,39.92576941,1.418087793,1.632908193,1,1,25.16339568,51.46043607
0.98,23.31616073,22.22222222,54.61008106,39.97424109,1.384433783,1.615722561,1,1,25.14939022,49.92061334
1,23.34810512,22.22222222,54.58788285,40.02215767,1.351179678,1.597219459,1,1,25.13536726,48.48451219
1.02,23.37965584,22.22222222,54.56504968,40.06948376,1.318342984,1.577536276,1,1,25.12133541,47.1431353
1.04,23.41079186,22.22222222,54.54158965,40.11618779,1.285938351,1.556800813,1,1,25.1073026,45.88842593
1.06,23.44149449,22.22222222,54.51751123,40.16224174,1.253977856,1.535131816,1,1,25.09327612,44.71315597
1.08,23.47174728,22.22222222,54.49282326,40.20762092,1.222471267,1.512639499,1,1,25.07926269,43.61082859
1.1,23.5015358,22.22222222,54.46753487,40.25230371,1.191426281,1.48942604,1,1,25.06526846,42.57559338
1.12,23.53084753,22.22222222,54.44165548,40.29627129,1.160848744,1.46558606,1,1,25.05129906,41.60217241
1.14,23.55967167,22.22222222,54.41519474,40.3395075,1.130742847,1.441207075,1,1,25.03735967,40.68579561
1.16,23.58799907,22.22222222,54.38816247,40.3819986,1.101111305,1.416369936,1,1,25.023455,39.82214425
1.18,23.61582205,22.22222222,54.36056871,40.42373308,1.071955527,1.391149246,1,1,25.00958935,39.00730153
1.2,23.64313433,22.22222222,54.33242359,40.46470149,1.043275762,1.365613748,1,1,24.99576664,38.23770905
1.22,23.66993086,22.22222222,54.30373738,40.50489629,1.015071233,1.339826709,1,1,24.98199044,37.51012875
1.24,23.69620778,22.22222222,54.27452044,40.54431168,0.9873402632,1.313846271,1,1,24.96826397,36.82160925
1.26,23.7219623,22.22222222,54.24478318,40.58294345,0.9600803841,1.287725791,1,1,24.95459017,36.16945626
1.28,23.74719258,22.22222222,54.21453608,40.62078888,0.9332884386,1.261514158,1,1,24.94097166,35.55120639
1.3,23.77189771,22.22222222,54.18378962,40.65784656,0.9069606703,1.235256101,1,1,24.92741083,34.964604
1.32,23.79607756,22.22222222,54.15255431,40.69411633,0.8810928054,1.208992466,1,1,24.91390982,34.40758065
1.34,23.81973277,22.22222222,54.12084065,40.72959915,0.8556801272,1.182760493,1,1,24.90047052,33.87823692
1.36,23.84286465,22.22222222,54.08865912,40.76429697,0.8307175412,1.156594064,1,1,24.88709465,33.37482613
1.38,23.86547513,22.22222222,54.05602017,40.79821269,0.8061996354,1.130523942,1,1,24.87378372,32.89573995
1.4,23.88756669,22.22222222,54.0229342,40.83135003,0.7821207334,1.104577998,1,1,24.86053906,32.43949549
1.42,23.90914231,22.22222222,53.98941155,40.86371347,0.7584749413,1.078781417,1,1,24.84736184,32.00472377
1.44,23.93020545,22.22222222,53.95546252,40.89530818,0.7352561912,1.053156898,1,1,24.83425309,31.59015943
1.46,23.95075995,22.22222222,53.92109731,40.92613992,0.7124582781,1.027724842,1,1,24.8212137,31.19463144
1.48,23.97081002,22.22222222,53.88632605,40.95621503,0.6900748939,1.002503517,1,1,24.80824443,30.81705486
1.5,23.9903602,22.22222222,53.85115879,40.9855403,0.6680996572,0.977509227,1,1,24.79534592,30.45642329
1.52,24.00941533,22.22222222,53.81560548,41.014123,0.6465261392,0.9527564614,1,1,24.78251872,30.11180223
1.54,24.02798049,22.22222222,53.77967597,41.04197074,0.6253478868,0.9282580356,1,1,24.76976327,29.78232293
1.56,24.046061,22.22222222,53.74338,41.0690915,0.6045584433,0.9040252237,1,1,24.75707992,29.46717699
1.58,24.06366236,22.22222222,53.70672721,41.09549353,0.5841513657,0.8800678813,1,1,24.74446896,29.16561133
1.6,24.08079025,22.22222222,53.66972713,41.12118537,0.5641202401,0.85639456,1,1,24.73193057,28.87692375
1.62,24.0974505,22.22222222,53.63238917,41.14617575,0.5444586951,0.8330126144,1,1,24.71946491,28.60045885
1.64,24.11364906,22.22222222,53.59472261,41.1704736,0.5251604133,0.8099283009,1,1,24.70707203,28.33560432
1.66,24.129392,22.22222222,53.55673665,41.194088,0.5062191409,0.7871468699,1,1,24.69475195,28.08178758
1.68,24.14468546,22.22222222,53.51844032,41.21702818,0.487628696,0.7646726516,1,1,24.68250465,27.83847275
1.7,24.15953564,22.22222222,53.47984255,41.23930346,0.4693829756,0.7425091351,1,1,24.67033004,27.6051578
1.72,24.17394882,22.22222222,53.44095215,41.26092323,0.4514759614,0.7206590424,1,1,24.65822801,27.38137209
1.74,24.18793131,22.22222222,53.40177779,41.28189696,0.4339017244,0.6991243959,1,1,24.64619839,27.16667396
1.76,24.20148944,22.22222222,53.36232803,41.30223416,0.4166544283,0.6779065822,1,1,24.634241,26.96064867
1.78,24.21462957,22.22222222,53.32261129,41.32194435,0.3997283332,0.6570064099,1,1,24.62235561,26.76290641
1.8,24.22735805,22.22222222,53.28263585,41.34103707,0.383117797,0.6364241637,1,1,24.61054198,26.57308055
1.82,24.23968124,22.22222222,53.24240991,41.35952186,0.3668172773,0.6161596544,1,1,24.59879983,26.39082596
1.84,24.25160549,22.22222222,53.20194148,41.37740823,0.3508213321,0.5962122642,1,1,24.58712887,26.21581757
1.86,24.26313711,22.22222222,53.1612385,41.39470566,0.3351246207,0.5765809896,1,1,24.57552879,26.04774891
1.88,24.2742824,22.22222222,53.12030875,41.4114236,0.3197219034,0.5572644801,1,1,24.56399925,25.88633091
1.9,24.28504762,22.22222222,53.07915989,41.42757143,0.3046080411,0.538261074,1,1,24.55253992,25.73129067
1.92,24.295439,22.22222222,53.03779947,41.44315849,0.2897779948,0.5195688314,1,1,24.54115042,25.58237043
1.94,24.30546271,22.22222222,52.9962349,41.45819406,0.2752268248,0.5011855644,1,1,24.52983039,25.43932651
1.96,24.31512488,22.22222222,52.95447347,41.47268733,0.2609496891,0.4831088653,1,1,24.51857945,25.30192848
1.98,24.32443161,22.22222222,52.91252235,41.48664741,0.2469418426,0.4653361312,1,1,24.50739721,25.1699582
2,24.3333889,22.22222222,52.87038859,41.50008335,0.233198635,0.4478645881,1,1,24.49628327,25.04320913
2.02,24.34200272,22.22222222,52.82807912,41.51300409,0.2197155098,0.4306913118,1,1,24.48523723,24.92148553
2.04,24.35027899,22.22222222,52.78560074,41.52541848,0.2064880018,0.4138132477,1,1,24.47425867,24.80460181
2.06,24.35822353,22.22222222,52.74296016,41.5373353,0.1935117358,0.397227228,1,1,24.46334719,24.69238191
2.08,24.36584213,22.22222222,52.70016395,41.5487632,0.1807824248,0.3809299886,1,1,24.45250237,24.58465871
2.1,24.3731405,22.22222222,52.65721857,41.55971075,0.1682958674,0.3649181835,1,1,24.44172379,24.48127349
2.12,24.38012427,22.22222222,52.61413037,41.5701864,0.1560479465,0.3491883982,1,1,24.43101102,24.38207541
2.14,24.38679901,22.22222222,52.57090558,41.58019851,0.1440346269,0.3337371621,1,1,24.42036363,24.28692107
2.16,24.39317023,22.22222222,52.52755033,41.58975534,0.1322519535,0.3185609593,1,1,24.40978122,24.19567405
2.18,24.39924335,22.22222222,52.48407064,41.59886503,0.1206960493,0.3036562388,1,1,24.39926334,24.10820451
2.2,24.40502374,22.22222222,52.44047241,41.60753561,0.1093631132,0.2890194237,1,1,24.38880958,24.02438882
2.22,24.41051668,22.22222222,52.39676145,41.61577502,0.09824941851,0.2746469188,1,1,24.37841951,23.9441092
2.24,24.41572738,22.22222222,52.35294346,41.62359107,0.08735131048,0.2605351188,1,1,24.3680927,23.86725338
2.26,24.42066099,22.22222222,52.30902402,41.63099149,0.07666520481,0.2466804141,1,1,24.35782873,23.79371433
2.28,24.42532257,22.22222222,52.26500862,41.63798386,0.06618758563,0.2330791974,1,1,24.34762717,23.72338989
2.3,24.42971713,22.22222222,52.22090267,41.6445757,0.05591500374,0.2197278684,1,1,24.33748762,23.6561826
2.32,24.43384959,22.22222222,52.17671145,41.65077438,0.04584407479,0.2066228393,1,1,24.32740964,23.59199938
2.34,24.4377248,22.22222222,52.13244015,41.6565872,0.0359714776,0.1937605381,1,1,24.31739281,23.5307513
2.36,24.44134755,22.22222222,52.08809387,41.66202132,0.02629395247,0.1811374133,1,1,24.30743673,23.4723534
2.38,24.44472255,22.22222222,52.04367761,41.66708382,0.01680829956,0.1687499364,1,1,24.29754098,23.41672442
2.4,24.44785444,22.22222222,51.99919629,41.67178166,0.007511377309,0.1565946055,1,1,24.28770515,23.36378666
2.42,24.4507478,22.22222222,51.95465471,41.6761217,-0.001599899114,0.1446679472,1,1,24.27792883,23.31346577
2.44,24.45340713,22.22222222,51.91005761,41.68011069,-0.01052855926,0.1329665195,1,1,24.26821161,23.26569056
2.46,24.45583687,22.22222222,51.86540961,41.6837553,-0.01927757885,0.1214869132,1,1,24.25855308,23.2203929
2.48,24.45804138,22.22222222,51.82071527,41.68706207,-0.02784988115,0.1102257538,1,1,24.24895286,23.17750748
2.5,24.46002498,22.22222222,51.77597905,41.69003746,-0.03624833831,0.09917970304,1,1,24.23941054,23.13697174
2.52,24.46179188,22.22222222,51.73120533,41.69268783,-0.04447577267,0.08834545973,1,1,24.22992572,23.09872571
2.54,24.46334628,22.22222222,51.68639839,41.69501942,-0.05253495794,0.07771976114,1,1,24.22049802,23.06271187
2.56,24.46469227,22.22222222,51.64156245,41.6970384,-0.06042862051,0.06729938361,1,1,24.21112703,23.02887504
2.58,24.46583389,22.22222222,51.59670163,41.69875084,-0.06815944048,0.05708114328,1,1,24.20181238,22.99716229
2.6,24.46677513,22.22222222,51.55181999,41.70016269,-0.07573005288,0.04706189658,1,1,24.19255368,22.96752278
2.62,24.4675199,22.22222222,51.50692148,41.70127985,-0.08314304867,0.03723854062,1,1,24.18335055,22.93990771
2.64,24.46807206,22.22222222,51.46201001,41.70210809,-0.09040097582,0.02760801348,1,1,24.17420261,22.91427021
2.66,24.46843541,22.22222222,51.41708938,41.70265311,-0.09750634027,0.01816729434,1,1,24.16510948,22.89056523
2.68,24.46861367,22.22222222,51.37216333,41.70292051,-0.1044616069,0.008913403568,1,1,24.15607079,22.86874948
2.7,24.46861054,22.22222222,51.32723553,41.70291581,-0.1112692005,-0.0001565972708,1,1,24.14708617,22.84878135
2.72,24.46842963,22.22222222,51.28230958,41.70264444,-0.1179315067,-0.009045605533,1,1,24.13815525,22.83062081
2.74,24.4680745,22.22222222,51.23738898,41.70211175,-0.1244508724,-0.01775647762,1,1,24.12927767,22.81422937
2.76,24.46754866,22.22222222,51.19247719,41.70132299,-0.1308296075,-0.02629202921,1,1,24.12045306,22.79956997
2.78,24.46685556,22.22222222,51.14757759,41.70028334,-0.1370699846,-0.03465503547,1,1,24.11168107,22.78660696
2.8,24.46599859,22.22222222,51.1026935,41.69899789,-0.1431742407,-0.0428482314,1,1,24.10296134,22.77530602
2.82,24.46498111,22.22222222,51.05782814,41.69747166,-0.1491445774,-0.05087431215,1,1,24.09429352,22.7656341
2.84,24.46380639,22.22222222,51.01298471,41.69570958,-0.1549831617,-0.05873593337,1,1,24.08567725,22.75755935
2.86,24.46247767,22.22222222,50.96816632,41.69371651,-0.160692127,-0.06643571163,1,1,24.07711218,22.75105112
2.88,24.46099815,22.22222222,50.923376,41.69149723,-0.1662735733,-0.07397622486,1,1,24.06859798,22.74607984
2.9,24.45937095,22.22222222,50.87861676,41.68905642,-0.1717295682,-0.08136001274,1,1,24.06013429,22.74261703
2.92,24.45759916,22.22222222,50.8338915,41.68639874,-0.1770621473,-0.08858957717,1,1,24.05172077,22.74063523
2.94,24.45568581,22.22222222,50.7892031,41.68352872,-0.1822733151,-0.09566738278,1,1,24.0433571,22.74010795
2.96,24.45363389,22.22222222,50.74455434,41.68045084,-0.1873650451,-0.1025958574,1,1,24.03504292,22.74100965
2.98,24.45144635,22.22222222,50.69994798,41.67716952,-0.192339281,-0.1093773924,1,1,24.02677792,22.74331569
3,24.44912606,22.22222222,50.65538671,41.67368909,-0.1971979366,-0.1160143435,1,1,24.01856175,22.74700231
3.02,24.44667588,22.22222222,50.61087313,41.67001382,-0.2019428967,-0.1225090309,1,1,24.01039408,22.75204655
3.04,24.4440986,22.22222222,50.56640983,41.6661479,-0.2065760178,-0.1288637402,1,1,24.00227461,22.75842628
3.06,24.44139699,22.22222222,50.52199932,41.66209548,-0.211099128,-0.1350807224,1,1,23.99420299,22.76612013
3.08,24.43857374,22.22222222,50.47764406,41.65786062,-0.215514028,-0.1411621948,1,1,23.98617891,22.77510744
3.1,24.43563154,22.22222222,50.43334645,41.65344731,-0.2198224914,-0.1471103415,1,1,23.97820205,22.78536829
3.12,24.43257299,22.22222222,50.38910885,41.64885949,-0.2240262651,-0.1529273135,1,1,23.97027209,22.79688344
3.14,24.42940069,22.22222222,50.34493355,41.64410103,-0.2281270699,-0.1586152296,1,1,23.96238873,22.80963427
3.16,24.42611716,22.22222222,50.30082282,41.63917575,-0.2321266008,-0.1641761768,1,1,23.95455164,22.82360283
3.18,24.42272492,22.22222222,50.25677884,41.63408738,-0.2360265274,-0.1696122107,1,1,23.94676052,22.83877175
3.2,24.41922641,22.22222222,50.21280377,41.62883962,-0.2398284946,-0.1749253561,1,1,23.93901505,22.85512426
3.22,24.41562406,22.22222222,50.16889971,41.62343609,-0.2435341224,-0.1801176072,1,1,23.93131495,22.87264415
3.24,24.41192024,22.22222222,50.12506872,41.61788036,-0.2471450069,-0.1851909284,1,1,23.92365989,22.89131573
3.26,24.4081173,22.22222222,50.08131278,41.61217594,-0.2506627206,-0.1901472547,1,1,23.91604959,22.91112386
3.28,24.40421753,22.22222222,50.03763388,41.60632629,-0.2540888122,-0.1949884919,1,1,23.90848374,22.93205388
3.3,24.4002232,22.22222222,49.99403392,41.60033479,-0.2574248078,-0.1997165176,1,1,23.90096205,22.95409162
3.32,24.39613653,22.22222222,49.95051477,41.5942048,-0.2606722107,-0.2043331808,1,1,23.89348422,22.9772234
3.34,24.39195973,22.22222222,49.90707825,41.58793959,-0.2638325017,-0.2088403032,1,1,23.88604995,23.00143595
3.36,24.38769493,22.22222222,49.86372615,41.5815424,-0.2669071398,-0.2132396791,1,1,23.87865897,23.02671647
3.38,24.38334427,22.22222222,49.8204602,41.57501641,-0.2698975625,-0.2175330759,1,1,23.87131098,23.05305256
3.4,24.37890983,22.22222222,49.7772821,41.56836474,-0.2728051857,-0.2217222348,1,1,23.86400569,23.08043223
3.42,24.37439365,22.22222222,49.73419351,41.56159047,-0.2756314045,-0.2258088709,1,1,23.85674283,23.10884388
3.44,24.36979776,22.22222222,49.69119604,41.55469663,-0.2783775932,-0.2297946736,1,1,23.8495221,23.13827628
3.46,24.36512413,22.22222222,49.64829127,41.54768619,-0.2810451059,-0.2336813072,1,1,23.84234324,23.16871859
3.48,24.36037472,22.22222222,49.60548072,41.54056208,-0.2836352765,-0.2374704111,1,1,23.83520595,23.2001603
3.5,24.35555145,22.22222222,49.56276591,41.53332717,-0.286149419,-0.2411636003,1,1,23.82810997,23.23259123
3.52,24.3506562,22.22222222,49.52014827,41.5259843,-0.2885888282,-0.2447624658,1,1,23.82105502,23.26600157
3.54,24.34569083,22.22222222,49.47762925,41.51853624,-0.2909547796,-0.2482685748,1,1,23.81404082,23.30038179
3.56,24.34065716,22.22222222,49.43521021,41.51098574,-0.2932485296,-0.2516834712,1,1,23.80706712,23.33572268
3.58,24.33555699,22.22222222,49.39289251,41.50333548,-0.2954713161,-0.2550086758,1,1,23.80013363,23.37201534
3.6,24.33039207,22.22222222,49.35067747,41.49558811,-0.2976243587,-0.2582456871,1,1,23.79324009,23.40925114
3.62,24.32516415,22.22222222,49.30856635,41.48774623,-0.2997088588,-0.2613959808,1,1,23.78638625,23.44742175
3.64,24.31987493,22.22222222,49.2665604,41.4798124,-0.3017259998,-0.264461011,1,1,23.77957182,23.48651908
3.66,24.31452609,22.22222222,49.22466084,41.47178913,-0.3036769477,-0.2674422101,1,1,23.77279656,23.52653534
3.68,24.30911927,22.22222222,49.18286883,41.4636789,-0.3055628512,-0.2703409891,1,1,23.76606021,23.56746296
3.7,24.30365609,22.22222222,49.14118552,41.45548414,-0.3073848417,-0.2731587381,1,1,23.7593625,23.60929463
3.72,24.29813816,22.22222222,49.09961202,41.44720724,-0.3091440339,-0.2758968264,1,1,23.75270318,23.65202328
3.74,24.29256702,22.22222222,49.05814942,41.43885054,-0.3108415258,-0.278556603,1,1,23.746082,23.69564207
3.76,24.28694424,22.22222222,49.01679875,41.43041636,-0.312478399,-0.2811393968,1,1,23.7394987,23.74014439
3.78,24.28127131,22.22222222,48.97556104,41.42190696,-0.3140557192,-0.283646517,1,1,23.73295304,23.78552382
3.8,24.27554972,22.22222222,48.93443727,41.41332458,-0.3155745358,-0.2860792532,1,1,23.72644476,23.83177417
3.82,24.26978094,22.22222222,48.89342841,41.40467142,-0.3170358828,-0.2884388758,1,1,23.71997362,23.87888947
3.84,24.26396641,22.22222222,48.85253538,41.39594962,-0.3184407787,-0.2907266363,1,1,23.71353937,23.92686392
3.86,24.25810754,22.22222222,48.81175908,41.3871613,-0.3197902265,-0.2929437677,1,1,23.70714178,23.97569193
3.88,24.25220571,22.22222222,48.7711004,41.37830856,-0.3210852146,-0.2950914844,1,1,23.70078059,24.02536808
3.9,24.24626229,22.22222222,48.73056016,41.36939343,-0.3223267161,-0.2971709828,1,1,23.69445557,24.07588714
3.92,24.24027862,22.22222222,48.6901392,41.36041793,-0.3235156899,-0.2991834415,1,1,23.68816648,24.12724407
3.94,24.23425602,22.22222222,48.64983829,41.35138403,-0.3246530802,-0.3011300214,1,1,23.68191308,24.17943397
3.96,24.22819578,22.22222222,48.60965822,41.34229367,-0.3257398172,-0.3030118661,1,1,23.67569513,24.23245213
3.98,24.22209918,22.22222222,48.56959972,41.33314877,-0.3267768169,-0.3048301022,1,1,23.66951241,24.286294
4,24.21596746,22.22222222,48.52966349,41.32395119,-0.3277649818,-0.3065858393,1,1,23.66336468,24.34095517
4.02,24.20980186,22.22222222,48.48985024,41.31470279,-0.3287052003,-0.3082801707,1,1,23.65725171,24.39643141
4.04,24.20360357,22.22222222,48.45016063,41.30540536,-0.3295983479,-0.3099141731,1,1,23.65117328,24.4527186
4.06,24.1973738,22.22222222,48.41059531,41.29606069,-0.3304452866,-0.3114889071,1,1,23.64512914,24.50981279
4.08,24.19111369,22.22222222,48.37115487,41.28667053,-0.3312468653,-0.3130054175,1,1,23.63911909,24.56771016
4.1,24.18482439,22.22222222,48.33183994,41.27723659,-0.3320039202,-0.3144647333,1,1,23.63314289,24.62640705
4.12,24.17850704,22.22222222,48.29265107,41.26776055,-0.3327172748,-0.3158678682,1,1,23.62720033,24.68589989
4.14,24.17216272,22.22222222,48.25358882,41.25824408,-0.33338774,-0.3172158208,1,1,23.62129117,24.74618527
4.16,24.16579253,22.22222222,48.21465371,41.24868879,-0.3340161144,-0.3185095743,1,1,23.61541521,24.8072599
4.18,24.15939753,22.22222222,48.17584625,41.23909629,-0.3346031845,-0.3197500975,1,1,23.60957221,24.8691206
4.2,24.15297876,22.22222222,48.13716693,41.22946814,-0.3351497248,-0.3209383445,1,1,23.60376198,24.93176432
4.22,24.14653725,22.22222222,48.09861622,41.21980588,-0.335656498,-0.3220752549,1,1,23.59798429,24.99518812
4.24,24.14007402,22.22222222,48.06019455,41.21011103,-0.3361242551,-0.3231617543,1,1,23.59223893,25.05938917
4.26,24.13359004,22.22222222,48.02190235,41.20038507,-0.3365537358,-0.3241987544,1,1,23.58652568,25.12436477
4.28,24.1270863,22.22222222,47.98374003,41.19062945,-0.3369456681,-0.3251871529,1,1,23.58084434,25.19011229
4.3,24.12056374,22.22222222,47.94570798,41.18084562,-0.3373007693,-0.3261278341,1,1,23.57519469,25.25662923
4.32,24.11402331,22.22222222,47.90780655,41.17103497,-0.3376197454,-0.3270216689,1,1,23.56957654,25.3239132
4.34,24.10746592,22.22222222,47.8700361,41.16119888,-0.3379032916,-0.3278695151,1,1,23.56398967,25.39196187
4.36,24.10089248,22.22222222,47.83239696,41.15133871,-0.3381520925,-0.3286722172,1,1,23.55843387,25.46077305
4.38,24.09430386,22.22222222,47.79488945,41.1414558,-0.338366822,-0.3294306072,1,1,23.55290895,25.53034461
4.4,24.08770095,22.22222222,47.75751384,41.13155143,-0.3385481439,-0.3301455044,1,1,23.5474147,25.60067452
4.42,24.0810846,22.22222222,47.72027043,41.1216269,-0.3386967114,-0.3308177156,1,1,23.54195093,25.67176086
4.44,24.07445564,22.22222222,47.68315947,41.11168346,-0.3388131679,-0.3314480352,1,1,23.53651743,25.74360178
4.46,24.06781489,22.22222222,47.64618121,41.10172234,-0.3388981466,-0.3320372458,1,1,23.531114,25.81619549
4.48,24.06116317,22.22222222,47.60933588,41.09174476,-0.338952271,-0.3325861179,1,1,23.52574045,25.88954033
4.5,24.05450126,22.22222222,47.57262368,41.0817519,-0.338976155,-0.3330954101,1,1,23.52039658,25.96363469
4.52,24.04782995,22.22222222,47.53604481,41.07174492,-0.3389704029,-0.3335658697,1,1,23.5150822,26.03847704
4.54,24.04114998,22.22222222,47.49959945,41.06172497,-0.3389356094,-0.3339982324,1,1,23.50979712,26.11406595
4.56,24.03446212,22.22222222,47.46328778,41.05169318,-0.3388723603,-0.3343932226,1,1,23.50454114,26.19040002
4.58,24.02776709,22.22222222,47.42710993,41.04165063,-0.3387812319,-0.3347515536,1,1,23.49931408,26.26747797
4.6,24.02106561,22.22222222,47.39106605,41.03159841,-0.3386627918,-0.3350739278,1,1,23.49411575,26.34529856
4.62,24.01435839,22.22222222,47.35515625,41.02153758,-0.3385175986,-0.335361037,1,1,23.48894596,26.42386064
4.64,24.00764612,22.22222222,47.31938065,41.01146917,-0.338346202,-0.3356135619,1,1,23.48380452,26.50316311
4.66,24.00092947,22.22222222,47.28373934,41.00139421,-0.3381491432,-0.3358321731,1,1,23.47869125,26.58320494
4.68,23.99420912,22.22222222,47.2482324,40.99131368,-0.337926955,-0.3360175307,1,1,23.47360597,26.66398517
4.7,23.98748572,22.22222222,47.21285989,40.98122857,-0.3376801617,-0.3361702847,1,1,23.46854849,26.74550291
4.72,23.98075989,22.22222222,47.17762188,40.97113984,-0.3374092793,-0.3362910748,1,1,23.46351863,26.82775731
4.74,23.97403228,22.22222222,47.1425184,40.96104843,-0.3371148156,-0.3363805312,1,1,23.45851622,26.9107476
4.76,23.9673035,22.22222222,47.10754949,40.95095525,-0.3367972707,-0.3364392739,1,1,23.45354107,26.99447306
4.78,23.96057414,22.22222222,47.07271516,40.94086121,-0.3364571364,-0.3364679137,1,1,23.44859301,27.07893303
4.8,23.9538448,22.22222222,47.03801541,40.9307672,-0.3360948968,-0.3364670515,1,1,23.44367187,27.1641269
4.82,23.94711605,22.22222222,47.00345025,40.92067408,-0.3357110285,-0.3364372791,1,1,23.43877746,27.25005413
4.84,23.94038847,22.22222222,46.96901965,40.9105827,-0.3353060004,-0.3363791791,1,1,23.43390961,27.3367142
4.86,23.9336626,22.22222222,46.93472358,40.9004939,-0.3348802737,-0.3362933248,1,1,23.42906816,27.42410668
4.88,23.926939,22.22222222,46.90056201,40.8904085,-0.3344343027,-0.3361802807,1,1,23.42425293,27.51223118
4.9,23.92021819,22.22222222,46.86653488,40.88032728,-0.333968534,-0.3360406024,1,1,23.41946374,27.60108734
4.92,23.91350069,22.22222222,46.83264214,40.87025103,-0.3334834073,-0.335874837,1,1,23.41470044,27.69067488
4.94,23.90678702,22.22222222,46.79888371,40.86018053,-0.3329793552,-0.3356835226,1,1,23.40996286,27.78099354
4.96,23.90007767,22.22222222,46.76525951,40.85011651,-0.3324568034,-0.3354671892,1,1,23.40525082,27.87204312
4.98,23.89337315,22.22222222,46.73176944,40.84005972,-0.3319161706,-0.3352263583,1,1,23.40056417,27.96382346
5,23.88667392,22.22222222,46.69841342,40.83001087,-0.3313578688,-0.3349615433,1,1,23.39590273,28.05633446
5.02,23.87998045,22.22222222,46.66519132,40.81997068,-0.3307823035,-0.3346732494,1,1,23.39126635,28.14957603
5.04,23.87329321,22.22222222,46.63210302,40.80993982,-0.3301898734,-0.3343619737,1,1,23.38665486,28.24354817
5.06,23.86661265,22.22222222,46.59914841,40.79991897,-0.329580971,-0.3340282057,1,1,23.38206811,28.33825087
5.08,23.8599392,22.22222222,46.56632734,40.7899088,-0.3289559822,-0.3336724269,1,1,23.37750593,28.4336842
5.1,23.8532733,22.22222222,46.53363965,40.77990995,-0.3283152867,-0.3332951113,1,1,23.37296816,28.52984825
5.12,23.84661536,22.22222222,46.50108521,40.76992304,-0.3276592582,-0.3328967254,1,1,23.36845466,28.62674316
5.14,23.83996581,22.22222222,46.46866385,40.75994871,-0.3269882639,-0.332477728,1,1,23.36396525,28.72436909
5.16,23.83332504,22.22222222,46.43637538,40.74998755,-0.3263026654,-0.3320385709,1,1,23.35949979,28.82272625
5.18,23.82669344,22.22222222,46.40421964,40.74004016,-0.3256028182,-0.3315796984,1,1,23.35505812,28.9218149
5.2,23.82007141,22.22222222,46.37219644,40.73010712,-0.3248890718,-0.331101548,1,1,23.35064009,29.0216353
5.22,23.81345932,22.22222222,46.34030557,40.72018898,-0.3241617704,-0.3306045499,1,1,23.34624554,29.12218778
5.24,23.80685754,22.22222222,46.30854685,40.71028631,-0.323421252,-0.3300891275,1,1,23.34187433,29.22347267
5.26,23.80026642,22.22222222,46.27692005,40.70039964,-0.3226678495,-0.3295556975,1,1,23.33752631,29.32549038
5.28,23.79368633,22.22222222,46.24542497,40.6905295,-0.3219018899,-0.3290046697,1,1,23.33320132,29.4282413
5.3,23.7871176,22.22222222,46.21406138,40.6806764,-0.321123695,-0.3284364473,1,1,23.32889922,29.53172588
5.32,23.78056057,22.22222222,46.18282904,40.67084086,-0.3203335812,-0.3278514271,1,1,23.32461986,29.6359446
5.34,23.77401557,22.22222222,46.15172772,40.66102336,-0.3195318597,-0.3272499994,1,1,23.32036309,29.74089797
5.36,23.76748292,22.22222222,46.12075718,40.65122438,-0.3187188364,-0.3266325482,1,1,23.31612878,29.84658652
5.38,23.76096293,22.22222222,46.08991717,40.6414444,-0.3178948122,-0.3259994513,1,1,23.31191678,29.95301082
5.4,23.75445591,22.22222222,46.05920742,40.63168387,-0.3170600828,-0.3253510802,1,1,23.30772693,30.06017146
5.42,23.74796216,22.22222222,46.02862769,40.62194323,-0.3162149392,-0.3246878004,1,1,23.30355911,30.16806907
5.44,23.74148196,22.22222222,45.99817769,40.61222293,-0.3153596672,-0.3240099715,1,1,23.29941317,30.27670428
5.46,23.7350156,22.22222222,45.96785716,40.6025234,-0.314494548,-0.3233179471,1,1,23.29528898,30.38607778
5.48,23.72856336,22.22222222,45.93766581,40.59284503,-0.313619858,-0.3226120752,1,1,23.29118638,30.49619027
5.5,23.7221255,22.22222222,45.90760337,40.58318825,-0.3127358688,-0.3218926978,1,1,23.28710525,30.60704247
5.52,23.7157023,22.22222222,45.87766954,40.57355345,-0.3118428477,-0.3211601515,1,1,23.28304544,30.71863513
5.54,23.709294,22.22222222,45.84786402,40.56394101,-0.310941057,-0.3204147672,1,1,23.27900682,30.83096902
5.56,23.70290087,22.22222222,45.81818651,40.5543513,-0.310030755,-0.3196568704,1,1,23.27498927,30.94404495
5.58,23.69652313,22.22222222,45.78863672,40.5447847,-0.3091121953,-0.3188867812,1,1,23.27099263,31.05786374
5.6,23.69016103,22.22222222,45.75921432,40.53524155,-0.3081856271,-0.3181048143,1,1,23.26701678,31.17242623
5.62,23.68381481,22.22222222,45.72991901,40.52572221,-0.3072512957,-0.3173112793,1,1,23.26306158,31.28773328
5.64,23.67748468,22.22222222,45.70075046,40.51622702,-0.3063094417,-0.3165064806,1,1,23.25912691,31.40378579
5.66,23.67117086,22.22222222,45.67170835,40.5067563,-0.3053603019,-0.3156907175,1,1,23.25521263,31.52058466
5.68,23.66487358,22.22222222,45.64279235,40.49731037,-0.3044041088,-0.3148642843,1,1,23.25131862,31.63813082
5.7,23.65859303,22.22222222,45.61400212,40.48788954,-0.3034410911,-0.3140274702,1,1,23.24744474,31.75642522
5.72,23.65232942,22.22222222,45.58533734,40.47849413,-0.3024714733,-0.3131805599,1,1,23.24359087,31.87546883
5.74,23.64608294,22.22222222,45.55679767,40.46912441,-0.301495476,-0.312323833,1,1,23.23975687,31.99526263
5.76,23.63985379,22.22222222,45.52838274,40.45978069,-0.3005133161,-0.3114575644,1,1,23.23594263,32.11580764
5.78,23.63364215,22.22222222,45.50009223,40.45046322,-0.2995252067,-0.3105820246,1,1,23.23214802,32.23710488
5.8,23.6274482,22.22222222,45.47192577,40.4411723,-0.2985313569,-0.3096974791,1,1,23.22837292,32.35915538
5.82,23.62127212,22.22222222,45.44388301,40.43190817,-0.2975319724,-0.3088041893,1,1,23.22461719,32.48196022
5.84,23.61511407,22.22222222,45.41596359,40.4226711,-0.2965272551,-0.307902412,1,1,23.22088072,32.60552047
5.86,23.60897422,22.22222222,45.38816715,40.41346133,-0.2955174035,-0.3069923994,1,1,23.21716339,32.72983722
5.88,23.60285273,22.22222222,45.36049333,40.4042791,-0.2945026124,-0.3060743998,1,1,23.21346507,32.85491158
5.9,23.59674976,22.22222222,45.33294175,40.39512464,-0.2934830732,-0.3051486568,1,1,23.20978564,32.98074468
5.92,23.59066545,22.22222222,45.30551204,40.38599818,-0.2924589739,-0.3042154101,1,1,23.206125,33.10733766
5.94,23.58459995,22.22222222,45.27820383,40.37689993,-0.2914304991,-0.3032748952,1,1,23.202483,33.23469168
5.96,23.57855341,22.22222222,45.25101674,40.36783011,-0.2903978301,-0.3023273435,1,1,23.19885955,33.36280791
5.98,23.57252595,22.22222222,45.22395039,40.35878892,-0.289361145,-0.3013729824,1,1,23.19525452,33.49168752
6,23.56651771,22.22222222,45.1970044,40.34977656,-0.2883206185,-0.3004120354,1,1,23.19166779,33.62133174
6.02,23.56052881,22.22222222,45.17017838,40.34079322,-0.2872764224,-0.2994447221,1,1,23.18809925,33.75174175
6.04,23.55455939,22.22222222,45.14347194,40.33183908,-0.2862287251,-0.2984712581,1,1,23.18454879,33.8829188
6.06,23.54860955,22.22222222,45.1168847,40.32291432,-0.2851776921,-0.2974918555,1,1,23.1810163,34.01486413
6.08,23.54267941,22.22222222,45.09041625,40.31401912,-0.2841234859,-0.2965067224,1,1,23.17750165,34.14757897
6.1,23.53676909,22.22222222,45.06406621,40.30515364,-0.2830662659,-0.2955160635,1,1,23.17400474,34.2810646
6.12,23.53087869,22.22222222,45.03783418,40.29631804,-0.2820061886,-0.2945200797,1,1,23.17052545,34.4153223
6.14,23.52500831,22.22222222,45.01171975,40.28751247,-0.2809434076,-0.2935189684,1,1,23.16706368,34.55035335
6.16,23.51915805,22.22222222,44.98572253,40.27873708,-0.2798780738,-0.2925129235,1,1,23.16361931,34.68615905
6.18,23.51332801,22.22222222,44.95984212,40.26999202,-0.2788103351,-0.2915021355,1,1,23.16019224,34.82274071
6.2,23.50751828,22.22222222,44.9340781,40.26127741,-0.2777403367,-0.2904867915,1,1,23.15678236,34.96009965
6.22,23.50172893,22.22222222,44.90843007,40.2525934,-0.2766682211,-0.2894670751,1,1,23.15338956,35.09823721
6.24,23.49596007,22.22222222,44.88289763,40.24394011,-0.2755941282,-0.2884431668,1,1,23.15001373,35.23715472
6.26,23.49021177,22.22222222,44.85748035,40.23531765,-0.2745181951,-0.2874152437,1,1,23.14665476,35.37685353
6.28,23.4844841,22.22222222,44.83217784,40.22672614,-0.2734405564,-0.2863834798,1,1,23.14331256,35.51733501
6.3,23.47877714,22.22222222,44.80698967,40.2181657,-0.2723613441,-0.2853480459,1,1,23.13998702,35.65860052
6.32,23.47309095,22.22222222,44.78191543,40.20963643,-0.2712806879,-0.2843091098,1,1,23.13667802,35.80065145
6.34,23.46742562,22.22222222,44.75695471,40.20113842,-0.2701987146,-0.283266836,1,1,23.13338548,35.94348918
6.36,23.46178119,22.22222222,44.73210709,40.19267178,-0.2691155489,-0.2822213863,1,1,23.13010928,36.0871151
6.38,23.45615773,22.22222222,44.70737214,40.1842366,-0.2680313129,-0.2811729193,1,1,23.12684933,36.23153063
6.4,23.4505553,22.22222222,44.68274946,40.17583295,-0.2669461266,-0.2801215908,1,1,23.12360552,36.37673717
6.42,23.44497395,22.22222222,44.65823861,40.16746092,-0.2658601074,-0.2790675537,1,1,23.12037776,36.52273614
6.44,23.43941373,22.22222222,44.63383918,40.15912059,-0.2647733705,-0.278010958,1,1,23.11716594,36.66952897
6.46,23.43387469,22.22222222,44.60955074,40.15081203,-0.2636860289,-0.276951951,1,1,23.11396996,36.81711709
6.48,23.42835688,22.22222222,44.58537287,40.14253531,-0.2625981932,-0.2758906772,1,1,23.11078973,36.96550194
6.5,23.42286033,22.22222222,44.56130514,40.13429049,-0.261509972,-0.2748272785,1,1,23.10762515,37.11468498
6.52,23.41738509,22.22222222,44.53734713,40.12607764,-0.2604214718,-0.273761894,1,1,23.10447612,37.26466765
6.54,23.4119312,22.22222222,44.51349841,40.1178968,-0.2593327967,-0.2726946602,1,1,23.10134254,37.41545142
6.56,23.40649868,22.22222222,44.48975856,40.10974803,-0.2582440489,-0.2716257111,1,1,23.09822433,37.56703774
6.58,23.40108758,22.22222222,44.46612714,40.10163137,-0.2571553285,-0.2705551781,1,1,23.09512138,37.7194281
6.6,23.39569792,22.22222222,44.44260373,40.09354688,-0.2560667336,-0.2694831902,1,1,23.09203359,37.87262397
6.62,23.39032972,22.22222222,44.4191879,40.08549458,-0.2549783604,-0.2684098736,1,1,23.08896089,38.02662682
6.64,23.38498301,22.22222222,44.39587921,40.07747452,-0.253890303,-0.2673353526,1,1,23.08590316,38.18143816
6.66,23.37965782,22.22222222,44.37267725,40.06948673,-0.2528026535,-0.2662597486,1,1,23.08286033,38.33705946
6.68,23.37435415,22.22222222,44.34958157,40.06153123,-0.2517155023,-0.265183181,1,1,23.07983229,38.49349224
6.7,23.36907204,22.22222222,44.32659176,40.05360806,-0.2506289379,-0.2641057667,1,1,23.07681896,38.65073798
6.72,23.36381149,22.22222222,44.30370737,40.04571723,-0.2495430468,-0.2630276204,1,1,23.07382025,38.80879819
6.74,23.35857251,22.22222222,44.28092797,40.03785876,-0.2484579138,-0.2619488545,1,1,23.07083606,38.96767438
6.76,23.35335512,22.22222222,44.25825314,40.03003268,-0.2473736219,-0.2608695793,1,1,23.06786631,39.12736807
6.78,23.34815932,22.22222222,44.23568244,40.02223898,-0.2462902524,-0.2597899027,1,1,23.06491091,39.28788077
6.8,23.34298512,22.22222222,44.21321544,40.01447768,-0.2452078848,-0.2587099306,1,1,23.06196977,39.449214
6.82,23.33783253,22.22222222,44.19085171,40.00674879,-0.2441265969,-0.257629767,1,1,23.05904281,39.61136928
6.84,23.33270154,22.22222222,44.16859081,39.9990523,-0.2430464649,-0.2565495134,1,1,23.05612992,39.77434815
6.86,23.32759215,22.22222222,44.14643232,39.99138822,-0.2419675633,-0.2554692695,1,1,23.05323104,39.93815211
6.88,23.32250437,22.22222222,44.1243758,39.98375655,-0.240889965,-0.254389133,1,1,23.05034607,40.10278272
6.9,23.31743818,22.22222222,44.10242082,39.97615727,-0.2398137412,-0.2533091996,1,1,23.04747493,40.2682415
6.92,23.31239359,22.22222222,44.08056694,39.96859039,-0.2387389618,-0.2522295629,1,1,23.04461753,40.43452998
6.94,23.30737059,22.22222222,44.05881375,39.96105588,-0.2376656949,-0.2511503148,1,1,23.0417738,40.60164971
6.96,23.30236915,22.22222222,44.03716079,39.95355373,-0.2365940071,-0.2500715452,1,1,23.03894363,40.76960223
6.98,23.29738929,22.22222222,44.01560765,39.94608393,-0.2355239636,-0.2489933422,1,1,23.03612697,40.93838907
7,23.29243097,22.22222222,43.99415389,39.93864646,-0.2344556282,-0.2479157919,1,1,23.03332371,41.10801177
7.02,23.28749419,22.22222222,43.97279909,39.93124129,-0.2333890631,-0.2468389788,1,1,23.03053378,41.27847189
7.04,23.28257893,22.22222222,43.9515428,39.9238684,-0.2323243291,-0.2457629855,1,1,23.0277571,41.44977097
7.06,23.27768518,22.22222222,43.9303846,39.91652776,-0.2312614857,-0.244687893,1,1,23.02499359,41.62191054
7.08,23.2728129,22.22222222,43.90932407,39.90921935,-0.2302005909,-0.2436137804,1,1,23.02224317,41.79489217
7.1,23.26796208,22.22222222,43.88836076,39.90194313,-0.2291417014,-0.2425407253,1,1,23.01950575,41.96871739
7.12,23.26313271,22.22222222,43.86749426,39.89469906,-0.2280848726,-0.2414688034,1,1,23.01678126,42.14338776
7.14,23.25832475,22.22222222,43.84672413,39.88748712,-0.2270301586,-0.2403980889,1,1,23.01406962,42.31890481
7.16,23.25353817,22.22222222,43.82604994,39.88030726,-0.225977612,-0.2393286545,1,1,23.01137076,42.49527011
7.18,23.24877296,22.22222222,43.80547128,39.87315944,-0.2249272846,-0.2382605711,1,1,23.00868459,42.6724852
7.2,23.24402908,22.22222222,43.7849877,39.86604363,-0.2238792264,-0.2371939081,1,1,23.00601104,42.85055163
7.22,23.23930651,22.22222222,43.76459879,39.85895976,-0.2228334865,-0.2361287336,1,1,23.00335003,43.02947094
7.24,23.23460521,22.22222222,43.74430412,39.85190781,-0.2217901128,-0.2350651138,1,1,23.00070148,43.20924468
7.26,23.22992515,22.22222222,43.72410326,39.84488772,-0.2207491518,-0.2340031138,1,1,22.99806533,43.3898744
7.28,23.22526629,22.22222222,43.70399579,39.83789943,-0.219710649,-0.2329427968,1,1,22.99544149,43.57136164
7.3,23.2206286,22.22222222,43.68398128,39.83094291,-0.2186746488,-0.231884225,1,1,22.9928299,43.75370796
7.32,23.21601206,22.22222222,43.66405932,39.82401808,-0.2176411944,-0.2308274589,1,1,22.99023047,43.93691488
7.34,23.2114166,22.22222222,43.64422948,39.81712491,-0.2166103278,-0.2297725577,1,1,22.98764314,44.12098397
7.36,23.20684221,22.22222222,43.62449133,39.81026332,-0.21558209,-0.2287195793,1,1,22.98506783,44.30591675
7.38,23.20228884,22.22222222,43.60484447,39.80343326,-0.2145565209,-0.2276685802,1,1,22.98250446,44.49171477
7.4,23.19775645,22.22222222,43.58528846,39.79663467,-0.2135336593,-0.2266196154,1,1,22.97995298,44.67837957
7.42,23.19324499,22.22222222,43.56582289,39.78986749,-0.2125135432,-0.2255727389,1,1,22.9774133,44.86591267
7.44,23.18875443,22.22222222,43.54644734,39.78313165,-0.2114962093,-0.2245280033,1,1,22.97488536,45.05431563
7.46,23.18428472,22.22222222,43.52716139,39.77642709,-0.2104816934,-0.2234854598,1,1,22.97236908,45.24358997
7.48,23.17983582,22.22222222,43.50796463,39.76975373,-0.2094700303,-0.2224451585,1,1,22.9698644,45.43373721
7.5,23.17540768,22.22222222,43.48885664,39.76311152,-0.2084612538,-0.2214071482,1,1,22.96737125,45.6247589
7.52,23.17100025,22.22222222,43.46983701,39.75650037,-0.2074553969,-0.2203714767,1,1,22.96488955,45.81665655
7.54,23.16661349,22.22222222,43.45090531,39.74992023,-0.2064524914,-0.2193381903,1,1,22.96241924,46.00943169
7.56,23.16224734,22.22222222,43.43206115,39.74337101,-0.2054525685,-0.2183073344,1,1,22.95996025,46.20308584
7.58,23.15790176,22.22222222,43.4133041,39.73685264,-0.2044556581,-0.2172789531,1,1,22.95751252,46.39762052
7.6,23.1535767,22.22222222,43.39463376,39.73036505,-0.2034617897,-0.2162530895,1,1,22.95507597,46.59303724
7.62,23.1492721,22.22222222,43.37604972,39.72390815,-0.2024709915,-0.2152297855,1,1,22.95265054,46.78933751
7.64,23.14498792,22.22222222,43.35755156,39.71748188,-0.2014832909,-0.214209082,1,1,22.95023616,46.98652285
7.66,23.1407241,22.22222222,43.33913889,39.71108615,-0.2004987148,-0.2131910187,1,1,22.94783277,47.18459475
7.68,23.13648059,22.22222222,43.32081129,39.70472088,-0.1995172888,-0.2121756344,1,1,22.9454403,47.38355473
7.7,23.13225733,22.22222222,43.30256835,39.69838599,-0.1985390381,-0.2111629667,1,1,22.94305869,47.58340428
7.72,23.12805427,22.22222222,43.28440968,39.6920814,-0.1975639867,-0.2101530524,1,1,22.94068788,47.78414489
7.74,23.12387135,22.22222222,43.26633487,39.68580702,-0.1965921581,-0.2091459272,1,1,22.93832779,47.98577807
7.76,23.11970852,22.22222222,43.24834351,39.67956277,-0.1956235751,-0.2081416257,1,1,22.93597837,48.18830528
7.78,23.11556571,22.22222222,43.23043522,39.67334857,-0.1946582593,-0.2071401816,1,1,22.93363955,48.39172803
7.8,23.11144288,22.22222222,43.21260957,39.66716432,-0.193696232,-0.2061416278,1,1,22.93131127,48.59604779
7.82,23.10733996,22.22222222,43.19486619,39.66100994,-0.1927375136,-0.2051459962,1,1,22.92899347,48.80126604
7.84,23.10325689,22.22222222,43.17720467,39.65488534,-0.1917821237,-0.2041533176,1,1,22.92668609,49.00738424
7.86,23.09919362,22.22222222,43.15962461,39.64879043,-0.1908300814,-0.2031636221,1,1,22.92438906,49.21440387
7.88,23.09515008,22.22222222,43.14212561,39.64272512,-0.1898814048,-0.2021769388,1,1,22.92210232,49.42232638
7.9,23.09112622,22.22222222,43.12470729,39.63668932,-0.1889361117,-0.2011932961,1,1,22.91982582,49.63115325
7.92,23.08712196,22.22222222,43.10736926,39.63068294,-0.1879942188,-0.2002127213,1,1,22.91755949,49.84088591
7.94,23.08313726,22.22222222,43.09011111,39.62470589,-0.1870557424,-0.1992352411,1,1,22.91530327,50.05152583
7.96,23.07917204,22.22222222,43.07293246,39.61875806,-0.1861206983,-0.1982608812,1,1,22.9130571,50.26307444
7.98,23.07522625,22.22222222,43.05583292,39.61283937,-0.1851891013,-0.1972896666,1,1,22.91082093,50.47553319
8,23.07129981,22.22222222,43.03881211,39.60694972,-0.1842609657,-0.1963216214,1,1,22.9085947,50.6889035
8.02,23.06739268,22.22222222,43.02186963,39.60108902,-0.1833363054,-0.1953567689,1,1,22.90637834,50.90318682
8.04,23.06350478,22.22222222,43.0050051,39.59525716,-0.1824151334,-0.1943951318,1,1,22.90417181,51.11838456
8.06,23.05963604,22.22222222,42.98821813,39.58945406,-0.1814974624,-0.193436732,1,1,22.90197504,51.33449814
8.08,23.05578641,22.22222222,42.97150835,39.58367961,-0.1805833042,-0.1924815904,1,1,22.89978797,51.55152898
8.1,23.05195581,22.22222222,42.95487537,39.57793372,-0.1796726702,-0.1915297275,1,1,22.89761055,51.76947849
8.12,23.04814419,22.22222222,42.93831882,39.57221629,-0.1787655714,-0.1905811629,1,1,22.89544273,51.98834807
8.14,23.04435147,22.22222222,42.92183831,39.56652721,-0.1778620179,-0.1896359156,1,1,22.89328444,52.20813912
8.16,23.04057759,22.22222222,42.90543346,39.56086639,-0.1769620195,-0.1886940038,1,1,22.89113564,52.42885302
8.18,23.03682248,22.22222222,42.8891039,39.55523373,-0.1760655855,-0.187755445,1,1,22.88899626,52.65049117
8.2,23.03308608,22.22222222,42.87284926,39.54962912,-0.1751727245,-0.1868202563,1,1,22.88686625,52.87305495
8.22,23.02936831,22.22222222,42.85666916,39.54405247,-0.1742834447,-0.1858884537,1,1,22.88474556,53.09654573
8.24,23.02566911,22.22222222,42.84056323,39.53850366,-0.1733977538,-0.184960053,1,1,22.88263414,53.32096488
8.26,23.02198841,22.22222222,42.8245311,39.53298261,-0.1725156589,-0.1840350691,1,1,22.88053192,53.54631377
8.28,23.01832614,22.22222222,42.8085724,39.52748921,-0.1716371669,-0.1831135163,1,1,22.87843886,53.77259374
8.3,23.01468223,22.22222222,42.79268676,39.52202334,-0.170762284,-0.1821954083,1,1,22.87635491,53.99980616
8.32,23.01105661,22.22222222,42.77687382,39.51658492,-0.1698910159,-0.1812807584,1,1,22.87428,54.22795237
8.34,23.00744922,22.22222222,42.7611332,39.51117383,-0.1690233679,-0.180369579,1,1,22.8722141,54.4570337
8.36,23.00385998,22.22222222,42.74546456,39.50578998,-0.168159345,-0.1794618821,1,1,22.87015714,54.68705148
8.38,23.00028883,22.22222222,42.72986751,39.50043325,-0.1672989515,-0.1785576791,1,1,22.86810908,54.91800705
8.4,22.99673569,22.22222222,42.71434171,39.49510354,-0.1664421916,-0.1776569809,1,1,22.86606986,55.14990172
8.42,22.9932005,22.22222222,42.6988868,39.48980074,-0.1655890687,-0.1767597978,1,1,22.86403943,55.38273681
8.44,22.98968317,22.22222222,42.6835024,39.48452476,-0.1647395861,-0.1758661394,1,1,22.86201775,55.61651361
8.46,22.98618365,22.22222222,42.66818818,39.47927548,-0.1638937465,-0.1749760152,1,1,22.86000476,55.85123344
8.48,22.98270186,22.22222222,42.65294377,39.4740528,-0.1630515524,-0.1740894337,1,1,22.85800042,56.08689758
8.5,22.97923774,22.22222222,42.63776882,39.4688566,-0.1622130056,-0.1732064032,1,1,22.85600466,56.32350732
8.52,22.9757912,22.22222222,42.62266297,39.4636868,-0.1613781079,-0.1723269314,1,1,22.85401746,56.56106394
8.54,22.97236218,22.22222222,42.60762588,39.45854326,-0.1605468605,-0.1714510255,1,1,22.85203875,56.79956871
8.56,22.9689506,22.22222222,42.5926572,39.4534259,-0.1597192642,-0.1705786923,1,1,22.85006848,57.0390229
8.58,22.9655564,22.22222222,42.57775657,39.44833461,-0.1588953195,-0.169709938,1,1,22.84810662,57.27942777
8.6,22.96217951,22.22222222,42.56292366,39.44326926,-0.1580750267,-0.1688447686,1,1,22.8461531,57.52078457
8.62,22.95881984,22.22222222,42.54815811,39.43822977,-0.1572583855,-0.1679831892,1,1,22.84420789,57.76309454
8.64,22.95547734,22.22222222,42.53345958,39.43321601,-0.1564453954,-0.1671252049,1,1,22.84227094,58.00635892
8.66,22.95215192,22.22222222,42.51882773,39.42822789,-0.1556360555,-0.1662708202,1,1,22.84034219,58.25057894
8.68,22.94884352,22.22222222,42.50426222,39.42326529,-0.1548303648,-0.165420039,1,1,22.83842161,58.49575583
8.7,22.94555207,22.22222222,42.48976271,39.4183281,-0.1540283216,-0.1645728651,1,1,22.83650914,58.7418908
8.72,22.94227748,22.22222222,42.47532886,39.41341622,-0.1532299243,-0.1637293016,1,1,22.83460475,58.98898507
8.74,22.93901969,22.22222222,42.46096033,39.40852954,-0.1524351706,-0.1628893514,1,1,22.83270838,59.23703983
8.76,22.93577863,22.22222222,42.4466568,39.40366795,-0.1516440583,-0.1620530169,1,1,22.83081999,59.48605627
8.78,22.93255423,22.22222222,42.43241791,39.39883134,-0.1508565845,-0.1612203002,1,1,22.82893954,59.73603559
8.8,22.9293464,22.22222222,42.41824335,39.3940196,-0.1500727464,-0.160391203,1,1,22.82706697,59.98697897
8.82,22.92615509,22.22222222,42.40413278,39.38923263,-0.1492925406,-0.1595657265,1,1,22.82520225,60.23888758
8.84,22.92298021,22.22222222,42.39008587,39.38447032,-0.1485159637,-0.1587438716,1,1,22.82334533,60.49176258
8.86,22.9198217,22.22222222,42.3761023,39.37973255,-0.1477430118,-0.157925639,1,1,22.82149617,60.74560513
8.88,22.91667948,22.22222222,42.36218173,39.37501922,-0.146973681,-0.1571110288,1,1,22.81965472,61.00041638
8.9,22.91355348,22.22222222,42.34832384,39.37033021,-0.1462079667,-0.156300041,1,1,22.81782095,61.25619748
8.92,22.91044362,22.22222222,42.33452832,39.36566543,-0.1454458646,-0.155492675,1,1,22.8159948,61.51294955
8.94,22.90734984,22.22222222,42.32079483,39.36102477,-0.1446873698,-0.1546889302,1,1,22.81417623,61.77067374
8.96,22.90427207,22.22222222,42.30712305,39.3564081,-0.1439324773,-0.1538888054,1,1,22.81236521,62.02937115
8.98,22.90121022,22.22222222,42.29351267,39.35181533,-0.1431811817,-0.1530922991,1,1,22.81056169,62.2890429
9,22.89816423,22.22222222,42.27996337,39.34724635,-0.1424334775,-0.1522994097,1,1,22.80876563,62.54969009
9.02,22.89513403,22.22222222,42.26647484,39.34270105,-0.1416893591,-0.1515101351,1,1,22.80697698,62.81131383
9.04,22.89211954,22.22222222,42.25304674,39.33817931,-0.1409488205,-0.1507244731,1,1,22.80519571,63.0739152
9.06,22.88912069,22.22222222,42.23967879,39.33368104,-0.1402118555,-0.1499424209,1,1,22.80342177,63.33749528
9.08,22.88613741,22.22222222,42.22637065,39.32920612,-0.1394784577,-0.1491639756,1,1,22.80165513,63.60205515
9.1,22.88316963,22.22222222,42.21312202,39.32475445,-0.1387486206,-0.1483891342,1,1,22.79989574,63.86759587
9.12,22.88021727,22.22222222,42.1999326,39.32032591,-0.1380223373,-0.1476178931,1,1,22.79814356,64.1341185
9.14,22.87728027,22.22222222,42.18680207,39.3159204,-0.137299601,-0.1468502486,1,1,22.79639856,64.4016241
9.16,22.87435854,22.22222222,42.17373012,39.31153782,-0.1365804044,-0.1460861968,1,1,22.79466068,64.6701137
9.18,22.87145203,22.22222222,42.16071646,39.30717805,-0.1358647402,-0.1453257334,1,1,22.79292991,64.93958835
9.2,22.86856065,22.22222222,42.14776078,39.30284098,-0.1351526009,-0.144568854,1,1,22.79120618,65.21004906
9.22,22.86568434,22.22222222,42.13486278,39.29852651,-0.1344439787,-0.1438155537,1,1,22.78948947,65.48149687
9.24,22.86282303,22.22222222,42.12202215,39.29423454,-0.1337388658,-0.1430658277,1,1,22.78777974,65.75393278
9.26,22.85997663,22.22222222,42.10923859,39.28996495,-0.1330372542,-0.1423196708,1,1,22.78607695,66.02735779
9.28,22.85714509,22.22222222,42.09651182,39.28571764,-0.1323391357,-0.1415770774,1,1,22.78438106,66.30177291
9.3,22.85432833,22.22222222,42.08384153,39.28149249,-0.1316445018,-0.1408380421,1,1,22.78269203,66.57717912
9.32,22.85152628,22.22222222,42.07122743,39.27728942,-0.1309533441,-0.1401025589,1,1,22.78100982,66.85357741
9.34,22.84873887,22.22222222,42.05866922,39.2731083,-0.1302656539,-0.1393706217,1,1,22.77933441,67.13096874
9.36,22.84596602,22.22222222,42.04616662,39.26894903,-0.1295814223,-0.1386422243,1,1,22.77766574,67.40935408
9.38,22.84320767,22.22222222,42.03371933,39.26481151,-0.1289006405,-0.1379173601,1,1,22.77600379,67.6887344
9.4,22.84046375,22.22222222,42.02132706,39.26069563,-0.1282232992,-0.1371960226,1,1,22.77434851,67.96911063
9.42,22.83773419,22.22222222,42.00898952,39.25660128,-0.1275493893,-0.1364782047,1,1,22.77269987,68.25048373
9.44,22.83501891,22.22222222,41.99670643,39.25252837,-0.1268789014,-0.1357638995,1,1,22.77105784,68.53285463
9.46,22.83231785,22.22222222,41.98447751,39.24847677,-0.1262118259,-0.1350530996,1,1,22.76942237,68.81622424
9.48,22.82963093,22.22222222,41.97230247,39.2444464,-0.1255481533,-0.1343457977,1,1,22.76779344,69.10059351
9.5,22.82695809,22.22222222,41.96018102,39.24043714,-0.1248878739,-0.1336419862,1,1,22.766171,69.38596332
9.52,22.82429926,22.22222222,41.94811289,39.23644889,-0.1242309776,-0.1329416572,1,1,22.76455502,69.6723346
9.54,22.82165436,22.22222222,41.9360978,39.23248155,-0.1235774546,-0.1322448028,1,1,22.76294547,69.95970823
9.56,22.81902334,22.22222222,41.92413547,39.228535,-0.1229272947,-0.131551415,1,1,22.76134231,70.24808511
9.58,22.81640611,22.22222222,41.91222562,39.22460916,-0.1222804878,-0.1308614853,1,1,22.75974551,70.5374661
9.6,22.81380261,22.22222222,41.90036798,39.22070391,-0.1216370235,-0.1301750055,1,1,22.75815504,70.8278521
9.62,22.81121277,22.22222222,41.88856227,39.21681915,-0.1209968914,-0.129491967,1,1,22.75657085,71.11924395
9.64,22.80863652,22.22222222,41.87680822,39.21295478,-0.1203600811,-0.1288123609,1,1,22.75499291,71.41164253
9.66,22.8060738,22.22222222,41.86510556,39.20911069,-0.1197265818,-0.1281361785,1,1,22.7534212,71.70504868
9.68,22.80352453,22.22222222,41.85345402,39.20528679,-0.1190963829,-0.1274634108,1,1,22.75185567,71.99946324
9.7,22.80098865,22.22222222,41.84185333,39.20148297,-0.1184694736,-0.1267940486,1,1,22.75029629,72.29488705
9.72,22.79846609,22.22222222,41.83030323,39.19769913,-0.1178458431,-0.1261280826,1,1,22.74874304,72.59132093
9.74,22.79595678,22.22222222,41.81880345,39.19393516,-0.1172254802,-0.1254655034,1,1,22.74719588,72.88876571
9.76,22.79346065,22.22222222,41.80735372,39.19019097,-0.1166083741,-0.1248063016,1,1,22.74565477,73.1872222
9.78,22.79097764,22.22222222,41.79595378,39.18646646,-0.1159945136,-0.1241504674,1,1,22.74411969,73.4866912
9.8,22.78850768,22.22222222,41.78460337,39.18276152,-0.1153838874,-0.1234979911,1,1,22.74259059,73.78717352
9.82,22.7860507,22.22222222,41.77330223,39.17907605,-0.1147764843,-0.1228488628,1,1,22.74106746,74.08866994
9.84,22.78360664,22.22222222,41.7620501,39.17540996,-0.1141722929,-0.1222030725,1,1,22.73955025,74.39118124
9.86,22.78117543,22.22222222,41.75084672,39.17176314,-0.1135713018,-0.1215606101,1,1,22.73803894,74.69470821
9.88,22.778757,22.22222222,41.73969184,39.1681355,-0.1129734996,-0.1209214655,1,1,22.73653349,74.99925161
9.9,22.77635129,22.22222222,41.72858521,39.16452693,-0.1123788746,-0.1202856282,1,1,22.73503388,75.30481219
9.92,22.77395823,22.22222222,41.71752656,39.16093734,-0.1117874153,-0.1196530879,1,1,22.73354007,75.61139073
9.94,22.77157775,22.22222222,41.70651564,39.15736662,-0.11119911,-0.1190238341,1,1,22.73205203,75.91898796
9.96,22.76920979,22.22222222,41.69555221,39.15381469,-0.1106139469,-0.1183978562,1,1,22.73056973,76.22760462
9.98,22.76685429,22.22222222,41.68463601,39.15028143,-0.1100319143,-0.1177751434,1,1,22.72909314,76.53724144
10,22.76451118,22.22222222,41.6737668,39.14676676,-0.1094530004,-0.1171556851,1,1,22.72762223,76.84789916
10.02,22.76218039,22.22222222,41.66294433,39.14327058,-0.1088771931,-0.1165394703,1,1,22.72615697,77.15957849
10.04,22.75986186,22.22222222,41.65216835,39.13979278,-0.1083044808,-0.1159264881,1,1,22.72469734,77.47228014
10.06,22.75755552,22.22222222,41.64143862,39.13633328,-0.1077348512,-0.1153167275,1,1,22.72324329,77.78600482
10.08,22.75526132,22.22222222,41.6307549,39.13289198,-0.1071682924,-0.1147101774,1,1,22.72179481,78.10075322
10.1,22.75297918,22.22222222,41.62011694,39.12946877,-0.1066047924,-0.1141068266,1,1,22.72035186,78.41652604
10.12,22.75070905,22.22222222,41.6095245,39.12606357,-0.106044339,-0.1135066639,1,1,22.71891441,78.73332396
10.14,22.74845085,22.22222222,41.59897735,39.12267628,-0.1054869201,-0.1129096779,1,1,22.71748244,79.05114766
10.16,22.74620454,22.22222222,41.58847524,39.11930681,-0.1049325235,-0.1123158573,1,1,22.71605591,79.36999781
10.18,22.74397003,22.22222222,41.57801794,39.11595505,-0.1043811369,-0.1117251906,1,1,22.7146348,79.68987507
10.2,22.74174728,22.22222222,41.56760521,39.11262092,-0.1038327482,-0.1111376663,1,1,22.71321908,80.01078011
10.22,22.73953622,22.22222222,41.55723682,39.10930432,-0.1032873451,-0.1105532728,1,1,22.71180872,80.33271356
10.24,22.73733678,22.22222222,41.54691253,39.10600516,-0.1027449152,-0.1099719986,1,1,22.7104037,80.65567608
10.26,22.7351489,22.22222222,41.53663212,39.10272335,-0.1022054462,-0.1093938319,1,1,22.70900398,80.97966831
10.28,22.73297252,22.22222222,41.52639535,39.09945878,-0.1016689257,-0.1088187611,1,1,22.70760954,81.30469088
10.3,22.73080759,22.22222222,41.51620199,39.09621138,-0.1011353415,-0.1082467743,1,1,22.70622034,81.63074441
10.32,22.72865403,22.22222222,41.50605182,39.09298105,-0.1006046809,-0.1076778596,1,1,22.70483638,81.95782952
10.34,22.72651179,22.22222222,41.49594461,39.08976769,-0.1000769317,-0.1071120053,1,1,22.70345761,82.28594683
10.36,22.72438081,22.22222222,41.48588013,39.08657121,-0.09955208143,-0.1065491994,1,1,22.70208401,82.61509694
10.38,22.72226102,22.22222222,41.47585815,39.08339153,-0.09903011754,-0.10598943,1,1,22.70071555,82.94528046
10.4,22.72015236,22.22222222,41.46587846,39.08022855,-0.09851102759,-0.105432685,1,1,22.69935221,83.27649797
10.42,22.71805479,22.22222222,41.45594084,39.07708218,-0.09799479909,-0.1048789524,1,1,22.69799395,83.60875007
10.44,22.71596822,22.22222222,41.44604505,39.07395233,-0.09748141954,-0.1043282201,1,1,22.69664077,83.94203734
10.46,22.71389261,22.22222222,41.43619089,39.07083892,-0.09697087641,-0.1037804761,1,1,22.69529262,84.27636036
10.48,22.7118279,22.22222222,41.42637813,39.06774185,-0.09646315718,-0.1032357081,1,1,22.69394948,84.61171969
10.5,22.70977402,22.22222222,41.41660655,39.06466103,-0.09595824932,-0.102693904,1,1,22.69261133,84.94811591
10.52,22.70773092,22.22222222,41.40687595,39.06159638,-0.09545614028,-0.1021550517,1,1,22.69127814,85.28554958
10.54,22.70569854,22.22222222,41.3971861,39.0585478,-0.09495681751,-0.1016191388,1,1,22.68994988,85.62402124
10.56,22.70367681,22.22222222,41.38753679,39.05551522,-0.09446026847,-0.1010861531,1,1,22.68862654,85.96353145
10.58,22.70166569,22.22222222,41.37792781,39.05249854,-0.09396648059,-0.1005560823,1,1,22.68730808,86.30408075
10.6,22.69966511,22.22222222,41.36835894,39.04949767,-0.09347544131,-0.1000289142,1,1,22.68599448,86.64566968
10.62,22.69767502,22.22222222,41.35882999,39.04651253,-0.09298713809,-0.09950463633,1,1,22.68468571,86.98829878
10.64,22.69569535,22.22222222,41.34934073,39.04354303,-0.09250155836,-0.09898323647,1,1,22.68338176,87.33196856
10.66,22.69372606,22.22222222,41.33989096,39.04058909,-0.09201868956,-0.09846470222,1,1,22.6820826,87.67667955
10.68,22.69176708,22.22222222,41.33048047,39.03765062,-0.09153851915,-0.09794902121,1,1,22.68078819,88.02243227
10.7,22.68981836,22.22222222,41.32110906,39.03472754,-0.09106103456,-0.09743618104,1,1,22.67949853,88.36922723
10.72,22.68787983,22.22222222,41.31177652,39.03181975,-0.09058622327,-0.09692616932,1,1,22.67821358,88.71706494
10.74,22.68595145,22.22222222,41.30248265,39.02892718,-0.09011407272,-0.09641897364,1,1,22.67693332,89.06594589
10.76,22.68403316,22.22222222,41.29322725,39.02604974,-0.08964457039,-0.09591458157,1,1,22.67565772,89.4158706
10.78,22.6821249,22.22222222,41.28401012,39.02318735,-0.08917770376,-0.09541298067,1,1,22.67438677,89.76683954
10.8,22.68022662,22.22222222,41.27483105,39.02033993,-0.08871346031,-0.09491415852,1,1,22.67312045,90.11885322
10.82,22.67833826,22.22222222,41.26568984,39.01750739,-0.08825182754,-0.09441810266,1,1,22.67185871,90.4719121
10.84,22.67645976,22.22222222,41.25658631,39.01468964,-0.08779279296,-0.09392480065,1,1,22.67060155,90.82601668
10.86,22.67459108,22.22222222,41.24752024,39.01188661,-0.08733634408,-0.09343424004,1,1,22.66934895,91.18116741
10.88,22.67273215,22.22222222,41.23849145,39.00909822,-0.08688246845,-0.09294640836,1,1,22.66810087,91.53736479
10.9,22.67088292,22.22222222,41.22949975,39.00632438,-0.0864311536,-0.09246129317,1,1,22.66685729,91.89460926
10.92,22.66904334,22.22222222,41.22054493,39.00356502,-0.08598238711,-0.091978882,1,1,22.6656182,92.2529013
10.94,22.66721336,22.22222222,41.21162681,39.00082004,-0.08553615654,-0.09149916241,1,1,22.66438357,92.61224136
10.96,22.66539292,22.22222222,41.20274519,38.99808938,-0.0850924495,-0.09102212194,1,1,22.66315338,92.97262989
10.98,22.66358196,22.22222222,41.19389988,38.99537295,-0.0846512536,-0.09054774815,1,1,22.66192761,93.33406734
11,22.66178044,22.22222222,41.1850907,38.99267067,-0.08421255647,-0.09007602858,1,1,22.66070623,93.69655416
11.02,22.6599883,22.22222222,41.17631746,38.98998246,-0.08377634576,-0.08960695081,1,1,22.65948922,94.06009079
11.04,22.65820549,22.22222222,41.16757997,38.98730824,-0.08334260913,-0.08914050241,1,1,22.65827657,94.42467768
11.06,22.65643196,22.22222222,41.15887804,38.98464794,-0.08291133429,-0.08867667095,1,1,22.65706824,94.79031524
11.08,22.65466765,22.22222222,41.15021149,38.98200148,-0.08248250893,-0.08821544401,1,1,22.65586422,95.15700392
11.1,22.65291252,22.22222222,41.14158013,38.97936877,-0.08205612081,-0.08775680921,1,1,22.65466449,95.52474414
11.12,22.6511665,22.22222222,41.13298378,38.97674975,-0.08163215767,-0.08730075414,1,1,22.65346903,95.89353632
11.14,22.64942956,22.22222222,41.12442227,38.97414433,-0.08121060729,-0.08684726642,1,1,22.65227781,96.2633809
11.16,22.64770163,22.22222222,41.1158954,38.97155244,-0.08079145749,-0.08639633369,1,1,22.65109081,96.63427828
11.18,22.64598267,22.22222222,41.107403,38.96897401,-0.08037469609,-0.08594794359,1,1,22.64990802,97.00622887
11.2,22.64427263,22.22222222,41.09894489,38.96640894,-0.07996031094,-0.08550208379,1,1,22.64872941,97.3792331
11.22,22.64257145,22.22222222,41.0905209,38.96385718,-0.07954828993,-0.08505874196,1,1,22.64755497,97.75329137
11.24,22.6408791,22.22222222,41.08213083,38.96131864,-0.07913862097,-0.0846179058,1,1,22.64638466,98.12840408
11.26,22.6391955,22.22222222,41.07377453,38.95879326,-0.078731292,-0.08417956301,1,1,22.64521848,98.50457164
11.28,22.63752063,22.22222222,41.06545182,38.95628095,-0.07832629097,-0.08374370133,1,1,22.6440564,98.88179444
11.3,22.63585442,22.22222222,41.05716251,38.95378164,-0.07792360588,-0.0833103085,1,1,22.6428984,99.2600729
11.32,22.63419684,22.22222222,41.04890644,38.95129525,-0.07752322476,-0.08287937229,1,1,22.64174446,99.63940739
11.34,22.63254782,22.22222222,41.04068344,38.94882173,-0.07712513566,-0.08245088049,1,1,22.64059456,100.0197983
11.36,22.63090732,22.22222222,41.03249333,38.94636098,-0.07672932665,-0.08202482091,1,1,22.63944869,100.4012461
11.38,22.6292753,22.22222222,41.02433595,38.94391295,-0.07633578585,-0.08160118136,1,1,22.63830682,100.783751
11.4,22.6276517,22.22222222,41.01621113,38.94147755,-0.0759445014,-0.08117994972,1,1,22.63716894,101.1673136
11.42,22.62603648,22.22222222,41.00811869,38.93905472,-0.07555546149,-0.08076111386,1,1,22.63603502,101.5519342
11.44,22.62442958,22.22222222,41.00005847,38.93664438,-0.07516865432,-0.08034466167,1,1,22.63490504,101.9376131
11.46,22.62283097,22.22222222,40.99203031,38.93424646,-0.07478406812,-0.07993058108,1,1,22.63377899,102.3243507
11.48,22.6212406,22.22222222,40.98403404,38.93186089,-0.07440169118,-0.07951886004,1,1,22.63265685,102.7121475
11.5,22.61965841,22.22222222,40.97606949,38.92948761,-0.07402151179,-0.07910948653,1,1,22.6315386,103.1010038
11.52,22.61808436,22.22222222,40.96813651,38.92712654,-0.07364351831,-0.07870244855,1,1,22.63042422,103.49092
11.54,22.6165184,22.22222222,40.96023493,38.9247776,-0.07326769911,-0.07829773414,1,1,22.62931369,103.8818964
11.56,22.6149605,22.22222222,40.95236458,38.92244074,-0.07289404259,-0.07789533133,1,1,22.62820699,104.2739334
11.58,22.61341059,22.22222222,40.94452532,38.92011589,-0.07252253721,-0.07749522823,1,1,22.62710411,104.6670315
11.6,22.61186864,22.22222222,40.93671697,38.91780296,-0.07215317144,-0.07709741295,1,1,22.62600502,105.0611909
11.62,22.61033461,22.22222222,40.92893938,38.91550191,-0.07178593381,-0.07670187363,1,1,22.62490972,105.456412
11.64,22.60880843,22.22222222,40.92119239,38.91321265,-0.07142081286,-0.07630859845,1,1,22.62381817,105.8526952
11.66,22.60729008,22.22222222,40.91347585,38.91093512,-0.07105779719,-0.0759175756,1,1,22.62273037,106.2500409
11.68,22.60577951,22.22222222,40.9057896,38.90866926,-0.07069687543,-0.07552879333,1,1,22.62164629,106.6484495
11.7,22.60427666,22.22222222,40.89813349,38.90641499,-0.07033803623,-0.07514223989,1,1,22.62056592,107.0479212
11.72,22.6027815,22.22222222,40.89050735,38.90417225,-0.06998126831,-0.0747579036,1,1,22.61948924,107.4484565
11.74,22.60129399,22.22222222,40.88291104,38.90194098,-0.0696265604,-0.07437577278,1,1,22.61841623,107.8500558
11.76,22.59981407,22.22222222,40.8753444,38.89972111,-0.06927390128,-0.07399583579,1,1,22.61734688,108.2527193
11.78,22.59834171,22.22222222,40.86780729,38.89751256,-0.06892327976,-0.07361808103,1,1,22.61628117,108.6564475
11.8,22.59687686,22.22222222,40.86029955,38.89531529,-0.06857468471,-0.07324249693,1,1,22.61521907,109.0612407
11.82,22.59541948,22.22222222,40.85282103,38.89312922,-0.06822810502,-0.07286907195,1,1,22.61416058,109.4670992
11.84,22.59396952,22.22222222,40.84537158,38.89095428,-0.06788352963,-0.07249779459,1,1,22.61310568,109.8740236
11.86,22.59252695,22.22222222,40.83795106,38.88879042,-0.06754094749,-0.0721286534,1,1,22.61205435,110.282014
11.88,22.59109172,22.22222222,40.83055932,38.88663757,-0.06720034765,-0.07176163693,1,1,22.61100657,110.6910709
11.9,22.58966378,22.22222222,40.82319621,38.88449567,-0.06686171913,-0.07139673378,1,1,22.60996233,111.1011947
11.92,22.5882431,22.22222222,40.81586159,38.88236465,-0.06652505105,-0.07103393261,1,1,22.60892161,111.5123856
11.94,22.58682964,22.22222222,40.8085553,38.88024446,-0.06619033252,-0.07067322209,1,1,22.60788439,111.9246441
11.96,22.58542335,22.22222222,40.80127722,38.87813502,-0.06585755274,-0.07031459092,1,1,22.60685066,112.3379705
11.98,22.58402419,22.22222222,40.79402719,38.87603628,-0.06552670091,-0.06995802787,1,1,22.6058204,112.7523653
12,22.58263212,22.22222222,40.78680507,38.87394817,-0.0651977663,-0.06960352171,1,1,22.6047936,113.1678287
12.02,22.58124709,22.22222222,40.77961072,38.87187064,-0.0648707382,-0.06925106128,1,1,22.60377024,113.5843611
12.04,22.57986908,22.22222222,40.772444,38.86980362,-0.06454560595,-0.06890063543,1,1,22.6027503,114.0019629
12.06,22.57849804,22.22222222,40.76530478,38.86774706,-0.06422235893,-0.06855223307,1,1,22.60173377,114.4206344
12.08,22.57713392,22.22222222,40.7581929,38.86570088,-0.06390098657,-0.06820584314,1,1,22.60072063,114.8403762
12.1,22.57577669,22.22222222,40.75110824,38.86366504,-0.06358147833,-0.06786145461,1,1,22.59971086,115.2611884
12.12,22.57442631,22.22222222,40.74405065,38.86163946,-0.06326382372,-0.06751905651,1,1,22.59870446,115.6830715
12.14,22.57308274,22.22222222,40.73702001,38.85962411,-0.06294801229,-0.06717863789,1,1,22.5977014,116.1060258
12.16,22.57174593,22.22222222,40.73001616,38.8576189,-0.06263403364,-0.06684018784,1,1,22.59670168,116.5300518
12.18,22.57041586,22.22222222,40.72303899,38.85562379,-0.06232187739,-0.0665036955,1,1,22.59570526,116.9551497
12.2,22.56909248,22.22222222,40.71608835,38.85363871,-0.06201153323,-0.06616915006,1,1,22.59471215,117.3813201
12.22,22.56777575,22.22222222,40.70916411,38.85166362,-0.06170299087,-0.06583654071,1,1,22.59372232,117.8085632
12.24,22.56646563,22.22222222,40.70226615,38.84969844,-0.06139624007,-0.06550585672,1,1,22.59273576,118.2368795
12.26,22.56516209,22.22222222,40.69539431,38.84774313,-0.06109127066,-0.06517708739,1,1,22.59175246,118.6662692
12.28,22.56386508,22.22222222,40.68854849,38.84579762,-0.06078807246,-0.06485022205,1,1,22.59077239,119.0967329
12.3,22.56257458,22.22222222,40.68172853,38.84386187,-0.06048663537,-0.06452525008,1,1,22.58979556,119.528271
12.32,22.56129053,22.22222222,40.67493433,38.8419358,-0.06018694934,-0.06420216091,1,1,22.58882193,119.9608837
12.34,22.56001292,22.22222222,40.66816574,38.84001937,-0.05988900433,-0.06388094398,1,1,22.58785149,120.3945714
12.36,22.55874168,22.22222222,40.66142263,38.83811253,-0.05959279037,-0.06356158881,1,1,22.58688424,120.8293347
12.38,22.5574768,22.22222222,40.65470489,38.8362152,-0.05929829753,-0.06324408493,1,1,22.58592016,121.2651739
12.4,22.55621823,22.22222222,40.64801239,38.83432735,-0.0590055159,-0.06292842194,1,1,22.58495923,121.7020893
12.42,22.55496594,22.22222222,40.64134499,38.83244891,-0.05871443566,-0.06261458946,1,1,22.58400144,122.1400815
12.44,22.55371989,22.22222222,40.63470258,38.83057984,-0.05842504698,-0.06230257715,1,1,22.58304677,122.5791507
12.46,22.55248004,22.22222222,40.62808502,38.82872006,-0.05813734011,-0.06199237474,1,1,22.58209521,123.0192974
12.48,22.55124636,22.22222222,40.6214922,38.82686954,-0.05785130534,-0.06168397197,1,1,22.58114675,123.460522
12.5,22.55001882,22.22222222,40.614924,38.82502822,-0.05756693298,-0.06137735864,1,1,22.58020138,123.902825
12.52,22.54879737,22.22222222,40.60838028,38.82319605,-0.05728421341,-0.06107252459,1,1,22.57925907,124.3462067
12.54,22.54758198,22.22222222,40.60186093,38.82137296,-0.05700313705,-0.06076945969,1,1,22.57831982,124.7906676
12.56,22.54637261,22.22222222,40.59536583,38.81955892,-0.05672369435,-0.06046815388,1,1,22.5773836,125.2362081
12.58,22.54516924,22.22222222,40.58889485,38.81775386,-0.05644587581,-0.06016859712,1,1,22.57645042,125.6828286
12.6,22.54397183,22.22222222,40.58244789,38.81595774,-0.05616967198,-0.05987077941,1,1,22.57552025,126.1305296
12.62,22.54278033,22.22222222,40.57602481,38.8141705,-0.05589507344,-0.05957469082,1,1,22.57459308,126.5793115
12.64,22.54159473,22.22222222,40.5696255,38.81239209,-0.05562207084,-0.05928032143,1,1,22.57366891,127.0291747
12.66,22.54041497,22.22222222,40.56324985,38.81062246,-0.05535065484,-0.05898766138,1,1,22.5727477,127.4801197
12.68,22.53924104,22.22222222,40.55689774,38.80886156,-0.05508081617,-0.05869670086,1,1,22.57182946,127.9321469
12.7,22.53807289,22.22222222,40.55056904,38.80710933,-0.05481254559,-0.05840743008,1,1,22.57091416,128.3852568
12.72,22.53691049,22.22222222,40.54426365,38.80536574,-0.05454583391,-0.05811983932,1,1,22.5700018,128.8394498
12.74,22.53575381,22.22222222,40.53798145,38.80363072,-0.05428067198,-0.05783391889,1,1,22.56909237,129.2947265
12.76,22.53460282,22.22222222,40.53172233,38.80190423,-0.05401705069,-0.05754965914,1,1,22.56818584,129.7510872
12.78,22.53345748,22.22222222,40.52548617,38.80018622,-0.053754961,-0.05726705046,1,1,22.56728221,130.2085324
12.8,22.53231776,22.22222222,40.51927286,38.79847664,-0.05349439387,-0.0569860833,1,1,22.56638147,130.6670626
12.82,22.53118362,22.22222222,40.5130823,38.79677544,-0.05323534033,-0.05670674815,1,1,22.56548359,131.1266783
12.84,22.53005504,22.22222222,40.50691435,38.79508256,-0.05297779146,-0.05642903552,1,1,22.56458858,131.58738
12.86,22.52893198,22.22222222,40.50076893,38.79339798,-0.05272173837,-0.056152936,1,1,22.56369641,132.0491681
12.88,22.52781442,22.22222222,40.49464591,38.79172162,-0.05246717221,-0.05587844019,1,1,22.56280708,132.5120432
12.9,22.5267023,22.22222222,40.48854519,38.79005346,-0.05221408418,-0.05560553875,1,1,22.56192057,132.9760057
12.92,22.52559562,22.22222222,40.48246665,38.78839343,-0.05196246554,-0.05533422238,1,1,22.56103687,133.4410562
12.94,22.52449433,22.22222222,40.4764102,38.7867415,-0.05171230756,-0.05506448184,1,1,22.56015596,133.9071952
12.96,22.5233984,22.22222222,40.47037571,38.78509761,-0.05146360158,-0.05479630789,1,1,22.55927784,134.3744231
12.98,22.52230781,22.22222222,40.46436309,38.78346172,-0.05121633897,-0.05452969139,1,1,22.5584025,134.8427404
13,22.52122252,22.22222222,40.45837224,38.78183378,-0.05097051114,-0.0542646232,1,1,22.55752991,135.3121478
13.02,22.5201425,22.22222222,40.45240303,38.78021374,-0.05072610956,-0.05400109423,1,1,22.55666008,135.7826458
13.04,22.51906771,22.22222222,40.44645537,38.77860157,-0.05048312574,-0.05373909546,1,1,22.55579298,136.2542348
13.06,22.51799814,22.22222222,40.44052916,38.77699721,-0.0502415512,-0.05347861788,1,1,22.55492861,136.7269154
13.08,22.51693375,22.22222222,40.43462428,38.77540062,-0.05000137756,-0.05321965255,1,1,22.55406695,137.2006882
13.1,22.51587451,22.22222222,40.42874065,38.77381176,-0.04976259643,-0.05296219055,1,1,22.553208,137.6755537
13.12,22.51482038,22.22222222,40.42287814,38.77223057,-0.04952519949,-0.05270622302,1,1,22.55235174,138.1515125
13.14,22.51377135,22.22222222,40.41703667,38.77065702,-0.04928917845,-0.05245174113,1,1,22.55149815,138.6285651
13.16,22.51272737,22.22222222,40.41121613,38.76909106,-0.04905452509,-0.05219873612,1,1,22.55064724,139.1067122
13.18,22.51168843,22.22222222,40.40541641,38.76753264,-0.04882123119,-0.05194719924,1,1,22.54979898,139.5859542
13.2,22.51065448,22.22222222,40.39963743,38.76598173,-0.04858928861,-0.05169712179,1,1,22.54895336,140.0662918
13.22,22.50962551,22.22222222,40.39387907,38.76443827,-0.04835868923,-0.05144849514,1,1,22.54811038,140.5477255
13.24,22.50860149,22.22222222,40.38814125,38.76290223,-0.04812942498,-0.05120131067,1,1,22.54727002,141.030256
13.26,22.50758238,22.22222222,40.38242385,38.76137357,-0.04790148782,-0.05095555981,1,1,22.54643228,141.5138839
13.28,22.50656815,22.22222222,40.37672679,38.75985223,-0.04767486979,-0.05071123405,1,1,22.54559713,141.9986097
13.3,22.50555879,22.22222222,40.37104997,38.75833818,-0.04744956292,-0.05046832491,1,1,22.54476458,142.4844341
13.32,22.50455425,22.22222222,40.36539328,38.75683137,-0.04722555932,-0.05022682395,1,1,22.5439346,142.9713577
13.34,22.50355452,22.22222222,40.35975664,38.75533177,-0.04700285112,-0.04998672278,1,1,22.5431072,143.4593811
13.36,22.50255955,22.22222222,40.35413994,38.75383933,-0.04678143051,-0.04974801305,1,1,22.54228234,143.948505
13.38,22.50156934,22.22222222,40.3485431,38.75235401,-0.0465612897,-0.04951068644,1,1,22.54146004,144.43873
13.4,22.50058385,22.22222222,40.34296601,38.75087577,-0.04634242096,-0.0492747347,1,1,22.54064027,144.9300568
13.42,22.49960304,22.22222222,40.33740858,38.74940457,-0.0461248166,-0.04904014961,1,1,22.53982303,145.4224859
13.44,22.49862691,22.22222222,40.33187073,38.74794036,-0.04590846896,-0.04880692297,1,1,22.5390083,145.9160182
13.46,22.4976554,22.22222222,40.32635235,38.74648311,-0.04569337042,-0.04857504664,1,1,22.53819607,146.4106542
13.48,22.49668851,22.22222222,40.32085336,38.74503277,-0.04547951341,-0.04834451255,1,1,22.53738634,146.9063946
13.5,22.49572621,22.22222222,40.31537365,38.74358931,-0.04526689041,-0.04811531262,1,1,22.53657909,147.4032402
13.52,22.49476846,22.22222222,40.30991315,38.74215269,-0.04505549392,-0.04788743884,1,1,22.53577431,147.9011916
13.54,22.49381524,22.22222222,40.30447176,38.74072286,-0.04484531649,-0.04766088325,1,1,22.534972,148.4002494
13.56,22.49286653,22.22222222,40.29904939,38.73929979,-0.04463635072,-0.04743563791,1,1,22.53417214,148.9004145
13.58,22.49192229,22.22222222,40.29364594,38.73788344,-0.04442858922,-0.04721169493,1,1,22.53337472,149.4016876
13.6,22.49098251,22.22222222,40.28826134,38.73647377,-0.04422202468,-0.04698904647,1,1,22.53257974,149.9040693
13.62,22.49004716,22.22222222,40.28289549,38.73507074,-0.0440166498,-0.04676768473,1,1,22.53178717,150.4075604
13.64,22.48911621,22.22222222,40.2775483,38.73367431,-0.04381245733,-0.04654760194,1,1,22.53099702,150.9121616
13.66,22.48818963,22.22222222,40.27221968,38.73228445,-0.04360944007,-0.04632879037,1,1,22.53020927,151.4178737
13.68,22.48726741,22.22222222,40.26690956,38.73090111,-0.04340759085,-0.04611124234,1,1,22.52942391,151.9246975
13.7,22.48634951,22.22222222,40.26161783,38.72952426,-0.04320690253,-0.04589495022,1,1,22.52864094,152.4326337
13.72,22.48543591,22.22222222,40.25634442,38.72815387,-0.04300736803,-0.04567990641,1,1,22.52786033,152.941683
13.74,22.48452659,22.22222222,40.25108924,38.72678988,-0.04280898029,-0.04546610334,1,1,22.52708209,153.4518464
13.76,22.48362152,22.22222222,40.2458522,38.72543228,-0.0426117323,-0.04525353349,1,1,22.52630621,153.9631244
13.78,22.48272067,22.22222222,40.24063323,38.72408101,-0.04241561709,-0.0450421894,1,1,22.52553267,154.4755181
13.8,22.48182403,22.22222222,40.23543222,38.72273605,-0.04222062773,-0.04483206361,1,1,22.52476146,154.9890281
13.82,22.48093157,22.22222222,40.23024911,38.72139735,-0.04202675731,-0.04462314874,1,1,22.52399257,155.5036552
13.84,22.48004326,22.22222222,40.22508381,38.72006489,-0.04183399899,-0.04441543743,1,1,22.52322601,156.0194004
13.86,22.47915908,22.22222222,40.21993623,38.71873862,-0.04164234594,-0.04420892235,1,1,22.52246174,156.5362644
13.88,22.47827901,22.22222222,40.21480629,38.71741852,-0.04145179139,-0.04400359624,1,1,22.52169978,157.0542481
13.9,22.47740302,22.22222222,40.20969392,38.71610453,-0.04126232859,-0.04379945185,1,1,22.5209401,157.5733523
13.92,22.47653109,22.22222222,40.20459902,38.71479664,-0.04107395084,-0.04359648199,1,1,22.5201827,158.0935778
13.94,22.4756632,22.22222222,40.19952152,38.7134948,-0.04088665148,-0.0433946795,1,1,22.51942757,158.6149257
13.96,22.47479932,22.22222222,40.19446134,38.71219898,-0.04070042387,-0.04319403726,1,1,22.5186747,159.1373966
13.98,22.47393943,22.22222222,40.1894184,38.71090914,-0.04051526143,-0.04299454819,1,1,22.51792407,159.6609916
14,22.4730835,22.22222222,40.18439261,38.70962525,-0.0403311576,-0.04279620525,1,1,22.51717569,160.1857115
14.02,22.47223152,22.22222222,40.17938391,38.70834728,-0.04014810587,-0.04259900143,1,1,22.51642955,160.7115573
14.04,22.47138346,22.22222222,40.1743922,38.7070752,-0.03996609976,-0.04240292979,1,1,22.51568562,161.2385297
14.06,22.4705393,22.22222222,40.16941742,38.70580896,-0.03978513284,-0.04220798339,1,1,22.51494392,161.7666298
14.08,22.46969902,22.22222222,40.16445948,38.70454853,-0.03960519869,-0.04201415534,1,1,22.51420441,162.2958585
14.1,22.46886259,22.22222222,40.15951831,38.70329389,-0.03942629094,-0.04182143881,1,1,22.51346711,162.8262168
14.12,22.46803,22.22222222,40.15459383,38.70204499,-0.03924840328,-0.04162982698,1,1,22.51273199,163.3577055
14.14,22.46720121,22.22222222,40.14968596,38.70080181,-0.0390715294,-0.04143931309,1,1,22.51199905,163.8903257
14.16,22.46637621,22.22222222,40.14479463,38.69956432,-0.03889566305,-0.04124989039,1,1,22.51126828,164.4240783
14.18,22.46555498,22.22222222,40.13991976,38.69833247,-0.038720798,-0.0410615522,1,1,22.51053968,164.9589644
14.2,22.46473749,22.22222222,40.13506128,38.69710624,-0.03854692808,-0.04087429187,1,1,22.50981323,165.4949848
14.22,22.46392373,22.22222222,40.13021912,38.6958856,-0.03837404712,-0.04068810276,1,1,22.50908893,166.0321406
14.24,22.46311367,22.22222222,40.12539319,38.69467051,-0.03820214902,-0.04050297831,1,1,22.50836676,166.5704328
14.26,22.46230729,22.22222222,40.12058342,38.69346094,-0.0380312277,-0.04031891197,1,1,22.50764672,167.1098625
14.28,22.46150458,22.22222222,40.11578975,38.69225686,-0.03786127711,-0.04013589723,1,1,22.5069288,167.6504306
14.3,22.4607055,22.22222222,40.11101209,38.69105825,-0.03769229125,-0.03995392762,1,1,22.50621299,168.1921382
14.32,22.45991004,22.22222222,40.10625038,38.68986506,-0.03752426415,-0.03977299671,1,1,22.50549929,168.7349864
14.34,22.45911818,22.22222222,40.10150454,38.68867726,-0.03735718986,-0.0395930981,1,1,22.50478768,169.2789761
14.36,22.45832989,22.22222222,40.0967745,38.68749484,-0.03719106249,-0.03941422544,1,1,22.50407816,169.8241086
14.38,22.45754516,22.22222222,40.0920602,38.68631775,-0.03702587617,-0.03923637241,1,1,22.50337071,170.3703849
14.4,22.45676397,22.22222222,40.08736155,38.68514596,-0.03686162507,-0.03905953271,1,1,22.50266534,170.917806
14.42,22.4559863,22.22222222,40.08267849,38.68397945,-0.03669830337,-0.0388837001,1,1,22.50196203,171.466373
14.44,22.45521212,22.22222222,40.07801095,38.68281818,-0.03653590533,-0.03870886836,1,1,22.50126078,172.0160872
14.46,22.45444142,22.22222222,40.07335886,38.68166213,-0.03637442521,-0.03853503132,1,1,22.50056157,172.5669496
14.48,22.45367418,22.22222222,40.06872215,38.68051127,-0.03621385732,-0.03836218283,1,1,22.4998644,173.1189612
14.5,22.45291037,22.22222222,40.06410075,38.67936556,-0.03605419598,-0.03819031679,1,1,22.49916926,173.6721234
14.52,22.45214998,22.22222222,40.05949459,38.67822497,-0.03589543557,-0.03801942712,1,1,22.49847615,174.2264372
14.54,22.45139299,22.22222222,40.05490361,38.67708949,-0.0357375705,-0.0378495078,1,1,22.49778505,174.7819039
14.56,22.45063938,22.22222222,40.05032773,38.67595907,-0.0355805952,-0.03768055282,1,1,22.49709595,175.3385245
14.58,22.44988913,22.22222222,40.04576689,38.6748337,-0.03542450415,-0.03751255621,1,1,22.49640886,175.8963002
14.6,22.44914222,22.22222222,40.04122102,38.67371333,-0.03526929184,-0.03734551204,1,1,22.49572376,176.4552324
14.62,22.44839863,22.22222222,40.03669005,38.67259795,-0.03511495281,-0.03717941443,1,1,22.49504064,177.0153221
14.64,22.44765835,22.22222222,40.03217393,38.67148752,-0.03496148164,-0.0370142575,1,1,22.4943595,177.5765706
14.66,22.44692135,22.22222222,40.02767257,38.67038202,-0.03480887292,-0.03685003543,1,1,22.49368033,178.1389791
14.68,22.44618761,22.22222222,40.02318593,38.66928142,-0.03465712128,-0.03668674243,1,1,22.49300312,178.7025489
14.7,22.44545712,22.22222222,40.01871393,38.66818569,-0.03450622141,-0.03652437274,1,1,22.49232787,179.2672813
14.72,22.44472987,22.22222222,40.0142565,38.6670948,-0.03435616798,-0.03636292063,1,1,22.49165456,179.8331774
14.74,22.44400582,22.22222222,40.00981359,38.66600873,-0.03420695573,-0.03620238042,1,1,22.49098319,180.4002386
14.76,22.44328496,22.22222222,40.00538513,38.66492744,-0.03405857943,-0.03604274644,1,1,22.49031376,180.9684661
14.78,22.44256728,22.22222222,40.00097105,38.66385092,-0.03391103387,-0.03588401308,1,1,22.48964625,181.5378613
14.8,22.44185276,22.22222222,39.99657129,38.66277914,-0.03376431387,-0.03572617474,1,1,22.48898065,182.1084255
14.82,22.44114137,22.22222222,39.99218579,38.66171206,-0.03361841429,-0.03556922587,1,1,22.48831697,182.6801599
14.84,22.44043311,22.22222222,39.98781449,38.66064967,-0.03347333002,-0.03541316095,1,1,22.48765519,183.2530659
14.86,22.43972795,22.22222222,39.98345733,38.65959193,-0.03332905597,-0.03525797447,1,1,22.4869953,183.8271449
14.88,22.43902588,22.22222222,39.97911423,38.65853882,-0.03318558709,-0.03510366099,1,1,22.48633731,184.4023982
14.9,22.43832687,22.22222222,39.97478515,38.65749031,-0.03304291837,-0.03495021508,1,1,22.48568119,184.9788272
14.92,22.43763092,22.22222222,39.97047002,38.65644638,-0.03290104482,-0.03479763134,1,1,22.48502695,185.5564333
14.94,22.436938,22.22222222,39.96616877,38.65540701,-0.03275996147,-0.03464590442,1,1,22.48437458,186.1352178
14.96,22.4362481,22.22222222,39.96188136,38.65437215,-0.0326196634,-0.03449502899,1,1,22.48372406,186.7151821
14.98,22.4355612,22.22222222,39.95760771,38.6533418,-0.03248014571,-0.03434499974,1,1,22.4830754,187.2963277
15,22.43487729,22.22222222,39.95334777,38.65231593,-0.03234140353,-0.03419581142,1,1,22.48242859,187.878656
15.02,22.43419634,22.22222222,39.94910148,38.65129451,-0.03220343202,-0.03404745879,1,1,22.48178362,188.4621684
15.04,22.43351834,22.22222222,39.94486877,38.65027751,-0.03206622637,-0.03389993664,1,1,22.48114048,189.0468663
15.06,22.43284327,22.22222222,39.9406496,38.64926491,-0.0319297818,-0.03375323982,1,1,22.48049916,189.6327513
15.08,22.43217113,22.22222222,39.9364439,38.64825669,-0.03179409357,-0.03360736318,1,1,22.47985966,190.2198248
15.1,22.43150188,22.22222222,39.93225162,38.64725282,-0.03165915694,-0.03346230161,1,1,22.47922198,190.8080883
15.12,22.43083552,22.22222222,39.92807269,38.64625328,-0.03152496723,-0.03331805004,1,1,22.4785861,191.3975432
15.14,22.43017203,22.22222222,39.92390706,38.64525804,-0.03139151978,-0.03317460341,1,1,22.47795202,191.9881911
15.16,22.42951139,22.22222222,39.91975467,38.64426708,-0.03125880994,-0.03303195672,1,1,22.47731974,192.5800336
15.18,22.42885359,22.22222222,39.91561546,38.64328038,-0.03112683312,-0.03289010498,1,1,22.47668924,193.173072
15.2,22.42819861,22.22222222,39.91148938,38.64229791,-0.03099558473,-0.03274904323,1,1,22.47606052,193.767308
15.22,22.42754643,22.22222222,39.90737638,38.64131965,-0.03086506023,-0.03260876655,1,1,22.47543357,194.3627432
15.24,22.42689705,22.22222222,39.90327639,38.64034557,-0.0307352551,-0.03246927005,1,1,22.47480839,194.9593791
15.26,22.42625043,22.22222222,39.89918936,38.63937565,-0.03060616483,-0.03233054885,1,1,22.47418496,195.5572172
15.28,22.42560658,22.22222222,39.89511523,38.63840987,-0.03047778497,-0.03219259813,1,1,22.47356329,196.1562592
15.3,22.42496547,22.22222222,39.89105395,38.63744821,-0.03035011108,-0.03205541308,1,1,22.47294337,196.7565066
15.32,22.42432709,22.22222222,39.88700547,38.63649064,-0.03022313875,-0.03191898892,1,1,22.47232519,197.3579612
15.34,22.42369143,22.22222222,39.88296973,38.63553714,-0.0300968636,-0.0317833209,1,1,22.47170874,197.9606244
15.36,22.42305846,22.22222222,39.87894668,38.63458769,-0.02997128126,-0.03164840432,1,1,22.47109402,198.564498
15.38,22.42242817,22.22222222,39.87493626,38.63364226,-0.02984638741,-0.03151423447,1,1,22.47048102,199.1695837
15.4,22.42180056,22.22222222,39.87093841,38.63270084,-0.02972217776,-0.03138080671,1,1,22.46986974,199.7758829
15.42,22.4211756,22.22222222,39.8669531,38.63176339,-0.02959864801,-0.03124811639,1,1,22.46926016,200.3833976
15.44,22.42055327,22.22222222,39.86298025,38.63082991,-0.02947579394,-0.03111615892,1,1,22.46865229,200.9921292
15.46,22.41993357,22.22222222,39.85901983,38.62990036,-0.02935361131,-0.03098492972,1,1,22.46804612,201.6020796
15.48,22.41931649,22.22222222,39.85507177,38.62897473,-0.02923209593,-0.03085442425,1,1,22.46744163,202.2132504
15.5,22.41870199,22.22222222,39.85113603,38.62805299,-0.02911124363,-0.03072463799,1,1,22.46683883,202.8256434
15.52,22.41809008,22.22222222,39.84721256,38.62713512,-0.02899105027,-0.03059556644,1,1,22.46623771,203.4392604
15.54,22.41748074,22.22222222,39.84330129,38.62622111,-0.02887151173,-0.03046720514,1,1,22.46563826,204.0541029
15.56,22.41687395,22.22222222,39.83940219,38.62531092,-0.02875262393,-0.03033954967,1,1,22.46504048,204.6701729
15.58,22.4162697,22.22222222,39.8355152,38.62440454,-0.02863438278,-0.03021259561,1,1,22.46444435,205.2874722
15.6,22.41566797,22.22222222,39.83164026,38.62350195,-0.02851678426,-0.03008633858,1,1,22.46384988,205.9060023
15.62,22.41506875,22.22222222,39.82777734,38.62260313,-0.02839982436,-0.02996077424,1,1,22.46325706,206.5257653
15.64,22.41447203,22.22222222,39.82392638,38.62170805,-0.02828349907,-0.02983589825,1,1,22.46266589,207.1467629
15.66,22.4138778,22.22222222,39.82008732,38.6208167,-0.02816780444,-0.02971170631,1,1,22.46207635,207.768997
15.68,22.41328604,22.22222222,39.81626013,38.61992906,-0.02805273653,-0.02958819417,1,1,22.46148844,208.3924692
15.7,22.41269673,22.22222222,39.81244475,38.61904509,-0.02793829143,-0.02946535755,1,1,22.46090215,209.0171817
15.72,22.41210987,22.22222222,39.80864113,38.6181648,-0.02782446524,-0.02934319226,1,1,22.46031749,209.6431361
15.74,22.41152543,22.22222222,39.80484922,38.61728815,-0.02771125409,-0.0292216941,1,1,22.45973444,210.2703343
15.76,22.41094341,22.22222222,39.80106897,38.61641512,-0.02759865416,-0.0291008589,1,1,22.45915299,210.8987783
15.78,22.4103638,22.22222222,39.79730035,38.6155457,-0.02748666162,-0.02898068252,1,1,22.45857315,211.52847
15.8,22.40978658,22.22222222,39.79354329,38.61467987,-0.02737527268,-0.02886116085,1,1,22.45799491,212.1594112
15.82,22.40921173,22.22222222,39.78979775,38.6138176,-0.02726448357,-0.0287422898,1,1,22.45741825,212.7916039
15.84,22.40863925,22.22222222,39.78606368,38.61295888,-0.02715429054,-0.0286240653,1,1,22.45684318,213.4250501
15.86,22.40806912,22.22222222,39.78234104,38.61210368,-0.02704468988,-0.02850648332,1,1,22.45626969,214.0597516
15.88,22.40750133,22.22222222,39.77862978,38.611252,-0.02693567789,-0.02838953984,1,1,22.45569778,214.6957105
15.9,22.40693587,22.22222222,39.77492986,38.6104038,-0.0268272509,-0.02827323089,1,1,22.45512743,215.3329287
15.92,22.40637271,22.22222222,39.77124121,38.60955907,-0.02671940525,-0.02815755249,1,1,22.45455865,215.9714083
15.94,22.40581186,22.22222222,39.76756381,38.6087178,-0.02661213732,-0.02804250071,1,1,22.45399143,216.6111512
15.96,22.4052533,22.22222222,39.76389761,38.60787995,-0.02650544351,-0.02792807164,1,1,22.45342575,217.2521594
15.98,22.40469702,22.22222222,39.76024255,38.60704553,-0.02639932023,-0.02781426139,1,1,22.45286163,217.894435
16,22.404143,22.22222222,39.75659859,38.6062145,-0.02629376392,-0.02770106609,1,1,22.45229904,218.53798
16.02,22.40359123,22.22222222,39.75296569,38.60538684,-0.02618877105,-0.02758848192,1,1,22.45173799,219.1827965
16.04,22.4030417,22.22222222,39.74934381,38.60456255,-0.0260843381,-0.02747650505,1,1,22.45117847,219.8288865
16.06,22.40249439,22.22222222,39.74573289,38.60374159,-0.02598046159,-0.02736513169,1,1,22.45062048,220.4762522
16.08,22.40194931,22.22222222,39.7421329,38.60292396,-0.02587713805,-0.02725435809,1,1,22.45006401,221.1248955
16.1,22.40140642,22.22222222,39.73854379,38.60210964,-0.02577436403,-0.02714418048,1,1,22.44950905,221.7748187
16.12,22.40086573,22.22222222,39.73496551,38.6012986,-0.0256721361,-0.02703459517,1,1,22.4489556,222.4260239
16.14,22.40032722,22.22222222,39.73139802,38.60049083,-0.02557045086,-0.02692559844,1,1,22.44840366,223.0785131
16.16,22.39979088,22.22222222,39.72784129,38.59968631,-0.02546930494,-0.02681718664,1,1,22.44785322,223.7322885
16.18,22.39925669,22.22222222,39.72429526,38.59888503,-0.02536869497,-0.0267093561,1,1,22.44730427,224.3873524
16.2,22.39872465,22.22222222,39.72075989,38.59808697,-0.02526861762,-0.02660210321,1,1,22.44675681,225.0437068
16.22,22.39819474,22.22222222,39.71723514,38.59729211,-0.02516906957,-0.02649542436,1,1,22.44621083,225.7013539
16.24,22.39766695,22.22222222,39.71372097,38.59650043,-0.02507004752,-0.02638931598,1,1,22.44566633,226.360296
16.26,22.39714128,22.22222222,39.71021733,38.59571191,-0.0249715482,-0.0262837745,1,1,22.4451233,227.0205352
16.28,22.3966177,22.22222222,39.70672418,38.59492655,-0.02487356836,-0.0261787964,1,1,22.44458175,227.6820738
16.3,22.39609621,22.22222222,39.70324149,38.59414432,-0.02477610477,-0.02607437816,1,1,22.44404166,228.344914
16.32,22.3955768,22.22222222,39.6997692,38.5933652,-0.02467915421,-0.02597051628,1,1,22.44350302,229.0090581
16.34,22.39505946,22.22222222,39.69630728,38.59258919,-0.02458271349,-0.02586720732,1,1,22.44296584,229.6745083
16.36,22.39454417,22.22222222,39.69285569,38.59181625,-0.02448677945,-0.02576444781,1,1,22.44243011,230.341267
16.38,22.39403092,22.22222222,39.68941439,38.59104639,-0.02439134894,-0.02566223434,1,1,22.44189582,231.0093363
16.4,22.39351971,22.22222222,39.68598332,38.59027957,-0.02429641882,-0.02556056351,1,1,22.44136297,231.6787186
16.42,22.39301053,22.22222222,39.68256247,38.58951579,-0.02420198598,-0.02545943194,1,1,22.44083156,232.3494163
16.44,22.39250335,22.22222222,39.67915177,38.58875502,-0.02410804734,-0.02535883626,1,1,22.44030157,233.0214316
16.46,22.39199817,22.22222222,39.6757512,38.58799726,-0.02401459983,-0.02525877315,1,1,22.43977301,233.6947669
16.48,22.39149499,22.22222222,39.67236071,38.58724248,-0.0239216404,-0.02515923928,1,1,22.43924587,234.3694245
16.5,22.39099378,22.22222222,39.66898027,38.58649068,-0.02382916601,-0.02506023137,1,1,22.43872014,235.0454069
16.52,22.39049455,22.22222222,39.66560983,38.58574182,-0.02373717367,-0.02496174614,1,1,22.43819582,235.7227163
16.54,22.38999727,22.22222222,39.66224936,38.58499591,-0.02364566037,-0.02486378034,1,1,22.43767291,236.4013553
16.56,22.38950195,22.22222222,39.65889881,38.58425292,-0.02355462314,-0.02476633075,1,1,22.4371514,237.0813261
16.58,22.38900856,22.22222222,39.65555815,38.58351284,-0.02346405904,-0.02466939414,1,1,22.43663128,237.7626313
16.6,22.3885171,22.22222222,39.65222734,38.58277565,-0.02337396512,-0.02457296733,1,1,22.43611256,238.4452732
16.62,22.38802756,22.22222222,39.64890634,38.58204134,-0.02328433848,-0.02447704715,1,1,22.43559522,239.1292543
16.64,22.38753993,22.22222222,39.6455951,38.58130989,-0.02319517622,-0.02438163046,1,1,22.43507927,239.8145771
16.66,22.38705419,22.22222222,39.64229361,38.58058129,-0.02310647546,-0.02428671412,1,1,22.43456469,240.5012441
16.68,22.38657035,22.22222222,39.63900181,38.57985552,-0.02301823335,-0.02419229503,1,1,22.43405148,241.1892577
16.7,22.38608838,22.22222222,39.63571966,38.57913257,-0.02293044704,-0.02409837009,1,1,22.43353964,241.8786204
16.72,22.38560828,22.22222222,39.63244714,38.57841242,-0.02284311371,-0.02400493625,1,1,22.43302917,242.5693347
16.74,22.38513004,22.22222222,39.6291842,38.57769506,-0.02275623057,-0.02391199045,1,1,22.43252005,243.2614033
16.76,22.38465365,22.22222222,39.62593081,38.57698047,-0.02266979482,-0.02381952966,1,1,22.43201229,243.9548285
16.78,22.3841791,22.22222222,39.62268693,38.57626865,-0.0225838037,-0.02372755087,1,1,22.43150588,244.649613
16.8,22.38370638,22.22222222,39.61945252,38.57555957,-0.02249825446,-0.02363605109,1,1,22.43100081,245.3457594
16.82,22.38323548,22.22222222,39.61622754,38.57485321,-0.02241314436,-0.02354502736,1,1,22.43049709,246.0432701
16.84,22.38276639,22.22222222,39.61301197,38.57414958,-0.02232847071,-0.02345447672,1,1,22.4299947,246.7421479
16.86,22.3822991,22.22222222,39.60980576,38.57344865,-0.02224423079,-0.02336439624,1,1,22.42949364,247.4423953
16.88,22.3818336,22.22222222,39.60660888,38.5727504,-0.02216042194,-0.02327478301,1,1,22.42899392,248.1440149
16.9,22.38136989,22.22222222,39.60342129,38.57205484,-0.02207704148,-0.02318563412,1,1,22.42849551,248.8470094
16.92,22.38090795,22.22222222,39.60024295,38.57136193,-0.02199408679,-0.02309694671,1,1,22.42799843,249.5513815
16.94,22.38044778,22.22222222,39.59707384,38.57067167,-0.02191155523,-0.02300871792,1,1,22.42750266,250.2571337
16.96,22.37998936,22.22222222,39.59391391,38.56998404,-0.02182944419,-0.0229209449,1,1,22.4270082,250.9642687
16.98,22.37953269,22.22222222,39.59076314,38.56929903,-0.02174775108,-0.02283362484,1,1,22.42651504,251.6727893
17,22.37907775,22.22222222,39.58762148,38.56861663,-0.02166647332,-0.02274675494,1,1,22.42602319,252.3826982
17.02,22.37862454,22.22222222,39.5844889,38.56793682,-0.02158560836,-0.02266033241,1,1,22.42553264,253.0939979
17.04,22.37817306,22.22222222,39.58136537,38.56725959,-0.02150515366,-0.02257435449,1,1,22.42504338,253.8066914
17.06,22.37772328,22.22222222,39.57825085,38.56658492,-0.02142510668,-0.02248881842,1,1,22.42455541,254.5207813
17.08,22.37727521,22.22222222,39.57514531,38.56591281,-0.02134546493,-0.02240372148,1,1,22.42406872,255.2362704
17.1,22.37682882,22.22222222,39.57204871,38.56524324,-0.0212662259,-0.02231906096,1,1,22.42358332,255.9531614
17.12,22.37638413,22.22222222,39.56896103,38.56457619,-0.02118738713,-0.02223483415,1,1,22.42309919,256.6714571
17.14,22.37594111,22.22222222,39.56588222,38.56391166,-0.02110894614,-0.02215103839,1,1,22.42261633,257.3911603
17.16,22.37549975,22.22222222,39.56281225,38.56324963,-0.02103090051,-0.02206767101,1,1,22.42213475,258.1122738
17.18,22.37506006,22.22222222,39.5597511,38.56259009,-0.02095324779,-0.02198472937,1,1,22.42165442,258.8348005
17.2,22.37462202,22.22222222,39.55669872,38.56193302,-0.02087598558,-0.02190221084,1,1,22.42117536,259.5587432
17.22,22.37418561,22.22222222,39.55365509,38.56127842,-0.02079911148,-0.02182011282,1,1,22.42069756,260.2841047
17.24,22.37375084,22.22222222,39.55062017,38.56062627,-0.02072262311,-0.02173843272,1,1,22.420221,261.0108878
17.26,22.3733177,22.22222222,39.54759393,38.55997655,-0.02064651811,-0.02165716795,1,1,22.4197457,261.7390955
17.28,22.37288617,22.22222222,39.54457634,38.55932926,-0.02057079412,-0.02157631596,1,1,22.41927164,262.4687307
17.3,22.37245626,22.22222222,39.54156736,38.55868439,-0.02049544881,-0.02149587421,1,1,22.41879882,263.1997961
17.32,22.37202794,22.22222222,39.53856696,38.55804191,-0.02042047986,-0.02141584018,1,1,22.41832723,263.9322949
17.34,22.37160122,22.22222222,39.53557511,38.55740182,-0.02034588497,-0.02133621136,1,1,22.41785688,264.6662298
17.36,22.37117608,22.22222222,39.53259178,38.55676411,-0.02027166184,-0.02125698524,1,1,22.41738776,265.4016038
17.38,22.37075251,22.22222222,39.52961694,38.55612877,-0.02019780821,-0.02117815937,1,1,22.41691986,266.1384199
17.4,22.37033052,22.22222222,39.52665056,38.55549578,-0.02012432182,-0.02109973128,1,1,22.41645318,266.876681
17.42,22.36991008,22.22222222,39.52369259,38.55486513,-0.02005120041,-0.02102169852,1,1,22.41598772,267.6163901
17.44,22.3694912,22.22222222,39.52074303,38.55423681,-0.01997844177,-0.02094405867,1,1,22.41552347,268.3575503
17.46,22.36907387,22.22222222,39.51780182,38.5536108,-0.01990604367,-0.02086680932,1,1,22.41506043,269.1001644
17.48,22.36865807,22.22222222,39.51486894,38.5529871,-0.01983400391,-0.02078994807,1,1,22.41459859,269.8442356
17.5,22.3682438,22.22222222,39.51194437,38.5523657,-0.01976232031,-0.02071347254,1,1,22.41413796,270.5897669
17.52,22.36783105,22.22222222,39.50902807,38.55174658,-0.0196909907,-0.02063738036,1,1,22.41367852,271.3367612
17.54,22.36741982,22.22222222,39.50612,38.55112973,-0.01962001292,-0.02056166919,1,1,22.41322028,272.0852218
17.56,22.36701009,22.22222222,39.50322015,38.55051514,-0.01954938483,-0.02048633668,1,1,22.41276322,272.8351516
17.58,22.36660186,22.22222222,39.50032847,38.5499028,-0.01947910429,-0.02041138054,1,1,22.41230736,273.5865537
17.6,22.36619513,22.22222222,39.49744495,38.54929269,-0.01940916919,-0.02033679844,1,1,22.41185267,274.3394312
17.62,22.36578988,22.22222222,39.49456954,38.54868481,-0.01933957743,-0.0202625881,1,1,22.41139917,275.0937873
17.64,22.3653861,22.22222222,39.49170223,38.54807915,-0.01927032693,-0.02018874724,1,1,22.41094684,275.849625
17.66,22.3649838,22.22222222,39.48884297,38.54747569,-0.01920141559,-0.02011527362,1,1,22.41049568,276.6069476
17.68,22.36458295,22.22222222,39.48599175,38.54687443,-0.01913284138,-0.02004216498,1,1,22.41004569,277.3657581
17.7,22.36418356,22.22222222,39.48314853,38.54627535,-0.01906460224,-0.01996941909,1,1,22.40959686,278.1260597
17.72,22.36378562,22.22222222,39.48031328,38.54567843,-0.01899669613,-0.01989703374,1,1,22.40914919,278.8878557
17.74,22.36338912,22.22222222,39.47748598,38.54508368,-0.01892912103,-0.01982500673,1,1,22.40870268,279.6511491
17.76,22.36299406,22.22222222,39.47466659,38.54449108,-0.01886187495,-0.01975333588,1,1,22.40825732,280.4159433
17.78,22.36260042,22.22222222,39.47185509,38.54390062,-0.01879495588,-0.019682019,1,1,22.40781312,281.1822413
17.8,22.36220819,22.22222222,39.46905145,38.54331229,-0.01872836185,-0.01961105395,1,1,22.40737005,281.9500466
17.82,22.36181739,22.22222222,39.46625564,38.54272608,-0.01866209088,-0.01954043858,1,1,22.40692813,282.7193622
17.84,22.36142798,22.22222222,39.46346763,38.54214197,-0.01859614102,-0.01947017077,1,1,22.40648735,283.4901915
17.86,22.36103998,22.22222222,39.46068739,38.54155997,-0.01853051033,-0.01940024839,1,1,22.40604771,284.2625377
17.88,22.36065336,22.22222222,39.4579149,38.54098005,-0.01846519688,-0.01933066934,1,1,22.40560919,285.0364041
17.9,22.36026814,22.22222222,39.45515013,38.5404022,-0.01840019876,-0.01926143155,1,1,22.40517181,285.811794
17.92,22.35988428,22.22222222,39.45239305,38.53982643,-0.01833551406,-0.01919253292,1,1,22.40473555,286.5887108
17.94,22.35950181,22.22222222,39.44964364,38.53925271,-0.01827114088,-0.01912397141,1,1,22.40430041,287.3671577
17.96,22.35912069,22.22222222,39.44690186,38.53868104,-0.01820707736,-0.01905574497,1,1,22.40386639,288.1471382
17.98,22.35874093,22.22222222,39.44416768,38.5381114,-0.01814332161,-0.01898785156,1,1,22.40343348,288.9286554
18,22.35836253,22.22222222,39.44144109,38.53754379,-0.0180798718,-0.01892028917,1,1,22.40300168,289.7117129
18.02,22.35798547,22.22222222,39.43872206,38.5369782,-0.01801672607,-0.01885305578,1,1,22.40257099,290.496314
18.04,22.35760974,22.22222222,39.43601055,38.53641462,-0.0179538826,-0.0187861494,1,1,22.40214141,291.282462
18.06,22.35723535,22.22222222,39.43330654,38.53585303,-0.01789133956,-0.01871956806,1,1,22.40171293,292.0701604
18.08,22.35686229,22.22222222,39.43061001,38.53529343,-0.01782909516,-0.01865330978,1,1,22.40128554,292.8594127
18.1,22.35649054,22.22222222,39.42792093,38.53473581,-0.01776714759,-0.01858737261,1,1,22.40085925,293.6502222
18.12,22.3561201,22.22222222,39.42523927,38.53418016,-0.01770549508,-0.01852175461,1,1,22.40043404,294.4425923
18.14,22.35575097,22.22222222,39.422565,38.53362646,-0.01764413585,-0.01845645384,1,1,22.40000993,295.2365266
18.16,22.35538315,22.22222222,39.4198981,38.53307472,-0.01758306815,-0.0183914684,1,1,22.3995869,296.0320285
18.18,22.35501661,22.22222222,39.41723855,38.53252491,-0.01752229023,-0.01832679638,1,1,22.39916495,296.8291015
18.2,22.35465136,22.22222222,39.41458632,38.53197704,-0.01746180035,-0.01826243589,1,1,22.39874408,297.6277491
18.22,22.35428739,22.22222222,39.41194137,38.53143109,-0.01740159678,-0.01819838505,1,1,22.39832428,298.4279748
18.24,22.3539247,22.22222222,39.4093037,38.53088705,-0.01734167782,-0.01813464199,1,1,22.39790555,299.2297822
18.26,22.35356328,22.22222222,39.40667326,38.53034491,-0.01728204176,-0.01807120485,1,1,22.39748789,300.0331747
18.28,22.35320311,22.22222222,39.40405004,38.52980467,-0.01722268691,-0.01800807181,1,1,22.3970713,300.8381559
18.3,22.35284421,22.22222222,39.40143401,38.52926631,-0.01716361159,-0.01794524101,1,1,22.39665576,301.6447294
18.32,22.35248656,22.22222222,39.39882515,38.52872983,-0.01710481413,-0.01788271066,1,1,22.39624129,302.4528988
18.34,22.35213015,22.22222222,39.39622343,38.52819522,-0.01704629288,-0.01782047894,1,1,22.39582786,303.2626676
18.36,22.35177497,22.22222222,39.39362882,38.52766246,-0.01698804619,-0.01775854405,1,1,22.39541549,304.0740395
18.38,22.35142104,22.22222222,39.3910413,38.52713156,-0.01693007241,-0.01769690422,1,1,22.39500417,304.8870181
18.4,22.35106833,22.22222222,39.38846086,38.52660249,-0.01687236994,-0.01763555768,1,1,22.3945939,305.701607
18.42,22.35071684,22.22222222,39.38588745,38.52607525,-0.01681493714,-0.01757450266,1,1,22.39418466,306.5178098
18.44,22.35036656,22.22222222,39.38332106,38.52554984,-0.01675777243,-0.01751373742,1,1,22.39377647,307.3356303
18.46,22.3500175,22.22222222,39.38076166,38.52502624,-0.0167008742,-0.01745326022,1,1,22.39336931,308.155072
18.48,22.34966963,22.22222222,39.37820924,38.52450445,-0.01664424087,-0.01739306934,1,1,22.39296318,308.9761387
18.5,22.34932297,22.22222222,39.37566375,38.52398446,-0.01658787087,-0.01733316306,1,1,22.39255808,309.798834
18.52,22.3489775,22.22222222,39.37312519,38.52346625,-0.01653176264,-0.01727353968,1,1,22.39215401,310.6231617
18.54,22.34863322,22.22222222,39.37059353,38.52294982,-0.01647591463,-0.01721419752,1,1,22.39175096,311.4491255
18.56,22.34829011,22.22222222,39.36806874,38.52243517,-0.01642032529,-0.01715513489,1,1,22.39134894,312.2767292
18.58,22.34794819,22.22222222,39.3655508,38.52192228,-0.01636499309,-0.01709635012,1,1,22.39094793,313.1059764
18.6,22.34760743,22.22222222,39.36303969,38.52141114,-0.01630991651,-0.01703784156,1,1,22.39054793,313.936871
18.62,22.34726784,22.22222222,39.36053538,38.52090176,-0.01625509404,-0.01697960756,1,1,22.39014895,314.7694167
18.64,22.3469294,22.22222222,39.35803786,38.52039411,-0.01620052419,-0.01692164647,1,1,22.38975097,315.6036173
18.66,22.34659213,22.22222222,39.35554708,38.51988819,-0.01614620544,-0.01686395669,1,1,22.389354,316.4394766
18.68,22.34625599,22.22222222,39.35306305,38.51938399,-0.01609213634,-0.01680653659,1,1,22.38895803,317.2769985
18.7,22.34592101,22.22222222,39.35058572,38.51888151,-0.01603831539,-0.01674938457,1,1,22.38856306,318.1161867
18.72,22.34558716,22.22222222,39.34811509,38.51838074,-0.01598474115,-0.01669249904,1,1,22.38816909,318.9570451
18.74,22.34525444,22.22222222,39.34565111,38.51788166,-0.01593141215,-0.01663587841,1,1,22.38777611,319.7995776
18.76,22.34492285,22.22222222,39.34319379,38.51738427,-0.01587832696,-0.01657952111,1,1,22.38738412,320.6437881
18.78,22.34459238,22.22222222,39.34074308,38.51688857,-0.01582548414,-0.01652342557,1,1,22.38699312,321.4896803
18.8,22.34426303,22.22222222,39.33829897,38.51639454,-0.01577288227,-0.01646759026,1,1,22.38660311,322.3372582
18.82,22.34393479,22.22222222,39.33586143,38.51590218,-0.01572051993,-0.01641201362,1,1,22.38621407,323.1865258
18.84,22.34360765,22.22222222,39.33343045,38.51541148,-0.01566839571,-0.01635669412,1,1,22.38582602,324.0374869
18.86,22.34328162,22.22222222,39.33100601,38.51492243,-0.01561650823,-0.01630163025,1,1,22.38543894,324.8901455
18.88,22.34295669,22.22222222,39.32858807,38.51443503,-0.01556485608,-0.01624682049,1,1,22.38505283,325.7445056
18.9,22.34263284,22.22222222,39.32617662,38.51394926,-0.01551343791,-0.01619226334,1,1,22.38466769,326.600571
18.92,22.34231008,22.22222222,39.32377163,38.51346512,-0.01546225232,-0.0161379573,1,1,22.38428352,327.4583457
18.94,22.3419884,22.22222222,39.32137309,38.5129826,-0.01541129798,-0.0160839009,1,1,22.38390032,328.3178339
18.96,22.3416678,22.22222222,39.31898097,38.5125017,-0.01536057351,-0.01603009267,1,1,22.38351808,329.1790394
18.98,22.34134827,22.22222222,39.31659526,38.51202241,-0.01531007759,-0.01597653114,1,1,22.38313679,330.0419662
19,22.34102981,22.22222222,39.31421592,38.51154471,-0.01525980888,-0.01592321485,1,1,22.38275646,330.9066185
19.02,22.3407124,22.22222222,39.31184294,38.51106861,-0.01520976605,-0.01587014238,1,1,22.38237709,331.7730002
19.04,22.34039606,22.22222222,39.3094763,38.51059409,-0.01515994779,-0.01581731227,1,1,22.38199867,332.6411154
19.06,22.34008076,22.22222222,39.30711598,38.51012114,-0.0151103528,-0.01576472311,1,1,22.38162119,333.5109682
19.08,22.33976652,22.22222222,39.30476195,38.50964977,-0.01506097976,-0.01571237349,1,1,22.38124466,334.3825626
19.1,22.33945331,22.22222222,39.3024142,38.50917997,-0.01501182739,-0.01566026199,1,1,22.38086907,335.2559027
19.12,22.33914114,22.22222222,39.3000727,38.50871171,-0.01496289442,-0.01560838722,1,1,22.38049442,336.1309928
19.14,22.33883001,22.22222222,39.29773743,38.50824501,-0.01491417956,-0.0155567478,1,1,22.38012071,337.0078367
19.16,22.3385199,22.22222222,39.29540838,38.50777985,-0.01486568156,-0.01550534234,1,1,22.37974793,337.8864388
19.18,22.33821082,22.22222222,39.29308551,38.50731623,-0.01481739915,-0.01545416948,1,1,22.37937608,338.7668032
19.2,22.33790275,22.22222222,39.29076882,38.50685413,-0.01476933109,-0.01540322785,1,1,22.37900516,339.6489339
19.22,22.3375957,22.22222222,39.28845828,38.50639355,-0.01472147613,-0.01535251611,1,1,22.37863517,340.5328353
19.24,22.33728966,22.22222222,39.28615387,38.50593449,-0.01467383305,-0.01530203291,1,1,22.3782661,341.4185114
19.26,22.33698463,22.22222222,39.28385557,38.50547694,-0.01462640062,-0.01525177692,1,1,22.37789795,342.3059665
19.28,22.33668059,22.22222222,39.28156337,38.50502089,-0.01457917762,-0.01520174682,1,1,22.37753072,343.1952048
19.3,22.33637755,22.22222222,39.27927723,38.50456633,-0.01453216285,-0.01515194128,1,1,22.3771644,344.0862305
19.32,22.33607551,22.22222222,39.27699714,38.50411326,-0.01448535511,-0.01510235901,1,1,22.376799,344.9790479
19.34,22.33577445,22.22222222,39.27472309,38.50366167,-0.0144387532,-0.0150529987,1,1,22.37643451,345.8736612
19.36,22.33547437,22.22222222,39.27245504,38.50321155,-0.01439235595,-0.01500385906,1,1,22.37607092,346.7700747
19.38,22.33517527,22.22222222,39.27019299,38.5027629,-0.01434616216,-0.01495493881,1,1,22.37570824,347.6682926
19.4,22.33487714,22.22222222,39.26793691,38.50231572,-0.01430017068,-0.01490623668,1,1,22.37534646,348.5683193
19.42,22.33457999,22.22222222,39.26568679,38.50186998,-0.01425438035,-0.0148577514,1,1,22.37498558,349.470159
19.44,22.3342838,22.22222222,39.26344259,38.5014257,-0.01420879,-0.01480948171,1,1,22.3746256,350.3738162
19.46,22.33398857,22.22222222,39.26120431,38.50098286,-0.0141633985,-0.01476142638,1,1,22.37426651,351.2792951
19.48,22.3336943,22.22222222,39.25897193,38.50054145,-0.0141182047,-0.01471358415,1,1,22.37390832,352.1866
19.5,22.33340098,22.22222222,39.25674542,38.50010147,-0.01407320748,-0.01466595379,1,1,22.37355101,353.0957353
19.52,22.33310861,22.22222222,39.25452477,38.49966291,-0.0140284057,-0.01461853409,1,1,22.37319459,354.0067055
19.54,22.33281718,22.22222222,39.25230996,38.49922578,-0.01398379826,-0.01457132382,1,1,22.37283906,354.9195148
19.56,22.3325267,22.22222222,39.25010096,38.49879005,-0.01393938405,-0.01452432177,1,1,22.37248441,355.8341677
19.58,22.33223715,22.22222222,39.24789777,38.49835572,-0.01389516196,-0.01447752675,1,1,22.37213063,356.7506687
19.6,22.33194853,22.22222222,39.24570035,38.49792279,-0.01385113089,-0.01443093757,1,1,22.37177773,357.669022
19.62,22.33166084,22.22222222,39.24350871,38.49749125,-0.01380728977,-0.01438455304,1,1,22.37142571,358.5892322
19.64,22.33137407,22.22222222,39.2413228,38.4970611,-0.01376363751,-0.01433837197,1,1,22.37107456,359.5113038
19.66,22.33108822,22.22222222,39.23914262,38.49663233,-0.01372017303,-0.01429239322,1,1,22.37072428,360.4352411
19.68,22.33080329,22.22222222,39.23696815,38.49620493,-0.01367689528,-0.0142466156,1,1,22.37037487,361.3610487
19.7,22.33051927,22.22222222,39.23479937,38.4957789,-0.01363380318,-0.01420103798,1,1,22.37002632,362.288731
19.72,22.33023616,22.22222222,39.23263626,38.49535423,-0.0135908957,-0.01415565919,1,1,22.36967863,363.2182927
19.74,22.32995395,22.22222222,39.2304788,38.49493092,-0.01354817178,-0.01411047811,1,1,22.3693318,364.1497381
19.76,22.32967264,22.22222222,39.22832698,38.49450895,-0.01350563038,-0.01406549361,1,1,22.36898583,365.0830718
19.78,22.32939222,22.22222222,39.22618078,38.49408833,-0.01346327048,-0.01402070455,1,1,22.36864071,366.0182984
19.8,22.3291127,22.22222222,39.22404017,38.49366905,-0.01342109105,-0.01397610982,1,1,22.36829645,366.9554224
19.82,22.32883407,22.22222222,39.22190515,38.4932511,-0.01337909106,-0.01393170832,1,1,22.36795303,367.8944484
19.84,22.32855632,22.22222222,39.21977569,38.49283447,-0.01333726951,-0.01388749894,1,1,22.36761047,368.8353811
19.86,22.32827945,22.22222222,39.21765178,38.49241917,-0.0132956254,-0.01384348059,1,1,22.36726874,369.7782249
19.88,22.32800345,22.22222222,39.21553339,38.49200518,-0.01325415772,-0.01379965217,1,1,22.36692787,370.7229845
19.9,22.32772833,22.22222222,39.21342052,38.4915925,-0.01321286548,-0.01375601261,1,1,22.36658783,371.6696645
19.92,22.32745408,22.22222222,39.21131314,38.49118112,-0.0131717477,-0.01371256084,1,1,22.36624863,372.6182696
19.94,22.3271807,22.22222222,39.20921124,38.49077104,-0.01313080339,-0.01366929579,1,1,22.36591026,373.5688044
19.96,22.32690817,22.22222222,39.20711479,38.49036226,-0.01309003159,-0.0136262164,1,1,22.36557273,374.5212736
19.98,22.3266365,22.22222222,39.20502379,38.48995476,-0.01304943132,-0.01358332161,1,1,22.36523603,375.4756819
20,22.32636569,22.22222222,39.20293821,38.48954854,-0.01300900163,-0.01354061039,1,1,22.36490016,376.432034
20.02,22.32609573,22.22222222,39.20085804,38.4891436,-0.01296874157,-0.01349808169,1,1,22.36456511,377.3903345
20.04,22.32582662,22.22222222,39.19878326,38.48873992,-0.01292865018,-0.01345573448,1,1,22.36423089,378.3505882
20.06,22.32555834,22.22222222,39.19671386,38.48833752,-0.01288872652,-0.01341356774,1,1,22.36389749,379.3127998
20.08,22.32529091,22.22222222,39.19464981,38.48793637,-0.01284896966,-0.01337158044,1,1,22.36356491,380.2769742
20.1,22.32502432,22.22222222,39.1925911,38.48753648,-0.01280937867,-0.01332977158,1,1,22.36323315,381.2431159
20.12,22.32475855,22.22222222,39.19053772,38.48713783,-0.01276995262,-0.01328814014,1,1,22.3629022,382.2112299
20.14,22.32449362,22.22222222,39.18848964,38.48674043,-0.01273069061,-0.01324668514,1,1,22.36257206,383.1813208
20.16,22.32422951,22.22222222,39.18644685,38.48634427,-0.0126915917,-0.01320540558,1,1,22.36224274,384.1533936
20.18,22.32396623,22.22222222,39.18440934,38.48594934,-0.01265265501,-0.01316430047,1,1,22.36191422,385.1274529
20.2,22.32370376,22.22222222,39.18237709,38.48555564,-0.01261387963,-0.01312336883,1,1,22.36158651,386.1035038
20.22,22.32344211,22.22222222,39.18035007,38.48516316,-0.01257526467,-0.0130826097,1,1,22.3612596,387.0815509
20.24,22.32318127,22.22222222,39.17832828,38.4847719,-0.01253680924,-0.01304202209,1,1,22.3609335,388.0615991
20.26,22.32292123,22.22222222,39.1763117,38.48438185,-0.01249851246,-0.01300160507,1,1,22.36060819,389.0436533
20.28,22.32266201,22.22222222,39.17430031,38.48399301,-0.01246037344,-0.01296135766,1,1,22.36028368,390.0277185
20.3,22.32240358,22.22222222,39.1722941,38.48360537,-0.01242239133,-0.01292127892,1,1,22.35995997,391.0137994
20.32,22.32214595,22.22222222,39.17029305,38.48321893,-0.01238456525,-0.01288136791,1,1,22.35963705,392.001901
20.34,22.32188912,22.22222222,39.16829715,38.48283368,-0.01234689434,-0.0128416237,1,1,22.35931491,392.9920282
20.36,22.32163308,22.22222222,39.16630637,38.48244962,-0.01230937776,-0.01280204535,1,1,22.35899357,393.984186
20.38,22.32137783,22.22222222,39.1643207,38.48206674,-0.01227201465,-0.01276263194,1,1,22.35867301,394.9783793
20.4,22.32112336,22.22222222,39.16234014,38.48168504,-0.01223480417,-0.01272338256,1,1,22.35835324,395.9746131
20.42,22.32086967,22.22222222,39.16036465,38.48130451,-0.01219774548,-0.01268429629,1,1,22.35803425,396.9728923
20.44,22.32061677,22.22222222,39.15839423,38.48092515,-0.01216083776,-0.01264537223,1,1,22.35771604,397.9732219
20.46,22.32036464,22.22222222,39.15642886,38.48054695,-0.01212408016,-0.01260660947,1,1,22.3573986,398.975607
20.48,22.32011328,22.22222222,39.15446853,38.48016991,-0.01208747188,-0.01256800712,1,1,22.35708194,399.9800525
20.5,22.31986268,22.22222222,39.15251321,38.47979403,-0.01205101209,-0.0125295643,1,1,22.35676606,400.9865635
20.52,22.31961286,22.22222222,39.1505629,38.47941929,-0.01201469999,-0.01249128013,1,1,22.35645094,401.9951451
20.54,22.3193638,22.22222222,39.14861758,38.47904569,-0.01197853477,-0.01245315372,1,1,22.3561366,403.0058022
20.56,22.31911549,22.22222222,39.14667723,38.47867324,-0.01194251563,-0.0124151842,1,1,22.35582302,404.01854
20.58,22.31886794,22.22222222,39.14474184,38.47830192,-0.01190664177,-0.01237737071,1,1,22.35551021,405.0333636
20.6,22.31862115,22.22222222,39.14281139,38.47793172,-0.01187091241,-0.0123397124,1,1,22.35519816,406.050278
20.62,22.31837511,22.22222222,39.14088587,38.47756266,-0.01183532675,-0.0123022084,1,1,22.35488687,407.0692883
20.64,22.31812981,22.22222222,39.13896527,38.47719471,-0.01179988403,-0.01226485787,1,1,22.35457633,408.0903998
20.66,22.31788526,22.22222222,39.13704956,38.47682788,-0.01176458346,-0.01222765996,1,1,22.35426656,409.1136175
20.68,22.31764144,22.22222222,39.13513874,38.47646216,-0.01172942427,-0.01219061384,1,1,22.35395754,410.1389465
20.7,22.31739837,22.22222222,39.13323279,38.47609755,-0.01169440571,-0.01215371868,1,1,22.35364927,411.1663921
20.72,22.31715603,22.22222222,39.13133169,38.47573404,-0.011659527,-0.01211697364,1,1,22.35334175,412.1959595
20.74,22.31691442,22.22222222,39.12943543,38.47537163,-0.0116247874,-0.01208037791,1,1,22.35303498,413.2276537
20.76,22.31667354,22.22222222,39.12754399,38.47501031,-0.01159018615,-0.01204393067,1,1,22.35272896,414.2614801
20.78,22.31643339,22.22222222,39.12565737,38.47465009,-0.01155572251,-0.0120076311,1,1,22.35242368,415.2974439
20.8,22.31619396,22.22222222,39.12377554,38.47429094,-0.01152139574,-0.01197147842,1,1,22.35211914,416.3355503
20.82,22.31595525,22.22222222,39.12189849,38.47393288,-0.0114872051,-0.0119354718,1,1,22.35181534,417.3758044
20.84,22.31571726,22.22222222,39.12002621,38.47357589,-0.01145314986,-0.01189961047,1,1,22.35151229,418.4182117
20.86,22.31547998,22.22222222,39.11815868,38.47321997,-0.0114192293,-0.01186389362,1,1,22.35120996,419.4627774
20.88,22.31524341,22.22222222,39.11629589,38.47286512,-0.01138544269,-0.01182832047,1,1,22.35090838,420.5095068
20.9,22.31500756,22.22222222,39.11443783,38.47251134,-0.01135178932,-0.01179289025,1,1,22.35060752,421.5584051
20.92,22.31477241,22.22222222,39.11258447,38.47215861,-0.01131826847,-0.01175760218,1,1,22.3503074,422.6094778
20.94,22.31453796,22.22222222,39.11073581,38.47180693,-0.01128487944,-0.01172245548,1,1,22.350008,423.66273
20.96,22.31430421,22.22222222,39.10889184,38.47145631,-0.01125162151,-0.0116874494,1,1,22.34970933,424.7181673
20.98,22.31407116,22.22222222,39.10705253,38.47110673,-0.011218494,-0.01165258317,1,1,22.34941138,425.7757949
21,22.3138388,22.22222222,39.10521787,38.4707582,-0.01118549621,-0.01161785603,1,1,22.34911416,426.8356182
21.02,22.31360713,22.22222222,39.10338786,38.4704107,-0.01115262745,-0.01158326725,1,1,22.34881765,427.8976426
21.04,22.31337616,22.22222222,39.10156247,38.47006423,-0.01111988703,-0.01154881606,1,1,22.34852187,428.9618735
21.06,22.31314587,22.22222222,39.09974169,38.4697188,-0.01108727427,-0.01151450174,1,1,22.3482268,430.0283164
21.08,22.31291626,22.22222222,39.09792552,38.46937439,-0.0110547885,-0.01148032354,1,1,22.34793245,431.0969765
21.1,22.31268733,22.22222222,39.09611392,38.469031,-0.01102242904,-0.01144628074,1,1,22.34763881,432.1678595
21.12,22.31245909,22.22222222,39.0943069,38.46868863,-0.01099019522,-0.0114123726,1,1,22.34734588,433.2409708
21.14,22.31223152,22.22222222,39.09250444,38.46834727,-0.01095808639,-0.01137859841,1,1,22.34705366,434.3163157
21.16,22.31200462,22.22222222,39.09070653,38.46800692,-0.01092610187,-0.01134495745,1,1,22.34676214,435.3938999
21.18,22.31177839,22.22222222,39.08891314,38.46766758,-0.01089424102,-0.01131144901,1,1,22.34647133,436.4737287
21.2,22.31155283,22.22222222,39.08712427,38.46732924,-0.01086250318,-0.01127807237,1,1,22.34618123,437.5558078
21.22,22.31132793,22.22222222,39.08533991,38.46699189,-0.01083088771,-0.01124482683,1,1,22.34589183,438.6401427
21.24,22.31110369,22.22222222,39.08356004,38.46665554,-0.01079939396,-0.0112117117,1,1,22.34560312,439.7267388
21.26,22.31088012,22.22222222,39.08178464,38.46632018,-0.0107680213,-0.01117872628,1,1,22.34531512,440.8156018
21.28,22.3106572,22.22222222,39.08001372,38.4659858,-0.01073676909,-0.01114586988,1,1,22.3450278,441.9067372
21.3,22.31043494,22.22222222,39.07824724,38.46565241,-0.01070563669,-0.01111314182,1,1,22.34474119,443.0001506
21.32,22.31021333,22.22222222,39.0764852,38.46531999,-0.01067462349,-0.01108054141,1,1,22.34445526,444.0958476
21.34,22.30999237,22.22222222,39.07472759,38.46498855,-0.01064372885,-0.01104806798,1,1,22.34417003,445.1938338
21.36,22.30977205,22.22222222,39.07297439,38.46465808,-0.01061295216,-0.01101572085,1,1,22.34388548,446.2941149
21.38,22.30955238,22.22222222,39.07122559,38.46432858,-0.01058229281,-0.01098349935,1,1,22.34360162,447.3966964
21.4,22.30933336,22.22222222,39.06948118,38.46400003,-0.01055175019,-0.01095140283,1,1,22.34331845,448.5015841
21.42,22.30911497,22.22222222,39.06774114,38.46367245,-0.01052132368,-0.01091943062,1,1,22.34303596,449.6087835
21.44,22.30889722,22.22222222,39.06600546,38.46334582,-0.01049101268,-0.01088758206,1,1,22.34275415,450.7183005
21.46,22.3086801,22.22222222,39.06427413,38.46302015,-0.0104608166,-0.01085585651,1,1,22.34247302,451.8301406
21.48,22.30846361,22.22222222,39.06254714,38.46269542,-0.01043073483,-0.01082425332,1,1,22.34219257,452.9443096
21.5,22.30824776,22.22222222,39.06082447,38.46237164,-0.01040076679,-0.01079277184,1,1,22.34191279,454.0608132
21.52,22.30803253,22.22222222,39.05910611,38.46204879,-0.01037091189,-0.01076141144,1,1,22.34163369,455.1796572
21.54,22.30781793,22.22222222,39.05739205,38.46172689,-0.01034116954,-0.01073017147,1,1,22.34135525,456.3008473
21.56,22.30760394,22.22222222,39.05568228,38.46140592,-0.01031153916,-0.01069905132,1,1,22.34107749,457.4243893
21.58,22.30739058,22.22222222,39.05397677,38.46108588,-0.01028202018,-0.01066805034,1,1,22.3408004,458.5502889
21.6,22.30717784,22.22222222,39.05227553,38.46076676,-0.01025261202,-0.01063716793,1,1,22.34052398,459.678552
21.62,22.30696571,22.22222222,39.05057854,38.46044857,-0.01022331412,-0.01060640346,1,1,22.34024822,460.8091844
21.64,22.3067542,22.22222222,39.04888579,38.4601313,-0.01019412589,-0.01057575631,1,1,22.33997312,461.9421919
21.66,22.30654329,22.22222222,39.04719726,38.45981494,-0.0101650468,-0.01054522588,1,1,22.33969869,463.0775803
21.68,22.306333,22.22222222,39.04551294,38.45949949,-0.01013607626,-0.01051481155,1,1,22.33942491,464.2153554
21.7,22.30612331,22.22222222,39.04383282,38.45918496,-0.01010721373,-0.01048451273,1,1,22.33915179,465.3555233
21.72,22.30591422,22.22222222,39.04215689,38.45887133,-0.01007845866,-0.01045432881,1,1,22.33887933,466.4980897
21.74,22.30570573,22.22222222,39.04048514,38.4585586,-0.0100498105,-0.0104242592,1,1,22.33860753,467.6430605
21.76,22.30549785,22.22222222,39.03881754,38.45824677,-0.0100212687,-0.0103943033,1,1,22.33833638,468.7904416
21.78,22.30529056,22.22222222,39.0371541,38.45793584,-0.00999283272,-0.01036446053,1,1,22.33806588,469.9402391
21.8,22.30508386,22.22222222,39.03549481,38.4576258,-0.009964502022,-0.01033473031,1,1,22.33779602,471.0924587
21.82,22.30487776,22.22222222,39.03383963,38.45731664,-0.009936276071,-0.01030511205,1,1,22.33752682,472.2471066
21.84,22.30467225,22.22222222,39.03218858,38.45700838,-0.009908154335,-0.01027560517,1,1,22.33725826,473.4041885
21.86,22.30446733,22.22222222,39.03054163,38.45670099,-0.009880136287,-0.0102462091,1,1,22.33699035,474.5637106
21.88,22.30426299,22.22222222,39.02889877,38.45639448,-0.0098522214,-0.01021692328,1,1,22.33672308,475.7256788
21.9,22.30405923,22.22222222,39.02725999,38.45608885,-0.009824409154,-0.01018774713,1,1,22.33645645,476.8900992
21.92,22.30385606,22.22222222,39.02562528,38.45578409,-0.009796699031,-0.01015868009,1,1,22.33619046,478.0569777
21.94,22.30365346,22.22222222,39.02399463,38.4554802,-0.009769090514,-0.0101297216,1,1,22.33592511,479.2263204
21.96,22.30345145,22.22222222,39.02236803,38.45517717,-0.009741583091,-0.01010087112,1,1,22.33566039,480.3981334
21.98,22.30325,22.22222222,39.02074546,38.45487501,-0.009714176256,-0.01007212807,1,1,22.33539631,481.5724228
22,22.30304913,22.22222222,39.01912691,38.4545737,-0.0096868695,-0.01004349193,1,1,22.33513286,482.7491945
22.02,22.30284884,22.22222222,39.01751237,38.45427325,-0.009659662323,-0.01001496213,1,1,22.33487005,483.9284548
22.04,22.3026491,22.22222222,39.01590184,38.45397366,-0.009632554224,-0.009986538149,1,1,22.33460786,485.1102097
22.06,22.30244994,22.22222222,39.01429529,38.45367491,-0.009605544709,-0.009958219435,1,1,22.3343463,486.2944654
22.08,22.30225134,22.22222222,39.01269272,38.45337701,-0.009578633282,-0.009930005457,1,1,22.33408536,487.481228
22.1,22.3020533,22.22222222,39.01109412,38.45307995,-0.009551819456,-0.009901895683,1,1,22.33382506,488.6705037
22.12,22.30185582,22.22222222,39.00949948,38.45278374,-0.009525102742,-0.009873889585,1,1,22.33356537,489.8622987
22.14,22.3016589,22.22222222,39.00790877,38.45248836,-0.009498482656,-0.009845986638,1,1,22.33330631,491.0566191
22.16,22.30146254,22.22222222,39.006322,38.45219381,-0.009471958719,-0.009818186319,1,1,22.33304786,492.2534711
22.18,22.30126673,22.22222222,39.00473915,38.4519001,-0.009445530451,-0.009790488111,1,1,22.33279003,493.452861
22.2,22.30107147,22.22222222,39.00316022,38.45160721,-0.009419197378,-0.009762891498,1,1,22.33253282,494.6547951
22.22,22.30087677,22.22222222,39.00158518,38.45131515,-0.009392959028,-0.009735395969,1,1,22.33227623,495.8592794
22.24,22.30068261,22.22222222,39.00001403,38.45102391,-0.009366814931,-0.009708001013,1,1,22.33202025,497.0663204
22.26,22.30048899,22.22222222,38.99844676,38.45073349,-0.009340764623,-0.009680706127,1,1,22.33176488,498.2759243
22.28,22.30029592,22.22222222,38.99688335,38.45044388,-0.009314807638,-0.009653510806,1,1,22.33151012,499.4880974
22.3,22.30010339,22.22222222,38.9953238,38.45015509,-0.009288943518,-0.009626414553,1,1,22.33125597,500.7028459
22.32,22.2999114,22.22222222,38.9937681,38.44986711,-0.009263171804,-0.00959941687,1,1,22.33100242,501.9201763
22.34,22.29971995,22.22222222,38.99221623,38.44957993,-0.009237492041,-0.009572517265,1,1,22.33074948,503.1400949
22.36,22.29952904,22.22222222,38.99066819,38.44929356,-0.009211903778,-0.009545715247,1,1,22.33049715,504.362608
22.38,22.29933866,22.22222222,38.98912395,38.44900799,-0.009186406566,-0.009519010329,1,1,22.33024542,505.587722
22.4,22.29914881,22.22222222,38.98758352,38.44872322,-0.009160999958,-0.009492402028,1,1,22.32999428,506.8154432
22.42,22.29895949,22.22222222,38.98604688,38.44843924,-0.00913568351,-0.009465889863,1,1,22.32974375,508.0457781
22.44,22.2987707,22.22222222,38.98451403,38.44815606,-0.009110456783,-0.009439473355,1,1,22.32949382,509.2787331
22.46,22.29858244,22.22222222,38.98298494,38.44787366,-0.009085319336,-0.009413152029,1,1,22.32924448,510.5143146
22.48,22.2983947,22.22222222,38.98145961,38.44759205,-0.009060270736,-0.009386925413,1,1,22.32899573,511.7525291
22.5,22.29820749,22.22222222,38.97993804,38.44731123,-0.00903531055,-0.009360793039,1,1,22.32874758,512.993383
22.52,22.29802079,22.22222222,38.9784202,38.44703119,-0.009010438346,-0.00933475444,1,1,22.32850002,514.2368828
22.54,22.29783462,22.22222222,38.97690609,38.44675192,-0.008985653698,-0.009308809153,1,1,22.32825306,515.483035
22.56,22.29764896,22.22222222,38.9753957,38.44647343,-0.008960956181,-0.009282956716,1,1,22.32800667,516.7318461
22.58,22.29746381,22.22222222,38.97388901,38.44619572,-0.008936345373,-0.009257196673,1,1,22.32776088,517.9833227
22.6,22.29727918,22.22222222,38.97238603,38.44591877,-0.008911820854,-0.009231528569,1,1,22.32751567,519.2374711
22.62,22.29709506,22.22222222,38.97088673,38.44564259,-0.008887382207,-0.009205951952,1,1,22.32727105,520.4942981
22.64,22.29691145,22.22222222,38.96939111,38.44536718,-0.008863029017,-0.009180466372,1,1,22.32702701,521.7538102
22.66,22.29672835,22.22222222,38.96789916,38.44509253,-0.008838760872,-0.009155071384,1,1,22.32678355,523.0160139
22.68,22.29654576,22.22222222,38.96641086,38.44481864,-0.008814577364,-0.009129766543,1,1,22.32654067,524.2809158
22.7,22.29636367,22.22222222,38.96492621,38.4445455,-0.008790478085,-0.009104551409,1,1,22.32629836,525.5485227
22.72,22.29618208,22.22222222,38.9634452,38.44427312,-0.00876646263,-0.009079425543,1,1,22.32605664,526.818841
22.74,22.29600099,22.22222222,38.96196781,38.44400148,-0.008742530598,-0.00905438851,1,1,22.32581549,528.0918775
22.76,22.2958204,22.22222222,38.96049404,38.4437306,-0.008718681589,-0.009029439877,1,1,22.32557491,529.3676388
22.78,22.29564031,22.22222222,38.95902388,38.44346046,-0.008694915206,-0.009004579214,1,1,22.3253349,530.6461316
22.8,22.29546071,22.22222222,38.95755731,38.44319107,-0.008671231054,-0.008979806093,1,1,22.32509547,531.9273625
22.82,22.29528161,22.22222222,38.95609433,38.44292242,-0.008647628741,-0.00895512009,1,1,22.32485661,533.2113384
22.84,22.295103,22.22222222,38.95463493,38.4426545,-0.008624107877,-0.008930520782,1,1,22.32461831,534.4980658
22.86,22.29492488,22.22222222,38.9531791,38.44238732,-0.008600668074,-0.00890600775,1,1,22.32438058,535.7875516
22.88,22.29474725,22.22222222,38.95172682,38.44212087,-0.008577308948,-0.008881580576,1,1,22.32414341,537.0798025
22.9,22.2945701,22.22222222,38.95027809,38.44185516,-0.008554030115,-0.008857238845,1,1,22.32390681,538.3748252
22.92,22.29439344,22.22222222,38.9488329,38.44159017,-0.008530831195,-0.008832982147,1,1,22.32367077,539.6726266
22.94,22.29421727,22.22222222,38.94739124,38.4413259,-0.00850771181,-0.008808810071,1,1,22.32343529,540.9732135
22.96,22.29404157,22.22222222,38.94595309,38.44106236,-0.008484671584,-0.00878472221,1,1,22.32320037,542.2765926
22.98,22.29386636,22.22222222,38.94451846,38.44079954,-0.008461710143,-0.00876071816,1,1,22.32296601,543.5827709
23,22.29369162,22.22222222,38.94308732,38.44053743,-0.008438827116,-0.008736797519,1,1,22.3227322,544.8917551
23.02,22.29351736,22.22222222,38.94165968,38.44027605,-0.008416022134,-0.008712959886,1,1,22.32249895,546.2035521
23.04,22.29334358,22.22222222,38.94023551,38.44001537,-0.008393294829,-0.008689204866,1,1,22.32226625,547.5181688
23.06,22.29317027,22.22222222,38.93881482,38.4397554,-0.008370644837,-0.008665532063,1,1,22.32203411,548.8356122
23.08,22.29299743,22.22222222,38.93739759,38.43949615,-0.008348071796,-0.008641941085,1,1,22.32180251,550.155889
23.1,22.29282506,22.22222222,38.93598381,38.43923759,-0.008325575346,-0.008618431542,1,1,22.32157146,551.4790063
23.12,22.29265316,22.22222222,38.93457347,38.43897974,-0.008303155127,-0.008595003046,1,1,22.32134097,552.8049709
23.14,22.29248173,22.22222222,38.93316656,38.43872259,-0.008280810784,-0.008571655213,1,1,22.32111102,554.1337899
23.16,22.29231076,22.22222222,38.93176308,38.43846614,-0.008258541964,-0.008548387658,1,1,22.32088161,555.4654703
23.18,22.29214026,22.22222222,38.93036302,38.43821039,-0.008236348315,-0.008525200003,1,1,22.32065275,556.8000189
23.2,22.29197022,22.22222222,38.92896636,38.43795532,-0.008214229486,-0.008502091868,1,1,22.32042443,558.1374429
23.22,22.29180063,22.22222222,38.92757309,38.43770095,-0.008192185131,-0.008479062877,1,1,22.32019665,559.4777492
23.24,22.29163151,22.22222222,38.92618322,38.43744727,-0.008170214904,-0.008456112658,1,1,22.31996941,560.820945
23.26,22.29146285,22.22222222,38.92479672,38.43719427,-0.008148318462,-0.008433240837,1,1,22.31974271,562.1670371
23.28,22.29129464,22.22222222,38.92341359,38.43694196,-0.008126495464,-0.008410447047,1,1,22.31951655,563.5160328
23.3,22.29112688,22.22222222,38.92203382,38.43669032,-0.008104745569,-0.008387730921,1,1,22.31929092,564.8679392
23.32,22.29095958,22.22222222,38.9206574,38.43643937,-0.008083068441,-0.008365092093,1,1,22.31906583,566.2227632
23.34,22.29079273,22.22222222,38.91928432,38.4361891,-0.008061463746,-0.0083425302,1,1,22.31884127,567.5805121
23.36,22.29062633,22.22222222,38.91791457,38.43593949,-0.008039931148,-0.008320044884,1,1,22.31861724,568.9411929
23.38,22.29046038,22.22222222,38.91654815,38.43569057,-0.008018470318,-0.008297635785,1,1,22.31839374,570.304813
23.4,22.29029487,22.22222222,38.91518504,38.43544231,-0.007997080926,-0.008275302548,1,1,22.31817077,571.6713793
23.42,22.29012981,22.22222222,38.91382524,38.43519472,-0.007975762645,-0.008253044818,1,1,22.31794833,573.0408991
23.44,22.28996519,22.22222222,38.91246873,38.43494779,-0.007954515149,-0.008230862244,1,1,22.31772641,574.4133796
23.46,22.28980102,22.22222222,38.91111551,38.43470153,-0.007933338115,-0.008208754477,1,1,22.31750502,575.7888281
23.48,22.28963728,22.22222222,38.90976558,38.43445593,-0.007912231222,-0.008186721168,1,1,22.31728415,577.1672517
23.5,22.28947399,22.22222222,38.90841891,38.43421098,-0.007891194149,-0.008164761972,1,1,22.31706381,578.5486578
23.52,22.28931113,22.22222222,38.9070755,38.4339667,-0.00787022658,-0.008142876546,1,1,22.31684398,579.9330535
23.54,22.28914871,22.22222222,38.90573535,38.43372306,-0.007849328199,-0.008121064549,1,1,22.31662468,581.3204462
23.56,22.28898672,22.22222222,38.90439844,38.43348008,-0.00782849869,-0.008099325641,1,1,22.31640589,582.7108432
23.58,22.28882517,22.22222222,38.90306476,38.43323775,-0.007807737744,-0.008077659485,1,1,22.31618762,584.1042519
23.6,22.28866405,22.22222222,38.90173431,38.43299607,-0.007787045048,-0.008056065746,1,1,22.31596987,585.5006794
23.62,22.28850336,22.22222222,38.90040709,38.43275504,-0.007766420295,-0.00803454409,1,1,22.31575263,586.9001333
23.64,22.2883431,22.22222222,38.89908307,38.43251464,-0.007745863179,-0.008013094186,1,1,22.31553591,588.3026208
23.66,22.28818326,22.22222222,38.89776225,38.43227489,-0.007725373394,-0.007991715706,1,1,22.31531969,589.7081494
23.68,22.28802385,22.22222222,38.89644462,38.43203578,-0.007704950637,-0.007970408321,1,1,22.31510399,591.1167265
23.7,22.28786487,22.22222222,38.89513018,38.4317973,-0.007684594608,-0.007949171706,1,1,22.3148888,592.5283595
23.72,22.28770631,22.22222222,38.89381891,38.43155946,-0.007664305006,-0.007928005538,1,1,22.31467411,593.9430557
23.74,22.28754817,22.22222222,38.89251081,38.43132226,-0.007644081535,-0.007906909496,1,1,22.31445993,595.3608228
23.76,22.28739045,22.22222222,38.89120587,38.43108568,-0.007623923898,-0.007885883259,1,1,22.31424626,596.7816681
23.78,22.28723316,22.22222222,38.88990408,38.43084973,-0.007603831801,-0.00786492651,1,1,22.31403309,598.2055992
23.8,22.28707627,22.22222222,38.88860543,38.43061441,-0.007583804952,-0.007844038933,1,1,22.31382043,599.6326235
23.82,22.28691981,22.22222222,38.88730991,38.43037971,-0.007563843059,-0.007823220215,1,1,22.31360826,601.0627487
23.84,22.28676376,22.22222222,38.88601752,38.43014564,-0.007543945834,-0.007802470042,1,1,22.3133966,602.4959821
23.86,22.28660812,22.22222222,38.88472824,38.42991219,-0.00752411299,-0.007781788106,1,1,22.31318543,603.9323314
23.88,22.2864529,22.22222222,38.88344208,38.42967935,-0.007504344241,-0.007761174096,1,1,22.31297477,605.3718042
23.9,22.28629809,22.22222222,38.88215901,38.42944713,-0.007484639303,-0.007740627708,1,1,22.3127646,606.814408
23.92,22.28614369,22.22222222,38.88087904,38.42921553,-0.007464997893,-0.007720148636,1,1,22.31255492,608.2601505
23.94,22.28598969,22.22222222,38.87960215,38.42898454,-0.00744541973,-0.007699736576,1,1,22.31234574,609.7090392
23.96,22.2858361,22.22222222,38.87832834,38.42875415,-0.007425904537,-0.007679391228,1,1,22.31213706,611.1610819
23.98,22.28568292,22.22222222,38.87705759,38.42852438,-0.007406452034,-0.007659112293,1,1,22.31192886,612.6162862
24,22.28553014,22.22222222,38.8757899,38.42829521,-0.007387061948,-0.007638899472,1,1,22.31172116,614.0746598
24.02,22.28537777,22.22222222,38.87452527,38.42806665,-0.007367734002,-0.00761875247,1,1,22.31151395,615.5362103
24.04,22.28522579,22.22222222,38.87326368,38.42783869,-0.007348467925,-0.007598670993,1,1,22.31130722,617.0009456
24.06,22.28507422,22.22222222,38.87200512,38.42761133,-0.007329263445,-0.007578654747,1,1,22.31110098,618.4688732
24.08,22.28492305,22.22222222,38.87074959,38.42738457,-0.007310120293,-0.007558703443,1,1,22.31089523,619.940001
24.1,22.28477227,22.22222222,38.86949709,38.42715841,-0.007291038201,-0.007538816791,1,1,22.31068996,621.4143368
24.12,22.28462189,22.22222222,38.86824759,38.42693284,-0.007272016903,-0.007518994504,1,1,22.31048517,622.8918882
24.14,22.28447191,22.22222222,38.86700109,38.42670786,-0.007253056134,-0.007499236296,1,1,22.31028087,624.3726632
24.16,22.28432232,22.22222222,38.8657576,38.42648347,-0.00723415563,-0.007479541883,1,1,22.31007705,625.8566696
24.18,22.28417312,22.22222222,38.86451709,38.42625968,-0.00721531513,-0.007459910983,1,1,22.3098737,627.3439151
24.2,22.28402431,22.22222222,38.86327956,38.42603647,-0.007196534373,-0.007440343314,1,1,22.30967084,628.8344076
24.22,22.28387589,22.22222222,38.862045,38.42581384,-0.0071778131,-0.007420838599,1,1,22.30946845,630.3281551
24.24,22.28372787,22.22222222,38.86081341,38.4255918,-0.007159151055,-0.007401396559,1,1,22.30926654,631.8251654
24.26,22.28358023,22.22222222,38.85958477,38.42537034,-0.007140547982,-0.007382016919,1,1,22.30906511,633.3254463
24.28,22.28343297,22.22222222,38.85835908,38.42514946,-0.007122003625,-0.007362699404,1,1,22.30886415,634.8290059
24.3,22.2832861,22.22222222,38.85713634,38.42492915,-0.007103517733,-0.007343443742,1,1,22.30866366,636.3358521
24.32,22.28313962,22.22222222,38.85591652,38.42470943,-0.007085090053,-0.007324249661,1,1,22.30846364,637.8459929
24.34,22.28299352,22.22222222,38.85469964,38.42449027,-0.007066720336,-0.007305116892,1,1,22.30826409,639.3594361
24.36,22.28284779,22.22222222,38.85348567,38.42427169,-0.007048408333,-0.007286045168,1,1,22.30806502,640.8761899
24.38,22.28270245,22.22222222,38.85227461,38.42405368,-0.007030153797,-0.007267034221,1,1,22.30786641,642.3962622
24.4,22.28255749,22.22222222,38.85106645,38.42383624,-0.007011956482,-0.007248083787,1,1,22.30766827,643.9196611
24.42,22.28241291,22.22222222,38.8498612,38.42361936,-0.006993816144,-0.007229193603,1,1,22.30747059,645.4463947
24.44,22.2822687,22.22222222,38.84865882,38.42340305,-0.006975732539,-0.007210363406,1,1,22.30727338,646.9764709
24.46,22.28212487,22.22222222,38.84745933,38.4231873,-0.006957705427,-0.007191592937,1,1,22.30707663,648.5098979
24.48,22.28198141,22.22222222,38.84626271,38.42297212,-0.006939734567,-0.007172881936,1,1,22.30688034,650.0466838
24.5,22.28183833,22.22222222,38.84506896,38.42275749,-0.00692181972,-0.007154230146,1,1,22.30668452,651.5868368
24.52,22.28169561,22.22222222,38.84387807,38.42254342,-0.006903960648,-0.007135637312,1,1,22.30648915,653.1303649
24.54,22.28155327,22.22222222,38.84269002,38.42232991,-0.006886157116,-0.007117103179,1,1,22.30629424,654.6772763
24.56,22.2814113,22.22222222,38.84150482,38.42211695,-0.006868408889,-0.007098627494,1,1,22.3060998,656.2275793
24.58,22.2812697,22.22222222,38.84032246,38.42190454,-0.006850715733,-0.007080210006,1,1,22.3059058,657.7812819
24.6,22.28112846,22.22222222,38.83914292,38.42169269,-0.006833077416,-0.007061850464,1,1,22.30571227,659.3383925
24.62,22.28098759,22.22222222,38.8379662,38.42148138,-0.006815493707,-0.00704354862,1,1,22.30551919,660.8989193
24.64,22.28084708,22.22222222,38.8367923,38.42127062,-0.006797964377,-0.007025304227,1,1,22.30532656,662.4628705
24.66,22.28070694,22.22222222,38.8356212,38.42106041,-0.006780489197,-0.007007117039,1,1,22.30513438,664.0302543
24.68,22.28056716,22.22222222,38.83445291,38.42085074,-0.00676306794,-0.006988986812,1,1,22.30494266,665.6010792
24.7,22.28042774,22.22222222,38.8332874,38.42064161,-0.006745700381,-0.006970913302,1,1,22.30475138,667.1753534
24.72,22.28028868,22.22222222,38.83212468,38.42043302,-0.006728386296,-0.006952896268,1,1,22.30456055,668.7530852
24.74,22.28014998,22.22222222,38.83096474,38.42022498,-0.00671112546,-0.00693493547,1,1,22.30437018,670.3342829
24.76,22.28001164,22.22222222,38.82980757,38.42001747,-0.006693917652,-0.00691703067,1,1,22.30418024,671.918955
24.78,22.27987366,22.22222222,38.82865316,38.41981049,-0.006676762652,-0.006899181628,1,1,22.30399076,673.5071099
24.8,22.27973603,22.22222222,38.82750151,38.41960405,-0.00665966024,-0.00688138811,1,1,22.30380171,675.0987558
24.82,22.27959876,22.22222222,38.8263526,38.41939814,-0.006642610198,-0.006863649881,1,1,22.30361312,676.6939014
24.84,22.27946184,22.22222222,38.82520644,38.41919276,-0.006625612309,-0.006845966706,1,1,22.30342496,678.2925549
24.86,22.27932527,22.22222222,38.82406302,38.41898791,-0.006608666356,-0.006828338354,1,1,22.30323724,679.8947249
24.88,22.27918906,22.22222222,38.82292232,38.41878359,-0.006591772126,-0.006810764594,1,1,22.30304997,681.5004198
24.9,22.27905319,22.22222222,38.82178434,38.41857979,-0.006574929405,-0.006793245197,1,1,22.30286313,683.1096482
24.92,22.27891768,22.22222222,38.82064908,38.41837652,-0.00655813798,-0.006775779933,1,1,22.30267673,684.7224186
24.94,22.27878251,22.22222222,38.81951652,38.41817376,-0.006541397642,-0.006758368577,1,1,22.30249077,686.3387394
24.96,22.27864769,22.22222222,38.81838666,38.41797153,-0.006524708179,-0.006741010902,1,1,22.30230525,687.9586193
24.98,22.27851322,22.22222222,38.8172595,38.41776982,-0.006508069384,-0.006723706685,1,1,22.30212016,689.5820669
25,22.27837909,22.22222222,38.81613502,38.41756863,-0.006491481048,-0.0067064557,1,1,22.3019355,691.2090906
25.02,22.2782453,22.22222222,38.81501322,38.41736795,-0.006474942965,-0.006689257728,1,1,22.30175128,692.8396993
25.04,22.27811186,22.22222222,38.81389409,38.41716779,-0.006458454931,-0.006672112547,1,1,22.30156748,694.4739014
25.06,22.27797876,22.22222222,38.81277763,38.41696814,-0.00644201674,-0.006655019938,1,1,22.30138412,696.1117056
25.08,22.277846,22.22222222,38.81166383,38.416769,-0.00642562819,-0.006637979682,1,1,22.30120119,697.7531206
25.1,22.27771358,22.22222222,38.81055267,38.41657037,-0.00640928908,-0.006620991563,1,1,22.30101868,699.3981552
25.12,22.2775815,22.22222222,38.80944417,38.41637225,-0.006392999207,-0.006604055364,1,1,22.30083661,701.046818
25.14,22.27744975,22.22222222,38.8083383,38.41617463,-0.006376758373,-0.006587170872,1,1,22.30065496,702.6991177
25.16,22.27731835,22.22222222,38.80723506,38.41597752,-0.006360566379,-0.006570337872,1,1,22.30047373,704.3550631
25.18,22.27718728,22.22222222,38.80613445,38.41578092,-0.006344423028,-0.006553556152,1,1,22.30029293,706.0146629
25.2,22.27705654,22.22222222,38.80503646,38.41558481,-0.006328328123,-0.006536825502,1,1,22.30011255,707.6779261
25.22,22.27692614,22.22222222,38.80394108,38.41538921,-0.006312281469,-0.006520145712,1,1,22.2999326,709.3448613
25.24,22.27679607,22.22222222,38.8028483,38.4151941,-0.006296282871,-0.006503516573,1,1,22.29975306,711.0154774
25.26,22.27666633,22.22222222,38.80175812,38.41499949,-0.006280332136,-0.006486937876,1,1,22.29957395,712.6897832
25.28,22.27653692,22.22222222,38.80067053,38.41480538,-0.006264429073,-0.006470409417,1,1,22.29939525,714.3677877
25.3,22.27640784,22.22222222,38.79958553,38.41461176,-0.00624857349,-0.00645393099,1,1,22.29921698,716.0494996
25.32,22.27627909,22.22222222,38.7985031,38.41441864,-0.006232765197,-0.00643750239,1,1,22.29903912,717.734928
25.34,22.27615067,22.22222222,38.79742325,38.414226,-0.006217004006,-0.006421123414,1,1,22.29886167,719.4240818
25.36,22.27602257,22.22222222,38.79634596,38.41403386,-0.006201289727,-0.006404793862,1,1,22.29868464,721.1169698
25.38,22.2758948,22.22222222,38.79527123,38.4138422,-0.006185622174,-0.006388513531,1,1,22.29850803,722.8136012
25.4,22.27576736,22.22222222,38.79419905,38.41365104,-0.006170001162,-0.006372282222,1,1,22.29833183,724.5139847
25.42,22.27564024,22.22222222,38.79312942,38.41346035,-0.006154426505,-0.006356099737,1,1,22.29815604,726.2181296
25.44,22.27551344,22.22222222,38.79206233,38.41327015,-0.006138898019,-0.006339965879,1,1,22.29798066,727.9260447
25.46,22.27538696,22.22222222,38.79099777,38.41308044,-0.006123415521,-0.00632388045,1,1,22.29780569,729.6377392
25.48,22.2752608,22.22222222,38.78993574,38.4128912,-0.00610797883,-0.006307843256,1,1,22.29763113,731.3532222
25.5,22.27513496,22.22222222,38.78887622,38.41270245,-0.006092587764,-0.006291854102,1,1,22.29745698,733.0725026
25.52,22.27500945,22.22222222,38.78781923,38.41251417,-0.006077242143,-0.006275912795,1,1,22.29728323,734.7955897
25.54,22.27488425,22.22222222,38.78676473,38.41232637,-0.006061941789,-0.006260019142,1,1,22.2971099,736.5224925
25.56,22.27475936,22.22222222,38.78571274,38.41213904,-0.006046686522,-0.006244172954,1,1,22.29693696,738.2532202
25.58,22.27463479,22.22222222,38.78466324,38.41195219,-0.006031476167,-0.00622837404,1,1,22.29676443,739.987782
25.6,22.27451054,22.22222222,38.78361624,38.41176581,-0.006016310547,-0.00621262221,1,1,22.29659231,741.7261871
25.62,22.2743866,22.22222222,38.78257171,38.41157991,-0.006001189486,-0.006196917277,1,1,22.29642058,743.4684447
25.64,22.27426298,22.22222222,38.78152966,38.41139447,-0.005986112811,-0.006181259054,1,1,22.29624926,745.214564
25.66,22.27413967,22.22222222,38.78049007,38.4112095,-0.005971080347,-0.006165647354,1,1,22.29607834,746.9645543
25.68,22.27401666,22.22222222,38.77945296,38.411025,-0.005956091924,-0.006150081994,1,1,22.29590781,748.7184248
25.7,22.27389397,22.22222222,38.77841829,38.41084096,-0.005941147368,-0.006134562788,1,1,22.29573769,750.4761849
25.72,22.27377159,22.22222222,38.77738608,38.41065739,-0.005926246509,-0.006119089554,1,1,22.29556796,752.2378439
25.74,22.27364952,22.22222222,38.77635632,38.41047428,-0.005911389178,-0.006103662111,1,1,22.29539863,754.0034111
25.76,22.27352775,22.22222222,38.77532899,38.41029163,-0.005896575206,-0.006088280276,1,1,22.29522969,755.7728959
25.78,22.27340629,22.22222222,38.77430409,38.41010944,-0.005881804425,-0.006072943871,1,1,22.29506115,757.5463076
25.8,22.27328514,22.22222222,38.77328162,38.40992771,-0.005867076668,-0.006057652715,1,1,22.294893,759.3236557
25.82,22.27316429,22.22222222,38.77226157,38.40974644,-0.005852391769,-0.006042406631,1,1,22.29472525,761.1049495
25.84,22.27304375,22.22222222,38.77124394,38.40956562,-0.005837749562,-0.006027205442,1,1,22.29455789,762.8901986
25.86,22.27292351,22.22222222,38.77022871,38.40938526,-0.005823149884,-0.006012048972,1,1,22.29439091,764.6794123
25.88,22.27280357,22.22222222,38.76921588,38.40920535,-0.00580859257,-0.005996937045,1,1,22.29422433,766.4726003
25.9,22.27268393,22.22222222,38.76820545,38.4090259,-0.005794077457,-0.005981869487,1,1,22.29405813,768.2697719
25.92,22.27256459,22.22222222,38.76719741,38.40884689,-0.005779604386,-0.005966846124,1,1,22.29389233,770.0709367
25.94,22.27244556,22.22222222,38.76619175,38.40866833,-0.005765173193,-0.005951866785,1,1,22.29372691,771.8761043
25.96,22.27232682,22.22222222,38.76518847,38.40849023,-0.005750783719,-0.005936931298,1,1,22.29356187,773.6852842
25.98,22.27220838,22.22222222,38.76418757,38.40831257,-0.005736435806,-0.005922039492,1,1,22.29339722,775.4984861
26,22.27209023,22.22222222,38.76318902,38.40813535,-0.005722129293,-0.005907191197,1,1,22.29323296,777.3157195
26.02,22.27197239,22.22222222,38.76219284,38.40795858,-0.005707864025,-0.005892386244,1,1,22.29306908,779.136994
26.04,22.27185483,22.22222222,38.76119902,38.40778225,-0.005693639843,-0.005877624467,1,1,22.29290558,780.9623194
26.06,22.27173758,22.22222222,38.76020754,38.40760636,-0.005679456593,-0.005862905697,1,1,22.29274246,782.7917053
26.08,22.27162061,22.22222222,38.7592184,38.40743092,-0.005665314118,-0.005848229769,1,1,22.29257972,784.6251615
26.1,22.27150394,22.22222222,38.7582316,38.40725591,-0.005651212265,-0.005833596517,1,1,22.29241736,786.4626975
26.12,22.27138756,22.22222222,38.75724713,38.40708134,-0.00563715088,-0.005819005776,1,1,22.29225538,788.3043233
26.14,22.27127147,22.22222222,38.75626498,38.4069072,-0.00562312981,-0.005804457385,1,1,22.29209378,790.1500485
26.16,22.27115567,22.22222222,38.75528515,38.40673351,-0.005609148904,-0.005789951179,1,1,22.29193255,791.9998829
26.18,22.27104016,22.22222222,38.75430764,38.40656024,-0.00559520801,-0.005775486997,1,1,22.2917717,793.8538364
26.2,22.27092494,22.22222222,38.75333243,38.40638741,-0.005581306977,-0.005761064678,1,1,22.29161123,795.7119187
26.22,22.27081001,22.22222222,38.75235953,38.40621501,-0.005567445657,-0.005746684062,1,1,22.29145113,797.5741398
26.24,22.27069536,22.22222222,38.75138892,38.40604304,-0.0055536239,-0.005732344989,1,1,22.2912914,799.4405095
26.26,22.270581,22.22222222,38.7504206,38.4058715,-0.005539841558,-0.005718047302,1,1,22.29113204,801.3110377
26.28,22.27046692,22.22222222,38.74945457,38.40570038,-0.005526098484,-0.005703790843,1,1,22.29097306,803.1857344
26.3,22.27035313,22.22222222,38.74849081,38.4055297,-0.005512394532,-0.005689575454,1,1,22.29081444,805.0646094
26.32,22.27023962,22.22222222,38.74752933,38.40535943,-0.005498729555,-0.00567540098,1,1,22.2906562,806.9476727
26.34,22.2701264,22.22222222,38.74657011,38.4051896,-0.005485103409,-0.005661267266,1,1,22.29049833,808.8349344
26.36,22.27001345,22.22222222,38.74561316,38.40502018,-0.005471515949,-0.005647174158,1,1,22.29034082,810.7264044
26.38,22.26990079,22.22222222,38.74465846,38.40485119,-0.005457967031,-0.005633121501,1,1,22.29018368,812.6220928
26.4,22.26978841,22.22222222,38.74370601,38.40468261,-0.005444456514,-0.005619109143,1,1,22.2900269,814.5220096
26.42,22.26967631,22.22222222,38.74275581,38.40451446,-0.005430984254,-0.005605136933,1,1,22.28987049,816.4261649
26.44,22.26956448,22.22222222,38.74180784,38.40434672,-0.005417550111,-0.005591204719,1,1,22.28971445,818.3345688
26.46,22.26945294,22.22222222,38.74086211,38.4041794,-0.005404153944,-0.00557731235,1,1,22.28955876,820.2472314
26.48,22.26934167,22.22222222,38.73991861,38.4040125,-0.005390795612,-0.005563459678,1,1,22.28940344,822.1641629
26.5,22.26923067,22.22222222,38.73897733,38.40384601,-0.005377474977,-0.005549646552,1,1,22.28924849,824.0853734
26.52,22.26911996,22.22222222,38.73803827,38.40367993,-0.0053641919,-0.005535872826,1,1,22.28909389,826.0108731
26.54,22.26900951,22.22222222,38.73710142,38.40351427,-0.005350946243,-0.005522138352,1,1,22.28893965,827.9406723
26.56,22.26889934,22.22222222,38.73616678,38.40334902,-0.005337737869,-0.005508442983,1,1,22.28878577,829.8747812
26.58,22.26878945,22.22222222,38.73523433,38.40318417,-0.005324566642,-0.005494786574,1,1,22.28863225,831.8132099
26.6,22.26867983,22.22222222,38.73430409,38.40301974,-0.005311432426,-0.00548116898,1,1,22.28847909,833.7559689
26.62,22.26857047,22.22222222,38.73337603,38.40285571,-0.005298335085,-0.005467590055,1,1,22.28832629,835.7030685
26.64,22.26846139,22.22222222,38.73245015,38.40269209,-0.005285274486,-0.005454049658,1,1,22.28817384,837.6545188
26.66,22.26835258,22.22222222,38.73152646,38.40252887,-0.005272250495,-0.005440547644,1,1,22.28802174,839.6103304
26.68,22.26824404,22.22222222,38.73060494,38.40236606,-0.005259262979,-0.005427083872,1,1,22.28787,841.5705135
26.7,22.26813577,22.22222222,38.72968558,38.40220365,-0.005246311804,-0.005413658201,1,1,22.28771861,843.5350787
26.72,22.26802776,22.22222222,38.72876839,38.40204164,-0.005233396841,-0.005400270489,1,1,22.28756757,845.5040362
26.74,22.26792002,22.22222222,38.72785336,38.40188003,-0.005220517957,-0.005386920597,1,1,22.28741689,847.4773965
26.76,22.26781255,22.22222222,38.72694048,38.40171883,-0.005207675023,-0.005373608386,1,1,22.28726655,849.4551702
26.78,22.26770534,22.22222222,38.72602974,38.40155802,-0.005194867907,-0.005360333717,1,1,22.28711657,851.4373677
26.8,22.2675984,22.22222222,38.72512115,38.4013976,-0.005182096483,-0.005347096452,1,1,22.28696693,853.4239994
26.82,22.26749172,22.22222222,38.72421469,38.40123759,-0.00516936062,-0.005333896455,1,1,22.28681764,855.4150761
26.84,22.26738531,22.22222222,38.72331037,38.40107796,-0.005156660191,-0.005320733588,1,1,22.2866687,857.4106081
26.86,22.26727916,22.22222222,38.72240817,38.40091874,-0.00514399507,-0.005307607716,1,1,22.28652011,859.4106062
26.88,22.26717327,22.22222222,38.72150809,38.4007599,-0.005131365128,-0.005294518704,1,1,22.28637186,861.4150808
26.9,22.26706764,22.22222222,38.72061012,38.40060146,-0.005118770242,-0.005281466418,1,1,22.28622396,863.4240427
26.92,22.26696227,22.22222222,38.71971427,38.4004434,-0.005106210284,-0.005268450724,1,1,22.2860764,865.4375026
26.94,22.26685716,22.22222222,38.71882052,38.40028574,-0.005093685131,-0.005255471489,1,1,22.28592918,867.4554709
26.96,22.26675231,22.22222222,38.71792887,38.40012846,-0.005081194658,-0.00524252858,1,1,22.2857823,869.4779586
26.98,22.26664772,22.22222222,38.71703931,38.39997157,-0.005068738743,-0.005229621867,1,1,22.28563577,871.5049763
27,22.26654338,22.22222222,38.71615185,38.39981507,-0.005056317261,-0.005216751217,1,1,22.28548958,873.5365348
27.02,22.2664393,22.22222222,38.71526646,38.39965895,-0.005043930092,-0.0052039165,1,1,22.28534372,875.5726448
27.04,22.26633548,22.22222222,38.71438316,38.39950322,-0.005031577112,-0.005191117588,1,1,22.28519821,877.6133172
27.06,22.26623191,22.22222222,38.71350193,38.39934787,-0.005019258202,-0.00517835435,1,1,22.28505303,879.6585627
27.08,22.2661286,22.22222222,38.71262277,38.3991929,-0.005006973241,-0.005165626658,1,1,22.2849082,881.7083923
27.1,22.26602554,22.22222222,38.71174567,38.39903831,-0.004994722109,-0.005152934384,1,1,22.28476369,883.7628168
27.12,22.26592274,22.22222222,38.71087063,38.39888411,-0.004982504686,-0.005140277402,1,1,22.28461953,885.821847
27.14,22.26582018,22.22222222,38.70999765,38.39873028,-0.004970320854,-0.005127655585,1,1,22.2844757,887.885494
27.16,22.26571788,22.22222222,38.70912671,38.39857682,-0.004958170495,-0.005115068807,1,1,22.2843322,889.9537687
27.18,22.26561583,22.22222222,38.70825782,38.39842375,-0.004946053491,-0.005102516942,1,1,22.28418904,892.026682
27.2,22.26551403,22.22222222,38.70739097,38.39827105,-0.004933969726,-0.005089999866,1,1,22.28404621,894.1042449
27.22,22.26541248,22.22222222,38.70652615,38.39811872,-0.004921919082,-0.005077517454,1,1,22.28390371,896.1864685
27.24,22.26531118,22.22222222,38.70566335,38.39796677,-0.004909901445,-0.005065069585,1,1,22.28376154,898.2733638
27.26,22.26521013,22.22222222,38.70480258,38.39781519,-0.004897916698,-0.005052656133,1,1,22.2836197,900.3649419
27.28,22.26510932,22.22222222,38.70394383,38.39766398,-0.004885964727,-0.005040276979,1,1,22.28347819,902.4612138
27.3,22.26500876,22.22222222,38.7030871,38.39751314,-0.004874045418,-0.005027931998,1,1,22.28333701,904.5621908
27.32,22.26490845,22.22222222,38.70223237,38.39736268,-0.004862158657,-0.005015621072,1,1,22.28319616,906.6678839
27.34,22.26480838,22.22222222,38.70137965,38.39721258,-0.004850304332,-0.005003344079,1,1,22.28305564,908.7783043
27.36,22.26470856,22.22222222,38.70052892,38.39706284,-0.004838482328,-0.004991100899,1,1,22.28291544,910.8934632
27.38,22.26460898,22.22222222,38.69968019,38.39691348,-0.004826692536,-0.004978891413,1,1,22.28277557,913.0133718
27.4,22.26450965,22.22222222,38.69883345,38.39676447,-0.004814934843,-0.004966715503,1,1,22.28263602,915.1380414
27.42,22.26441056,22.22222222,38.69798869,38.39661584,-0.004803209138,-0.00495457305,1,1,22.28249679,917.2674832
27.44,22.26431171,22.22222222,38.69714591,38.39646756,-0.00479151531,-0.004942463937,1,1,22.28235789,919.4017086
27.46,22.2642131,22.22222222,38.69630511,38.39631965,-0.004779853251,-0.004930388047,1,1,22.28221931,921.5407289
27.48,22.26411473,22.22222222,38.69546628,38.3961721,-0.00476822285,-0.004918345263,1,1,22.28208106,923.6845553
27.5,22.26401661,22.22222222,38.69462941,38.39602491,-0.004756623999,-0.00490633547,1,1,22.28194312,925.8331994
27.52,22.26391872,22.22222222,38.6937945,38.39587808,-0.00474505659,-0.004894358553,1,1,22.28180551,927.9866724
27.54,22.26382107,22.22222222,38.69296154,38.39573161,-0.004733520514,-0.004882414396,1,1,22.28166821,930.1449859
27.56,22.26372366,22.22222222,38.69213054,38.39558549,-0.004722015665,-0.004870502885,1,1,22.28153123,932.3081511
27.58,22.26362649,22.22222222,38.69130148,38.39543973,-0.004710541935,-0.004858623908,1,1,22.28139457,934.4761798
27.6,22.26352955,22.22222222,38.69047437,38.39529433,-0.004699099219,-0.00484677735,1,1,22.28125823,936.6490832
27.62,22.26343285,22.22222222,38.68964919,38.39514928,-0.00468768741,-0.004834963099,1,1,22.2811222,938.826873
27.64,22.26333639,22.22222222,38.68882594,38.39500459,-0.004676306403,-0.004823181044,1,1,22.28098649,941.0095607
27.66,22.26324016,22.22222222,38.68800462,38.39486024,-0.004664956094,-0.004811431073,1,1,22.2808511,943.197158
27.68,22.26314417,22.22222222,38.68718522,38.39471625,-0.004653636378,-0.004799713075,1,1,22.28071602,945.3896763
27.7,22.26304841,22.22222222,38.68636774,38.39457261,-0.004642347152,-0.004788026939,1,1,22.28058125,947.5871273
27.72,22.26295288,22.22222222,38.68555217,38.39442932,-0.004631088311,-0.004776372556,1,1,22.28044679,949.7895227
27.74,22.26285759,22.22222222,38.68473851,38.39428638,-0.004619859755,-0.004764749816,1,1,22.28031265,951.9968742
27.76,22.26276252,22.22222222,38.68392675,38.39414378,-0.004608661379,-0.004753158611,1,1,22.28017882,954.2091935
27.78,22.26266769,22.22222222,38.6831169,38.39400154,-0.004597493082,-0.004741598833,1,1,22.28004529,956.4264923
27.8,22.26257309,22.22222222,38.68230893,38.39385963,-0.004586354762,-0.004730070373,1,1,22.27991208,958.6487823
27.82,22.26247872,22.22222222,38.68150286,38.39371808,-0.00457524632,-0.004718573124,1,1,22.27977918,960.8760754
27.84,22.26238457,22.22222222,38.68069867,38.39357686,-0.004564167654,-0.00470710698,1,1,22.27964658,963.1083834
27.86,22.26229066,22.22222222,38.67989636,38.39343599,-0.004553118664,-0.004695671833,1,1,22.2795143,965.3457181
27.88,22.26219698,22.22222222,38.67909593,38.39329546,-0.004542099251,-0.00468426758,1,1,22.27938232,967.5880914
27.9,22.26210352,22.22222222,38.67829737,38.39315528,-0.004531109316,-0.004672894114,1,1,22.27925064,969.8355152
27.92,22.26201029,22.22222222,38.67750068,38.39301543,-0.00452014876,-0.00466155133,1,1,22.27911927,972.0880014
27.94,22.26191728,22.22222222,38.67670585,38.39287592,-0.004509217485,-0.004650239124,1,1,22.27898821,974.3455619
27.96,22.2618245,22.22222222,38.67591287,38.39273676,-0.004498315393,-0.004638957393,1,1,22.27885745,976.6082088
27.98,22.26173195,22.22222222,38.67512175,38.39259792,-0.004487442388,-0.004627706033,1,1,22.27872699,978.875954
28,22.26163962,22.22222222,38.67433248,38.39245943,-0.004476598371,-0.004616484941,1,1,22.27859683,981.1488096
28.02,22.26154751,22.22222222,38.67354505,38.39232127,-0.004465783248,-0.004605294016,1,1,22.27846698,983.4267876
28.04,22.26145563,22.22222222,38.67275947,38.39218345,-0.004454996921,-0.004594133154,1,1,22.27833743,985.7099
28.06,22.26136397,22.22222222,38.67197572,38.39204596,-0.004444239296,-0.004583002256,1,1,22.27820817,987.9981591
28.08,22.26127253,22.22222222,38.67119379,38.3919088,-0.004433510278,-0.004571901219,1,1,22.27807922,990.291577
28.1,22.26118132,22.22222222,38.6704137,38.39177197,-0.004422809772,-0.004560829944,1,1,22.27795057,992.5901657
28.12,22.26109032,22.22222222,38.66963543,38.39163548,-0.004412137683,-0.00454978833,1,1,22.27782221,994.8939376
28.14,22.26099955,22.22222222,38.66885897,38.39149932,-0.004401493918,-0.004538776278,1,1,22.27769415,997.2029047
28.16,22.26090899,22.22222222,38.66808433,38.39136348,-0.004390878384,-0.004527793689,1,1,22.27756639,999.5170795
28.18,22.26081865,22.22222222,38.6673115,38.39122798,-0.004380290987,-0.004516840465,1,1,22.27743893,1001.836474
28.2,22.26072853,22.22222222,38.66654047,38.3910928,-0.004369731636,-0.004505916507,1,1,22.27731176,1004.161101
28.22,22.26063863,22.22222222,38.66577125,38.39095795,-0.004359200238,-0.004495021717,1,1,22.27718488,1006.490972
28.24,22.26054895,22.22222222,38.66500382,38.39082343,-0.004348696702,-0.004484155999,1,1,22.2770583,1008.8261
28.26,22.26045948,22.22222222,38.66423818,38.39068923,-0.004338220936,-0.004473319255,1,1,22.27693201,1011.166497
28.28,22.26037023,22.22222222,38.66347432,38.39055535,-0.00432777285,-0.004462511389,1,1,22.27680602,1013.512176
28.3,22.2602812,22.22222222,38.66271225,38.3904218,-0.004317352352,-0.004451732306,1,1,22.27668031,1015.863149
28.32,22.26019238,22.22222222,38.66195196,38.39028857,-0.004306959354,-0.00444098191,1,1,22.2765549,1018.219429
28.34,22.26010377,22.22222222,38.66119344,38.39015566,-0.004296593766,-0.004430260106,1,1,22.27642978,1020.581028
28.36,22.26001538,22.22222222,38.6604367,38.39002307,-0.004286255497,-0.004419566798,1,1,22.27630495,1022.947958
28.38,22.2599272,22.22222222,38.65968172,38.38989081,-0.004275944461,-0.004408901894,1,1,22.2761804,1025.320232
28.4,22.25983924,22.22222222,38.6589285,38.38975886,-0.004265660567,-0.0043982653,1,1,22.27605615,1027.697863
28.42,22.25975149,22.22222222,38.65817703,38.38962723,-0.004255403729,-0.004387656921,1,1,22.27593218,1030.080863
28.44,22.25966395,22.22222222,38.65742732,38.38949592,-0.004245173858,-0.004377076666,1,1,22.2758085,1032.469246
28.46,22.25957661,22.22222222,38.65667936,38.38936492,-0.004234970868,-0.004366524441,1,1,22.27568511,1034.863023
28.48,22.25948949,22.22222222,38.65593315,38.38923424,-0.004224794671,-0.004356000155,1,1,22.275562,1037.262207
28.5,22.25940258,22.22222222,38.65518867,38.38910388,-0.004214645181,-0.004345503716,1,1,22.27543918,1039.666811
28.52,22.25931588,22.22222222,38.65444593,38.38897383,-0.004204522312,-0.004335035034,1,1,22.27531664,1042.076848
28.54,22.25922939,22.22222222,38.65370492,38.38884409,-0.004194425979,-0.004324594016,1,1,22.27519439,1044.492331
28.56,22.25914311,22.22222222,38.65296564,38.38871466,-0.004184356095,-0.004314180573,1,1,22.27507242,1046.913272
28.58,22.25905703,22.22222222,38.65222808,38.38858555,-0.004174312576,-0.004303794615,1,1,22.27495073,1049.339685
28.6,22.25897116,22.22222222,38.65149225,38.38845675,-0.004164295338,-0.004293436052,1,1,22.27482932,1051.771581
28.62,22.2588855,22.22222222,38.65075812,38.38832825,-0.004154304297,-0.004283104795,1,1,22.2747082,1054.208974
28.64,22.25880005,22.22222222,38.65002571,38.38820007,-0.004144339368,-0.004272800755,1,1,22.27458735,1056.651878
28.66,22.2587148,22.22222222,38.64929501,38.38807219,-0.004134400467,-0.004262523844,1,1,22.27446679,1059.100304
28.68,22.25862975,22.22222222,38.64856601,38.38794462,-0.004124487513,-0.004252273974,1,1,22.2743465,1061.554266
28.7,22.25854491,22.22222222,38.64783871,38.38781736,-0.004114600422,-0.004242051057,1,1,22.27422649,1064.013777
28.72,22.25846027,22.22222222,38.6471131,38.38769041,-0.004104739112,-0.004231855006,1,1,22.27410676,1066.47885
28.74,22.25837584,22.22222222,38.64638918,38.38756376,-0.004094903501,-0.004221685735,1,1,22.27398731,1068.949498
28.76,22.25829161,22.22222222,38.64566695,38.38743741,-0.004085093507,-0.004211543156,1,1,22.27386813,1071.425734
28.78,22.25820758,22.22222222,38.6449464,38.38731137,-0.00407530905,-0.004201427184,1,1,22.27374923,1073.907571
28.8,22.25812375,22.22222222,38.64422754,38.38718563,-0.004065550047,-0.004191337733,1,1,22.2736306,1076.395023
28.82,22.25804013,22.22222222,38.64351034,38.38706019,-0.004055816418,-0.004181274718,1,1,22.27351225,1078.888102
28.84,22.2579567,22.22222222,38.64279482,38.38693505,-0.004046108084,-0.004171238054,1,1,22.27339418,1081.386822
28.86,22.25787348,22.22222222,38.64208096,38.38681022,-0.004036424965,-0.004161227657,1,1,22.27327637,1083.891196
28.88,22.25779045,22.22222222,38.64136876,38.38668568,-0.00402676698,-0.004151243441,1,1,22.27315884,1086.401237
28.9,22.25770763,22.22222222,38.64065823,38.38656144,-0.00401713405,-0.004141285324,1,1,22.27304158,1088.916959
28.92,22.257625,22.22222222,38.63994935,38.3864375,-0.004007526098,-0.004131353223,1,1,22.27292459,1091.438375
28.94,22.25754257,22.22222222,38.63924212,38.38631386,-0.003997943043,-0.004121447053,1,1,22.27280787,1093.965499
28.96,22.25746034,22.22222222,38.63853653,38.38619051,-0.003988384809,-0.004111566732,1,1,22.27269143,1096.498343
28.98,22.2573783,22.22222222,38.63783259,38.38606746,-0.003978851317,-0.004101712178,1,1,22.27257525,1099.036921
29,22.25729647,22.22222222,38.63713029,38.3859447,-0.00396934249,-0.004091883309,1,1,22.27245934,1101.581247
29.02,22.25721483,22.22222222,38.63642962,38.38582224,-0.00395985825,-0.004082080044,1,1,22.2723437,1104.131335
29.04,22.25713338,22.22222222,38.63573058,38.38570007,-0.003950398521,-0.0040723023,1,1,22.27222832,1106.687196
29.06,22.25705213,22.22222222,38.63503317,38.38557819,-0.003940963226,-0.004062549998,1,1,22.27211322,1109.248846
29.08,22.25697107,22.22222222,38.63433738,38.38545661,-0.003931552288,-0.004052823056,1,1,22.27199838,1111.816298
29.1,22.25689021,22.22222222,38.63364321,38.38533531,-0.003922165633,-0.004043121395,1,1,22.2718838,1114.389566
29.12,22.25680954,22.22222222,38.63295066,38.38521431,-0.003912803185,-0.004033444934,1,1,22.27176949,1116.968662
29.14,22.25672906,22.22222222,38.63225972,38.3850936,-0.003903464868,-0.004023793594,1,1,22.27165545,1119.553601
29.16,22.25664878,22.22222222,38.63157038,38.38497317,-0.003894150607,-0.004014167296,1,1,22.27154166,1122.144397
29.18,22.25656869,22.22222222,38.63088265,38.38485303,-0.003884860328,-0.004004565961,1,1,22.27142815,1124.741062
29.2,22.25648879,22.22222222,38.63019652,38.38473319,-0.003875593956,-0.00399498951,1,1,22.27131489,1127.343612
29.22,22.25640908,22.22222222,38.62951199,38.38461362,-0.003866351418,-0.003985437866,1,1,22.2712019,1129.952059
29.24,22.25632956,22.22222222,38.62882905,38.38449434,-0.003857132639,-0.00397591095,1,1,22.27108916,1132.566418
29.26,22.25625024,22.22222222,38.62814769,38.38437535,-0.003847937548,-0.003966408685,1,1,22.27097669,1135.186703
29.28,22.2561711,22.22222222,38.62746792,38.38425664,-0.003838766069,-0.003956930994,1,1,22.27086448,1137.812926
29.3,22.25609215,22.22222222,38.62678974,38.38413822,-0.003829618132,-0.0039474778,1,1,22.27075253,1140.445103
29.32,22.25601339,22.22222222,38.62611313,38.38402008,-0.003820493662,-0.003938049026,1,1,22.27064083,1143.083248
29.34,22.25593481,22.22222222,38.62543809,38.38390222,-0.003811392589,-0.003928644597,1,1,22.2705294,1145.727373
29.36,22.25585643,22.22222222,38.62476462,38.38378464,-0.00380231484,-0.003919264437,1,1,22.27041822,1148.377494
29.38,22.25577823,22.22222222,38.62409272,38.38366734,-0.003793260344,-0.003909908469,1,1,22.2703073,1151.033624
29.4,22.25570022,22.22222222,38.62342238,38.38355033,-0.00378422903,-0.003900576619,1,1,22.27019663,1153.695777
29.42,22.25562239,22.22222222,38.6227536,38.38343359,-0.003775220826,-0.003891268812,1,1,22.27008622,1156.363968
29.44,22.25554475,22.22222222,38.62208637,38.38331713,-0.003766235662,-0.003881984973,1,1,22.26997607,1159.03821
29.46,22.2554673,22.22222222,38.62142069,38.38320095,-0.003757273467,-0.003872725028,1,1,22.26986617,1161.718518
29.48,22.25539003,22.22222222,38.62075656,38.38308504,-0.003748334173,-0.003863488903,1,1,22.26975653,1164.404907
29.5,22.25531294,22.22222222,38.62009398,38.38296941,-0.003739417708,-0.003854276525,1,1,22.26964714,1167.097389
29.52,22.25523604,22.22222222,38.61943293,38.38285406,-0.003730524003,-0.003845087819,1,1,22.269538,1169.79598
29.54,22.25515932,22.22222222,38.61877342,38.38273898,-0.00372165299,-0.003835922714,1,1,22.26942911,1172.500694
29.56,22.25508279,22.22222222,38.61811545,38.38262418,-0.003712804598,-0.003826781136,1,1,22.26932048,1175.211545
29.58,22.25500643,22.22222222,38.617459,38.38250965,-0.003703978761,-0.003817663013,1,1,22.26921209,1177.928547
29.6,22.25493026,22.22222222,38.61680408,38.38239539,-0.003695175408,-0.003808568273,1,1,22.26910396,1180.651716
29.62,22.25485427,22.22222222,38.61615068,38.38228141,-0.003686394473,-0.003799496844,1,1,22.26899608,1183.381064
29.64,22.25477846,22.22222222,38.61549879,38.3821677,-0.003677635887,-0.003790448654,1,1,22.26888844,1186.116608
29.66,22.25470284,22.22222222,38.61484843,38.38205425,-0.003668899583,-0.003781423633,1,1,22.26878106,1188.858361
29.68,22.25462739,22.22222222,38.61419957,38.38194108,-0.003660185493,-0.003772421709,1,1,22.26867392,1191.606338
29.7,22.25455212,22.22222222,38.61355222,38.38182818,-0.003651493551,-0.003763442811,1,1,22.26856703,1194.360553
29.72,22.25447703,22.22222222,38.61290637,38.38171554,-0.00364282369,-0.003754486871,1,1,22.26846039,1197.121022
29.74,22.25440212,22.22222222,38.61226202,38.38160318,-0.003634175844,-0.003745553816,1,1,22.26835399,1199.887758
29.76,22.25432738,22.22222222,38.61161917,38.38149108,-0.003625549946,-0.003736643578,1,1,22.26824784,1202.660776
29.78,22.25425283,22.22222222,38.61097781,38.38137924,-0.00361694593,-0.003727756088,1,1,22.26814194,1205.440092
29.8,22.25417845,22.22222222,38.61033795,38.38126768,-0.003608363732,-0.003718891275,1,1,22.26803628,1208.225719
29.82,22.25410425,22.22222222,38.60969956,38.38115638,-0.003599803284,-0.003710049072,1,1,22.26793086,1211.017673
29.84,22.25403023,22.22222222,38.60906266,38.38104534,-0.003591264523,-0.003701229409,1,1,22.26782569,1213.815968
29.86,22.25395638,22.22222222,38.60842724,38.38093457,-0.003582747384,-0.003692432218,1,1,22.26772076,1216.62062
29.88,22.2538827,22.22222222,38.6077933,38.38082406,-0.003574251802,-0.003683657431,1,1,22.26761607,1219.431642
29.9,22.25380921,22.22222222,38.60716082,38.38071381,-0.003565777712,-0.003674904981,1,1,22.26751162,1222.24905
29.92,22.25373588,22.22222222,38.60652981,38.38060382,-0.003557325051,-0.003666174799,1,1,22.26740742,1225.07286
29.94,22.25366273,22.22222222,38.60590027,38.3804941,-0.003548893755,-0.00365746682,1,1,22.26730346,1227.903085
29.96,22.25358976,22.22222222,38.60527219,38.38038464,-0.003540483761,-0.003648780974,1,1,22.26719973,1230.739741
29.98,22.25351696,22.22222222,38.60464557,38.38027543,-0.003532095004,-0.003640117197,1,1,22.26709625,1233.582843
30,22.25344433,22.22222222,38.6040204,38.38016649,-0.003523727422,-0.003631475422,1,1,22.266993,1236.432406
30.02,22.25337187,22.22222222,38.60339668,38.3800578,-0.003515380952,-0.003622855582,1,1,22.26689,1239.288445
30.04,22.25329958,22.22222222,38.60277441,38.37994937,-0.003507055532,-0.003614257611,1,1,22.26678723,1242.150975
30.06,22.25322747,22.22222222,38.60215359,38.3798412,-0.003498751099,-0.003605681445,1,1,22.2666847,1245.020011
30.08,22.25315553,22.22222222,38.6015342,38.37973329,-0.003490467592,-0.003597127017,1,1,22.2665824,1247.89557
30.1,22.25308376,22.22222222,38.60091625,38.37962563,-0.003482204948,-0.003588594263,1,1,22.26648035,1250.777665
30.12,22.25301215,22.22222222,38.60029974,38.37951823,-0.003473963106,-0.003580083118,1,1,22.26637852,1253.666312
30.14,22.25294072,22.22222222,38.59968465,38.37941108,-0.003465742004,-0.003571593517,1,1,22.26627694,1256.561526
30.16,22.25286946,22.22222222,38.599071,38.37930419,-0.003457541582,-0.003563125396,1,1,22.26617558,1259.463323
30.18,22.25279837,22.22222222,38.59845876,38.37919755,-0.003449361779,-0.003554678691,1,1,22.26607447,1262.371719
30.2,22.25272744,22.22222222,38.59784795,38.37909116,-0.003441202534,-0.003546253338,1,1,22.26597358,1265.286728
30.22,22.25265668,22.22222222,38.59723855,38.37898503,-0.003433063787,-0.003537849274,1,1,22.26587293,1268.208366
30.24,22.25258609,22.22222222,38.59663057,38.37887914,-0.003424945477,-0.003529466435,1,1,22.26577251,1271.136648
30.26,22.25251567,22.22222222,38.596024,38.37877351,-0.003416847545,-0.003521104758,1,1,22.26567232,1274.071591
30.28,22.25244542,22.22222222,38.59541883,38.37866813,-0.003408769931,-0.003512764181,1,1,22.26557236,1277.013209
30.3,22.25237533,22.22222222,38.59481507,38.37856299,-0.003400712576,-0.003504444641,1,1,22.26547264,1279.961518
30.32,22.25230541,22.22222222,38.5942127,38.37845811,-0.00339267542,-0.003496146076,1,1,22.26537314,1282.916534
30.34,22.25223565,22.22222222,38.59361174,38.37835347,-0.003384658405,-0.003487868423,1,1,22.26527388,1285.878272
30.36,22.25216606,22.22222222,38.59301217,38.37824908,-0.003376661472,-0.003479611622,1,1,22.26517484,1288.846749
30.38,22.25209663,22.22222222,38.59241398,38.37814494,-0.003368684561,-0.00347137561,1,1,22.26507603,1291.821979
30.4,22.25202736,22.22222222,38.59181719,38.37804105,-0.003360727616,-0.003463160326,1,1,22.26497745,1294.803979
30.42,22.25195827,22.22222222,38.59122178,38.3779374,-0.003352790578,-0.003454965709,1,1,22.2648791,1297.792765
30.44,22.25188933,22.22222222,38.59062774,38.37783399,-0.003344873389,-0.003446791699,1,1,22.26478097,1300.788352
30.46,22.25182056,22.22222222,38.59003509,38.37773084,-0.003336975992,-0.003438638234,1,1,22.26468307,1303.790756
30.48,22.25175195,22.22222222,38.58944381,38.37762792,-0.003329098328,-0.003430505255,1,1,22.2645854,1306.799993
30.5,22.2516835,22.22222222,38.5888539,38.37752525,-0.003321240342,-0.003422392701,1,1,22.26448795,1309.816079
30.52,22.25161521,22.22222222,38.58826536,38.37742282,-0.003313401975,-0.003414300512,1,1,22.26439073,1312.83903
30.54,22.25154709,22.22222222,38.58767818,38.37732063,-0.003305583172,-0.003406228629,1,1,22.26429373,1315.868862
30.56,22.25147912,22.22222222,38.58709236,38.37721869,-0.003297783876,-0.003398176992,1,1,22.26419696,1318.905591
30.58,22.25141132,22.22222222,38.5865079,38.37711698,-0.00329000403,-0.003390145543,1,1,22.26410041,1321.949233
30.6,22.25134368,22.22222222,38.58592479,38.37701552,-0.003282243579,-0.003382134222,1,1,22.26400408,1324.999805
30.62,22.2512762,22.22222222,38.58534304,38.37691429,-0.003274502466,-0.003374142971,1,1,22.26390797,1328.057322
30.64,22.25120887,22.22222222,38.58476263,38.37681331,-0.003266780636,-0.00336617173,1,1,22.26381209,1331.1218
30.66,22.25114171,22.22222222,38.58418357,38.37671256,-0.003259078033,-0.003358220443,1,1,22.26371642,1334.193257
30.68,22.2510747,22.22222222,38.58360585,38.37661205,-0.003251394603,-0.00335028905,1,1,22.26362098,1337.271708
30.7,22.25100786,22.22222222,38.58302947,38.37651178,-0.00324373029,-0.003342377494,1,1,22.26352576,1340.357169
30.72,22.25094117,22.22222222,38.58245443,38.37641175,-0.003236085039,-0.003334485718,1,1,22.26343076,1343.449657
30.74,22.25087463,22.22222222,38.58188071,38.37631195,-0.003228458796,-0.003326613663,1,1,22.26333597,1346.549189
30.76,22.25080826,22.22222222,38.58130833,38.37621239,-0.003220851506,-0.003318761274,1,1,22.26324141,1349.65578
30.78,22.25074204,22.22222222,38.58073727,38.37611306,-0.003213263115,-0.003310928493,1,1,22.26314706,1352.769447
30.8,22.25067598,22.22222222,38.58016753,38.37601397,-0.00320569357,-0.003303115262,1,1,22.26305294,1355.890206
30.82,22.25061007,22.22222222,38.57959912,38.37591511,-0.003198142816,-0.003295321527,1,1,22.26295902,1359.018075
30.84,22.25054432,22.22222222,38.57903202,38.37581648,-0.0031906108,-0.00328754723,1,1,22.26286533,1362.15307
30.86,22.25047872,22.22222222,38.57846623,38.37571809,-0.003183097468,-0.003279792316,1,1,22.26277185,1365.295207
30.88,22.25041328,22.22222222,38.57790176,38.37561992,-0.003175602767,-0.003272056728,1,1,22.26267859,1368.444503
30.9,22.250348,22.22222222,38.57733859,38.37552199,-0.003168126644,-0.003264340411,1,1,22.26258554,1371.600974
30.92,22.25028286,22.22222222,38.57677672,38.37542429,-0.003160669047,-0.00325664331,1,1,22.26249271,1374.764638
30.94,22.25021788,22.22222222,38.57621616,38.37532683,-0.003153229923,-0.003248965369,1,1,22.26240009,1377.935512
30.96,22.25015306,22.22222222,38.5756569,38.37522959,-0.003145809219,-0.003241306533,1,1,22.26230768,1381.113611
30.98,22.25008838,22.22222222,38.57509893,38.37513258,-0.003138406883,-0.003233666748,1,1,22.26221549,1384.298953
31,22.25002386,22.22222222,38.57454225,38.37503579,-0.003131022863,-0.003226045959,1,1,22.26212351,1387.491554
31.02,22.24995949,22.22222222,38.57398686,38.37493924,-0.003123657108,-0.003218444111,1,1,22.26203175,1390.691432
31.04,22.24989528,22.22222222,38.57343276,38.37484292,-0.003116309565,-0.003210861151,1,1,22.26194019,1393.898604
31.06,22.24983121,22.22222222,38.57287994,38.37474682,-0.003108980184,-0.003203297024,1,1,22.26184885,1397.113086
31.08,22.2497673,22.22222222,38.5723284,38.37465094,-0.003101668912,-0.003195751677,1,1,22.26175771,1400.334896
31.1,22.24970353,22.22222222,38.57177813,38.3745553,-0.0030943757,-0.003188225055,1,1,22.26166679,1403.56405
31.12,22.24963992,22.22222222,38.57122914,38.37445988,-0.003087100495,-0.003180717107,1,1,22.26157608,1406.800567
31.14,22.24957645,22.22222222,38.57068142,38.37436468,-0.003079843248,-0.003173227778,1,1,22.26148557,1410.044462
31.16,22.24951314,22.22222222,38.57013497,38.37426971,-0.003072603908,-0.003165757016,1,1,22.26139527,1413.295753
31.18,22.24944997,22.22222222,38.56958978,38.37417496,-0.003065382425,-0.003158304767,1,1,22.26130519,1416.554457
31.2,22.24938695,22.22222222,38.56904586,38.37408043,-0.003058178747,-0.00315087098,1,1,22.26121531,1419.820592
31.22,22.24932409,22.22222222,38.56850319,38.37398613,-0.003050992827,-0.003143455601,1,1,22.26112564,1423.094175
31.24,22.24926136,22.22222222,38.56796178,38.37389205,-0.003043824613,-0.003136058579,1,1,22.26103617,1426.375223
31.26,22.24919879,22.22222222,38.56742163,38.37379819,-0.003036674055,-0.003128679862,1,1,22.26094691,1429.663754
31.28,22.24913636,22.22222222,38.56688272,38.37370455,-0.003029541106,-0.003121319397,1,1,22.26085786,1432.959784
31.3,22.24907408,22.22222222,38.56634506,38.37361113,-0.003022425715,-0.003113977134,1,1,22.26076901,1436.263333
31.32,22.24901195,22.22222222,38.56580864,38.37351793,-0.003015327834,-0.003106653021,1,1,22.26068037,1439.574416
31.34,22.24894996,22.22222222,38.56527347,38.37342495,-0.003008247413,-0.003099347006,1,1,22.26059193,1442.893051
31.36,22.24888812,22.22222222,38.56473953,38.37333218,-0.003001184404,-0.003092059038,1,1,22.26050369,1446.219257
31.38,22.24882643,22.22222222,38.56420683,38.37323964,-0.002994138758,-0.003084789067,1,1,22.26041566,1449.553051
31.4,22.24876488,22.22222222,38.56367536,38.37314732,-0.002987110427,-0.003077537043,1,1,22.26032783,1452.894449
31.42,22.24870347,22.22222222,38.56314512,38.37305521,-0.002980099363,-0.003070302913,1,1,22.26024021,1456.243471
31.44,22.24864221,22.22222222,38.56261611,38.37296331,-0.002973105517,-0.003063086629,1,1,22.26015278,1459.600134
31.46,22.24858109,22.22222222,38.56208832,38.37287164,-0.002966128843,-0.00305588814,1,1,22.26006556,1462.964456
31.48,22.24852012,22.22222222,38.56156175,38.37278018,-0.002959169292,-0.003048707397,1,1,22.25997854,1466.336453
31.5,22.24845929,22.22222222,38.5610364,38.37268893,-0.002952226816,-0.003041544348,1,1,22.25989172,1469.716145
31.52,22.2483986,22.22222222,38.56051227,38.3725979,-0.002945301369,-0.003034398946,1,1,22.2598051,1473.10355
31.54,22.24833805,22.22222222,38.55998935,38.37250708,-0.002938392904,-0.003027271139,1,1,22.25971868,1476.498684
31.56,22.24827765,22.22222222,38.55946764,38.37241647,-0.002931501372,-0.003020160881,1,1,22.25963245,1479.901567
31.58,22.24821739,22.22222222,38.55894713,38.37232608,-0.002924626728,-0.00301306812,1,1,22.25954643,1483.312215
31.6,22.24815727,22.22222222,38.55842783,38.3722359,-0.002917768926,-0.003005992809,1,1,22.25946061,1486.730648
31.62,22.24809729,22.22222222,38.55790973,38.37214593,-0.002910927917,-0.002998934898,1,1,22.25937498,1490.156884
31.64,22.24803745,22.22222222,38.55739282,38.37205618,-0.002904103657,-0.002991894339,1,1,22.25928955,1493.590939
31.66,22.24797775,22.22222222,38.55687712,38.37196663,-0.002897296098,-0.002984871085,1,1,22.25920432,1497.032834
31.68,22.2479182,22.22222222,38.5563626,38.3718773,-0.002890505195,-0.002977865086,1,1,22.25911928,1500.482585
31.7,22.24785878,22.22222222,38.55584928,38.37178817,-0.002883730903,-0.002970876295,1,1,22.25903444,1503.940211
31.72,22.2477995,22.22222222,38.55533714,38.37169925,-0.002876973175,-0.002963904663,1,1,22.2589498,1507.405731
31.74,22.24774036,22.22222222,38.55482618,38.37161054,-0.002870231966,-0.002956950144,1,1,22.25886535,1510.879163
31.76,22.24768136,22.22222222,38.55431641,38.37152204,-0.00286350723,-0.00295001269,1,1,22.2587811,1514.360525
31.78,22.2476225,22.22222222,38.55380782,38.37143375,-0.002856798923,-0.002943092253,1,1,22.25869704,1517.849836
31.8,22.24756378,22.22222222,38.5533004,38.37134566,-0.002850106999,-0.002936188787,1,1,22.25861317,1521.347113
31.82,22.24750519,22.22222222,38.55279415,38.37125779,-0.002843431413,-0.002929302244,1,1,22.2585295,1524.852377
31.84,22.24744674,22.22222222,38.55228908,38.37117011,-0.002836772122,-0.002922432577,1,1,22.25844602,1528.365645
31.86,22.24738843,22.22222222,38.55178517,38.37108265,-0.002830129079,-0.002915579741,1,1,22.25836273,1531.886935
31.88,22.24733026,22.22222222,38.55128243,38.37099538,-0.002823502242,-0.002908743688,1,1,22.25827963,1535.416267
31.9,22.24727222,22.22222222,38.55078085,38.37090833,-0.002816891565,-0.002901924372,1,1,22.25819673,1538.95366
31.92,22.24721431,22.22222222,38.55028043,38.37082147,-0.002810297004,-0.002895121748,1,1,22.25811401,1542.499131
31.94,22.24715655,22.22222222,38.54978116,38.37073482,-0.002803718516,-0.002888335768,1,1,22.25803149,1546.0527
31.96,22.24709892,22.22222222,38.54928305,38.37064837,-0.002797156056,-0.002881566388,1,1,22.25794916,1549.614385
31.98,22.24704142,22.22222222,38.54878609,38.37056213,-0.002790609582,-0.002874813561,1,1,22.25786701,1553.184206
32,22.24698406,22.22222222,38.54829028,38.37047609,-0.002784079049,-0.002868077243,1,1,22.25778506,1556.762181
32.02,22.24692683,22.22222222,38.54779562,38.37039025,-0.002777564415,-0.002861357388,1,1,22.2577033,1560.34833
32.04,22.24686974,22.22222222,38.5473021,38.37030461,-0.002771065635,-0.00285465395,1,1,22.25762172,1563.94267
32.06,22.24681278,22.22222222,38.54680972,38.37021917,-0.002764582668,-0.002847966885,1,1,22.25754033,1567.545222
32.08,22.24675595,22.22222222,38.54631847,38.37013393,-0.00275811547,-0.002841296147,1,1,22.25745913,1571.156004
32.1,22.24669926,22.22222222,38.54582837,38.37004889,-0.002751663998,-0.002834641693,1,1,22.25737812,1574.775036
32.12,22.2466427,22.22222222,38.54533939,38.36996405,-0.00274522821,-0.002828003478,1,1,22.25729729,1578.402337
32.14,22.24658627,22.22222222,38.54485155,38.36987941,-0.002738808063,-0.002821381456,1,1,22.25721665,1582.037925
32.16,22.24652998,22.22222222,38.54436483,38.36979497,-0.002732403515,-0.002814775585,1,1,22.25713619,1585.68182
32.18,22.24647381,22.22222222,38.54387923,38.36971072,-0.002726014524,-0.002808185819,1,1,22.25705593,1589.334042
32.2,22.24641778,22.22222222,38.54339476,38.36962667,-0.002719641048,-0.002801612116,1,1,22.25697584,1592.99461
32.22,22.24636188,22.22222222,38.54291141,38.36954282,-0.002713283045,-0.00279505443,1,1,22.25689594,1596.663543
32.24,22.24630611,22.22222222,38.54242918,38.36945916,-0.002706940474,-0.002788512719,1,1,22.25681622,1600.34086
32.26,22.24625047,22.22222222,38.54194805,38.3693757,-0.002700613292,-0.00278198694,1,1,22.25673669,1604.026581
32.28,22.24619496,22.22222222,38.54146804,38.36929244,-0.002694301458,-0.002775477048,1,1,22.25665734,1607.720726
32.3,22.24613958,22.22222222,38.54098914,38.36920937,-0.002688004931,-0.002768983001,1,1,22.25657818,1611.423314
32.32,22.24608433,22.22222222,38.54051135,38.3691265,-0.002681723669,-0.002762504755,1,1,22.25649919,1615.134365
32.34,22.24602921,22.22222222,38.54003466,38.36904381,-0.002675457633,-0.002756042268,1,1,22.25642039,1618.853898
32.36,22.24597422,22.22222222,38.53955907,38.36896133,-0.00266920678,-0.002749595497,1,1,22.25634177,1622.581934
32.38,22.24591935,22.22222222,38.53908458,38.36887903,-0.00266297107,-0.0027431644,1,1,22.25626333,1626.318491
32.4,22.24586462,22.22222222,38.53861118,38.36879693,-0.002656750463,-0.002736748934,1,1,22.25618507,1630.063589
32.42,22.24581001,22.22222222,38.53813888,38.36871502,-0.002650544917,-0.002730349056,1,1,22.25610699,1633.81725
32.44,22.24575553,22.22222222,38.53766767,38.3686333,-0.002644354393,-0.002723964725,1,1,22.2560291,1637.579491
32.46,22.24570118,22.22222222,38.53719755,38.36855177,-0.002638178851,-0.002717595898,1,1,22.25595138,1641.350334
32.48,22.24564696,22.22222222,38.53672851,38.36847043,-0.00263201825,-0.002711242534,1,1,22.25587384,1645.129798
32.5,22.24559286,22.22222222,38.53626055,38.36838929,-0.00262587255,-0.002704904592,1,1,22.25579648,1648.917903
32.52,22.24553889,22.22222222,38.53579368,38.36830833,-0.002619741712,-0.002698582028,1,1,22.25571929,1652.71467
32.54,22.24548504,22.22222222,38.53532789,38.36822756,-0.002613625696,-0.002692274803,1,1,22.25564229,1656.520118
32.56,22.24543132,22.22222222,38.53486317,38.36814698,-0.002607524462,-0.002685982874,1,1,22.25556546,1660.334267
32.58,22.24537773,22.22222222,38.53439952,38.36806659,-0.002601437971,-0.002679706201,1,1,22.25548881,1664.157138
32.6,22.24532426,22.22222222,38.53393695,38.36798639,-0.002595366184,-0.002673444743,1,1,22.25541233,1667.988751
32.62,22.24527091,22.22222222,38.53347544,38.36790637,-0.002589309061,-0.002667198458,1,1,22.25533604,1671.829127
32.64,22.2452177,22.22222222,38.533015,38.36782654,-0.002583266564,-0.002660967307,1,1,22.25525991,1675.678285
32.66,22.2451646,22.22222222,38.53255562,38.3677469,-0.002577238653,-0.002654751247,1,1,22.25518397,1679.536246
32.68,22.24511163,22.22222222,38.5320973,38.36766744,-0.00257122529,-0.00264855024,1,1,22.25510819,1683.403031
32.7,22.24505878,22.22222222,38.53164004,38.36758817,-0.002565226437,-0.002642364244,1,1,22.2550326,1687.278659
32.72,22.24500606,22.22222222,38.53118384,38.36750909,-0.002559242054,-0.002636193219,1,1,22.25495717,1691.163152
32.74,22.24495346,22.22222222,38.53072869,38.36743019,-0.002553272104,-0.002630037126,1,1,22.25488192,1695.05653
32.76,22.24490098,22.22222222,38.53027459,38.36735147,-0.002547316547,-0.002623895924,1,1,22.25480685,1698.958813
32.78,22.24484862,22.22222222,38.52982154,38.36727294,-0.002541375347,-0.002617769574,1,1,22.25473194,1702.870023
32.8,22.24479639,22.22222222,38.52936953,38.36719459,-0.002535448464,-0.002611658036,1,1,22.25465721,1706.790179
32.82,22.24474428,22.22222222,38.52891857,38.36711642,-0.002529535862,-0.00260556127,1,1,22.25458265,1710.719304
32.84,22.24469229,22.22222222,38.52846865,38.36703844,-0.002523637502,-0.002599479237,1,1,22.25450826,1714.657417
32.86,22.24464042,22.22222222,38.52801976,38.36696063,-0.002517753346,-0.002593411899,1,1,22.25443405,1718.604539
32.88,22.24458867,22.22222222,38.52757192,38.36688301,-0.002511883358,-0.002587359214,1,1,22.25436,1722.560692
32.9,22.24453705,22.22222222,38.5271251,38.36680557,-0.0025060275,-0.002581321146,1,1,22.25428613,1726.525895
32.92,22.24448554,22.22222222,38.52667932,38.36672831,-0.002500185734,-0.002575297654,1,1,22.25421242,1730.500171
32.94,22.24443416,22.22222222,38.52623457,38.36665123,-0.002494358024,-0.002569288701,1,1,22.25413889,1734.483541
32.96,22.24438289,22.22222222,38.52579084,38.36657434,-0.002488544332,-0.002563294247,1,1,22.25406552,1738.476024
32.98,22.24433174,22.22222222,38.52534814,38.36649762,-0.002482744621,-0.002557314253,1,1,22.25399233,1742.477644
33,22.24428072,22.22222222,38.52490646,38.36642108,-0.002476958855,-0.002551348683,1,1,22.2539193,1746.48842
33.02,22.24422981,22.22222222,38.5244658,38.36634471,-0.002471186998,-0.002545397497,1,1,22.25384644,1750.508373
33.04,22.24417902,22.22222222,38.52402616,38.36626853,-0.002465429011,-0.002539460657,1,1,22.25377375,1754.537526
33.06,22.24412835,22.22222222,38.52358753,38.36619252,-0.00245968486,-0.002533538125,1,1,22.25370122,1758.5759
33.08,22.2440778,22.22222222,38.52314991,38.3661167,-0.002453954508,-0.002527629864,1,1,22.25362887,1762.623515
33.1,22.24402736,22.22222222,38.5227133,38.36604104,-0.002448237918,-0.002521735835,1,1,22.25355667,1766.680394
33.12,22.24397705,22.22222222,38.5222777,38.36596557,-0.002442535055,-0.002515856002,1,1,22.25348465,1770.746558
33.14,22.24392685,22.22222222,38.52184311,38.36589027,-0.002436845882,-0.002509990326,1,1,22.25341279,1774.822028
33.16,22.24387676,22.22222222,38.52140952,38.36581514,-0.002431170364,-0.002504138771,1,1,22.2533411,1778.906826
33.18,22.2438268,22.22222222,38.52097693,38.36574019,-0.002425508465,-0.002498301298,1,1,22.25326957,1783.000973
33.2,22.24377695,22.22222222,38.52054533,38.36566542,-0.002419860149,-0.002492477871,1,1,22.2531982,1787.104492
33.22,22.24372721,22.22222222,38.52011474,38.36559082,-0.002414225381,-0.002486668454,1,1,22.25312701,1791.217404
33.24,22.2436776,22.22222222,38.51968513,38.36551639,-0.002408604126,-0.002480873008,1,1,22.25305597,1795.33973
33.26,22.24362809,22.22222222,38.51925652,38.36544214,-0.002402996348,-0.002475091497,1,1,22.2529851,1799.471493
33.28,22.24357871,22.22222222,38.5188289,38.36536806,-0.002397402011,-0.002469323885,1,1,22.25291439,1803.612714
33.3,22.24352944,22.22222222,38.51840226,38.36529415,-0.002391821082,-0.002463570135,1,1,22.25284384,1807.763416
33.32,22.24348028,22.22222222,38.51797661,38.36522042,-0.002386253525,-0.002457830211,1,1,22.25277346,1811.92362
33.34,22.24343124,22.22222222,38.51755194,38.36514686,-0.002380699306,-0.002452104076,1,1,22.25270324,1816.093349
33.36,22.24338231,22.22222222,38.51712825,38.36507346,-0.002375158388,-0.002446391695,1,1,22.25263318,1820.272624
33.38,22.2433335,22.22222222,38.51670553,38.36500024,-0.002369630739,-0.00244069303,1,1,22.25256328,1824.461467
33.4,22.2432848,22.22222222,38.51628379,38.36492719,-0.002364116323,-0.002435008047,1,1,22.25249354,1828.659901
33.42,22.24323621,22.22222222,38.51586303,38.36485431,-0.002358615107,-0.002429336709,1,1,22.25242397,1832.867948
33.44,22.24318774,22.22222222,38.51544323,38.3647816,-0.002353127055,-0.002423678981,1,1,22.25235455,1837.085631
33.46,22.24313937,22.22222222,38.51502441,38.36470906,-0.002347652133,-0.002418034827,1,1,22.25228529,1841.312971
33.48,22.24309113,22.22222222,38.51460655,38.36463669,-0.002342190308,-0.002412404211,1,1,22.25221619,1845.54999
33.5,22.24304299,22.22222222,38.51418965,38.36456449,-0.002336741546,-0.002406787099,1,1,22.25214725,1849.796713
33.52,22.24299497,22.22222222,38.51377371,38.36449245,-0.002331305812,-0.002401183455,1,1,22.25207847,1854.05316
33.54,22.24294706,22.22222222,38.51335874,38.36442058,-0.002325883074,-0.002395593243,1,1,22.25200985,1858.319354
33.56,22.24289926,22.22222222,38.51294472,38.36434888,-0.002320473297,-0.00239001643,1,1,22.25194139,1862.595319
33.58,22.24285157,22.22222222,38.51253166,38.36427735,-0.002315076447,-0.002384452979,1,1,22.25187308,1866.881076
33.6,22.24280399,22.22222222,38.51211954,38.36420598,-0.002309692492,-0.002378902857,1,1,22.25180493,1871.176648
33.62,22.24275652,22.22222222,38.51170838,38.36413478,-0.002304321398,-0.002373366027,1,1,22.25173694,1875.482058
33.64,22.24270916,22.22222222,38.51129817,38.36406375,-0.002298963132,-0.002367842457,1,1,22.25166911,1879.797329
33.66,22.24266192,22.22222222,38.5108889,38.36399288,-0.002293617661,-0.002362332111,1,1,22.25160143,1884.122484
33.68,22.24261478,22.22222222,38.51048058,38.36392217,-0.002288284952,-0.002356834955,1,1,22.2515339,1888.457546
33.7,22.24256775,22.22222222,38.5100732,38.36385163,-0.002282964971,-0.002351350955,1,1,22.25146654,1892.802537
33.72,22.24252084,22.22222222,38.50966676,38.36378125,-0.002277657686,-0.002345880076,1,1,22.25139932,1897.15748
33.74,22.24247403,22.22222222,38.50926126,38.36371104,-0.002272363065,-0.002340422285,1,1,22.25133227,1901.522399
33.76,22.24242733,22.22222222,38.50885669,38.36364099,-0.002267081075,-0.002334977547,1,1,22.25126536,1905.897317
33.78,22.24238074,22.22222222,38.50845305,38.36357111,-0.002261811682,-0.00232954583,1,1,22.25119861,1910.282256
33.8,22.24233425,22.22222222,38.50805035,38.36350138,-0.002256554856,-0.002324127098,1,1,22.25113201,1914.677241
33.82,22.24228788,22.22222222,38.50764857,38.36343182,-0.002251310563,-0.002318721318,1,1,22.25106557,1919.082293
33.84,22.24224161,22.22222222,38.50724772,38.36336242,-0.002246078771,-0.002313328458,1,1,22.25099928,1923.497438
33.86,22.24219545,22.22222222,38.50684779,38.36329318,-0.002240859449,-0.002307948483,1,1,22.25093314,1927.922697
33.88,22.2421494,22.22222222,38.50644879,38.3632241,-0.002235652563,-0.00230258136,1,1,22.25086716,1932.358095
33.9,22.24210346,22.22222222,38.5060507,38.36315519,-0.002230458083,-0.002297227056,1,1,22.25080133,1936.803655
33.92,22.24205762,22.22222222,38.50565354,38.36308643,-0.002225275977,-0.002291885539,1,1,22.25073564,1941.2594
33.94,22.24201189,22.22222222,38.50525729,38.36301783,-0.002220106213,-0.002286556774,1,1,22.25067011,1945.725354
33.96,22.24196626,22.22222222,38.50486195,38.3629494,-0.002214948758,-0.002281240729,1,1,22.25060473,1950.201541
33.98,22.24192075,22.22222222,38.50446752,38.36288112,-0.002209803582,-0.002275937371,1,1,22.2505395,1954.687984
34,22.24187533,22.22222222,38.50407401,38.362813,-0.002204670654,-0.002270646668,1,1,22.25047442,1959.184707
34.02,22.24183003,22.22222222,38.5036814,38.36274504,-0.002199549942,-0.002265368587,1,1,22.25040949,1963.691734
34.04,22.24178482,22.22222222,38.50328969,38.36267724,-0.002194441414,-0.002260103095,1,1,22.25034471,1968.209089
34.06,22.24173973,22.22222222,38.50289889,38.36260959,-0.00218934504,-0.002254850161,1,1,22.25028008,1972.736795
34.08,22.24169473,22.22222222,38.50250899,38.3625421,-0.002184260788,-0.002249609751,1,1,22.2502156,1977.274877
34.1,22.24164985,22.22222222,38.50211999,38.36247477,-0.002179188628,-0.002244381834,1,1,22.25015127,1981.823359
34.12,22.24160506,22.22222222,38.50173189,38.3624076,-0.002174128529,-0.002239166378,1,1,22.25008708,1986.382265
34.14,22.24156038,22.22222222,38.50134468,38.36234058,-0.00216908046,-0.00223396335,1,1,22.25002304,1990.951618
34.16,22.24151581,22.22222222,38.50095836,38.36227371,-0.00216404439,-0.002228772718,1,1,22.24995915,1995.531443
34.18,22.24147134,22.22222222,38.50057293,38.36220701,-0.002159020289,-0.002223594452,1,1,22.24989541,2000.121765
34.2,22.24142697,22.22222222,38.50018839,38.36214045,-0.002154008126,-0.002218428519,1,1,22.24983181,2004.722607
34.22,22.2413827,22.22222222,38.49980474,38.36207405,-0.002149007871,-0.002213274888,1,1,22.24976836,2009.333994
34.24,22.24133854,22.22222222,38.49942197,38.36200781,-0.002144019494,-0.002208133526,1,1,22.24970505,2013.95595
34.26,22.24129448,22.22222222,38.49904009,38.36194172,-0.002139042964,-0.002203004404,1,1,22.2496419,2018.5885
34.28,22.24125052,22.22222222,38.49865908,38.36187578,-0.002134078252,-0.002197887489,1,1,22.24957888,2023.231669
34.3,22.24120667,22.22222222,38.49827895,38.36181,-0.002129125326,-0.00219278275,1,1,22.24951601,2027.88548
34.32,22.24116291,22.22222222,38.4978997,38.36174437,-0.002124184159,-0.002187690156,1,1,22.24945329,2032.549959
34.34,22.24111926,22.22222222,38.49752133,38.36167889,-0.002119254718,-0.002182609676,1,1,22.24939071,2037.22513
34.36,22.24107571,22.22222222,38.49714382,38.36161356,-0.002114336976,-0.002177541279,1,1,22.24932827,2041.911018
34.38,22.24103226,22.22222222,38.49676719,38.36154839,-0.002109430902,-0.002172484935,1,1,22.24926598,2046.607648
34.4,22.24098891,22.22222222,38.49639142,38.36148337,-0.002104536466,-0.002167440612,1,1,22.24920383,2051.315044
34.42,22.24094566,22.22222222,38.49601652,38.36141849,-0.002099653639,-0.002162408281,1,1,22.24914183,2056.033232
34.44,22.24090252,22.22222222,38.49564248,38.36135377,-0.002094782392,-0.002157387909,1,1,22.24907996,2060.762237
34.46,22.24085947,22.22222222,38.4952693,38.3612892,-0.002089922696,-0.002152379468,1,1,22.24901824,2065.502083
34.48,22.24081652,22.22222222,38.49489699,38.36122478,-0.00208507452,-0.002147382926,1,1,22.24895666,2070.252795
34.5,22.24077367,22.22222222,38.49452553,38.36116051,-0.002080237837,-0.002142398254,1,1,22.24889523,2075.014399
34.52,22.24073092,22.22222222,38.49415493,38.36109639,-0.002075412617,-0.00213742542,1,1,22.24883393,2079.78692
34.54,22.24068827,22.22222222,38.49378518,38.36103241,-0.00207059883,-0.002132464396,1,1,22.24877278,2084.570384
34.56,22.24064572,22.22222222,38.49341629,38.36096859,-0.002065796449,-0.002127515151,1,1,22.24871176,2089.364815
34.58,22.24060327,22.22222222,38.49304824,38.36090491,-0.002061005445,-0.002122577655,1,1,22.24865089,2094.170238
34.6,22.24056092,22.22222222,38.49268104,38.36084138,-0.002056225788,-0.002117651878,1,1,22.24859016,2098.986681
34.62,22.24051866,22.22222222,38.49231469,38.360778,-0.00205145745,-0.002112737791,1,1,22.24852956,2103.814167
34.64,22.24047651,22.22222222,38.49194918,38.36071476,-0.002046700402,-0.002107835363,1,1,22.24846911,2108.652722
34.66,22.24043445,22.22222222,38.49158452,38.36065167,-0.002041954617,-0.002102944567,1,1,22.24840879,2113.502372
34.68,22.24039249,22.22222222,38.49122069,38.36058873,-0.002037220065,-0.002098065371,1,1,22.24834861,2118.363143
34.7,22.24035062,22.22222222,38.49085771,38.36052594,-0.002032496719,-0.002093197746,1,1,22.24828858,2123.23506
34.72,22.24030886,22.22222222,38.49049556,38.36046329,-0.00202778455,-0.002088341664,1,1,22.24822868,2128.11815
34.74,22.24026719,22.22222222,38.49013424,38.36040078,-0.00202308353,-0.002083497095,1,1,22.24816891,2133.012437
34.76,22.24022561,22.22222222,38.48977376,38.36033842,-0.002018393631,-0.00207866401,1,1,22.24810929,2137.917948
34.78,22.24018414,22.22222222,38.48941411,38.36027621,-0.002013714826,-0.002073842379,1,1,22.2480498,2142.83471
34.8,22.24014276,22.22222222,38.48905528,38.36021413,-0.002009047085,-0.002069032175,1,1,22.24799045,2147.762747
34.82,22.24010147,22.22222222,38.48869728,38.36015221,-0.002004390382,-0.002064233368,1,1,22.24793124,2152.702086
34.84,22.24006028,22.22222222,38.48834011,38.36009042,-0.00199974469,-0.002059445929,1,1,22.24787216,2157.652753
34.86,22.24001919,22.22222222,38.48798376,38.36002878,-0.001995109979,-0.00205466983,1,1,22.24781322,2162.614774
34.88,22.23997819,22.22222222,38.48762823,38.35996729,-0.001990486223,-0.002049905042,1,1,22.24775441,2167.588176
34.9,22.23993729,22.22222222,38.48727352,38.35990593,-0.001985873394,-0.002045151536,1,1,22.24769574,2172.572985
34.92,22.23989648,22.22222222,38.48691963,38.35984472,-0.001981271464,-0.002040409285,1,1,22.2476372,2177.569227
34.94,22.23985577,22.22222222,38.48656655,38.35978365,-0.001976680408,-0.002035678259,1,1,22.2475788,2182.576928
34.96,22.23981515,22.22222222,38.48621428,38.35972272,-0.001972100196,-0.002030958431,1,1,22.24752053,2187.596116
34.98,22.23977462,22.22222222,38.48586283,38.35966193,-0.001967530803,-0.002026249772,1,1,22.2474624,2192.626817
35,22.23973419,22.22222222,38.48551219,38.35960129,-0.001962972201,-0.002021552255,1,1,22.2474044,2197.669057
35.02,22.23969385,22.22222222,38.48516235,38.35954078,-0.001958424363,-0.00201686585,1,1,22.24734654,2202.722863
35.04,22.23965361,22.22222222,38.48481332,38.35948041,-0.001953887262,-0.002012190531,1,1,22.2472888,2207.788262
35.06,22.23961346,22.22222222,38.48446509,38.35942019,-0.001949360872,-0.00200752627,1,1,22.2472312,2212.86528
35.08,22.2395734,22.22222222,38.48411767,38.3593601,-0.001944845165,-0.002002873038,1,1,22.24717374,2217.953945
35.1,22.23953344,22.22222222,38.48377105,38.35930016,-0.001940340115,-0.001998230808,1,1,22.2471164,2223.054283
35.12,22.23949357,22.22222222,38.48342522,38.35924035,-0.001935845695,-0.001993599553,1,1,22.2470592,2228.166322
35.14,22.23945379,22.22222222,38.48308019,38.35918068,-0.001931361879,-0.001988979244,1,1,22.24700212,2233.290088
35.16,22.2394141,22.22222222,38.48273596,38.35912115,-0.001926888641,-0.001984369855,1,1,22.24694518,2238.425609
35.18,22.2393745,22.22222222,38.48239252,38.35906175,-0.001922425953,-0.001979771358,1,1,22.24688837,2243.572911
35.2,22.239335,22.22222222,38.48204987,38.3590025,-0.001917973791,-0.001975183725,1,1,22.2468317,2248.732023
35.22,22.23929559,22.22222222,38.481708,38.35894338,-0.001913532127,-0.001970606931,1,1,22.24677515,2253.90297
35.24,22.23925627,22.22222222,38.48136693,38.3588844,-0.001909100935,-0.001966040946,1,1,22.24671873,2259.085782
35.26,22.23921704,22.22222222,38.48102664,38.35882555,-0.001904680189,-0.001961485745,1,1,22.24666244,2264.280484
35.28,22.2391779,22.22222222,38.48068714,38.35876685,-0.001900269864,-0.001956941301,1,1,22.24660628,2269.487105
35.3,22.23913885,22.22222222,38.48034841,38.35870827,-0.001895869934,-0.001952407586,1,1,22.24655025,2274.705672
35.32,22.23909989,22.22222222,38.48001047,38.35864984,-0.001891480371,-0.001947884574,1,1,22.24649435,2279.936213
35.34,22.23906102,22.22222222,38.47967331,38.35859154,-0.001887101152,-0.001943372238,1,1,22.24643858,2285.178755
35.36,22.23902225,22.22222222,38.47933692,38.35853337,-0.00188273225,-0.001938870551,1,1,22.24638293,2290.433326
35.38,22.23898356,22.22222222,38.4790013,38.35847534,-0.001878373639,-0.001934379487,1,1,22.24632742,2295.699954
35.4,22.23894496,22.22222222,38.47866646,38.35841744,-0.001874025294,-0.001929899019,1,1,22.24627203,2300.978667
35.42,22.23890645,22.22222222,38.47833239,38.35835968,-0.00186968719,-0.001925429121,1,1,22.24621676,2306.269493
35.44,22.23886803,22.22222222,38.47799909,38.35830205,-0.0018653593,-0.001920969766,1,1,22.24616163,2311.572459
35.46,22.2388297,22.22222222,38.47766656,38.35824455,-0.001861041601,-0.001916520929,1,1,22.24610662,2316.887594
35.48,22.23879146,22.22222222,38.47733479,38.35818719,-0.001856734066,-0.001912082583,1,1,22.24605174,2322.214927
35.5,22.23875331,22.22222222,38.47700379,38.35812996,-0.00185243667,-0.001907654701,1,1,22.24599699,2327.554484
35.52,22.23871524,22.22222222,38.47667355,38.35807287,-0.001848149388,-0.001903237259,1,1,22.24594236,2332.906295
35.54,22.23867727,22.22222222,38.47634407,38.3580159,-0.001843872196,-0.001898830229,1,1,22.24588786,2338.270387
35.56,22.23863938,22.22222222,38.47601535,38.35795907,-0.001839605068,-0.001894433587,1,1,22.24583348,2343.646789
35.58,22.23860158,22.22222222,38.47568738,38.35790237,-0.001835347979,-0.001890047305,1,1,22.24577923,2349.03553
35.6,22.23856386,22.22222222,38.47536017,38.3578458,-0.001831100904,-0.001885671359,1,1,22.2457251,2354.436638
35.62,22.23852624,22.22222222,38.47503371,38.35778936,-0.001826863819,-0.001881305723,1,1,22.24567109,2359.850141
35.64,22.2384887,22.22222222,38.47470801,38.35773305,-0.0018226367,-0.00187695037,1,1,22.24561721,2365.276069
35.66,22.23845125,22.22222222,38.47438305,38.35767687,-0.00181841952,-0.001872605277,1,1,22.24556346,2370.71445
35.68,22.23841388,22.22222222,38.47405885,38.35762082,-0.001814212256,-0.001868270416,1,1,22.24550983,2376.165312
35.7,22.2383766,22.22222222,38.47373539,38.3575649,-0.001810014884,-0.001863945763,1,1,22.24545632,2381.628685
35.72,22.23833941,22.22222222,38.47341267,38.35750911,-0.001805827379,-0.001859631293,1,1,22.24540293,2387.104598
35.74,22.2383023,22.22222222,38.4730907,38.35745345,-0.001801649716,-0.00185532698,1,1,22.24534967,2392.593079
35.76,22.23826528,22.22222222,38.47276947,38.35739792,-0.001797481871,-0.001851032799,1,1,22.24529653,2398.094157
35.78,22.23822835,22.22222222,38.47244898,38.35734252,-0.001793323821,-0.001846748725,1,1,22.24524351,2403.607862
35.8,22.2381915,22.22222222,38.47212922,38.35728725,-0.001789175541,-0.001842474732,1,1,22.24519062,2409.134223
35.82,22.23815473,22.22222222,38.4718102,38.3572321,-0.001785037006,-0.001838210797,1,1,22.24513784,2414.673269
35.84,22.23811805,22.22222222,38.47149192,38.35717708,-0.001780908193,-0.001833956894,1,1,22.24508519,2420.225029
35.86,22.23808146,22.22222222,38.47117437,38.35712219,-0.001776789079,-0.001829712998,1,1,22.24503266,2425.789533
35.88,22.23804495,22.22222222,38.47085755,38.35706743,-0.001772679638,-0.001825479084,1,1,22.24498025,2431.36681
35.9,22.23800853,22.22222222,38.47054146,38.35701279,-0.001768579848,-0.001821255128,1,1,22.24492796,2436.95689
35.92,22.23797219,22.22222222,38.4702261,38.35695828,-0.001764489684,-0.001817041106,1,1,22.24487579,2442.559801
35.94,22.23793593,22.22222222,38.46991146,38.35690389,-0.001760409123,-0.001812836992,1,1,22.24482374,2448.175575
35.96,22.23789976,22.22222222,38.46959755,38.35684963,-0.001756338141,-0.001808642763,1,1,22.24477181,2453.804241
35.98,22.23786367,22.22222222,38.46928436,38.3567955,-0.001752276715,-0.001804458393,1,1,22.24471999,2459.445827
36,22.23782766,22.22222222,38.46897189,38.35674149,-0.001748224822,-0.001800283859,1,1,22.2446683,2465.100365
36.02,22.23779174,22.22222222,38.46866014,38.35668761,-0.001744182437,-0.001796119136,1,1,22.24461673,2470.767884
36.04,22.2377559,22.22222222,38.46834911,38.35663385,-0.001740149537,-0.0017919642,1,1,22.24456527,2476.448415
36.06,22.23772014,22.22222222,38.46803879,38.35658021,-0.0017361261,-0.001787819027,1,1,22.24451394,2482.141986
36.08,22.23768447,22.22222222,38.46772919,38.3565267,-0.001732112102,-0.001783683593,1,1,22.24446272,2487.848629
36.1,22.23764888,22.22222222,38.4674203,38.35647332,-0.00172810752,-0.001779557874,1,1,22.24441162,2493.568373
36.12,22.23761337,22.22222222,38.46711212,38.35642005,-0.00172411233,-0.001775441845,1,1,22.24436064,2499.301249
36.14,22.23757794,22.22222222,38.46680465,38.35636691,-0.001720126511,-0.001771335484,1,1,22.24430977,2505.047287
36.16,22.2375426,22.22222222,38.46649789,38.3563139,-0.001716150038,-0.001767238766,1,1,22.24425902,2510.806517
36.18,22.23750733,22.22222222,38.46619184,38.356261,-0.001712182889,-0.001763151668,1,1,22.24420839,2516.578971
36.2,22.23747215,22.22222222,38.46588649,38.35620823,-0.001708225041,-0.001759074166,1,1,22.24415787,2522.364678
36.22,22.23743705,22.22222222,38.46558184,38.35615558,-0.001704276471,-0.001755006236,1,1,22.24410747,2528.163669
36.24,22.23740203,22.22222222,38.46527789,38.35610305,-0.001700337157,-0.001750947854,1,1,22.24405719,2533.975975
36.26,22.2373671,22.22222222,38.46497465,38.35605064,-0.001696407076,-0.001746898999,1,1,22.24400702,2539.801626
36.28,22.23733224,22.22222222,38.4646721,38.35599836,-0.001692486205,-0.001742859645,1,1,22.24395697,2545.640654
36.3,22.23729746,22.22222222,38.46437025,38.35594619,-0.001688574522,-0.00173882977,1,1,22.24390703,2551.493089
36.32,22.23726277,22.22222222,38.46406909,38.35589415,-0.001684672004,-0.00173480935,1,1,22.24385721,2557.358963
36.34,22.23722815,22.22222222,38.46376862,38.35584222,-0.00168077863,-0.001730798362,1,1,22.2438075,2563.238305
36.36,22.23719361,22.22222222,38.46346885,38.35579042,-0.001676894376,-0.001726796784,1,1,22.24375791,2569.131148
36.38,22.23715916,22.22222222,38.46316977,38.35573874,-0.00167301922,-0.001722804591,1,1,22.24370843,2575.037523
36.4,22.23712478,22.22222222,38.46287137,38.35568717,-0.001669153141,-0.001718821761,1,1,22.24365906,2580.95746
36.42,22.23709048,22.22222222,38.46257366,38.35563573,-0.001665296116,-0.001714848272,1,1,22.24360981,2586.890991
36.44,22.23705627,22.22222222,38.46227664,38.3555844,-0.001661448122,-0.001710884099,1,1,22.24356067,2592.838148
36.46,22.23702213,22.22222222,38.4619803,38.35553319,-0.001657609139,-0.001706929221,1,1,22.24351164,2598.798962
36.48,22.23698807,22.22222222,38.46168464,38.3554821,-0.001653779143,-0.001702983615,1,1,22.24346273,2604.773464
36.5,22.23695409,22.22222222,38.46138967,38.35543113,-0.001649958114,-0.001699047257,1,1,22.24341393,2610.761687
36.52,22.23692019,22.22222222,38.46109537,38.35538028,-0.001646146028,-0.001695120125,1,1,22.24336524,2616.763661
36.54,22.23688636,22.22222222,38.46080175,38.35532954,-0.001642342865,-0.001691202198,1,1,22.24331666,2622.779419
36.56,22.23685262,22.22222222,38.4605088,38.35527892,-0.001638548603,-0.001687293451,1,1,22.2432682,2628.808992
36.58,22.23681895,22.22222222,38.46021653,38.35522842,-0.00163476322,-0.001683393863,1,1,22.24321984,2634.852412
36.6,22.23678536,22.22222222,38.45992493,38.35517804,-0.001630986694,-0.001679503412,1,1,22.2431716,2640.909712
36.62,22.23675184,22.22222222,38.459634,38.35512777,-0.001627219004,-0.001675622074,1,1,22.24312347,2646.980923
36.64,22.23671841,22.22222222,38.45934375,38.35507761,-0.001623460128,-0.001671749829,1,1,22.24307545,2653.066077
36.66,22.23668505,22.22222222,38.45905416,38.35502758,-0.001619710045,-0.001667886653,1,1,22.24302754,2659.165207
36.68,22.23665177,22.22222222,38.45876523,38.35497766,-0.001615968733,-0.001664032524,1,1,22.24297974,2665.278345
36.7,22.23661857,22.22222222,38.45847697,38.35492785,-0.001612236172,-0.001660187421,1,1,22.24293205,2671.405523
36.72,22.23658544,22.22222222,38.45818938,38.35487816,-0.001608512339,-0.001656351321,1,1,22.24288447,2677.546774
36.74,22.23655239,22.22222222,38.45790244,38.35482859,-0.001604797215,-0.001652524202,1,1,22.24283699,2683.70213
36.76,22.23651942,22.22222222,38.45761617,38.35477912,-0.001601090776,-0.001648706043,1,1,22.24278963,2689.871623
36.78,22.23648652,22.22222222,38.45733055,38.35472978,-0.001597393004,-0.001644896822,1,1,22.24274238,2696.055287
36.8,22.2364537,22.22222222,38.4570456,38.35468054,-0.001593703875,-0.001641096516,1,1,22.24269523,2702.253154
36.82,22.23642095,22.22222222,38.4567613,38.35463143,-0.001590023371,-0.001637305105,1,1,22.2426482,2708.465257
36.84,22.23638828,22.22222222,38.45647765,38.35458242,-0.001586351468,-0.001633522566,1,1,22.24260127,2714.691628
36.86,22.23635568,22.22222222,38.45619465,38.35453353,-0.001582688148,-0.001629748879,1,1,22.24255445,2720.932301
36.88,22.23632317,22.22222222,38.45591231,38.35448475,-0.001579033388,-0.00162598402,1,1,22.24250773,2727.187309
36.9,22.23629072,22.22222222,38.45563061,38.35443608,-0.001575387168,-0.001622227969,1,1,22.24246113,2733.456684
36.92,22.23625835,22.22222222,38.45534957,38.35438753,-0.001571749468,-0.001618480705,1,1,22.24241463,2739.74046
36.94,22.23622606,22.22222222,38.45506917,38.35433908,-0.001568120266,-0.001614742206,1,1,22.24236824,2746.038671
36.96,22.23619384,22.22222222,38.45478941,38.35429075,-0.001564499543,-0.001611012451,1,1,22.24232195,2752.351348
36.98,22.23616169,22.22222222,38.4545103,38.35424253,-0.001560887277,-0.001607291418,1,1,22.24227578,2758.678527
37,22.23612962,22.22222222,38.45423183,38.35419443,-0.001557283448,-0.001603579087,1,1,22.2422297,2765.02024
37.02,22.23609762,22.22222222,38.45395401,38.35414643,-0.001553688036,-0.001599875436,1,1,22.24218374,2771.376521
37.04,22.2360657,22.22222222,38.45367682,38.35409855,-0.001550101021,-0.001596180444,1,1,22.24213788,2777.747404
37.06,22.23603385,22.22222222,38.45340027,38.35405077,-0.001546522381,-0.00159249409,1,1,22.24209212,2784.132921
37.08,22.23600207,22.22222222,38.45312435,38.35400311,-0.001542952097,-0.001588816353,1,1,22.24204647,2790.533108
37.1,22.23597037,22.22222222,38.45284907,38.35395555,-0.001539390149,-0.001585147213,1,1,22.24200093,2796.947997
37.12,22.23593874,22.22222222,38.45257442,38.35390811,-0.001535836517,-0.001581486648,1,1,22.24195549,2803.377623
37.14,22.23590718,22.22222222,38.45230041,38.35386077,-0.001532291179,-0.001577834637,1,1,22.24191015,2809.82202
37.16,22.2358757,22.22222222,38.45202703,38.35381355,-0.001528754117,-0.001574191161,1,1,22.24186492,2816.281222
37.18,22.23584429,22.22222222,38.45175427,38.35376643,-0.001525225311,-0.001570556197,1,1,22.24181979,2822.755263
37.2,22.23581295,22.22222222,38.45148214,38.35371942,-0.001521704739,-0.001566929726,1,1,22.24177477,2829.244177
37.22,22.23578168,22.22222222,38.45121064,38.35367252,-0.001518192383,-0.001563311727,1,1,22.24172985,2835.747999
37.24,22.23575049,22.22222222,38.45093976,38.35362573,-0.001514688223,-0.00155970218,1,1,22.24168503,2842.266763
37.26,22.23571937,22.22222222,38.45066951,38.35357905,-0.001511192239,-0.001556101063,1,1,22.24164031,2848.800504
37.28,22.23568832,22.22222222,38.45039988,38.35353247,-0.001507704411,-0.001552508357,1,1,22.2415957,2855.349255
37.3,22.23565734,22.22222222,38.45013086,38.35348601,-0.001504224719,-0.001548924042,1,1,22.24155119,2861.913052
37.32,22.23562643,22.22222222,38.44986247,38.35343965,-0.001500753144,-0.001545348096,1,1,22.24150679,2868.49193
37.34,22.23559559,22.22222222,38.4495947,38.35339339,-0.001497289667,-0.0015417805,1,1,22.24146248,2875.085923
37.36,22.23556483,22.22222222,38.44932754,38.35334725,-0.001493834267,-0.001538221233,1,1,22.24141828,2881.695066
37.38,22.23553414,22.22222222,38.44906099,38.35330121,-0.001490386925,-0.001534670276,1,1,22.24137418,2888.319394
37.4,22.23550351,22.22222222,38.44879506,38.35325527,-0.001486947623,-0.001531127608,1,1,22.24133018,2894.958942
37.42,22.23547296,22.22222222,38.44852974,38.35320944,-0.00148351634,-0.001527593209,1,1,22.24128628,2901.613746
37.44,22.23544248,22.22222222,38.44826503,38.35316372,-0.001480093057,-0.001524067059,1,1,22.24124248,2908.28384
37.46,22.23541207,22.22222222,38.44800093,38.35311811,-0.001476677755,-0.001520549139,1,1,22.24119879,2914.969259
37.48,22.23538173,22.22222222,38.44773743,38.35307259,-0.001473270415,-0.001517039428,1,1,22.24115519,2921.67004
37.5,22.23535146,22.22222222,38.44747455,38.35302719,-0.001469871018,-0.001513537907,1,1,22.24111169,2928.386218
37.52,22.23532126,22.22222222,38.44721226,38.35298189,-0.001466479544,-0.001510044556,1,1,22.2410683,2935.117827
37.54,22.23529113,22.22222222,38.44695058,38.35293669,-0.001463095974,-0.001506559355,1,1,22.241025,2941.864904
37.56,22.23526106,22.22222222,38.44668951,38.3528916,-0.00145972029,-0.001503082285,1,1,22.2409818,2948.627485
37.58,22.23523107,22.22222222,38.44642903,38.35284661,-0.001456352472,-0.001499613325,1,1,22.24093871,2955.405604
37.6,22.23520115,22.22222222,38.44616915,38.35280172,-0.001452992502,-0.001496152457,1,1,22.24089571,2962.199299
37.62,22.2351713,22.22222222,38.44590987,38.35275694,-0.001449640361,-0.001492699661,1,1,22.24085281,2969.008605
37.64,22.23514151,22.22222222,38.44565119,38.35271227,-0.001446296029,-0.001489254917,1,1,22.24081001,2975.833557
37.66,22.23511179,22.22222222,38.4453931,38.35266769,-0.001442959489,-0.001485818206,1,1,22.2407673,2982.674193
37.68,22.23508215,22.22222222,38.4451356,38.35262322,-0.001439630721,-0.001482389508,1,1,22.2407247,2989.530548
37.7,22.23505257,22.22222222,38.4448787,38.35257885,-0.001436309706,-0.001478968805,1,1,22.24068219,2996.402659
37.72,22.23502306,22.22222222,38.44462239,38.35253458,-0.001432996427,-0.001475556077,1,1,22.24063978,3003.290561
37.74,22.23499361,22.22222222,38.44436667,38.35249042,-0.001429690865,-0.001472151305,1,1,22.24059747,3010.194292
37.76,22.23496424,22.22222222,38.44411153,38.35244636,-0.001426393,-0.00146875447,1,1,22.24055526,3017.113887
37.78,22.23493493,22.22222222,38.44385699,38.3524024,-0.001423102815,-0.001465365552,1,1,22.24051314,3024.049384
37.8,22.23490569,22.22222222,38.44360303,38.35235854,-0.001419820291,-0.001461984533,1,1,22.24047112,3031.000819
37.82,22.23487652,22.22222222,38.44334965,38.35231478,-0.00141654541,-0.001458611394,1,1,22.2404292,3037.968229
37.84,22.23484741,22.22222222,38.44309685,38.35227112,-0.001413278154,-0.001455246115,1,1,22.24038737,3044.951651
37.86,22.23481838,22.22222222,38.44284464,38.35222756,-0.001410018504,-0.001451888678,1,1,22.24034564,3051.951121
37.88,22.2347894,22.22222222,38.44259301,38.35218411,-0.001406766441,-0.001448539064,1,1,22.240304,3058.966677
37.9,22.2347605,22.22222222,38.44234195,38.35214075,-0.001403521949,-0.001445197255,1,1,22.24026246,3065.998356
37.92,22.23473166,22.22222222,38.44209147,38.3520975,-0.001400285008,-0.00144186323,1,1,22.24022102,3073.046195
37.94,22.23470289,22.22222222,38.44184157,38.35205434,-0.001397055601,-0.001438536972,1,1,22.24017967,3080.110231
37.96,22.23467419,22.22222222,38.44159225,38.35201128,-0.001393833709,-0.001435218463,1,1,22.24013841,3087.190502
37.98,22.23464555,22.22222222,38.44134349,38.35196833,-0.001390619315,-0.001431907682,1,1,22.24009726,3094.287045
38,22.23461698,22.22222222,38.44109531,38.35192547,-0.0013874124,-0.001428604613,1,1,22.24005619,3101.399898
38.02,22.23458847,22.22222222,38.4408477,38.35188271,-0.001384212948,-0.001425309236,1,1,22.24001522,3108.529098
38.04,22.23456003,22.22222222,38.44060066,38.35184005,-0.001381020939,-0.001422021533,1,1,22.23997435,3115.674683
38.06,22.23453166,22.22222222,38.44035419,38.35179749,-0.001377836356,-0.001418741485,1,1,22.23993356,3122.836691
38.08,22.23450335,22.22222222,38.44010828,38.35175502,-0.001374659181,-0.001415469075,1,1,22.23989287,3130.015159
38.1,22.2344751,22.22222222,38.43986294,38.35171266,-0.001371489397,-0.001412204283,1,1,22.23985228,3137.210126
38.12,22.23444692,22.22222222,38.43961817,38.35167039,-0.001368326986,-0.001408947093,1,1,22.23981178,3144.42163
38.14,22.23441881,22.22222222,38.43937396,38.35162822,-0.00136517193,-0.001405697484,1,1,22.23977137,3151.649708
38.16,22.23439076,22.22222222,38.4391303,38.35158614,-0.001362024212,-0.00140245544,1,1,22.23973105,3158.8944
38.18,22.23436278,22.22222222,38.43888721,38.35154417,-0.001358883814,-0.001399220941,1,1,22.23969083,3166.155743
38.2,22.23433486,22.22222222,38.43864468,38.35150229,-0.001355750719,-0.001395993971,1,1,22.2396507,3173.433776
38.22,22.234307,22.22222222,38.43840271,38.3514605,-0.001352624909,-0.001392774511,1,1,22.23961066,3180.728537
38.24,22.23427921,22.22222222,38.43816129,38.35141882,-0.001349506366,-0.001389562543,1,1,22.23957072,3188.040065
38.26,22.23425148,22.22222222,38.43792043,38.35137722,-0.001346395075,-0.001386358049,1,1,22.23953086,3195.368399
38.28,22.23422382,22.22222222,38.43768012,38.35133573,-0.001343291016,-0.001383161011,1,1,22.2394911,3202.713577
38.3,22.23419622,22.22222222,38.43744036,38.35129433,-0.001340194174,-0.001379971411,1,1,22.23945143,3210.075638
38.32,22.23416868,22.22222222,38.43720116,38.35125303,-0.00133710453,-0.001376789232,1,1,22.23941185,3217.454621
38.34,22.23414121,22.22222222,38.4369625,38.35121182,-0.001334022068,-0.001373614456,1,1,22.23937236,3224.850565
38.36,22.2341138,22.22222222,38.4367244,38.35117071,-0.00133094677,-0.001370447065,1,1,22.23933296,3232.26351
38.38,22.23408646,22.22222222,38.43648684,38.35112969,-0.00132787862,-0.001367287041,1,1,22.23929365,3239.693494
38.4,22.23405918,22.22222222,38.43624983,38.35108876,-0.0013248176,-0.001364134368,1,1,22.23925444,3247.140557
38.42,22.23403196,22.22222222,38.43601336,38.35104793,-0.001321763693,-0.001360989026,1,1,22.23921531,3254.604738
38.44,22.2340048,22.22222222,38.43577744,38.3510072,-0.001318716883,-0.001357851,1,1,22.23917627,3262.086077
38.46,22.2339777,22.22222222,38.43554206,38.35096656,-0.001315677152,-0.00135472027,1,1,22.23913732,3269.584613
38.48,22.23395067,22.22222222,38.43530722,38.35092601,-0.001312644483,-0.001351596821,1,1,22.23909846,3277.100386
38.5,22.2339237,22.22222222,38.43507292,38.35088555,-0.001309618861,-0.001348480634,1,1,22.2390597,3284.633435
38.52,22.23389679,22.22222222,38.43483916,38.35084519,-0.001306600267,-0.001345371692,1,1,22.23902102,3292.183801
38.54,22.23386995,22.22222222,38.43460593,38.35080492,-0.001303588685,-0.001342269978,1,1,22.23898242,3299.751524
38.56,22.23384317,22.22222222,38.43437325,38.35076475,-0.0013005841,-0.001339175474,1,1,22.23894392,3307.336642
38.58,22.23381644,22.22222222,38.4341411,38.35072467,-0.001297586493,-0.001336088165,1,1,22.23890551,3314.939198
38.6,22.23378978,22.22222222,38.43390948,38.35068468,-0.001294595848,-0.001333008031,1,1,22.23886718,3322.55923
38.62,22.23376319,22.22222222,38.43367839,38.35064478,-0.001291612149,-0.001329935056,1,1,22.23882895,3330.196779
38.64,22.23373665,22.22222222,38.43344784,38.35060497,-0.001288635379,-0.001326869224,1,1,22.2387908,3337.851886
38.66,22.23371017,22.22222222,38.43321782,38.35056526,-0.001285665522,-0.001323810516,1,1,22.23875273,3345.524591
38.68,22.23368376,22.22222222,38.43298832,38.35052563,-0.001282702562,-0.001320758917,1,1,22.23871476,3353.214934
38.7,22.2336574,22.22222222,38.43275935,38.3504861,-0.001279746481,-0.001317714408,1,1,22.23867687,3360.922956
38.72,22.23363111,22.22222222,38.43253091,38.35044666,-0.001276797264,-0.001314676974,1,1,22.23863907,3368.648699
38.74,22.23360488,22.22222222,38.432303,38.35040731,-0.001273854894,-0.001311646597,1,1,22.23860136,3376.392202
38.76,22.2335787,22.22222222,38.43207561,38.35036806,-0.001270919354,-0.001308623261,1,1,22.23856373,3384.153507
38.78,22.23355259,22.22222222,38.43184874,38.35032889,-0.00126799063,-0.001305606948,1,1,22.23852619,3391.932655
38.8,22.23352654,22.22222222,38.43162239,38.35028981,-0.001265068704,-0.001302597643,1,1,22.23848874,3399.729687
38.82,22.23350055,22.22222222,38.43139656,38.35025082,-0.001262153561,-0.001299595328,1,1,22.23845137,3407.544645
38.84,22.23347462,22.22222222,38.43117126,38.35021192,-0.001259245183,-0.001296599986,1,1,22.23841409,3415.377569
38.86,22.23344874,22.22222222,38.43094647,38.35017311,-0.001256343556,-0.001293611602,1,1,22.23837689,3423.228501
38.88,22.23342293,22.22222222,38.4307222,38.3501344,-0.001253448663,-0.001290630158,1,1,22.23833978,3431.097482
38.9,22.23339718,22.22222222,38.43049844,38.35009577,-0.001250560489,-0.001287655639,1,1,22.23830276,3438.984555
38.92,22.23337148,22.22222222,38.4302752,38.35005723,-0.001247679016,-0.001284688027,1,1,22.23826582,3446.88976
38.94,22.23334585,22.22222222,38.43005247,38.35001877,-0.00124480423,-0.001281727306,1,1,22.23822896,3454.813141
38.96,22.23332027,22.22222222,38.42983025,38.34998041,-0.001241936115,-0.00127877346,1,1,22.23819219,3462.754737
38.98,22.23329476,22.22222222,38.42960855,38.34994214,-0.001239074654,-0.001275826472,1,1,22.2381555,3470.714593
39,22.2332693,22.22222222,38.42938735,38.34990395,-0.001236219832,-0.001272886327,1,1,22.2381189,3478.692749
39.02,22.2332439,22.22222222,38.42916666,38.34986585,-0.001233371633,-0.001269953007,1,1,22.23808238,3486.689248
39.04,22.23321856,22.22222222,38.42894648,38.34982784,-0.001230530041,-0.001267026497,1,1,22.23804595,3494.704132
39.06,22.23319328,22.22222222,38.42872681,38.34978992,-0.001227695041,-0.001264106781,1,1,22.2380096,3502.737444
39.08,22.23316805,22.22222222,38.42850764,38.34975208,-0.001224866618,-0.001261193842,1,1,22.23797333,3510.789226
39.1,22.23314289,22.22222222,38.42828897,38.34971433,-0.001222044755,-0.001258287664,1,1,22.23793715,3518.859521
39.12,22.23311778,22.22222222,38.42807081,38.34967667,-0.001219229437,-0.001255388231,1,1,22.23790105,3526.948371
39.14,22.23309273,22.22222222,38.42785315,38.3496391,-0.001216420648,-0.001252495527,1,1,22.23786503,3535.055819
39.16,22.23306774,22.22222222,38.42763599,38.34960161,-0.001213618374,-0.001249609537,1,1,22.2378291,3543.181908
39.18,22.2330428,22.22222222,38.42741933,38.34956421,-0.001210822598,-0.001246730244,1,1,22.23779325,3551.326681
39.2,22.23301793,22.22222222,38.42720317,38.34952689,-0.001208033305,-0.001243857632,1,1,22.23775748,3559.490181
39.22,22.23299311,22.22222222,38.4269875,38.34948966,-0.00120525048,-0.001240991686,1,1,22.23772179,3567.672451
39.24,22.23296834,22.22222222,38.42677233,38.34945252,-0.001202474108,-0.00123813239,1,1,22.23768619,3575.873535
39.26,22.23294364,22.22222222,38.42655766,38.34941546,-0.001199704173,-0.001235279727,1,1,22.23765066,3584.093476
39.28,22.23291899,22.22222222,38.42634347,38.34937848,-0.00119694066,-0.001232433683,1,1,22.23761522,3592.332317
39.3,22.2328944,22.22222222,38.42612978,38.3493416,-0.001194183554,-0.001229594241,1,1,22.23757986,3600.590103
39.32,22.23286986,22.22222222,38.42591659,38.34930479,-0.00119143284,-0.001226761386,1,1,22.23754458,3608.866875
39.34,22.23284538,22.22222222,38.42570388,38.34926808,-0.001188688502,-0.001223935102,1,1,22.23750938,3617.162679
39.36,22.23282096,22.22222222,38.42549166,38.34923144,-0.001185950526,-0.001221115374,1,1,22.23747427,3625.477559
39.38,22.2327966,22.22222222,38.42527993,38.34919489,-0.001183218896,-0.001218302186,1,1,22.23743923,3633.811558
39.4,22.23277229,22.22222222,38.42506868,38.34915843,-0.001180493597,-0.001215495523,1,1,22.23740427,3642.16472
39.42,22.23274803,22.22222222,38.42485792,38.34912205,-0.001177774616,-0.001212695369,1,1,22.2373694,3650.537089
39.44,22.23272383,22.22222222,38.42464765,38.34908575,-0.001175061935,-0.001209901709,1,1,22.2373346,3658.928711
39.46,22.23269969,22.22222222,38.42443786,38.34904954,-0.001172355541,-0.001207114527,1,1,22.23729989,3667.339628
39.48,22.2326756,22.22222222,38.42422855,38.34901341,-0.00116965542,-0.001204333808,1,1,22.23726525,3675.769886
39.5,22.23265157,22.22222222,38.42401972,38.34897736,-0.001166961555,-0.001201559537,1,1,22.23723069,3684.21953
39.52,22.2326276,22.22222222,38.42381138,38.3489414,-0.001164273932,-0.001198791698,1,1,22.23719622,3692.688603
39.54,22.23260368,22.22222222,38.42360351,38.34890552,-0.001161592536,-0.001196030277,1,1,22.23716182,3701.177151
39.56,22.23257981,22.22222222,38.42339612,38.34886972,-0.001158917354,-0.001193275258,1,1,22.2371275,3709.685219
39.58,22.232556,22.22222222,38.4231892,38.348834,-0.001156248369,-0.001190526626,1,1,22.23709326,3718.212852
39.6,22.23253225,22.22222222,38.42298277,38.34879837,-0.001153585568,-0.001187784365,1,1,22.2370591,3726.760094
39.62,22.23250854,22.22222222,38.4227768,38.34876282,-0.001150928936,-0.001185048461,1,1,22.23702502,3735.326991
39.64,22.2324849,22.22222222,38.42257131,38.34872735,-0.001148278458,-0.001182318899,1,1,22.23699102,3743.913588
39.66,22.23246131,22.22222222,38.4223663,38.34869196,-0.00114563412,-0.001179595664,1,1,22.23695709,3752.519931
39.68,22.23243777,22.22222222,38.42216175,38.34865665,-0.001142995907,-0.00117687874,1,1,22.23692324,3761.146065
39.7,22.23241429,22.22222222,38.42195767,38.34862143,-0.001140363805,-0.001174168114,1,1,22.23688947,3769.792036
39.72,22.23239086,22.22222222,38.42175407,38.34858628,-0.001137737799,-0.001171463769,1,1,22.23685578,3778.457889
39.74,22.23236748,22.22222222,38.42155093,38.34855122,-0.001135117875,-0.001168765691,1,1,22.23682216,3787.143671
39.76,22.23234416,22.22222222,38.42134825,38.34851624,-0.001132504019,-0.001166073866,1,1,22.23678863,3795.849427
39.78,22.23232089,22.22222222,38.42114605,38.34848134,-0.001129896217,-0.001163388278,1,1,22.23675516,3804.575204
39.8,22.23229768,22.22222222,38.42094431,38.34844652,-0.001127294453,-0.001160708913,1,1,22.23672178,3813.321046
39.82,22.23227452,22.22222222,38.42074303,38.34841177,-0.001124698714,-0.001158035757,1,1,22.23668847,3822.087002
39.84,22.23225141,22.22222222,38.42054222,38.34837711,-0.001122108986,-0.001155368793,1,1,22.23665524,3830.873117
39.86,22.23222835,22.22222222,38.42034186,38.34834253,-0.001119525254,-0.001152708009,1,1,22.23662209,3839.679437
39.88,22.23220535,22.22222222,38.42014197,38.34830803,-0.001116947505,-0.001150053388,1,1,22.23658901,3848.50601
39.9,22.23218241,22.22222222,38.41994254,38.34827361,-0.001114375724,-0.001147404918,1,1,22.23655601,3857.352881
39.92,22.23215951,22.22222222,38.41974356,38.34823927,-0.001111809897,-0.001144762582,1,1,22.23652308,3866.220098
39.94,22.23213667,22.22222222,38.41954504,38.348205,-0.00110925001,-0.001142126367,1,1,22.23649023,3875.107707
39.96,22.23211388,22.22222222,38.41934698,38.34817082,-0.00110669605,-0.001139496259,1,1,22.23645746,3884.015756
39.98,22.23209114,22.22222222,38.41914938,38.34813671,-0.001104148001,-0.001136872242,1,1,22.23642476,3892.944292
40,22.23206846,22.22222222,38.41895223,38.34810268,-0.001101605851,-0.001134254303,1,1,22.23639213,3901.893361
40.02,22.23204582,22.22222222,38.41875553,38.34806873,-0.001099069585,-0.001131642427,1,1,22.23635958,3910.863011
40.04,22.23202324,22.22222222,38.41855928,38.34803486,-0.00109653919,-0.001129036599,1,1,22.23632711,3919.853291
40.06,22.23200071,22.22222222,38.41836349,38.34800107,-0.001094014652,-0.001126436807,1,1,22.23629471,3928.864246
40.08,22.23197824,22.22222222,38.41816814,38.34796735,-0.001091495956,-0.001123843034,1,1,22.23626238,3937.895925
40.1,22.23195581,22.22222222,38.41797325,38.34793372,-0.00108898309,-0.001121255268,1,1,22.23623013,3946.948376
40.12,22.23193344,22.22222222,38.4177788,38.34790016,-0.001086476039,-0.001118673494,1,1,22.23619795,3956.021646
40.14,22.23191112,22.22222222,38.4175848,38.34786667,-0.00108397479,-0.001116097697,1,1,22.23616585,3965.115784
40.16,22.23188885,22.22222222,38.41739124,38.34783327,-0.001081479329,-0.001113527865,1,1,22.23613382,3974.230837
40.18,22.23186663,22.22222222,38.41719813,38.34779994,-0.001078989643,-0.001110963982,1,1,22.23610186,3983.366854
40.2,22.23184446,22.22222222,38.41700546,38.34776669,-0.001076505717,-0.001108406035,1,1,22.23606998,3992.523883
40.22,22.23182234,22.22222222,38.41681324,38.34773351,-0.001074027539,-0.001105854009,1,1,22.23603817,4001.701973
40.24,22.23180027,22.22222222,38.41662146,38.34770041,-0.001071555095,-0.001103307892,1,1,22.23600643,4010.901171
40.26,22.23177826,22.22222222,38.41643012,38.34766739,-0.001069088371,-0.001100767668,1,1,22.23597477,4020.121527
40.28,22.23175629,22.22222222,38.41623922,38.34763444,-0.001066627355,-0.001098233324,1,1,22.23594318,4029.36309
40.3,22.23173438,22.22222222,38.41604875,38.34760157,-0.001064172031,-0.001095704847,1,1,22.23591166,4038.625908
40.32,22.23171252,22.22222222,38.41585873,38.34756878,-0.001061722388,-0.001093182222,1,1,22.23588021,4047.910031
40.34,22.2316907,22.22222222,38.41566914,38.34753606,-0.001059278412,-0.001090665435,1,1,22.23584884,4057.215506
40.36,22.23166894,22.22222222,38.41547999,38.34750341,-0.001056840089,-0.001088154473,1,1,22.23581754,4066.542385
40.38,22.23164723,22.22222222,38.41529127,38.34747084,-0.001054407406,-0.001085649322,1,1,22.23578631,4075.890715
40.4,22.23162556,22.22222222,38.41510299,38.34743835,-0.001051980351,-0.001083149969,1,1,22.23575515,4085.260547
40.42,22.23160395,22.22222222,38.41491514,38.34740593,-0.001049558909,-0.0010806564,1,1,22.23572406,4094.651929
40.44,22.23158239,22.22222222,38.41472772,38.34737358,-0.001047143067,-0.0010781686,1,1,22.23569305,4104.064913
40.46,22.23156087,22.22222222,38.41454073,38.34734131,-0.001044732813,-0.001075686558,1,1,22.23566211,4113.499547
40.48,22.23153941,22.22222222,38.41435417,38.34730911,-0.001042328133,-0.001073210258,1,1,22.23563123,4122.955881
40.5,22.231518,22.22222222,38.41416804,38.34727699,-0.001039929015,-0.001070739688,1,1,22.23560043,4132.433965
40.52,22.23149663,22.22222222,38.41398234,38.34724494,-0.001037535444,-0.001068274834,1,1,22.2355697,4141.93385
40.54,22.23147531,22.22222222,38.41379707,38.34721297,-0.001035147409,-0.001065815683,1,1,22.23553904,4151.455585
40.56,22.23145405,22.22222222,38.41361222,38.34718107,-0.001032764896,-0.001063362221,1,1,22.23550845,4160.999222
40.58,22.23143283,22.22222222,38.41342779,38.34714924,-0.001030387892,-0.001060914435,1,1,22.23547793,4170.564809
40.6,22.23141166,22.22222222,38.41324379,38.34711749,-0.001028016384,-0.001058472312,1,1,22.23544748,4180.1524
40.62,22.23139054,22.22222222,38.41306022,38.34708581,-0.001025650359,-0.001056035837,1,1,22.2354171,4189.762042
40.64,22.23136947,22.22222222,38.41287706,38.3470542,-0.001023289805,-0.001053604999,1,1,22.23538679,4199.393789
40.66,22.23134844,22.22222222,38.41269433,38.34702266,-0.001020934709,-0.001051179784,1,1,22.23535655,4209.04769
40.68,22.23132747,22.22222222,38.41251201,38.3469912,-0.001018585057,-0.001048760178,1,1,22.23532638,4218.723796
40.7,22.23130654,22.22222222,38.41233012,38.34695981,-0.001016240838,-0.001046346168,1,1,22.23529628,4228.42216
40.72,22.23128566,22.22222222,38.41214864,38.34692849,-0.001013902038,-0.001043937742,1,1,22.23526625,4238.142831
40.74,22.23126483,22.22222222,38.41196758,38.34689725,-0.001011568644,-0.001041534885,1,1,22.23523629,4247.885862
40.76,22.23124405,22.22222222,38.41178693,38.34686607,-0.001009240644,-0.001039137586,1,1,22.23520639,4257.651304
40.78,22.23122331,22.22222222,38.4116067,38.34683497,-0.001006918026,-0.001036745831,1,1,22.23517657,4267.439209
40.8,22.23120263,22.22222222,38.41142689,38.34680394,-0.001004600776,-0.001034359606,1,1,22.23514681,4277.249628
40.82,22.23118199,22.22222222,38.41124749,38.34677298,-0.001002288883,-0.0010319789,1,1,22.23511712,4287.082613
40.84,22.23116139,22.22222222,38.4110685,38.34674209,-0.0009999823326,-0.001029603698,1,1,22.2350875,4296.938217
40.86,22.23114085,22.22222222,38.41088992,38.34671127,-0.0009976811136,-0.001027233989,1,1,22.23505795,4306.816491
40.88,22.23112035,22.22222222,38.41071175,38.34668053,-0.0009953852131,-0.001024869759,1,1,22.23502847,4316.717488
40.9,22.2310999,22.22222222,38.41053399,38.34664985,-0.0009930946186,-0.001022510995,1,1,22.23499905,4326.641259
40.92,22.2310795,22.22222222,38.41035664,38.34661925,-0.0009908093178,-0.001020157685,1,1,22.2349697,4336.587858
40.94,22.23105914,22.22222222,38.4101797,38.34658871,-0.0009885292982,-0.001017809816,1,1,22.23494042,4346.557338
40.96,22.23103883,22.22222222,38.41000317,38.34655825,-0.0009862545475,-0.001015467374,1,1,22.23491121,4356.54975
40.98,22.23101857,22.22222222,38.40982704,38.34652786,-0.0009839850533,-0.001013130348,1,1,22.23488206,4366.565148
41,22.23099835,22.22222222,38.40965131,38.34649753,-0.0009817208033,-0.001010798725,1,1,22.23485298,4376.603584
41.02,22.23097818,22.22222222,38.40947599,38.34646728,-0.0009794617853,-0.001008472491,1,1,22.23482397,4386.665112
41.04,22.23095806,22.22222222,38.40930107,38.34643709,-0.0009772079869,-0.001006151635,1,1,22.23479502,4396.749786
41.06,22.23093799,22.22222222,38.40912656,38.34640698,-0.000974959396,-0.001003836143,1,1,22.23476614,4406.857657
41.08,22.23091795,22.22222222,38.40895244,38.34637693,-0.0009727160004,-0.001001526003,1,1,22.23473732,4416.98878
41.1,22.23089797,22.22222222,38.40877873,38.34634696,-0.0009704777879,-0.0009992212028,1,1,22.23470858,4427.143209
41.12,22.23087803,22.22222222,38.40860541,38.34631705,-0.0009682447463,-0.0009969217296,1,1,22.2346799,4437.320996
41.14,22.23085814,22.22222222,38.4084325,38.34628721,-0.0009660168637,-0.0009946275709,1,1,22.23465128,4447.522196
41.16,22.23083829,22.22222222,38.40825998,38.34625744,-0.0009637941278,-0.0009923387144,1,1,22.23462273,4457.746863
41.18,22.23081849,22.22222222,38.40808785,38.34622774,-0.0009615765267,-0.0009900551474,1,1,22.23459425,4467.995051
41.2,22.23079874,22.22222222,38.40791612,38.3461981,-0.0009593640484,-0.0009877768578,1,1,22.23456583,4478.266814
41.22,22.23077903,22.22222222,38.40774479,38.34616854,-0.0009571566808,-0.000985503833,1,1,22.23453747,4488.562207
41.24,22.23075936,22.22222222,38.40757385,38.34613904,-0.0009549544121,-0.0009832360609,1,1,22.23450918,4498.881283
41.26,22.23073974,22.22222222,38.40740331,38.34610961,-0.0009527572302,-0.000980973529,1,1,22.23448096,4509.224097
41.28,22.23072017,22.22222222,38.40723315,38.34608025,-0.0009505651233,-0.0009787162251,1,1,22.2344528,4519.590705
41.3,22.23070064,22.22222222,38.40706339,38.34605096,-0.0009483780796,-0.0009764641369,1,1,22.23442471,4529.98116
41.32,22.23068115,22.22222222,38.40689401,38.34602173,-0.0009461960871,-0.0009742172523,1,1,22.23439668,4540.395519
41.34,22.23066171,22.22222222,38.40672503,38.34599257,-0.0009440191341,-0.0009719755591,1,1,22.23436871,4550.833835
41.36,22.23064232,22.22222222,38.40655643,38.34596348,-0.0009418472088,-0.0009697390451,1,1,22.23434081,4561.296164
41.38,22.23062297,22.22222222,38.40638822,38.34593445,-0.0009396802995,-0.0009675076982,1,1,22.23431298,4571.782562
41.4,22.23060366,22.22222222,38.4062204,38.3459055,-0.0009375183943,-0.0009652815063,1,1,22.2342852,4582.293084
41.42,22.2305844,22.22222222,38.40605297,38.3458766,-0.0009353614817,-0.0009630604574,1,1,22.23425749,4592.827785
41.44,22.23056519,22.22222222,38.40588592,38.34584778,-0.0009332095499,-0.0009608445393,1,1,22.23422985,4603.386722
41.46,22.23054601,22.22222222,38.40571925,38.34581902,-0.0009310625873,-0.0009586337401,1,1,22.23420227,4613.96995
41.48,22.23052688,22.22222222,38.40555296,38.34579033,-0.0009289205823,-0.0009564280479,1,1,22.23417475,4624.577524
41.5,22.2305078,22.22222222,38.40538706,38.3457617,-0.0009267835234,-0.0009542274507,1,1,22.23414729,4635.209502
41.52,22.23048876,22.22222222,38.40522154,38.34573314,-0.0009246513989,-0.0009520319365,1,1,22.2341199,4645.865939
41.54,22.23046976,22.22222222,38.4050564,38.34570464,-0.0009225241973,-0.0009498414935,1,1,22.23409257,4656.546892
41.56,22.23045081,22.22222222,38.40489164,38.34567621,-0.0009204019072,-0.0009476561098,1,1,22.23406531,4667.252416
41.58,22.2304319,22.22222222,38.40472725,38.34564785,-0.0009182845171,-0.0009454757736,1,1,22.2340381,4677.98257
41.6,22.23041303,22.22222222,38.40456325,38.34561955,-0.0009161720154,-0.0009433004731,1,1,22.23401096,4688.737409
41.62,22.23039421,22.22222222,38.40439962,38.34559132,-0.0009140643909,-0.0009411301965,1,1,22.23398388,4699.516991
41.64,22.23037543,22.22222222,38.40423637,38.34556315,-0.0009119616321,-0.000938964932,1,1,22.23395687,4710.321372
41.66,22.2303567,22.22222222,38.40407349,38.34553504,-0.0009098637276,-0.000936804668,1,1,22.23392991,4721.15061
41.68,22.230338,22.22222222,38.40391099,38.345507,-0.0009077706662,-0.0009346493928,1,1,22.23390302,4732.004761
41.7,22.23031935,22.22222222,38.40374886,38.34547903,-0.0009056824364,-0.0009324990946,1,1,22.23387619,4742.883884
41.72,22.23030075,22.22222222,38.40358711,38.34545112,-0.0009035990272,-0.000930353762,1,1,22.23384942,4753.788035
41.74,22.23028218,22.22222222,38.40342572,38.34542327,-0.0009015204271,-0.0009282133832,1,1,22.23382271,4764.717273
41.76,22.23026366,22.22222222,38.40326471,38.34539549,-0.0008994466249,-0.0009260779467,1,1,22.23379607,4775.671655
41.78,22.23024518,22.22222222,38.40310406,38.34536777,-0.0008973776096,-0.000923947441,1,1,22.23376948,4786.65124
41.8,22.23022674,22.22222222,38.40294379,38.34534012,-0.0008953133698,-0.0009218218545,1,1,22.23374296,4797.656084
41.82,22.23020835,22.22222222,38.40278388,38.34531253,-0.0008932538945,-0.0009197011757,1,1,22.23371649,4808.686247
41.84,22.23019,22.22222222,38.40262434,38.345285,-0.0008911991725,-0.0009175853932,1,1,22.23369009,4819.741786
41.86,22.23017169,22.22222222,38.40246517,38.34525753,-0.0008891491928,-0.0009154744955,1,1,22.23366375,4830.822761
41.88,22.23015342,22.22222222,38.40230636,38.34523013,-0.0008871039442,-0.0009133684713,1,1,22.23363747,4841.92923
41.9,22.2301352,22.22222222,38.40214792,38.34520279,-0.0008850634158,-0.0009112673091,1,1,22.23361125,4853.061251
41.92,22.23011701,22.22222222,38.40198984,38.34517552,-0.0008830275966,-0.0009091709977,1,1,22.23358509,4864.218883
41.94,22.23009887,22.22222222,38.40183213,38.34514831,-0.0008809964755,-0.0009070795256,1,1,22.23355899,4875.402186
41.96,22.23008077,22.22222222,38.40167478,38.34512116,-0.0008789700416,-0.0009049928816,1,1,22.23353295,4886.611219
41.98,22.23006271,22.22222222,38.40151779,38.34509407,-0.000876948284,-0.0009029110544,1,1,22.23350697,4897.84604
42,22.2300447,22.22222222,38.40136116,38.34506704,-0.0008749311917,-0.0009008340328,1,1,22.23348104,4909.10671
42.02,22.23002672,22.22222222,38.40120489,38.34504008,-0.000872918754,-0.0008987618055,1,1,22.23345518,4920.393287
42.04,22.23000879,22.22222222,38.40104898,38.34501318,-0.0008709109598,-0.0008966943614,1,1,22.23342938,4931.705832
42.06,22.22999089,22.22222222,38.40089342,38.34498634,-0.0008689077985,-0.0008946316892,1,1,22.23340364,4943.044404
42.08,22.22997304,22.22222222,38.40073823,38.34495956,-0.0008669092593,-0.000892573778,1,1,22.23337796,4954.409063
42.1,22.22995523,22.22222222,38.40058339,38.34493285,-0.0008649153312,-0.0008905206165,1,1,22.23335233,4965.79987
42.12,22.22993746,22.22222222,38.40042891,38.3449062,-0.0008629260037,-0.0008884721937,1,1,22.23332676,4977.216884
42.14,22.22991973,22.22222222,38.40027478,38.3448796,-0.0008609412659,-0.0008864284985,1,1,22.23330126,4988.660167
42.16,22.22990205,22.22222222,38.40012101,38.34485307,-0.0008589611072,-0.0008843895199,1,1,22.23327581,5000.129777
42.18,22.2298844,22.22222222,38.39996759,38.3448266,-0.0008569855169,-0.0008823552468,1,1,22.23325042,5011.625777
42.2,22.22986679,22.22222222,38.39981452,38.34480019,-0.0008550144844,-0.0008803256684,1,1,22.23322509,5023.148227
42.22,22.22984923,22.22222222,38.3996618,38.34477384,-0.000853047999,-0.0008783007737,1,1,22.23319981,5034.697188
42.24,22.2298317,22.22222222,38.39950944,38.34474755,-0.0008510860502,-0.0008762805518,1,1,22.2331746,5046.27272
42.26,22.22981422,22.22222222,38.39935742,38.34472132,-0.0008491286274,-0.0008742649916,1,1,22.23314944,5057.874886
42.28,22.22979677,22.22222222,38.39920576,38.34469516,-0.00084717572,-0.0008722540825,1,1,22.23312434,5069.503747
42.3,22.22977937,22.22222222,38.39905444,38.34466905,-0.0008452273176,-0.0008702478135,1,1,22.2330993,5081.159363
42.32,22.229762,22.22222222,38.39890347,38.344643,-0.0008432834095,-0.0008682461738,1,1,22.23307432,5092.841797
42.34,22.22974468,22.22222222,38.39875285,38.34461701,-0.0008413439855,-0.0008662491527,1,1,22.23304939,5104.55111
42.36,22.22972739,22.22222222,38.39860257,38.34459109,-0.000839409035,-0.0008642567393,1,1,22.23302452,5116.287365
42.38,22.22971015,22.22222222,38.39845264,38.34456522,-0.0008374785476,-0.000862268923,1,1,22.23299971,5128.050623
42.4,22.22969294,22.22222222,38.39830306,38.34453941,-0.0008355525129,-0.0008602856929,1,1,22.23297495,5139.840947
42.42,22.22967577,22.22222222,38.39815381,38.34451366,-0.0008336309206,-0.0008583070385,1,1,22.23295025,5151.658398
42.44,22.22965865,22.22222222,38.39800491,38.34448797,-0.0008317137602,-0.0008563329491,1,1,22.23292561,5163.50304
42.46,22.22964156,22.22222222,38.39785636,38.34446234,-0.0008298010216,-0.000854363414,1,1,22.23290103,5175.374936
42.48,22.22962451,22.22222222,38.39770814,38.34443677,-0.0008278926944,-0.0008523984226,1,1,22.2328765,5187.274147
42.5,22.2296075,22.22222222,38.39756027,38.34441126,-0.0008259887683,-0.0008504379643,1,1,22.23285202,5199.200736
42.52,22.22959053,22.22222222,38.39741273,38.3443858,-0.0008240892331,-0.0008484820287,1,1,22.23282761,5211.154768
42.54,22.2295736,22.22222222,38.39726553,38.3443604,-0.0008221940786,-0.000846530605,1,1,22.23280325,5223.136305
42.56,22.22955671,22.22222222,38.39711867,38.34433507,-0.0008203032946,-0.0008445836829,1,1,22.23277894,5235.14541
42.58,22.22953986,22.22222222,38.39697215,38.34430979,-0.0008184168709,-0.0008426412518,1,1,22.2327547,5247.182147
42.6,22.22952304,22.22222222,38.39682597,38.34428457,-0.0008165347973,-0.0008407033014,1,1,22.2327305,5259.24658
42.62,22.22950627,22.22222222,38.39668012,38.3442594,-0.0008146570638,-0.000838769821,1,1,22.23270637,5271.338772
42.64,22.22948953,22.22222222,38.39653461,38.3442343,-0.0008127836603,-0.0008368408005,1,1,22.23268228,5283.458788
42.66,22.22947283,22.22222222,38.39638943,38.34420925,-0.0008109145766,-0.0008349162292,1,1,22.23265826,5295.606691
42.68,22.22945617,22.22222222,38.39624458,38.34418426,-0.0008090498028,-0.000832996097,1,1,22.23263429,5307.782545
42.7,22.22943955,22.22222222,38.39610007,38.34415933,-0.0008071893287,-0.0008310803935,1,1,22.23261037,5319.986416
42.72,22.22942297,22.22222222,38.39595589,38.34413445,-0.0008053331445,-0.0008291691083,1,1,22.23258651,5332.218367
42.74,22.22940642,22.22222222,38.39581204,38.34410964,-0.0008034812401,-0.0008272622312,1,1,22.2325627,5344.478463
42.76,22.22938992,22.22222222,38.39566852,38.34408488,-0.0008016336055,-0.0008253597519,1,1,22.23253895,5356.76677
42.78,22.22937345,22.22222222,38.39552533,38.34406017,-0.0007997902309,-0.0008234616602,1,1,22.23251525,5369.083352
42.8,22.22935702,22.22222222,38.39538247,38.34403552,-0.0007979511064,-0.0008215679459,1,1,22.23249161,5381.428274
42.82,22.22934062,22.22222222,38.39523994,38.34401093,-0.000796116222,-0.0008196785987,1,1,22.23246802,5393.801601
42.84,22.22932427,22.22222222,38.39509773,38.3439864,-0.0007942855679,-0.0008177936086,1,1,22.23244449,5406.203399
42.86,22.22930795,22.22222222,38.39495586,38.34396192,-0.0007924591343,-0.0008159129653,1,1,22.23242101,5418.633734
42.88,22.22929167,22.22222222,38.3948143,38.3439375,-0.0007906369113,-0.0008140366588,1,1,22.23239758,5431.092671
42.9,22.22927542,22.22222222,38.39467308,38.34391314,-0.0007888188892,-0.000812164679,1,1,22.23237421,5443.580276
42.92,22.22925922,22.22222222,38.39453217,38.34388883,-0.0007870050582,-0.0008102970158,1,1,22.23235089,5456.096616
42.94,22.22924305,22.22222222,38.3943916,38.34386457,-0.0007851954086,-0.0008084336592,1,1,22.23232763,5468.641756
42.96,22.22922692,22.22222222,38.39425134,38.34384038,-0.0007833899306,-0.0008065745992,1,1,22.23230441,5481.215762
42.98,22.22921082,22.22222222,38.39411141,38.34381624,-0.0007815886145,-0.0008047198257,1,1,22.23228126,5493.818702
43,22.22919477,22.22222222,38.3939718,38.34379215,-0.0007797914508,-0.0008028693288,1,1,22.23225815,5506.450641
43.02,22.22917875,22.22222222,38.39383251,38.34376812,-0.0007779984296,-0.0008010230985,1,1,22.2322351,5519.111647
43.04,22.22916276,22.22222222,38.39369354,38.34374414,-0.0007762095415,-0.000799181125,1,1,22.2322121,5531.801787
43.06,22.22914682,22.22222222,38.39355488,38.34372022,-0.0007744247768,-0.0007973433983,1,1,22.23218915,5544.521127
43.08,22.22913091,22.22222222,38.39341655,38.34369636,-0.0007726441259,-0.0007955099086,1,1,22.23216626,5557.269736
43.1,22.22911503,22.22222222,38.39327854,38.34367255,-0.0007708675792,-0.000793680646,1,1,22.23214342,5570.047679
43.12,22.22909919,22.22222222,38.39314084,38.34364879,-0.0007690951273,-0.0007918556007,1,1,22.23212063,5582.855026
43.14,22.22908339,22.22222222,38.39300346,38.34362509,-0.0007673267606,-0.0007900347628,1,1,22.2320979,5595.691843
43.16,22.22906763,22.22222222,38.39286639,38.34360144,-0.0007655624697,-0.0007882181226,1,1,22.23207521,5608.558199
43.18,22.2290519,22.22222222,38.39272964,38.34357785,-0.000763802245,-0.0007864056704,1,1,22.23205258,5621.454161
43.2,22.22903621,22.22222222,38.3925932,38.34355431,-0.0007620460771,-0.0007845973964,1,1,22.23203,5634.379798
43.22,22.22902055,22.22222222,38.39245708,38.34353083,-0.0007602939567,-0.0007827932908,1,1,22.23200747,5647.335179
43.24,22.22900493,22.22222222,38.39232127,38.3435074,-0.0007585458742,-0.0007809933441,1,1,22.231985,5660.320371
43.26,22.22898935,22.22222222,38.39218577,38.34348402,-0.0007568018204,-0.0007791975465,1,1,22.23196257,5673.335443
43.28,22.2289738,22.22222222,38.39205058,38.3434607,-0.0007550617858,-0.0007774058884,1,1,22.2319402,5686.380464
43.3,22.22895829,22.22222222,38.39191571,38.34343743,-0.0007533257612,-0.0007756183602,1,1,22.23191788,5699.455504
43.32,22.22894281,22.22222222,38.39178114,38.34341422,-0.0007515937372,-0.0007738349523,1,1,22.23189561,5712.56063
43.34,22.22892737,22.22222222,38.39164688,38.34339106,-0.0007498657045,-0.0007720556551,1,1,22.23187339,5725.695914
43.36,22.22891197,22.22222222,38.39151294,38.34336795,-0.0007481416539,-0.000770280459,1,1,22.23185122,5738.861423
43.38,22.2288966,22.22222222,38.39137929,38.34334489,-0.0007464215762,-0.0007685093546,1,1,22.2318291,5752.057228
43.4,22.22888126,22.22222222,38.39124596,38.34332189,-0.000744705462,-0.0007667423323,1,1,22.23180704,5765.283398
43.42,22.22886596,22.22222222,38.39111293,38.34329894,-0.0007429933023,-0.0007649793827,1,1,22.23178502,5778.540004
43.44,22.2288507,22.22222222,38.39098021,38.34327605,-0.0007412850878,-0.0007632204963,1,1,22.23176306,5791.827115
43.46,22.22883547,22.22222222,38.39084779,38.3432532,-0.0007395808094,-0.0007614656636,1,1,22.23174114,5805.144801
43.48,22.22882027,22.22222222,38.39071568,38.34323041,-0.0007378804579,-0.0007597148753,1,1,22.23171928,5818.493134
43.5,22.22880511,22.22222222,38.39058387,38.34320767,-0.0007361840243,-0.0007579681219,1,1,22.23169746,5831.872184
43.52,22.22878999,22.22222222,38.39045236,38.34318498,-0.0007344914994,-0.0007562253941,1,1,22.2316757,5845.282021
43.54,22.2287749,22.22222222,38.39032116,38.34316235,-0.0007328028742,-0.0007544866825,1,1,22.23165398,5858.722717
43.56,22.22875984,22.22222222,38.39019026,38.34313977,-0.0007311181396,-0.0007527519778,1,1,22.23163232,5872.194342
43.58,22.22874482,22.22222222,38.39005965,38.34311724,-0.0007294372866,-0.0007510212708,1,1,22.23161071,5885.696967
43.6,22.22872984,22.22222222,38.38992935,38.34309476,-0.0007277603062,-0.000749294552,1,1,22.23158914,5899.230665
43.62,22.22871489,22.22222222,38.38979935,38.34307233,-0.0007260871893,-0.0007475718124,1,1,22.23156763,5912.795506
43.64,22.22869997,22.22222222,38.38966965,38.34304995,-0.0007244179272,-0.0007458530425,1,1,22.23154616,5926.391563
43.66,22.22868509,22.22222222,38.38954024,38.34302763,-0.0007227525107,-0.0007441382333,1,1,22.23152474,5940.018907
43.68,22.22867024,22.22222222,38.38941113,38.34300536,-0.000721090931,-0.0007424273755,1,1,22.23150338,5953.677611
43.7,22.22865542,22.22222222,38.38928232,38.34298314,-0.0007194331793,-0.0007407204599,1,1,22.23148206,5967.367746
43.72,22.22864064,22.22222222,38.3891538,38.34296097,-0.0007177792465,-0.0007390174775,1,1,22.23146079,5981.089384
43.74,22.2286259,22.22222222,38.38902558,38.34293885,-0.0007161291239,-0.000737318419,1,1,22.23143957,5994.8426
43.76,22.22861119,22.22222222,38.38889765,38.34291678,-0.0007144828025,-0.0007356232754,1,1,22.2314184,6008.627465
43.78,22.22859651,22.22222222,38.38877002,38.34289476,-0.0007128402737,-0.0007339320376,1,1,22.23139727,6022.444051
43.8,22.22858186,22.22222222,38.38864268,38.34287279,-0.0007112015286,-0.0007322446965,1,1,22.2313762,6036.292434
43.82,22.22856725,22.22222222,38.38851564,38.34285088,-0.0007095665584,-0.000730561243,1,1,22.23135517,6050.172684
43.84,22.22855267,22.22222222,38.38838888,38.34282901,-0.0007079353544,-0.0007288816683,1,1,22.2313342,6064.084876
43.86,22.22853813,22.22222222,38.38826242,38.34280719,-0.0007063079079,-0.0007272059632,1,1,22.23131327,6078.029084
43.88,22.22852362,22.22222222,38.38813624,38.34278543,-0.0007046842101,-0.0007255341187,1,1,22.23129239,6092.005381
43.9,22.22850914,22.22222222,38.38801036,38.34276371,-0.0007030642523,-0.000723866126,1,1,22.23127155,6106.013841
43.92,22.2284947,22.22222222,38.38788477,38.34274204,-0.0007014480259,-0.0007222019761,1,1,22.23125077,6120.054538
43.94,22.22848029,22.22222222,38.38775946,38.34272043,-0.0006998355223,-0.0007205416601,1,1,22.23123003,6134.127546
43.96,22.22846591,22.22222222,38.38763444,38.34269886,-0.0006982267327,-0.0007188851691,1,1,22.23120934,6148.232941
43.98,22.22845156,22.22222222,38.38750971,38.34267734,-0.0006966216487,-0.0007172324942,1,1,22.2311887,6162.370795
44,22.22843725,22.22222222,38.38738527,38.34265588,-0.0006950202615,-0.0007155836265,1,1,22.2311681,6176.541185
44.02,22.22842297,22.22222222,38.38726111,38.34263446,-0.0006934225627,-0.0007139385573,1,1,22.23114755,6190.744185
44.04,22.22840873,22.22222222,38.38713724,38.34261309,-0.0006918285436,-0.0007122972778,1,1,22.23112705,6204.97987
44.06,22.22839451,22.22222222,38.38701365,38.34259177,-0.0006902381959,-0.000710659779,1,1,22.2311066,6219.248315
44.08,22.22838033,22.22222222,38.38689035,38.3425705,-0.0006886515108,-0.0007090260524,1,1,22.23108619,6233.549596
44.1,22.22836619,22.22222222,38.38676733,38.34254928,-0.0006870684801,-0.0007073960891,1,1,22.23106583,6247.883789
44.12,22.22835207,22.22222222,38.38664459,38.3425281,-0.0006854890951,-0.0007057698803,1,1,22.23104552,6262.250969
44.14,22.22833799,22.22222222,38.38652213,38.34250698,-0.0006839133475,-0.0007041474175,1,1,22.23102525,6276.651213
44.16,22.22832394,22.22222222,38.38639996,38.3424859,-0.0006823412288,-0.0007025286919,1,1,22.23100503,6291.084596
44.18,22.22830992,22.22222222,38.38627806,38.34246488,-0.0006807727306,-0.0007009136949,1,1,22.23098486,6305.551194
44.2,22.22829593,22.22222222,38.38615645,38.3424439,-0.0006792078446,-0.0006993024177,1,1,22.23096473,6320.051085
44.22,22.22828198,22.22222222,38.38603512,38.34242297,-0.0006776465623,-0.0006976948519,1,1,22.23094465,6334.584345
44.24,22.22826806,22.22222222,38.38591406,38.34240208,-0.0006760888754,-0.0006960909887,1,1,22.23092462,6349.15105
44.26,22.22825417,22.22222222,38.38579328,38.34238125,-0.0006745347757,-0.0006944908196,1,1,22.23090463,6363.751279
44.28,22.22824031,22.22222222,38.38567278,38.34236046,-0.0006729842547,-0.0006928943361,1,1,22.23088469,6378.385107
44.3,22.22822648,22.22222222,38.38555256,38.34233972,-0.0006714373042,-0.0006913015296,1,1,22.23086479,6393.052613
44.32,22.22821269,22.22222222,38.38543261,38.34231903,-0.0006698939159,-0.0006897123916,1,1,22.23084494,6407.753874
44.34,22.22819893,22.22222222,38.38531294,38.34229839,-0.0006683540815,-0.0006881269135,1,1,22.23082513,6422.488967
44.36,22.22818519,22.22222222,38.38519354,38.34227779,-0.000666817793,-0.000686545087,1,1,22.23080537,6437.257971
44.38,22.2281715,22.22222222,38.38507442,38.34225724,-0.0006652850419,-0.0006849669034,1,1,22.23078566,6452.060964
44.4,22.22815783,22.22222222,38.38495557,38.34223674,-0.0006637558202,-0.0006833923545,1,1,22.23076599,6466.898024
44.42,22.22814419,22.22222222,38.384837,38.34221629,-0.0006622301196,-0.0006818214318,1,1,22.23074636,6481.769229
44.44,22.22813059,22.22222222,38.38471869,38.34219588,-0.0006607079321,-0.0006802541268,1,1,22.23072678,6496.674659
44.46,22.22811701,22.22222222,38.38460066,38.34217552,-0.0006591892494,-0.0006786904312,1,1,22.23070725,6511.614391
44.48,22.22810347,22.22222222,38.3844829,38.3421552,-0.0006576740635,-0.0006771303367,1,1,22.23068776,6526.588505
44.5,22.22808996,22.22222222,38.38436541,38.34213494,-0.0006561623663,-0.0006755738348,1,1,22.23066832,6541.59708
44.52,22.22807648,22.22222222,38.38424819,38.34211472,-0.0006546541496,-0.0006740209173,1,1,22.23064892,6556.640196
44.54,22.22806303,22.22222222,38.38413124,38.34209454,-0.0006531494055,-0.0006724715759,1,1,22.23062956,6571.717931
44.56,22.22804961,22.22222222,38.38401456,38.34207441,-0.0006516481259,-0.0006709258023,1,1,22.23061025,6586.830367
44.58,22.22803622,22.22222222,38.38389814,38.34205433,-0.0006501503028,-0.0006693835882,1,1,22.23059098,6601.977582
44.6,22.22802287,22.22222222,38.383782,38.3420343,-0.0006486559281,-0.0006678449253,1,1,22.23057176,6617.159656
44.62,22.22800954,22.22222222,38.38366612,38.34201431,-0.0006471649939,-0.0006663098056,1,1,22.23055258,6632.376671
44.64,22.22799624,22.22222222,38.3835505,38.34199437,-0.0006456774923,-0.0006647782206,1,1,22.23053345,6647.628706
44.66,22.22798298,22.22222222,38.38343516,38.34197447,-0.0006441934152,-0.0006632501624,1,1,22.23051436,6662.915843
44.68,22.22796974,22.22222222,38.38332007,38.34195462,-0.0006427127548,-0.0006617256226,1,1,22.23049531,6678.238161
44.7,22.22795654,22.22222222,38.38320526,38.34193481,-0.0006412355031,-0.0006602045932,1,1,22.23047631,6693.595742
44.72,22.22794337,22.22222222,38.3830907,38.34191505,-0.0006397616523,-0.000658687066,1,1,22.23045735,6708.988668
44.74,22.22793022,22.22222222,38.38297641,38.34189533,-0.0006382911945,-0.0006571730329,1,1,22.23043844,6724.417019
44.76,22.22791711,22.22222222,38.38286238,38.34187566,-0.0006368241219,-0.0006556624858,1,1,22.23041957,6739.880877
44.78,22.22790403,22.22222222,38.38274861,38.34185604,-0.0006353604265,-0.0006541554167,1,1,22.23040074,6755.380324
44.8,22.22789097,22.22222222,38.38263511,38.34183646,-0.0006339001007,-0.0006526518175,1,1,22.23038195,6770.915442
44.82,22.22787795,22.22222222,38.38252186,38.34181693,-0.0006324431365,-0.0006511516801,1,1,22.23036321,6786.486313
44.84,22.22786496,22.22222222,38.38240888,38.34179744,-0.0006309895263,-0.0006496549966,1,1,22.23034451,6802.09302
44.86,22.22785199,22.22222222,38.38229615,38.34177799,-0.0006295392622,-0.000648161759,1,1,22.23032585,6817.735644
44.88,22.22783906,22.22222222,38.38218369,38.34175859,-0.0006280923366,-0.0006466719593,1,1,22.23030724,6833.414269
44.9,22.22782616,22.22222222,38.38207148,38.34173924,-0.0006266487417,-0.0006451855895,1,1,22.23028867,6849.128978
44.92,22.22781328,22.22222222,38.38195953,38.34171992,-0.0006252084697,-0.0006437026416,1,1,22.23027014,6864.879853
44.94,22.22780044,22.22222222,38.38184784,38.34170066,-0.0006237715131,-0.0006422231079,1,1,22.23025166,6880.666978
44.96,22.22778762,22.22222222,38.3817364,38.34168144,-0.0006223378641,-0.0006407469803,1,1,22.23023322,6896.490437
44.98,22.22777484,22.22222222,38.38162522,38.34166226,-0.000620907515,-0.000639274251,1,1,22.23021482,6912.350312
45,22.22776208,22.22222222,38.3815143,38.34164312,-0.0006194804584,-0.0006378049121,1,1,22.23019646,6928.246689
45.02,22.22774936,22.22222222,38.38140363,38.34162403,-0.0006180566864,-0.0006363389558,1,1,22.23017814,6944.17965
45.04,22.22773666,22.22222222,38.38129321,38.34160499,-0.0006166361917,-0.0006348763743,1,1,22.23015987,6960.149281
45.06,22.22772399,22.22222222,38.38118305,38.34158598,-0.0006152189664,-0.0006334171597,1,1,22.23014164,6976.155665
45.08,22.22771135,22.22222222,38.38107314,38.34156702,-0.0006138050032,-0.0006319613042,1,1,22.23012345,6992.198888
45.1,22.22769874,22.22222222,38.38096348,38.34154811,-0.0006123942945,-0.0006305088001,1,1,22.2301053,7008.279034
45.12,22.22768616,22.22222222,38.38085408,38.34152924,-0.0006109868326,-0.0006290596397,1,1,22.23008719,7024.396188
45.14,22.22767361,22.22222222,38.38074493,38.34151041,-0.0006095826102,-0.0006276138151,1,1,22.23006913,7040.550436
45.16,22.22766108,22.22222222,38.38063602,38.34149162,-0.0006081816198,-0.0006261713187,1,1,22.2300511,7056.741862
45.18,22.22764859,22.22222222,38.38052737,38.34147288,-0.0006067838537,-0.0006247321428,1,1,22.23003312,7072.970553
45.2,22.22763612,22.22222222,38.38041897,38.34145418,-0.0006053893047,-0.0006232962797,1,1,22.23001518,7089.236594
45.22,22.22762369,22.22222222,38.38031081,38.34143553,-0.0006039979653,-0.0006218637217,1,1,22.22999728,7105.540071
45.24,22.22761128,22.22222222,38.38020291,38.34141691,-0.000602609828,-0.0006204344612,1,1,22.22997942,7121.881071
45.26,22.2275989,22.22222222,38.38009525,38.34139834,-0.0006012248855,-0.0006190084905,1,1,22.2299616,7138.25968
45.28,22.22758654,22.22222222,38.37998784,38.34137982,-0.0005998431303,-0.0006175858021,1,1,22.22994383,7154.675984
45.3,22.22757422,22.22222222,38.37988068,38.34136133,-0.0005984645551,-0.0006161663884,1,1,22.22992609,7171.130071
45.32,22.22756193,22.22222222,38.37977376,38.34134289,-0.0005970891526,-0.0006147502417,1,1,22.2299084,7187.622027
45.34,22.22754966,22.22222222,38.37966709,38.34132449,-0.0005957169153,-0.0006133373546,1,1,22.22989074,7204.151939
45.36,22.22753742,22.22222222,38.37956066,38.34130613,-0.0005943478361,-0.0006119277194,1,1,22.22987313,7220.719895
45.38,22.22752521,22.22222222,38.37945448,38.34128782,-0.0005929819075,-0.0006105213288,1,1,22.22985556,7237.325983
45.4,22.22751303,22.22222222,38.37934854,38.34126954,-0.0005916191224,-0.0006091181751,1,1,22.22983802,7253.97029
45.42,22.22750087,22.22222222,38.37924285,38.34125131,-0.0005902594733,-0.0006077182509,1,1,22.22982053,7270.652905
45.44,22.22748875,22.22222222,38.3791374,38.34123312,-0.0005889029532,-0.0006063215487,1,1,22.22980308,7287.373915
45.46,22.22747665,22.22222222,38.37903219,38.34121497,-0.0005875495548,-0.000604928061,1,1,22.22978567,7304.133409
45.48,22.22746458,22.22222222,38.37892722,38.34119687,-0.0005861992707,-0.0006035377805,1,1,22.22976829,7320.931476
45.5,22.22745253,22.22222222,38.37882249,38.3411788,-0.000584852094,-0.0006021506997,1,1,22.22975096,7337.768204
45.52,22.22744052,22.22222222,38.37871801,38.34116078,-0.0005835080173,-0.0006007668113,1,1,22.22973367,7354.643682
45.54,22.22742853,22.22222222,38.37861376,38.3411428,-0.0005821670335,-0.0005993861078,1,1,22.22971641,7371.558001
45.56,22.22741657,22.22222222,38.37850976,38.34112486,-0.0005808291355,-0.0005980085818,1,1,22.2296992,7388.511248
45.58,22.22740464,22.22222222,38.37840599,38.34110696,-0.0005794943161,-0.0005966342261,1,1,22.22968203,7405.503514
45.6,22.22739273,22.22222222,38.37830246,38.3410891,-0.0005781625682,-0.0005952630333,1,1,22.22966489,7422.534889
45.62,22.22738086,22.22222222,38.37819917,38.34107128,-0.0005768338847,-0.0005938949961,1,1,22.2296478,7439.605462
45.64,22.22736901,22.22222222,38.37809611,38.34105351,-0.0005755082586,-0.0005925301072,1,1,22.22963074,7456.715325
45.66,22.22735718,22.22222222,38.3779933,38.34103577,-0.0005741856827,-0.0005911683593,1,1,22.22961373,7473.864567
45.68,22.22734539,22.22222222,38.37789071,38.34101808,-0.0005728661501,-0.0005898097452,1,1,22.22959675,7491.053279
45.7,22.22733362,22.22222222,38.37778837,38.34100042,-0.0005715496536,-0.0005884542576,1,1,22.22957981,7508.281552
45.72,22.22732187,22.22222222,38.37768626,38.34098281,-0.0005702361864,-0.0005871018892,1,1,22.22956291,7525.549477
45.74,22.22731016,22.22222222,38.37758438,38.34096524,-0.0005689257413,-0.000585752633,1,1,22.22954605,7542.857145
45.76,22.22729847,22.22222222,38.37748274,38.34094771,-0.0005676183114,-0.0005844064817,1,1,22.22952923,7560.204649
45.78,22.22728681,22.22222222,38.37738133,38.34093022,-0.0005663138898,-0.0005830634281,1,1,22.22951245,7577.592079
45.8,22.22727518,22.22222222,38.37728016,38.34091276,-0.0005650124695,-0.000581723465,1,1,22.2294957,7595.019528
45.82,22.22726357,22.22222222,38.37717921,38.34089535,-0.0005637140435,-0.0005803865854,1,1,22.22947899,7612.487087
45.84,22.22725199,22.22222222,38.3770785,38.34087798,-0.0005624186049,-0.000579052782,1,1,22.22946233,7629.99485
45.86,22.22724043,22.22222222,38.37697802,38.34086065,-0.0005611261469,-0.0005777220478,1,1,22.2294457,7647.542908
45.88,22.2272289,22.22222222,38.37687777,38.34084336,-0.0005598366626,-0.0005763943758,1,1,22.22942911,7665.131354
45.9,22.2272174,22.22222222,38.37677775,38.3408261,-0.000558550145,-0.0005750697587,1,1,22.22941255,7682.760283
45.92,22.22720593,22.22222222,38.37667797,38.34080889,-0.0005572665873,-0.0005737481896,1,1,22.22939604,7700.429786
45.94,22.22719448,22.22222222,38.37657841,38.34079172,-0.0005559859828,-0.0005724296614,1,1,22.22937956,7718.139957
45.96,22.22718306,22.22222222,38.37647908,38.34077459,-0.0005547083246,-0.0005711141671,1,1,22.22936312,7735.890889
45.98,22.22717166,22.22222222,38.37637997,38.34075749,-0.0005534336058,-0.0005698016997,1,1,22.22934672,7753.682678
46,22.22716029,22.22222222,38.3762811,38.34074044,-0.0005521618197,-0.0005684922522,1,1,22.22933035,7771.515416
46.02,22.22714895,22.22222222,38.37618245,38.34072342,-0.0005508929595,-0.0005671858176,1,1,22.22931403,7789.389198
46.04,22.22713763,22.22222222,38.37608403,38.34070645,-0.0005496270185,-0.000565882389,1,1,22.22929774,7807.304119
46.06,22.22712634,22.22222222,38.37598583,38.34068951,-0.0005483639899,-0.0005645819593,1,1,22.22928149,7825.260273
46.08,22.22711507,22.22222222,38.37588786,38.34067261,-0.000547103867,-0.0005632845218,1,1,22.22926527,7843.257755
46.1,22.22710383,22.22222222,38.37579012,38.34065575,-0.000545846643,-0.0005619900694,1,1,22.2292491,7861.296661
46.12,22.22709262,22.22222222,38.3756926,38.34063893,-0.0005445923114,-0.0005606985953,1,1,22.22923296,7879.377085
46.14,22.22708143,22.22222222,38.3755953,38.34062215,-0.0005433408654,-0.0005594100926,1,1,22.22921685,7897.499123
46.16,22.22707027,22.22222222,38.37549823,38.3406054,-0.0005420922983,-0.0005581245544,1,1,22.22920079,7915.662872
46.18,22.22705913,22.22222222,38.37540138,38.3405887,-0.0005408466035,-0.0005568419739,1,1,22.22918476,7933.868427
46.2,22.22704802,22.22222222,38.37530475,38.34057203,-0.0005396037744,-0.0005555623443,1,1,22.22916877,7952.115885
46.22,22.22703693,22.22222222,38.37520835,38.3405554,-0.0005383638044,-0.0005542856587,1,1,22.22915281,7970.405341
46.24,22.22702587,22.22222222,38.37511216,38.34053881,-0.0005371266868,-0.0005530119103,1,1,22.22913689,7988.736894
46.26,22.22701484,22.22222222,38.3750162,38.34052226,-0.000535892415,-0.0005517410924,1,1,22.22912101,8007.110639
46.28,22.22700383,22.22222222,38.37492046,38.34050574,-0.0005346609826,-0.0005504731983,1,1,22.22910517,8025.526673
46.3,22.22699285,22.22222222,38.37482494,38.34048927,-0.0005334323829,-0.000549208221,1,1,22.22908936,8043.985095
46.32,22.22698189,22.22222222,38.37472963,38.34047283,-0.0005322066095,-0.000547946154,1,1,22.22907358,8062.486002
46.34,22.22697095,22.22222222,38.37463455,38.34045643,-0.0005309836557,-0.0005466869904,1,1,22.22905785,8081.029491
46.36,22.22696004,22.22222222,38.37453969,38.34044007,-0.0005297635151,-0.0005454307236,1,1,22.22904215,8099.615661
46.38,22.22694916,22.22222222,38.37444504,38.34042374,-0.0005285461812,-0.0005441773469,1,1,22.22902648,8118.244609
46.4,22.2269383,22.22222222,38.37435061,38.34040745,-0.0005273316475,-0.0005429268537,1,1,22.22901085,8136.916435
46.42,22.22692747,22.22222222,38.37425639,38.3403912,-0.0005261199075,-0.0005416792372,1,1,22.22899526,8155.631238
46.44,22.22691666,22.22222222,38.3741624,38.34037499,-0.0005249109549,-0.0005404344908,1,1,22.2289797,8174.389115
46.46,22.22690588,22.22222222,38.37406862,38.34035881,-0.000523704783,-0.0005391926079,1,1,22.22896418,8193.190167
46.48,22.22689512,22.22222222,38.37397505,38.34034268,-0.0005225013857,-0.0005379535819,1,1,22.2289487,8212.034492
46.5,22.22688438,22.22222222,38.3738817,38.34032657,-0.0005213007564,-0.0005367174062,1,1,22.22893325,8230.922191
46.52,22.22687367,22.22222222,38.37378856,38.34031051,-0.0005201028887,-0.0005354840743,1,1,22.22891783,8249.853363
46.54,22.22686299,22.22222222,38.37369564,38.34029448,-0.0005189077763,-0.0005342535794,1,1,22.22890245,8268.828109
46.56,22.22685233,22.22222222,38.37360293,38.34027849,-0.0005177154128,-0.0005330259152,1,1,22.22888711,8287.846528
46.58,22.22684169,22.22222222,38.37351044,38.34026254,-0.0005165257919,-0.000531801075,1,1,22.2288718,8306.908721
46.6,22.22683108,22.22222222,38.37341815,38.34024662,-0.0005153389073,-0.0005305790523,1,1,22.22885653,8326.014789
46.62,22.22682049,22.22222222,38.37332608,38.34023074,-0.0005141547526,-0.0005293598407,1,1,22.22884129,8345.164834
46.64,22.22680993,22.22222222,38.37323422,38.34021489,-0.0005129733215,-0.0005281434337,1,1,22.22882609,8364.358955
46.66,22.22679939,22.22222222,38.37314257,38.34019909,-0.0005117946078,-0.0005269298247,1,1,22.22881092,8383.597256
46.68,22.22678888,22.22222222,38.37305114,38.34018332,-0.0005106186052,-0.0005257190074,1,1,22.22879579,8402.879837
46.7,22.22677839,22.22222222,38.37295991,38.34016758,-0.0005094453074,-0.0005245109752,1,1,22.22878069,8422.2068
46.72,22.22676792,22.22222222,38.37286889,38.34015188,-0.0005082747082,-0.0005233057218,1,1,22.22876562,8441.578249
46.74,22.22675748,22.22222222,38.37277808,38.34013622,-0.0005071068013,-0.0005221032407,1,1,22.22875059,8460.994284
46.76,22.22674706,22.22222222,38.37268748,38.34012059,-0.0005059415807,-0.0005209035255,1,1,22.2287356,8480.455009
46.78,22.22673667,22.22222222,38.37259709,38.340105,-0.0005047790399,-0.0005197065699,1,1,22.22872064,8499.960527
46.8,22.2267263,22.22222222,38.3725069,38.34008944,-0.0005036191729,-0.0005185123675,1,1,22.22870571,8519.51094
46.82,22.22671595,22.22222222,38.37241692,38.34007392,-0.0005024619736,-0.000517320912,1,1,22.22869082,8539.106353
46.84,22.22670563,22.22222222,38.37232715,38.34005844,-0.0005013074357,-0.0005161321969,1,1,22.22867596,8558.746869
46.86,22.22669533,22.22222222,38.37223759,38.34004299,-0.000500155553,-0.000514946216,1,1,22.22866114,8578.432591
46.88,22.22668505,22.22222222,38.37214823,38.34002758,-0.0004990063196,-0.000513762963,1,1,22.22864635,8598.163625
46.9,22.2266748,22.22222222,38.37205907,38.3400122,-0.0004978597293,-0.0005125824315,1,1,22.2286316,8617.940073
46.92,22.22666457,22.22222222,38.37197012,38.33999686,-0.0004967157759,-0.0005114046153,1,1,22.22861688,8637.762041
46.94,22.22665437,22.22222222,38.37188138,38.33998155,-0.0004955744534,-0.0005102295082,1,1,22.22860219,8657.629633
46.96,22.22664419,22.22222222,38.37179284,38.33996628,-0.0004944357558,-0.0005090571038,1,1,22.22858753,8677.542955
46.98,22.22663403,22.22222222,38.3717045,38.33995104,-0.0004932996769,-0.0005078873959,1,1,22.22857291,8697.502112
47,22.2266239,22.22222222,38.37161637,38.33993584,-0.0004921662107,-0.0005067203784,1,1,22.22855833,8717.507209
47.02,22.22661378,22.22222222,38.37152843,38.33992068,-0.0004910353513,-0.000505556045,1,1,22.22854377,8737.558352
47.04,22.2266037,22.22222222,38.3714407,38.33990554,-0.0004899070925,-0.0005043943895,1,1,22.22852925,8757.655647
47.06,22.22659363,22.22222222,38.37135317,38.33989045,-0.0004887814285,-0.0005032354057,1,1,22.22851477,8777.799201
47.08,22.22658359,22.22222222,38.37126585,38.33987538,-0.0004876583531,-0.0005020790876,1,1,22.22850031,8797.98912
47.1,22.22657357,22.22222222,38.37117872,38.33986036,-0.0004865378605,-0.0005009254288,1,1,22.22848589,8818.225511
47.12,22.22656358,22.22222222,38.37109179,38.33984536,-0.0004854199447,-0.0004997744233,1,1,22.22847151,8838.50848
47.14,22.2265536,22.22222222,38.37100506,38.33983041,-0.0004843045998,-0.0004986260651,1,1,22.22845715,8858.838135
47.16,22.22654365,22.22222222,38.37091854,38.33981548,-0.0004831918197,-0.0004974803478,1,1,22.22844283,8879.214584
47.18,22.22653373,22.22222222,38.37083221,38.33980059,-0.0004820815986,-0.0004963372656,1,1,22.22842855,8899.637934
47.2,22.22652382,22.22222222,38.37074608,38.33978573,-0.0004809739307,-0.0004951968122,1,1,22.22841429,8920.108293
47.22,22.22651394,22.22222222,38.37066014,38.33977091,-0.0004798688099,-0.0004940589817,1,1,22.22840007,8940.62577
47.24,22.22650408,22.22222222,38.37057441,38.33975613,-0.0004787662305,-0.000492923768,1,1,22.22838588,8961.190472
47.26,22.22649425,22.22222222,38.37048887,38.33974137,-0.0004776661866,-0.000491791165,1,1,22.22837172,8981.802509
47.28,22.22648443,22.22222222,38.37040353,38.33972665,-0.0004765686723,-0.0004906611667,1,1,22.2283576,9002.46199
47.3,22.22647464,22.22222222,38.37031838,38.33971197,-0.0004754736818,-0.0004895337671,1,1,22.2283435,9023.169024
47.32,22.22646488,22.22222222,38.37023343,38.33969731,-0.0004743812093,-0.0004884089603,1,1,22.22832945,9043.92372
47.34,22.22645513,22.22222222,38.37014867,38.33968269,-0.0004732912489,-0.0004872867402,1,1,22.22831542,9064.726188
47.36,22.22644541,22.22222222,38.37006411,38.33966811,-0.000472203795,-0.0004861671009,1,1,22.22830142,9085.576538
47.38,22.22643571,22.22222222,38.36997975,38.33965356,-0.0004711188416,-0.0004850500365,1,1,22.22828746,9106.474881
47.4,22.22642603,22.22222222,38.36989557,38.33963904,-0.0004700363831,-0.0004839355409,1,1,22.22827353,9127.421327
47.42,22.22641637,22.22222222,38.36981159,38.33962456,-0.0004689564137,-0.0004828236083,1,1,22.22825963,9148.415986
47.44,22.22640674,22.22222222,38.36972781,38.3396101,-0.0004678789276,-0.0004817142327,1,1,22.22824576,9169.45897
47.46,22.22639712,22.22222222,38.36964421,38.33959569,-0.0004668039191,-0.0004806074083,1,1,22.22823193,9190.55039
47.48,22.22638753,22.22222222,38.36956081,38.3395813,-0.0004657313826,-0.0004795031291,1,1,22.22821812,9211.690357
47.5,22.22637797,22.22222222,38.3694776,38.33956695,-0.0004646613123,-0.0004784013894,1,1,22.22820435,9232.878984
47.52,22.22636842,22.22222222,38.36939458,38.33955263,-0.0004635937024,-0.0004773021833,1,1,22.22819061,9254.116381
47.54,22.2263589,22.22222222,38.36931175,38.33953834,-0.0004625285475,-0.0004762055048,1,1,22.2281769,9275.402663
47.56,22.22634939,22.22222222,38.36922911,38.33952409,-0.0004614658417,-0.0004751113482,1,1,22.22816323,9296.73794
47.58,22.22633991,22.22222222,38.36914666,38.33950987,-0.0004604055795,-0.0004740197077,1,1,22.22814958,9318.122327
47.6,22.22633045,22.22222222,38.3690644,38.33949568,-0.0004593477553,-0.0004729305774,1,1,22.22813597,9339.555935
47.62,22.22632102,22.22222222,38.36898233,38.33948153,-0.0004582923633,-0.0004718439517,1,1,22.22812238,9361.038879
47.64,22.2263116,22.22222222,38.36890045,38.3394674,-0.000457239398,-0.0004707598246,1,1,22.22810883,9382.571271
47.66,22.22630221,22.22222222,38.36881876,38.33945331,-0.0004561888538,-0.0004696781905,1,1,22.22809531,9404.153227
47.68,22.22629284,22.22222222,38.36873725,38.33943926,-0.0004551407251,-0.0004685990435,1,1,22.22808182,9425.784859
47.7,22.22628349,22.22222222,38.36865593,38.33942523,-0.0004540950064,-0.0004675223781,1,1,22.22806836,9447.466283
47.72,22.22627416,22.22222222,38.3685748,38.33941124,-0.0004530516921,-0.0004664481883,1,1,22.22805494,9469.197613
47.74,22.22626485,22.22222222,38.36849386,38.33939727,-0.0004520107766,-0.0004653764686,1,1,22.22804154,9490.978963
47.76,22.22625556,22.22222222,38.3684131,38.33938335,-0.0004509722545,-0.0004643072133,1,1,22.22802817,9512.81045
47.78,22.2262463,22.22222222,38.36833252,38.33936945,-0.0004499361201,-0.0004632404166,1,1,22.22801484,9534.692187
47.8,22.22623706,22.22222222,38.36825213,38.33935558,-0.0004489023681,-0.0004621760728,1,1,22.22800153,9556.624293
47.82,22.22622783,22.22222222,38.36817193,38.33934175,-0.0004478709929,-0.0004611141765,1,1,22.22798826,9578.606881
47.84,22.22621863,22.22222222,38.36809191,38.33932795,-0.000446841989,-0.0004600547218,1,1,22.22797501,9600.640068
47.86,22.22620945,22.22222222,38.36801207,38.33931418,-0.0004458153511,-0.0004589977032,1,1,22.2279618,9622.723972
47.88,22.22620029,22.22222222,38.36793242,38.33930044,-0.0004447910735,-0.000457943115,1,1,22.22794862,9644.858708
47.9,22.22619116,22.22222222,38.36785295,38.33928673,-0.0004437691509,-0.0004568909517,1,1,22.22793547,9667.044393
47.92,22.22618204,22.22222222,38.36777366,38.33927306,-0.0004427495779,-0.0004558412076,1,1,22.22792234,9689.281146
47.94,22.22617294,22.22222222,38.36769456,38.33925941,-0.000441732349,-0.0004547938772,1,1,22.22790925,9711.569083
47.96,22.22616387,22.22222222,38.36761563,38.3392458,-0.0004407174588,-0.000453748955,1,1,22.22789619,9733.908323
47.98,22.22615481,22.22222222,38.36753689,38.33923222,-0.000439704902,-0.0004527064353,1,1,22.22788316,9756.298983
48,22.22614578,22.22222222,38.36745833,38.33921867,-0.0004386946732,-0.0004516663126,1,1,22.22787015,9778.741182
48.02,22.22613677,22.22222222,38.36737995,38.33920515,-0.000437686767,-0.0004506285815,1,1,22.22785718,9801.235039
48.04,22.22612778,22.22222222,38.36730175,38.33919166,-0.0004366811781,-0.0004495932363,1,1,22.22784424,9823.780672
48.06,22.2261188,22.22222222,38.36722373,38.33917821,-0.000435677901,-0.0004485602717,1,1,22.22783133,9846.378201
48.08,22.22610985,22.22222222,38.36714588,38.33916478,-0.0004346769306,-0.000447529682,1,1,22.22781844,9869.027746
48.1,22.22610092,22.22222222,38.36706822,38.33915139,-0.0004336782614,-0.0004465014619,1,1,22.22780559,9891.729425
48.12,22.22609201,22.22222222,38.36699074,38.33913802,-0.0004326818883,-0.0004454756059,1,1,22.22779276,9914.483359
48.14,22.22608313,22.22222222,38.36691343,38.33912469,-0.0004316878058,-0.0004444521085,1,1,22.22777997,9937.289669
48.16,22.22607426,22.22222222,38.3668363,38.33911139,-0.0004306960087,-0.0004434309642,1,1,22.22776721,9960.148474
48.18,22.22606541,22.22222222,38.36675935,38.33909811,-0.0004297064917,-0.0004424121678,1,1,22.22775447,9983.059897
48.2,22.22605658,22.22222222,38.36668257,38.33908487,-0.0004287192497,-0.0004413957137,1,1,22.22774176,10006.02406
48.22,22.22604777,22.22222222,38.36660597,38.33907166,-0.0004277342772,-0.0004403815966,1,1,22.22772908,10029.04108
48.24,22.22603899,22.22222222,38.36652955,38.33905848,-0.0004267515693,-0.000439369811,1,1,22.22771644,10052.11108
48.26,22.22603022,22.22222222,38.3664533,38.33904533,-0.0004257711205,-0.0004383603517,1,1,22.22770382,10075.23418
48.28,22.22602147,22.22222222,38.36637723,38.33903221,-0.0004247929257,-0.0004373532132,1,1,22.22769123,10098.41051
48.3,22.22601274,22.22222222,38.36630133,38.33901912,-0.0004238169797,-0.0004363483902,1,1,22.22767867,10121.64019
48.32,22.22600404,22.22222222,38.36622561,38.33900606,-0.0004228432773,-0.0004353458774,1,1,22.22766613,10144.92334
48.34,22.22599535,22.22222222,38.36615006,38.33899303,-0.0004218718134,-0.0004343456694,1,1,22.22765363,10168.26008
48.36,22.22598668,22.22222222,38.36607468,38.33898003,-0.0004209025828,-0.0004333477609,1,1,22.22764115,10191.65054
48.38,22.22597804,22.22222222,38.36599948,38.33896705,-0.0004199355804,-0.0004323521466,1,1,22.22762871,10215.09484
48.4,22.22596941,22.22222222,38.36592445,38.33895411,-0.000418970801,-0.0004313588213,1,1,22.22761629,10238.5931
48.42,22.2259608,22.22222222,38.36584959,38.3389412,-0.0004180082395,-0.0004303677797,1,1,22.2276039,10262.14545
48.44,22.22595221,22.22222222,38.36577491,38.33892832,-0.0004170478907,-0.0004293790165,1,1,22.22759154,10285.75202
48.46,22.22594365,22.22222222,38.36570039,38.33891547,-0.0004160897497,-0.0004283925264,1,1,22.22757921,10309.41293
48.48,22.2259351,22.22222222,38.36562605,38.33890265,-0.0004151338113,-0.0004274083043,1,1,22.2275669,10333.1283
48.5,22.22592657,22.22222222,38.36555188,38.33888985,-0.0004141800704,-0.0004264263448,1,1,22.22755463,10356.89826
48.52,22.22591806,22.22222222,38.36547788,38.33887709,-0.000413228522,-0.0004254466429,1,1,22.22754238,10380.72293
48.54,22.22590957,22.22222222,38.36540404,38.33886436,-0.000412279161,-0.0004244691932,1,1,22.22753016,10404.60244
48.56,22.2259011,22.22222222,38.36533038,38.33885165,-0.0004113319824,-0.0004234939906,1,1,22.22751797,10428.53692
48.58,22.22589265,22.22222222,38.36525689,38.33883898,-0.0004103869812,-0.00042252103,1,1,22.2275058,10452.5265
48.6,22.22588422,22.22222222,38.36518356,38.33882633,-0.0004094441523,-0.0004215503061,1,1,22.22749367,10476.57129
48.62,22.22587581,22.22222222,38.36511041,38.33881371,-0.0004085034908,-0.0004205818138,1,1,22.22748156,10500.67143
48.64,22.22586742,22.22222222,38.36503742,38.33880112,-0.0004075649916,-0.0004196155479,1,1,22.22746948,10524.82705
48.66,22.22585904,22.22222222,38.3649646,38.33878856,-0.0004066286497,-0.0004186515034,1,1,22.22745743,10549.03827
48.68,22.22585069,22.22222222,38.36489195,38.33877603,-0.0004056944603,-0.0004176896751,1,1,22.2274454,10573.30522
48.7,22.22584235,22.22222222,38.36481946,38.33876353,-0.0004047624184,-0.0004167300579,1,1,22.22743341,10597.62803
48.72,22.22583404,22.22222222,38.36474714,38.33875106,-0.0004038325189,-0.0004157726468,1,1,22.22742144,10622.00683
48.74,22.22582574,22.22222222,38.36467499,38.33873861,-0.000402904757,-0.0004148174365,1,1,22.2274095,10646.44174
48.76,22.22581747,22.22222222,38.364603,38.3387262,-0.0004019791277,-0.0004138644222,1,1,22.22739758,10670.9329
48.78,22.22580921,22.22222222,38.36453118,38.33871381,-0.0004010556262,-0.0004129135986,1,1,22.2273857,10695.48043
48.8,22.22580097,22.22222222,38.36445952,38.33870145,-0.0004001342475,-0.0004119649608,1,1,22.22737384,10720.08447
48.82,22.22579275,22.22222222,38.36438803,38.33868912,-0.0003992149867,-0.0004110185038,1,1,22.227362,10744.74515
48.84,22.22578455,22.22222222,38.3643167,38.33867682,-0.0003982978391,-0.0004100742224,1,1,22.2273502,10769.46259
48.86,22.22577636,22.22222222,38.36424554,38.33866455,-0.0003973827996,-0.0004091321117,1,1,22.22733842,10794.23692
48.88,22.2257682,22.22222222,38.36417453,38.3386523,-0.0003964698634,-0.0004081921668,1,1,22.22732667,10819.06828
48.9,22.22576005,22.22222222,38.3641037,38.33864008,-0.0003955590258,-0.0004072543825,1,1,22.22731494,10843.95681
48.92,22.22575193,22.22222222,38.36403302,38.33862789,-0.0003946502818,-0.000406318754,1,1,22.22730325,10868.90262
48.94,22.22574382,22.22222222,38.36396251,38.33861573,-0.0003937436267,-0.0004053852762,1,1,22.22729158,10893.90585
48.96,22.22573573,22.22222222,38.36389216,38.3386036,-0.0003928390556,-0.0004044539442,1,1,22.22727993,10918.96664
48.98,22.22572766,22.22222222,38.36382197,38.33859149,-0.0003919365638,-0.0004035247531,1,1,22.22726832,10944.08511
49,22.22571961,22.22222222,38.36375194,38.33857941,-0.0003910361464,-0.000402597698,1,1,22.22725673,10969.2614
49.02,22.22571158,22.22222222,38.36368207,38.33856736,-0.0003901377987,-0.0004016727739,1,1,22.22724516,10994.49565
49.04,22.22570356,22.22222222,38.36361236,38.33855534,-0.0003892415159,-0.0004007499758,1,1,22.22723363,11019.78798
49.06,22.22569556,22.22222222,38.36354282,38.33854335,-0.0003883472932,-0.000399829299,1,1,22.22722212,11045.13854
49.08,22.22568759,22.22222222,38.36347343,38.33853138,-0.000387455126,-0.0003989107386,1,1,22.22721063,11070.54744
49.1,22.22567963,22.22222222,38.3634042,38.33851944,-0.0003865650094,-0.0003979942896,1,1,22.22719917,11096.01484
49.12,22.22567168,22.22222222,38.36333513,38.33850753,-0.0003856769389,-0.0003970799472,1,1,22.22718774,11121.54085
49.14,22.22566376,22.22222222,38.36326622,38.33849564,-0.0003847909095,-0.0003961677065,1,1,22.22717634,11147.12563
49.16,22.22565586,22.22222222,38.36319747,38.33848378,-0.0003839069167,-0.0003952575627,1,1,22.22716496,11172.76929
49.18,22.22564797,22.22222222,38.36312888,38.33847195,-0.0003830249558,-0.0003943495111,1,1,22.22715361,11198.47199
49.2,22.2256401,22.22222222,38.36306044,38.33846015,-0.000382145022,-0.0003934435466,1,1,22.22714228,11224.23385
49.22,22.22563225,22.22222222,38.36299216,38.33844837,-0.0003812671108,-0.0003925396647,1,1,22.22713098,11250.05501
49.24,22.22562442,22.22222222,38.36292404,38.33843662,-0.0003803912174,-0.0003916378604,1,1,22.22711971,11275.93561
49.26,22.2256166,22.22222222,38.36285608,38.3384249,-0.0003795173373,-0.0003907381289,1,1,22.22710846,11301.87579
49.28,22.2256088,22.22222222,38.36278827,38.33841321,-0.0003786454657,-0.0003898404656,1,1,22.22709723,11327.87567
49.3,22.22560103,22.22222222,38.36272061,38.33840154,-0.000377775598,-0.0003889448656,1,1,22.22708604,11353.9354
49.32,22.22559327,22.22222222,38.36265311,38.3383899,-0.0003769077297,-0.0003880513242,1,1,22.22707487,11380.05512
49.34,22.22558552,22.22222222,38.36258577,38.33837828,-0.0003760418562,-0.0003871598366,1,1,22.22706372,11406.23497
49.36,22.2255778,22.22222222,38.36251858,38.33836669,-0.0003751779728,-0.0003862703982,1,1,22.2270526,11432.47508
49.38,22.22557009,22.22222222,38.36245155,38.33835513,-0.0003743160749,-0.0003853830042,1,1,22.2270415,11458.77559
49.4,22.2255624,22.22222222,38.36238467,38.3383436,-0.0003734561581,-0.0003844976498,1,1,22.22703044,11485.13664
49.42,22.22555473,22.22222222,38.36231794,38.33833209,-0.0003725982177,-0.0003836143305,1,1,22.22701939,11511.55837
49.44,22.22554707,22.22222222,38.36225137,38.33832061,-0.0003717422492,-0.0003827330415,1,1,22.22700837,11538.04092
49.46,22.22553943,22.22222222,38.36218495,38.33830915,-0.000370888248,-0.0003818537781,1,1,22.22699738,11564.58443
49.48,22.22553182,22.22222222,38.36211868,38.33829772,-0.0003700362096,-0.0003809765357,1,1,22.22698641,11591.18904
49.5,22.22552421,22.22222222,38.36205256,38.33828632,-0.0003691861295,-0.0003801013096,1,1,22.22697547,11617.8549
49.52,22.22551663,22.22222222,38.3619866,38.33827494,-0.0003683380033,-0.0003792280952,1,1,22.22696455,11644.58213
49.54,22.22550906,22.22222222,38.36192079,38.33826359,-0.0003674918263,-0.0003783568878,1,1,22.22695366,11671.37089
49.56,22.22550151,22.22222222,38.36185512,38.33825227,-0.0003666475941,-0.0003774876829,1,1,22.22694279,11698.22131
49.58,22.22549398,22.22222222,38.36178961,38.33824097,-0.0003658053023,-0.0003766204758,1,1,22.22693195,11725.13354
49.6,22.22548646,22.22222222,38.36172425,38.3382297,-0.0003649649463,-0.0003757552619,1,1,22.22692113,11752.10772
49.62,22.22547897,22.22222222,38.36165904,38.33821845,-0.0003641265217,-0.0003748920367,1,1,22.22691034,11779.144
49.64,22.22547149,22.22222222,38.36159398,38.33820723,-0.0003632900241,-0.0003740307955,1,1,22.22689957,11806.2425
49.66,22.22546402,22.22222222,38.36152907,38.33819603,-0.000362455449,-0.0003731715338,1,1,22.22688883,11833.40339
49.68,22.22545658,22.22222222,38.36146431,38.33818486,-0.000361622792,-0.000372314247,1,1,22.22687811,11860.62679
49.7,22.22544915,22.22222222,38.3613997,38.33817372,-0.0003607920487,-0.0003714589306,1,1,22.22686742,11887.91287
49.72,22.22544173,22.22222222,38.36133523,38.3381626,-0.0003599632147,-0.00037060558,1,1,22.22685675,11915.26175
49.74,22.22543434,22.22222222,38.36127092,38.33815151,-0.0003591362856,-0.0003697541908,1,1,22.2268461,11942.67359
49.76,22.22542696,22.22222222,38.36120675,38.33814044,-0.000358311257,-0.0003689047584,1,1,22.22683548,11970.14852
49.78,22.2254196,22.22222222,38.36114273,38.3381294,-0.0003574881245,-0.0003680572783,1,1,22.22682489,11997.68671
49.8,22.22541226,22.22222222,38.36107885,38.33811838,-0.0003566668838,-0.000367211746,1,1,22.22681432,12025.28828
49.82,22.22540493,22.22222222,38.36101513,38.33810739,-0.0003558475305,-0.000366368157,1,1,22.22680377,12052.95339
49.84,22.22539762,22.22222222,38.36095155,38.33809643,-0.0003550300602,-0.0003655265069,1,1,22.22679325,12080.68218
49.86,22.22539032,22.22222222,38.36088811,38.33808549,-0.0003542144687,-0.0003646867911,1,1,22.22678275,12108.4748
49.88,22.22538305,22.22222222,38.36082482,38.33807457,-0.0003534007516,-0.0003638490053,1,1,22.22677227,12136.3314
49.9,22.22537579,22.22222222,38.36076168,38.33806368,-0.0003525889046,-0.000363013145,1,1,22.22676182,12164.25212
49.92,22.22536854,22.22222222,38.36069868,38.33805282,-0.0003517789234,-0.0003621792058,1,1,22.22675139,12192.23711
49.94,22.22536132,22.22222222,38.36063582,38.33804198,-0.0003509708037,-0.0003613471832,1,1,22.22674099,12220.28652
49.96,22.22535411,22.22222222,38.36057311,38.33803116,-0.0003501645412,-0.0003605170729,1,1,22.22673061,12248.4005
49.98,22.22534691,22.22222222,38.36051055,38.33802037,-0.0003493601317,-0.0003596888703,1,1,22.22672026,12276.5792
50,22.22533974,22.22222222,38.36044813,38.3380096,-0.0003485575708,-0.0003588625712,1,1,22.22670993,12304.82276
